avg_tone_neighbours,tone_tweet
0.02657454745507401,-0.013888888888888888
0.027376061085643753,0.09375
0.024778436622931596,0.1118421052631579
0.02836473676378939,0.08333333333333333
0.011242294974901822,0.01293103448275862
0.047856015446931126,-0.028409090909090908
0.1118421052631579,0.0625
0.025095309926729335,0.05859375
0.027499666562317178,0.022058823529411766
0.026925343290947232,0.048999999999999995
0.026655532229936336,-0.017857142857142856
0.07807142857142857,0.026785714285714284
0.026861059325144064,0.08333333333333333
0.04876250003129702,0.046875
0.028885004239549976,0.015625
0.03138547009955484,-0.07954545454545454
0.02758012187209809,0.125
0.04987857145986845,0.015625
0.027477498150514125,0.03571428571428571
0.06604458250604868,0.0
0.026655532229936336,-0.017857142857142856
0.020678855845096683,0.275
0.024848612061528087,0.020833333333333332
0.02155373502367552,-0.03571428571428571
0.0237400803348926,0.125
0.045253815452713085,0.0
0.026291100743055868,0.0
0.06502417434278336,0.03571428571428571
0.024739433811802235,-0.125
0.02748823050091254,0.07142857142857142
0.016569499171279357,0.013888888888888888
0.02756463867185065,-0.015625
0.023967540806625547,0.1875
0.027537699016678237,0.0
0.031176042551162977,0.007575757575757576
0.027465859936218463,0.041666666666666664
0.005876355171698308,0.10416666666666667
0.019994376974768222,-0.03333333333333333
0.02495995476246318,0.017857142857142856
0.027475929823139802,-0.004807692307692308
0.018442492737835874,-0.008928571428571428
0.025862513476415955,-0.009615384615384616
0.02590919010076248,-0.04807692307692308
0.02544076060700145,0.041666666666666664
0.021502829566387143,-0.00625
0.022872640170553397,-0.03409090909090909
0.02755729149316726,-0.011363636363636364
0.027390202297653245,0.045
0.0274703498787472,0.0390625
0.021342546737585785,0.125
0.020637065338746045,0.25
0.01830561028239047,-0.015625
-0.03611111111111111,0.08035714285714286
0.02886021757430231,0.011363636363636364
0.04894851193605893,0.041666666666666664
0.027685874833181003,0.0625
0.016171430894605213,-0.041666666666666664
0.0230381135730077,-0.03260869565217391
0.0258620938134893,-0.014700000000000001
0.02565334564101505,0.03125
0.027923926721942695,0.03125
0.012400793650793655,-0.016666666666666666
0.04881323055077754,0.045454545454545456
0.02750537143047134,0.01875
0.022728536086231925,0.005681818181818182
0.028520737871615062,0.02358490566037736
0.022229526278645714,-0.25
0.027705323537751035,-0.09722222222222222
0.027585591736984747,-0.027777777777777776
0.027268302464954097,0.15625
0.025097493169742812,0.09375
0.026275833942134577,0.04741379310344827
-0.015625,0.06818181818181818
0.024545150070336003,0.023809523809523808
0.029801595925239028,0.13636363636363635
0.02459635334734573,0.0
0.024327536143044656,0.125
0.02754990674036012,0.14285714285714285
0.05018859130113829,0.006944444444444444
0.02397045820056783,0.013888888888888888
0.02366979636843015,0.0
0.024843929204461195,0.14583333333333334
0.02762712318813494,0.09722222222222222
0.0258856659672076,0.0
0.028462174160262154,0.022727272727272728
0.020931902847966866,0.4375
0.02846521907890193,0.020833333333333332
0.021539655804602872,-0.025
0.03789285714285714,0.10714285714285714
0.026046640673077454,-0.013888888888888888
0.027160543844264442,0.21875
0.02392460648933711,0.017857142857142856
0.024131348881010744,-0.09375
0.01977148267403513,0.03571428571428571
0.021457527026679087,0.0375
0.02628035156618322,0.04375
0.025993974740045517,0.05
0.02829774855371436,0.125
0.021486560533856253,0.125
0.016651198517684585,0.0125
0.032687640928451146,0.041666666666666664
0.026076076546285253,-0.016666666666666666
0.02144883103842833,0.04411764705882353
0.028156553509968384,-0.04807692307692308
0.021342546737585785,0.125
0.022145257649692617,0.16666666666666666
0.021309695226416275,0.15
0.020833333333333332,-0.025
0.024962748307438547,-0.041666666666666664
0.027594222266909146,0.11666666666666667
0.026359985762648492,-0.020833333333333332
0.021598970605798698,0.03125
0.022635897746310973,0.03125
0.022617026973364117,0.036458333333333336
0.02151246834708327,-0.004310344827586207
0.02151246834708327,-0.004310344827586207
0.01814003359361121,0.05241935483870968
0.024978394889640675,-0.016666666666666666
0.024965841894370257,0.011363636363636364
0.02669571540980015,0.08928571428571429
0.027791627794263914,0.0
0.021342546737585785,0.125
0.0318452380952381,-0.05555555555555555
0.027408388671850647,0.075
0.06604458250604868,0.0
0.021329374064054267,0.0
0.02156155681204921,-0.041666666666666664
0.045253815452713085,0.0
0.044281593230490864,0.09722222222222222
0.02144110127109433,0.05
0.02755206683277019,-0.008333333333333333
0.026291100743055868,0.0
0.024566484769090055,0.013888888888888888
0.024579552272076914,0.0078125
0.024915741688906656,0.010416666666666666
0.027897380755346823,-0.0625
0.024694105058000668,-0.045454545454545456
0.02759927537135804,-0.03571428571428571
0.02783392897869708,-0.025
0.022839702094137063,-0.025
0.028247666308976842,0.013888888888888888
0.028003133716429734,-0.125
0.021523230049018113,-0.0125
0.02558274396943845,0.06896551724137931
0.021748317290330645,0.0625
0.024953478917365397,0.025
0.02264847826160888,0.027777777777777776
0.02156155681204921,-0.041666666666666664
0.024961978464056237,0.015625
0.025119116275461355,0.03260869565217391
0.023857757496846214,-0.125
0.027477498150514125,0.03571428571428571
0.02208005887540201,-0.041666666666666664
0.024827229537823424,-0.1875
0.0247298228776485,0.0
0.024416433791505848,0.009146341463414634
0.02149366368896555,0.01
0.014609999573447257,0.04807692307692308
0.022491002309182488,-0.019230769230769232
0.021499662660570417,0.005434782608695652
0.02813856554555185,-0.0375
0.021999576960976062,-0.375
0.02453812930794848,0.0
0.04881323055077754,0.045454545454545456
0.02714144087911029,-0.041666666666666664
0.025032808019813262,-0.0625
0.02747612266199843,0.03571428571428571
0.027944787139283597,-0.2361111111111111
0.027578108499436857,-0.0234375
0.023747078471826024,0.1
0.02597222319203546,0.015625
0.027991781015164714,-0.08333333333333333
0.024202651972097502,0.022435897435897436
0.02281243655010596,0.17045454545454544
0.02463622335654629,0.03125
0.024805433395135454,-0.09722222222222222
0.021215646638481644,-0.039473684210526314
0.02718079520928521,0.05625
0.029295344584098708,-0.14285714285714285
0.027585591736984747,-0.027777777777777776
0.024877699350033287,-0.00625
0.024910236119861616,0.05
0.023843922934171494,-0.007352941176470588
0.025357783465625717,0.020833333333333332
0.023571659799916607,-0.015151515151515152
0.02767624581470779,-0.08035714285714286
0.025618942578065372,0.0
0.025841245213831618,0.03571428571428571
0.027558421828349323,-0.01201923076923077
0.027821842926001886,-0.017857142857142856
0.021647576532677733,0.0
0.027383758129978727,0.08928571428571429
0.024551550479962218,0.020833333333333332
0.027518106540189206,0.011363636363636364
0.024332953573021114,0.06439393939393939
0.027465859936218463,0.041666666666666664
0.02750177947644835,0.020833333333333332
0.023881228340991458,0.058823529411764705
0.027812778386480493,-0.0125
0.02471156072061762,-0.05357142857142857
0.02144707427312515,0.045454545454545456
0.02127684371524676,0.175
0.027106664533919616,0.25
0.02495477628641383,-0.16666666666666666
0.02784450427480537,-0.03125
0.028498713183939442,0.0
0.02531160646710706,0.041666666666666664
0.029175874139958882,0.0
0.027518106540189206,0.011363636363636364
0.027765189553993184,0.015625
0.02544076060700145,0.041666666666666664
0.01952509351381511,0.020833333333333332
0.0272263963346859,0.18055555555555555
0.021301482348623894,0.15625
0.02339027872819475,0.09375
0.045753815452713086,-0.05
0.045878815452713086,-0.0625
0.004610858035078428,0.04807692307692308
0.024940560526969434,0.0661764705882353
0.026291100743055868,0.0
0.02825179929183323,0.011363636363636364
0.01875778954904265,0.03571428571428571
0.024557950889588433,0.017857142857142856
0.027549672196754867,-0.006944444444444444
0.0276407724799466,-0.059782608695652176
0.02147030261435612,0.027777777777777776
0.02745149212012651,0.05
0.026262407832268367,-0.08333333333333333
0.028142629370795876,-0.008333333333333333
0.026392962725997466,0.21428571428571427
0.045253815452713085,0.0
0.021534180552741287,-0.020833333333333332
0.021427324830926468,0.06048387096774194
0.023345832332883273,0.013888888888888888
0.02441714187781168,0.08333333333333333
0.027694009676341228,0.057692307692307696
0.021867611202624124,-0.03125
0.025466398678225633,0.023809523809523808
0.02538043683631977,0.057291666666666664
0.02771729671782766,-0.10416666666666667
0.02735810131552881,0.10416666666666667
0.05073422622177321,-0.008333333333333333
0.027465859936218463,0.041666666666666664
0.024366560734024878,0.027777777777777776
0.02484276911795505,-0.11458333333333333
0.027618517982195473,-0.046875
0.02112555206735315,0.008333333333333333
0.025016142241988084,-0.04411764705882353
0.027537699016678237,0.0
0.027494595568402374,0.025
0.020598335407287307,-0.006578947368421052
0.02059010143060593,0.0
0.05711601107747724,0.3125
0.017402327956595548,0.049342105263157895
0.02493178290136182,0.013513513513513514
0.024509572748681725,0.045454545454545456
0.02182481876692066,0.14583333333333334
0.021273595620747775,-0.1125
0.027494595568402374,0.025
0.025321640059733377,0.014705882352941176
0.029039192087493303,0.03515625
0.024551550479962218,0.020833333333333332
0.027518106540189206,0.011363636363636364
0.02139729925620164,0.08333333333333333
0.025717989950417002,0.052083333333333336
0.023584158623556735,-0.03125
0.02721442315460927,0.1875
0.027903416267230665,0.026785714285714284
0.028044819915069533,0.010696969696969696
0.02156155681204921,-0.041666666666666664
0.025716881143986407,0.275
0.025963186562705617,0.075
0.02764545763736789,-0.0625
0.027383758129978727,0.08928571428571429
0.027322181775298927,0.125
0.021491871788356303,0.011363636363636364
0.02769762516219022,0.05555555555555555
0.021725814367896782,-0.16666666666666666
0.022522673108629813,0.0625
0.02050070396949382,0.07142857142857142
0.027568487194018138,-0.017857142857142856
0.020609064528417587,-0.015151515151515152
0.02067543537075839,-0.06818181818181818
0.022418158058462593,0.09134615384615384
0.020676146486926325,-0.06875
0.021483338928312272,0.017857142857142856
0.020624867109927298,-0.027777777777777776
0.023869185369490186,0.08333333333333333
0.020619434972533338,-0.0234375
0.027572459862061995,-0.020161290322580645
0.02759647644614532,-0.03409090909090909
0.020603138560351442,-0.010416666666666666
0.02751375265652498,0.013888888888888888
0.027178503614379384,0.20833333333333334
0.023736493598800982,0.125
0.021506804293433355,0.0
0.02158893307135714,-0.0625
0.023894321881629266,-0.06944444444444445
0.02720478807354094,0.09090909090909091
0.0237075047305264,0.16071428571428573
0.024840151628154155,0.15
0.02144110127109433,0.05
0.027609538097138005,-0.041666666666666664
0.027537699016678237,0.0
0.02721442315460927,0.1875
0.020606569383968685,-0.013157894736842105
0.025978580651375566,0.0625
0.02784450427480537,-0.03125
0.025013920138278058,-0.041666666666666664
0.020621390541995164,-0.025
0.021497678873664047,0.006944444444444444
0.04563236299932551,0.0
0.02158960868954129,-0.1375
0.02497614437520764,0.0
0.02067949889171803,-0.07142857142857142
0.02759927537135804,-0.03571428571428571
0.025032808019813262,-0.0625
0.021352136452197024,-0.171875
0.020595316282504134,-0.004166666666666667
0.0206469907240409,-0.045454545454545456
0.027429940395988582,0.0625
0.02063703509768978,-0.0375
0.021602621201011103,-0.07291666666666667
0.021091107040432315,0.05
0.020929342334549964,0.1875
0.020767577628667606,0.325
0.02493081345952315,0.05
0.027732406136057482,0.035
0.021168312922785256,-0.015625
0.02119194737656677,-0.03571428571428571
0.020492322957514564,0.078125
0.025999572590470952,0.045454545454545456
0.014525859114975247,0.07954545454545454
0.023636543524033,0.04276315789473684
0.02497614437520764,0.0
0.021084007648951585,0.05603448275862069
0.020616920668939557,-0.02142857142857143
0.021547868682395246,-0.03125
0.021149930569844082,0.0
0.025997823262213005,0.046875
0.024983227330783345,-0.0078125
0.02089257762866761,0.21875
0.022182999195586337,0.15625
0.02209677034488691,0.05357142857142857
0.021402276757893992,0.07954545454545454
0.024749963178374915,-0.07142857142857142
0.024439543311503435,0.07291666666666667
0.024908846680377007,0.017045454545454544
0.023584158623556735,-0.03125
0.02158536225492567,-0.059782608695652176
0.021370518805138197,-0.1875
0.027145035127462185,-0.0035714285714285713
0.024569471626915623,0.0125
0.025516378880071636,0.0
0.020577064300860412,0.010416666666666666
0.02604272268750036,0.010416666666666666
0.05447255291005291,-0.07386363636363637
0.02049054516709472,0.07954545454545454
0.026031867881386932,0.019230769230769232
0.021581221647070943,0.046052631578947366
0.02138634875247847,0.09166666666666666
0.02156155681204921,-0.041666666666666664
0.021544709883244334,-0.028846153846153848
0.02751375265652498,0.013888888888888888
0.024547880142469867,-0.1875
0.025318372286850438,0.027777777777777776
0.027518106540189206,0.011363636363636364
0.02143960802058662,0.05113636363636364
0.024830981376509662,0.125
0.02166466369135208,0.08333333333333333
0.02497614437520764,0.0
0.026033559539482533,0.017857142857142856
0.022598156200417257,0.041666666666666664
0.026288017172093933,0.11666666666666667
0.023683968606406453,0.125
0.02595292383692565,0.08333333333333333
0.02170391336045044,-0.15
0.02440789507421048,-0.0234375
0.01498161993169863,-0.09090909090909091
0.020902992544498296,-0.25
0.025473228562268035,0.15
0.021518536975993898,-0.008928571428571428
0.025959338040538127,0.078125
0.027299318061789205,-0.020833333333333332
0.02062038121582132,-0.024193548387096774
0.02779830186714966,-0.07894736842105263
0.024942146188444272,0.0375
0.02568413391206227,-0.020833333333333332
0.026165508870939255,-0.08928571428571429
0.02264847826160888,0.027777777777777776
0.023825516691243383,0.07142857142857142
0.02558718867622815,0.057692307692307696
0.022658542673847207,0.025
0.01478629386738861,-0.017857142857142856
0.024938368612137232,0.041666666666666664
0.025534956957329758,0.1
0.02456051105343892,0.016666666666666666
0.026261339834492223,0.1388888888888889
0.022000508662376402,0.11363636363636363
0.028060425114584953,0.0
0.026011567984239748,0.03571428571428571
0.02737844881571766,0.16666666666666666
0.024961978464056237,0.015625
0.03427043950374077,-0.1
0.021938828604227113,0.05
0.02191460379802556,0.075
0.024891148908299212,0.09375
0.02113656158588686,0.011363636363636364
0.04393043179846935,-0.015625
0.02725671075373332,0.03125
0.02330174467365379,0.07589285714285714
0.02066832420907902,-0.0625
0.02383795463776202,0.0
0.020729164147891423,-0.1111111111111111
0.02148627209895241,0.015625
0.02459635334734573,0.0
0.024725783853120322,-0.06018518518518518
0.024928924671369625,0.052083333333333336
0.014635709157980369,0.038461538461538464
0.02535583859732645,0.0
0.023249799578255036,0.0
0.026196663574199867,-0.11458333333333333
0.027620590263362582,-0.04807692307692308
0.02551211149348933,0.0
0.02138947746782795,0.08928571428571429
0.024525611977792815,0.03289473684210526
0.025909584834410044,-0.019230769230769232
0.026266124751198622,0.0
0.025888781800800852,0.13541666666666666
0.022057933901384733,-0.07291666666666667
0.025019731794135042,-0.04807692307692308
0.027702506318909473,-0.09558823529411764
0.02157250731577238,-0.05
0.02106169527572643,0.075
0.02552349064688032,-0.009615384615384616
0.02602476291738542,0.025
0.02783392897869708,-0.025
0.022035727829033312,-0.05
0.021178289181738214,0.25
0.026235148795874744,-0.14583333333333334
0.021731822164685003,0.02631578947368421
0.02100342882285479,0.25
0.0260459297893066,0.0078125
0.024306857896559956,0.1346153846153846
0.01618560323020612,-0.047619047619047616
0.027016106079655905,0.4583333333333333
0.023808168208967723,-0.03571428571428571
0.021027381550236236,0.10416666666666667
0.021342546737585785,0.125
0.02385301806544818,-0.09375
0.02161630933066507,-0.08333333333333333
0.025963186562705617,0.075
0.021260417959662,0.1875
0.023788092512788534,0.045454545454545456
0.020554545622209066,0.028409090909090908
0.02158345781949555,-0.058333333333333334
0.023857106035517776,0.34375
0.02145626350701872,0.038461538461538464
0.021178289181738214,0.25
0.02142231699798155,-0.041666666666666664
0.02596940221456526,-0.09375
0.020772408180873125,0.11842105263157894
0.023090306570160705,-0.25
0.021547868682395246,-0.03125
0.024330793692609574,0.05625
0.020606569383968685,-0.013157894736842105
0.028153493342463448,0.07142857142857142
0.02139729925620164,0.08333333333333333
0.005208333333333333,0.0375
0.021393087524000425,0.08653846153846154
0.02595292383692565,0.08333333333333333
0.02149653819619288,0.0078125
0.020609657125224203,-0.015625
0.02535749958924584,0.009615384615384616
0.0214309931138114,0.057692307692307696
0.05941192944482419,0.23214285714285715
0.02262325493972592,0.09375
0.028188564654130503,0.05
0.021534848266382942,-0.021341463414634148
0.027537699016678237,0.0
0.026099534205210894,-0.03571428571428571
0.025987132922858872,0.05555555555555555
0.021472583969298447,0.026041666666666668
0.0215273364879143,-0.015625
0.025901610208025814,0.125
0.021477472587032004,0.022321428571428572
0.02219732538460379,0.0
0.02397412539837063,-0.08522727272727272
0.02066832420907902,-0.0625
0.02132612098200103,0.1375
0.020634800161161978,-0.03571428571428571
0.021534180552741287,-0.020833333333333332
0.024057845673598057,-0.04891304347826087
0.02159525066965897,-0.0673076923076923
0.027537699016678237,0.0
0.02144508823355571,0.03333333333333333
0.02154330597251059,-0.027777777777777776
0.021946903539627628,0.041666666666666664
0.024908148001680896,0.075
0.02032766910591988,-0.05
0.025270692579790564,0.05
0.02459635334734573,0.0
0.021594408323218725,-0.06666666666666667
0.02058172491492878,0.0
0.022997907283326634,-0.015625
0.021558885957482586,-0.039634146341463415
0.018464080930637054,-0.0375
0.025872709914139605,0.010416666666666666
0.02205528385440329,-0.07018181818181818
0.04665913464668164,0.10576923076923077
0.022084177441436415,-0.1
0.024250284416525256,0.1
0.02472042282625392,-0.057692307692307696
0.023812768194247772,-0.041666666666666664
0.02162626433404977,-0.09090909090909091
0.02505405688654037,-0.0859375
0.02605555109472532,0.0
0.02200918054604829,0.10416666666666667
0.01590184725346551,0.010416666666666666
0.023821720871528253,0.02
0.02142467551550957,0.0625
0.024461944745195193,0.0625
0.022250460160985912,0.027777777777777776
0.023977660356420582,0.0
0.026401592013795317,0.022058823529411766
0.024387705589029477,0.041666666666666664
0.02441714187781168,0.08333333333333333
0.021915029682177373,0.125
0.013348854477105607,-0.10714285714285714
0.02438129958390487,0.1
0.021383611126547675,0.09375
0.02441206142113889,-0.008064516129032258
0.024942146188444272,0.0375
0.02565841374745322,0.0
0.025745304446090703,0.05555555555555555
0.026012789737308792,0.034722222222222224
0.024913184770090288,0.06944444444444445
0.025027620148351595,-0.05677777777777778
0.02615817835252499,-0.08333333333333333
0.027674124504171792,0.06944444444444445
0.02636376175564164,0.05357142857142857
0.02198233674639608,0.078125
0.021506804293433355,0.0
0.027568487194018138,-0.017857142857142856
0.02438129958390487,0.1
0.02147395278226384,0.025
0.024794820712469655,0.2
0.025266128053411736,-0.041666666666666664
0.025973449288485582,0.06666666666666667
0.021449671230529856,0.043478260869565216
0.02126954337943131,0.18055555555555555
0.02158893307135714,-0.0625
0.015583321082666612,0.045454545454545456
0.048857364031849156,0.03571428571428571
0.025053045035743845,-0.08482142857142858
0.021394417544695545,0.08552631578947369
0.023431716395761148,0.046875
0.021583982596206374,0.04375
0.02584881747131801,0.041666666666666664
0.030117631355300763,-0.1875
0.024849932422962014,0.08333333333333333
0.007195782145636875,0.038461538461538464
0.021328858607931826,0.13541666666666666
0.020613908363184694,-0.019021739130434784
0.023697768562246594,0.10714285714285714
0.02758455059089113,-0.02717391304347826
0.027376061085643753,0.09375
0.02144909217921664,0.04391891891891892
0.02378056829728744,0.0
0.02146573990447146,0.03125
0.025456638120708263,0.046875
0.021506804293433355,0.0
0.021539655804602872,-0.025
0.021506804293433355,0.0
0.004244557668778062,0.125
0.02742149243047373,0.21875
0.021342546737585785,0.125
0.024519548431831135,0.03571428571428571
0.019885838624551146,0.041666666666666664
0.02470388022906616,-0.05
0.024663557648421,-0.03125
0.021107913763121388,0.03571428571428571
0.02200930076772253,-0.022727272727272728
0.021383611126547675,0.09375
0.02200817643320207,0.10526315789473684
0.020096153846153847,-0.013157894736842105
0.021711380677741143,-0.0625
0.02692885584509668,-0.03125
0.021462006778202203,0.03409090909090909
0.021466093499800935,-0.006944444444444444
0.02156998027645165,-0.04807692307692308
0.021902491394924787,0.0875
0.01565563513225339,0.0375
0.024212328769772765,0.17857142857142858
0.02057271859094524,0.013888888888888888
0.06145833333333333,-0.0763888888888889
0.02147395278226384,0.025
0.021506804293433355,0.0
0.02144110127109433,0.05
0.02371875829112739,0.05
0.016102252468405607,-0.011627906976744186
0.02147030261435612,0.027777777777777776
0.020924160734537095,0.016304347826086956
0.020574456874911308,0.0125
0.02535023333065272,0.041666666666666664
0.026072655637691934,-0.013888888888888888
0.020603511049772746,-0.010714285714285714
0.025465512512885317,0.15625
0.025627549549922357,0.025
0.02561983350053964,0.03125
0.024009897102247713,-0.0375
0.022396993049270387,0.08333333333333333
0.024490746588513163,0.049107142857142856
0.024947812552904833,0.03125
0.024917423926304475,-0.025
0.026542214887425086,0.06686046511627906
0.02209686032829538,-0.041666666666666664
0.025165882997082795,-0.017857142857142856
0.02497047801074708,0.00625
0.024575675100861033,0.009615384615384616
0.02580792964879964,0.0625
0.025032808019813262,-0.0625
0.022692510065151553,0.015625
0.02059010143060593,0.0
0.022386803543412426,0.1
0.022209468089994643,0.2
0.022017559224382147,-0.03125
0.02471396087422745,-0.0546875
0.021547868682395246,-0.03125
0.024988320661336633,0.06060606060606061
0.024953478917365397,0.025
0.02558125325362606,0.0625
0.02477782161908797,0.21875
0.025868391229783606,0.013888888888888888
0.021954595009165814,0.10714285714285714
0.0247847046772881,-0.015625
0.024947812552904833,0.03125
0.015072772095043306,-0.125
0.025251503026373637,-0.078125
0.021856876061824546,0.375
0.375,0.1875
0.02199828949217637,-0.011363636363636364
0.020545402700049873,0.03571428571428571
0.02585975386107161,0.020833333333333332
0.021408249759924815,0.075
0.020537952911623865,0.041666666666666664
0.027294340748259857,0.008333333333333333
0.025959338040538127,0.078125
0.024943765149718716,0.03571428571428571
0.021543475875004374,0.017857142857142856
0.020648768514460746,-0.046875
0.02162999746031903,-0.09375
0.04534640804530568,-0.009259259259259259
0.02100287174631467,0.125
0.03684748263504421,0.005813953488372093
0.02110907430472332,0.025
0.021506804293433355,0.0
0.02136307893206673,0.109375
0.050343701437451434,0.125
0.04651044970935427,0.020833333333333332
-0.003004807692307692,0.0625
0.027439736634233096,0.056818181818181816
0.02376446834880728,0.020833333333333332
0.06714661330732759,-0.08333333333333333
0.02721442315460927,0.1875
0.021517070390673826,-0.0078125
0.015551880191541927,0.04891304347826087
0.027429940395988582,0.0625
0.021630445425942585,0.005
0.023931248656406487,0.10227272727272728
0.016351657859526116,-0.0390625
0.02760025660107821,-0.058333333333333334
0.025822160603001385,0.03333333333333333
0.02605555109472532,0.0
0.024434631545276888,0.14285714285714285
0.028370889957698646,0.020833333333333332
0.02576643843881124,-0.0875
0.02138577241017725,0.09210526315789473
0.021648931443058368,-0.0625
0.02495185995609095,0.026785714285714284
0.021218558020824473,-0.058333333333333334
0.021539570113224597,0.020833333333333332
0.02538711288711289,0.28125
0.03815845527000985,0.045454545454545456
0.028498713183939442,0.0
0.02735998370797358,0.006944444444444444
0.021436408198070113,0.05357142857142857
0.02745149212012651,0.05
0.02827250794130496,0.15833333333333333
0.014844891686681615,-0.03977272727272727
0.026428073194502896,0.0
0.019261570335286485,-0.007352941176470588
0.02605555109472532,0.0
0.026319175516274024,-0.06578947368421052
0.021055506612345207,0.0
0.028435911736994102,0.0390625
0.0214520517748175,0.041666666666666664
0.027791627794263914,0.0
0.028328666189133603,0.10576923076923077
0.021539570113224597,0.020833333333333332
0.027842608905816992,0.03125
0.0390625,0.027777777777777776
0.025391573324867318,-0.00641025641025641
0.027839113380089927,0.03333333333333333
0.02491888573656592,0.027777777777777776
0.02390861634938733,0.0
0.021516462637717195,-0.007350000000000001
0.027787811997547818,0.05
0.027499666562317178,0.022058823529411766
0.027620587917280257,0.15
0.02775886936827074,0.0673076923076923
0.037013595591854846,0.0
0.022430398873964922,-0.10576923076923077
0.02783392897869708,-0.025
0.04501744267966952,-0.008928571428571428
0.021120518805138197,0.025
0.013097276949057135,0.07291666666666667
0.026031867881386932,0.019230769230769232
0.035585024163283414,0.05
0.027842608905816992,0.03125
0.023752537667690157,-0.01
0.037013595591854846,0.0
0.027356210813411448,0.10526315789473684
0.05010302197802198,0.03409090909090909
0.027707025425397585,0.05
0.027832122328635783,0.0375
0.044794228393955235,0.0
0.027490153836669105,0.175
0.02781437581340605,0.04807692307692308
0.024157414362651782,0.036458333333333336
0.02491948073060202,0.0625
0.035658915788899175,0.04741379310344827
0.026038446551758708,0.013888888888888888
0.022311324333452207,0.040625
0.023695343425261833,0.022799999999999997
0.028359341122689005,0.046875
0.024105734126912384,-0.078125
0.027895041791723033,0.0
0.03433502416328341,0.09375
0.0298707384489977,0.25
0.026378053186499693,0.041666666666666664
0.027763427004641805,0.016666666666666666
0.0214520517748175,0.041666666666666664
0.02466966713033693,-0.03409090909090909
0.027388494772646405,0.08653846153846154
0.027710631652808945,0.09615384615384616
0.028168106388991383,0.0625
0.02139729925620164,0.08333333333333333
0.04275381545271308,0.25
0.03760883368709294,-0.020833333333333332
0.02628235562144036,0.10416666666666667
0.020640716169617927,-0.04044117647058824
0.020607106382447903,-0.01358695652173913
0.058901725363191534,0.25
0.03853225909776104,0.03125
0.021309695226416275,0.15
0.028244563663183696,0.0
0.02759157832702306,-0.03125
0.027553093105348186,-0.008928571428571428
0.02159562755554196,-0.024305555555555556
0.025353804304010092,-0.015625
0.02188247376371924,-0.004629629629629629
0.021926716201126333,0.0625
0.02473076194949627,-0.0625
0.02623154351028515,0.08333333333333333
-0.003004807692307692,0.075
0.02393337266276094,0.0375
0.04458354145854146,0.08928571428571429
0.024435063024765082,0.075
0.00457937909734949,0.0546875
0.027685874833181003,0.0625
0.025997823262213005,0.046875
0.02495995476246318,0.017857142857142856
0.021725814367896782,-0.16666666666666666
0.024453531231994678,-0.07692307692307693
0.02766824933966719,0.07291666666666667
0.023647785950917904,-0.011904761904761904
0.020643521864685113,-0.042682926829268296
0.025224167943595006,-0.047619047619047616
0.0220570260389391,0.0
0.0206181814023655,-0.022435897435897436
0.02764545763736789,-0.0625
0.02459635334734573,0.0
0.020570044307920518,0.016025641025641024
0.02859249667804448,-0.058333333333333334
0.028448472026383172,0.03125
0.02747783311629509,0.034722222222222224
0.020686948680144042,-0.07738095238095238
0.020631271314012815,-0.03289473684210526
0.024564727793898542,0.014705882352941176
0.019276559322333905,0.0
0.02477556481687978,-0.08333333333333333
0.024385454049624073,0.029411764705882353
0.0214520517748175,0.041666666666666664
0.026038446551758708,0.013888888888888888
0.021502619115562317,0.11160714285714286
0.025497318594081046,0.0125
0.02147395278226384,0.025
0.0216158787989306,0.022727272727272728
0.021102572763551927,0.026785714285714284
0.02726697347951328,0.025
0.020560015746577814,0.02403846153846154
0.02059010143060593,0.0
0.021404143321028624,0.078125
0.025556490191714184,-0.0375
0.026390558188500494,0.03125
0.03632030677142714,-0.125
0.02189007192374435,-0.2916666666666667
0.02136601210270687,0.10714285714285714
0.02605555109472532,0.0
0.025963186562705617,0.075
0.025978580651375566,0.0625
0.025004476197510454,-0.03125
0.026446830697504097,-0.015625
0.025818865914057017,0.020833333333333332
0.021506804293433355,0.0
0.026328033178496496,0.08333333333333333
0.020464944985048982,0.1
0.02158893307135714,-0.0625
0.03151321282387599,0.28125
0.021408249759924815,0.075
0.022613252818774743,0.0375
0.021579807651587832,-0.05555555555555555
0.024749489796785158,0.25
0.024543571473209794,0.045454545454545456
0.025632213656301674,0.34375
0.024086502947528697,0.041666666666666664
0.024551699968462754,0.041666666666666664
0.02623513887791912,0.16071428571428573
0.022749122383992133,0.0
0.02158345781949555,-0.058333333333333334
0.022157403050040023,-0.057692307692307696
0.024927575536974254,0.05357142857142857
0.021539655804602872,-0.025
0.025945593318511387,0.08928571428571429
0.02416339598895994,0.08333333333333333
0.02156155681204921,-0.041666666666666664
0.022716906740940807,0.0625
0.02067434134588464,-0.0673076923076923
0.02121935357070011,0.21875
0.026383937893323602,0.03676470588235294
0.02154330597251059,-0.027777777777777776
0.023120838345783375,0.08928571428571429
0.02179052188989734,-0.2159090909090909
0.024947812552904833,0.03125
0.0214520517748175,0.041666666666666664
0.06743993993993994,-0.015625
0.021660422669693983,-0.015625
0.026403063190501296,0.020833333333333332
0.025920852818863253,0.109375
0.02143380093527888,0.05555555555555555
0.02470388022906616,-0.05
0.026017065873050443,0.03125
0.025522677850209532,-0.008928571428571428
0.02488575333536585,0.028846153846153848
0.045670482119379754,-0.041666666666666664
0.025412656160972512,-0.041666666666666664
0.027222615718868616,0.0673076923076923
0.025504325756958653,0.006578947368421052
0.021519439490037016,-0.009615384615384616
0.011904761904761904,-0.02717391304347826
0.0220570260389391,0.0
0.02198727821663021,0.0
0.023802860533644592,-0.028846153846153848
0.02059010143060593,0.0
0.022522673108629813,0.0625
0.022124194500347954,-0.02142857142857143
0.021490378537848596,0.0125
0.021547868682395246,-0.03125
0.026438791767646443,-0.008928571428571428
0.029210691427825047,0.01838235294117647
0.025032808019813262,-0.0625
0.02612795314648369,0.25
0.02044615100473736,-0.075
0.021506804293433355,0.0
0.022475114138725952,0.1346153846153846
0.02061617569009696,-0.020833333333333332
0.02374544113696708,0.045454545454545456
0.021216107040432315,-0.05625
0.021717129848375323,0.04861111111111111
0.022621550271400614,-0.025
0.026290518172494094,0.11458333333333333
0.022598614491584103,0.0
0.022522673108629813,0.0625
0.020546644331454207,0.034722222222222224
0.02229531684233117,0.0
0.0211236700656424,0.022321428571428572
0.023817368179527818,-0.047619047619047616
0.021633156259469946,-0.09615384615384616
0.02066832420907902,-0.0625
0.024891148908299212,0.09375
0.022813822176952797,-0.017857142857142856
0.02129159606901359,-0.125
0.018784660321507548,0.11607142857142858
0.02605555109472532,0.0
0.004791533215753608,0.010135135135135136
0.024749489796785158,0.25
0.02059432968890177,-0.0033783783783783786
0.02459635334734573,0.0
0.024995032256742853,-0.020833333333333332
0.023812768194247772,-0.041666666666666664
0.02999835225198822,0.0078125
0.02435108618815467,-0.05
0.02189007192374435,-0.2916666666666667
0.02152505513297197,-0.013888888888888888
0.021506804293433355,0.0
0.02060850679024665,-0.014705882352941176
-0.015625,-0.0033783783783783786
0.024671622164550034,-0.035
0.021656793169113262,-0.0125
0.02229531684233117,0.0
0.02844129471816085,0.03571428571428571
0.021415726718919725,0.0
0.021506804293433355,0.0
0.02161630933066507,-0.08333333333333333
0.021149930569844082,0.0
0.02459635334734573,0.0
0.02608633927206522,-0.025
0.026419736526502365,0.006944444444444444
0.021468059138915817,0.15
0.021342546737585785,0.125
0.021233041700354074,0.20833333333333334
0.026000224752229854,-0.09210526315789473
0.022025323591037486,0.08653846153846154
0.025108359545954095,-0.14583333333333334
0.021068784144506504,0.3333333333333333
0.021505038969815794,0.045454545454545456
0.023828868142727937,-0.0625
0.025582450685622215,-0.041666666666666664
0.02096653062015417,-0.05357142857142857
0.02425441894719206,0.09375
0.021506804293433355,0.0
0.021647596484159842,-0.10714285714285714
0.15625,0.0625
0.02783553579172729,-0.034722222222222224
0.027790176019910955,0.0625
0.02541563606256574,0.08152173913043478
0.021486560533856253,0.125
0.02442891847274028,-0.04807692307692308
0.021964567460816257,0.0234375
0.02139918727408495,0.08189655172413793
0.02799957276806489,0.25
0.02146573990447146,0.03125
0.02350783524980814,-0.03571428571428571
0.04096669322898221,0.25
0.005137414811635204,-0.0625
0.026440578196503698,-0.010416666666666666
0.021598970605798698,0.03125
0.024327536143044656,0.125
0.02744989569611629,0.05092592592592592
0.025792382385118044,0.075
0.02546280182879505,0.041666666666666664
0.04329712629688487,0.0
0.02629642778150165,-0.025
0.024234438898877532,0.0
0.02597894954929715,-0.075
0.02755076066767092,-0.007575757575757576
0.02138947746782795,0.08928571428571429
0.024387273299556003,0.09722222222222222
0.024534318607891636,0.028846153846153848
0.02436355134811521,0.0
0.024411598382894594,-0.027777777777777776
0.027537699016678237,0.0
0.022635897746310973,0.03125
0.02435441786347476,0.1125
0.021539655804602872,-0.025
0.023869789743687333,0.03125
0.023894890145293758,0.0
0.025633388722428194,0.02027027027027027
0.02057836801383496,0.009375
0.023821870795165973,0.09090909090909091
0.024641156214729242,-0.020833333333333332
0.025076879743395415,-0.1111111111111111
0.024663557648421,-0.03125
0.021449314148886706,0.04375
0.02467315826286032,-0.03571428571428571
0.024562751196808095,0.015625
0.024357404721300328,0.1111111111111111
0.024573951913653972,0.010416666666666666
0.024566484769090055,0.013888888888888888
0.02198727821663021,0.0
0.023800003809937076,0.05555555555555555
0.021932221838899417,0.056818181818181816
0.021369922996893716,0.10416666666666667
0.024634755805103027,-0.017857142857142856
0.024701192171515104,0.0
0.02118062447583577,0.21428571428571427
0.024641156214729242,-0.020833333333333332
0.021243992204077244,0.2
-0.005681818181818182,0.08333333333333333
0.024790499106007616,-0.09027777777777778
0.024404341058559247,0.08928571428571429
0.024394997195180432,-0.07142857142857142
0.024424513598452324,0.0
0.024435063024765082,0.075
0.024443305675550756,0.1328125
0.02473076194949627,-0.0625
0.02747612266199843,0.03571428571428571
0.024525611977792815,0.03289473684210526
0.01822568613419734,0.0
0.02756463867185065,-0.015625
0.02459635334734573,0.0
0.02152946050803302,-0.017241379310344827
0.018371577824206675,-0.08928571428571429
0.024766132634272724,-0.07894736842105263
0.024300181844649806,0.125
0.021615029187504763,0.017857142857142856
0.02445160562195284,0.0673076923076923
0.022062980736010054,-0.078125
0.025924534126411578,-0.03125
0.024538749660709784,0.026785714285714284
0.02278147228047247,-0.008928571428571428
0.02594396820601357,-0.046875
0.024640398371667944,0.021739130434782608
0.028512110825954447,-0.008333333333333333
0.027686880369653118,0.045454545454545456
0.02012966840757461,0.009615384615384616
0.025896030809661994,-0.008333333333333333
0.02623000457313938,0.020833333333333332
0.025942201471504295,-0.045454545454545456
0.023977660356420582,0.0
0.026078515709042266,0.010416666666666666
0.023879202394289742,0.01953125
0.018123561951190803,0.0625
0.021446383629097687,0.013888888888888888
0.022126034178526918,-0.0234375
0.024531185540242438,0.030303030303030304
0.023800622446413712,-0.026515151515151516
0.02435345442350486,-0.013888888888888888
0.021506804293433355,0.0
0.02200073644229774,-0.013888888888888888
0.014590003229921501,0.05555555555555555
0.010757932183163435,-0.0625
0.024385914432424747,0.11363636363636363
0.024538749660709784,0.026785714285714284
0.0281124116603564,-0.3333333333333333
0.02566546700830026,0.03409090909090909
0.019004203873521797,-0.008928571428571428
0.02495995476246318,0.017857142857142856
0.023842430903953774,-0.09375
0.021609465265838085,-0.078125
0.02457297793827607,0.010869565217391304
0.02845405437722276,0.027777777777777776
0.024637709840315124,-0.019230769230769232
0.02496670043444004,0.010416666666666666
0.01935240100473736,0.05078125
0.028095041156351686,0.10714285714285714
0.024542589906485515,0.025
0.023830679729498393,-0.09090909090909091
0.022011503022831762,-0.025
0.023776990530958515,0.004629629629629629
0.023768237742617722,0.0
0.025864936282298807,0.016666666666666666
0.02440473751627982,-0.019736842105263157
0.024685959082112754,-0.041666666666666664
0.02180330645111987,0.09166666666666666
0.024428342594657558,0.078125
0.025930086720583573,-0.03571428571428571
0.02549866340311816,0.011363636363636364
0.023987107338230756,0.225
0.025614322036694843,0.03571428571428571
0.02565841374745322,0.0
0.02379813187744762,-0.022727272727272728
0.025349771772144578,0.25
0.02573557424128038,-0.0625
0.024629955497883365,-0.015625
0.025719796954964,0.03125
0.025730193330391678,0.125
0.044837148786046416,0.041666666666666664
0.02477556481687978,-0.08333333333333333
0.024755199877160003,-0.07386363636363637
0.023798680739327626,-0.0234375
0.020545402700049873,0.03571428571428571
0.028611755788441048,-0.0703125
0.028442889675543585,0.034722222222222224
0.02137112314072902,0.029411764705882353
0.020485804392641804,0.08333333333333333
0.02844129471816085,0.03571428571428571
0.027731197530787965,0.03571428571428571
0.04532734486447779,-0.007352941176470588
0.02843842379487192,0.0375
0.0214520517748175,0.041666666666666664
0.02757573147103929,-0.022058823529411766
0.02829774855371436,0.125
0.022623587312310862,0.10833333333333334
-0.04411764705882353,0.175
0.10220588235294117,-0.04411764705882353
0.024018094384875982,0.1125
0.021436408198070113,0.05357142857142857
0.010973735371621671,0.0078125
0.021383611126547675,0.09375
0.02153579092093587,-0.022058823529411766
0.024329778718958965,0.04513888888888889
0.02126022468749114,-0.09375
0.0348707384489977,0.075
0.02118386722142779,-0.028846153846153848
0.021372411747739888,0.10227272727272728
0.021620522955872957,0.04044117647058824
0.02493081345952315,0.05
0.02158893307135714,-0.0625
0.02146573990447146,0.03125
0.02191662253187569,0.07291666666666667
0.022294128828969008,0.0625
0.022859271549528902,0.08189655172413793
0.02741454630731863,0.07142857142857142
0.02497614437520764,0.0
0.024382485058398965,0.0078125
0.023980186007773956,0.0078125
0.027616068922634348,-0.045454545454545456
0.021946417609102483,0.15625
0.02142467551550957,0.0625
0.024495546895732828,0.046875
0.024953478917365397,0.025
0.05019456330219488,0.0
0.029202636308820605,0.07954545454545454
0.029302133585737234,0.017857142857142856
0.021496849290048654,0.007575757575757576
0.02863015114657506,0.10416666666666667
0.042072109066419124,-0.05
0.01875,0.0
0.02576128785775486,0.1
0.01820665062366398,0.275
0.03091198525106999,-0.0625
0.021342546737585785,0.125
0.020566738894101964,0.018666666666666665
0.01843691280339887,-0.017857142857142856
0.02654845349373313,0.1
0.02147884556052313,0.02127659574468085
0.021391824004340056,0.0875
0.02156155681204921,-0.041666666666666664
0.021506804293433355,0.0
0.021506804293433355,0.0
0.02448127510229688,0.0625
0.021506804293433355,0.0
0.021844131634530143,0.14772727272727273
0.025184501457982823,0.05
0.022030629991781767,0.008064516129032258
0.020553290711324473,0.029411764705882353
0.024840151628154155,0.15
0.02395272588596599,0.026041666666666668
0.024343170795337866,0.05241935483870968
0.023755052782570566,0.046875
0.023747260320330615,0.056818181818181816
0.021506804293433355,0.0
0.023808115739728353,-0.020833333333333332
0.021506804293433355,0.0
0.023726480421024067,0.08333333333333333
0.021636440629779513,0.0
0.02191274035139467,0.07692307692307693
0.02380158491423201,-0.0125
0.02383097362896555,-0.05
0.023811381152476524,-0.025
0.021342546737585785,0.125
0.023875756432369045,-0.10714285714285714
0.024404341058559247,0.08928571428571429
0.02147395278226384,0.025
0.024939244998172603,-0.015625
0.02167640865535905,-0.03333333333333333
0.023752603723009438,0.05
0.023693826293542355,0.125
0.02131517047827786,0.14583333333333334
0.02373770506770092,0.1388888888888889
0.002954916075123613,0.057692307692307696
0.023821177390721038,-0.0375
0.02168382173587625,-0.046875
0.021595397924957918,-0.005681818181818182
0.02381627927159878,-0.03125
0.003569853463316815,0.03125
0.021804732516333452,-0.15625
0.02146573990447146,0.03125
0.023823410858681938,0.026785714285714284
0.02493081345952315,0.05
0.024436909978176134,0.125
0.021836898199436586,-0.175
0.021383611126547675,0.09375
0.022043629141786727,0.011363636363636364
0.023726480421024067,0.08333333333333333
0.023976935745274836,0.0375
0.021593354407505694,0.028846153846153848
0.02148627209895241,0.015625
0.023710153357283215,0.10416666666666667
0.024826429113696067,0.109375
0.021342546737585785,0.125
0.023715595711863498,0.09722222222222222
0.022037361278376008,0.017857142857142856
0.022021368627710883,-0.007352941176470588
0.02381658473373655,0.03571428571428571
0.024074501949696327,-0.075
0.02381627927159878,-0.03125
0.021570225133133256,0.023148148148148147
0.023791788675987496,0.0
0.023997519655623963,0.025
0.02209481669297428,-0.041666666666666664
0.02381627927159878,-0.03125
0.022749122383992133,0.0
0.023836538022038462,0.009615384615384616
0.024016765229142055,0.0
0.021201797528792234,-0.05
0.022054597902755487,0.0
0.023858591656477416,-0.019230769230769232
0.023710153357283215,0.10416666666666667
0.024032803207073797,-0.020833333333333332
0.027692095595597644,0.058823529411764705
0.022114926088083672,-0.0625
0.02059010143060593,0.0
0.02171078642457929,-0.06944444444444445
0.024540006164900208,0.020833333333333332
0.02114318088166445,0.0
0.024971399371841917,-0.08333333333333333
0.02209481669297428,-0.041666666666666664
0.023595863911097213,0.25
0.0214520517748175,0.041666666666666664
0.021046883137060164,0.35
0.02377219619949847,0.025
0.02148377079831291,0.08928571428571429
0.020939846536230634,0.17857142857142858
0.021354279420146328,0.11607142857142858
0.02234326239690025,0.0
0.021633163888882475,-0.025
0.02162781815164686,0.0
0.024913184770090288,0.06944444444444445
0.021781044764244726,0.15625
0.021445207709990515,0.046875
0.020546296674660996,0.035
0.023706071591347997,0.109375
0.021178289181738214,0.25
0.021547868682395246,-0.03125
0.020731928746484208,0.1
0.024016765229142055,0.0
0.024362214427501323,0.014705882352941176
0.020677015628909362,-0.06944444444444445
0.022324061168021603,0.020833333333333332
0.0222281135134158,0.13392857142857142
0.021534180552741287,-0.020833333333333332
0.021383611126547675,0.09375
0.02448243564100844,0.0875
0.02486246752123718,0.06944444444444445
0.02497614437520764,0.0
0.02147395278226384,0.025
0.023715595711863498,0.09722222222222222
0.02160048415032038,0.0
0.022247256252507012,0.10416666666666667
0.02158893307135714,-0.0625
0.02145714056161443,0.14285714285714285
0.021479428034125427,0.020833333333333332
0.02383023698362733,0.017857142857142856
0.02520551094808149,-0.03125
0.021360797577124405,0.1111111111111111
0.023791788675987496,0.0
0.021932156949931378,0.0
0.02482160716264686,0.17045454545454544
0.02194942691400985,-0.017857142857142856
0.021643685589972997,-0.10416666666666667
0.022389345346209007,-0.05
0.02161630933066507,-0.08333333333333333
0.025172530113903847,0.005952380952380952
0.02141294283294903,0.07142857142857142
0.021725814367896782,-0.16666666666666666
0.024768399295214877,-0.05263157894736842
0.02499031028635905,-0.015625
0.025186331324513568,-0.009615384615384616
0.021088227774982152,0.046875
0.022113376563705843,-0.009615384615384616
0.021506804293433355,0.0
0.023960392874286834,-0.05357142857142857
0.024998809833049893,-0.025
0.025161976246967,0.017857142857142856
0.02101882820858934,0.03125
0.023653514567408523,0.2916666666666667
0.021379048416663025,0.09722222222222222
0.02146573990447146,0.03125
0.02497614437520764,0.0
0.005023341835409838,-0.03125
0.021342546737585785,0.125
0.021455796530435264,0.03125
-0.015625,-0.017857142857142856
0.021694527214402005,-0.14285714285714285
0.02497614437520764,0.0
0.02168218349672561,-0.0625
0.02498369952782173,-0.008333333333333333
0.02396434026320432,0.10714285714285714
0.024998797227405004,0.20192307692307693
0.020931902847966866,0.4375
0.02515010314666305,0.03125
0.02147395278226384,0.025
0.021494169096829698,0.009615384615384616
0.024565206684090197,0.05555555555555555
0.023772214921591504,0.09375
0.02513162968594364,0.109375
0.02497614437520764,0.0
0.02500852360069657,-0.03571428571428571
0.021698438108588854,-0.14583333333333334
0.02200825766042732,0.02364864864864865
0.021506804293433355,0.0
0.02384388923351811,0.0
0.021566084425518176,0.02631578947368421
0.021457527026679087,0.0375
0.02382796160864553,0.020833333333333332
0.02144110127109433,0.05
0.02527279184980388,-0.10714285714285714
0.02497614437520764,0.0
0.025102250954528945,0.08522727272727272
0.021941856705002302,0.046875
0.02154330597251059,-0.027777777777777776
0.02198727821663021,0.0
0.02181834907406766,-0.16666666666666666
0.021479428034125427,0.020833333333333332
0.021506804293433355,0.0
0.021458493247595835,0.03676470588235294
0.024840151628154155,0.15
0.024870911892368633,0.11607142857142858
0.021178289181738214,0.25
0.024977211882371435,-0.057692307692307696
0.02517780704737227,0.0
0.020556577382688887,0.026785714285714284
0.02144292635504819,0.04861111111111111
0.02383706310857272,0.008928571428571428
0.021135224687491138,0.0125
0.02141294283294903,0.07142857142857142
0.021494637067074274,0.009259259259259259
0.021624131119038763,-0.08928571428571429
0.0213753982487553,0.1
0.021358972493170546,0.1125
0.02503795889708957,-0.125
0.02180559217011858,0.1875
0.021547868682395246,-0.03125
0.02401153925876655,-0.1111111111111111
0.02155160180866451,-0.03409090909090909
0.027516147292540302,0.0125
0.024538370638653283,0.022727272727272728
0.02200073644229774,-0.013888888888888888
0.021404405718947833,0.15
0.021372411747739888,0.10227272727272728
0.021506804293433355,0.0
0.02387033074213157,-0.03125
0.02109433367572463,0.041666666666666664
0.021179816286119316,-0.03125
0.021324295898047164,0.1388888888888889
0.02155060630832604,-0.03333333333333333
0.02114318088166445,0.0
0.027494595568402374,0.025
0.027537699016678237,0.0
0.02497614437520764,0.0
0.02158893307135714,-0.0625
0.022017559224382147,-0.03125
0.021885279032623682,0.10526315789473684
0.021866154185622457,0.125
0.021495071610872815,0.008928571428571428
0.0228072449759578,-0.041666666666666664
0.02141294283294903,0.07142857142857142
0.02385344580844166,-0.0125
0.024580540570622138,0.007352941176470588
0.024461944745195193,0.0625
0.023796106358900376,0.0625
0.0215273364879143,-0.015625
0.024992333987952108,-0.017857142857142856
0.021369922996893716,0.10416666666666667
0.02512239924595383,0.0625
0.021506804293433355,0.0
0.02449296211492224,0.04807692307692308
0.021483338928312272,0.017857142857142856
0.025004476197510454,-0.03125
0.020607484270266617,-0.013888888888888888
0.027734574171843013,-0.041666666666666664
0.023851860885397026,0.05357142857142857
0.02142467551550957,0.0625
0.021178289181738214,0.25
0.022083582231843285,-0.027777777777777776
0.02485022516497293,0.1388888888888889
0.02069439846857005,-0.08333333333333333
0.024148324673510604,0.20833333333333334
0.024627389995807356,-0.08035714285714286
0.027016106079655905,0.4583333333333333
0.028240330087935767,0.16071428571428573
0.02108027112711962,0.05921052631578947
0.02466594168591345,-0.125
0.02823745916464684,0.1625
0.023683968606406453,0.125
0.025087488974941622,0.0
0.02383855582759985,0.14583333333333334
0.021506804293433355,0.0
0.021404143321028624,0.078125
0.02131517047827786,0.14583333333333334
0.021534180552741287,-0.020833333333333332
0.02158893307135714,-0.0625
0.022051977463845206,0.057432432432432436
0.021436408198070113,0.05357142857142857
0.021408249759924815,0.075
0.014586627223871697,0.056818181818181816
0.02378056829728744,0.0
0.024495029193109766,0.07291666666666667
0.02756463867185065,-0.015625
0.021414409418269095,0.0703125
0.021327614232508733,0.13636363636363635
0.021645257106010295,-0.007352941176470588
0.021414409418269095,0.0703125
0.021671061849280922,-0.125
0.027537699016678237,0.0
0.025504092759798896,0.125
0.021439168829260825,0.051470588235294115
0.025426932265971737,0.1875
0.02560697341823511,0.041666666666666664
0.021506804293433355,0.0
0.021342546737585785,0.125
0.021436408198070113,0.05357142857142857
0.04453952973842737,0.07142857142857142
0.02833794147975938,0.1
0.02846521907890193,0.020833333333333332
0.021506804293433355,0.0
0.028120116259617967,-0.052884615384615384
0.025040902826185495,-0.07142857142857142
0.06711601107747724,-0.0375
0.02055881231921669,0.025
0.025793179371725573,-0.008928571428571428
0.028421419095391334,0.04807692307692308
0.02108937693662609,0.051470588235294115
0.025977155103071234,0.0
0.022130121083528524,0.07291666666666667
0.025132705529610153,0.20833333333333334
0.021459873563191192,0.03571428571428571
0.025066806206576638,-0.1
0.023914568860153196,-0.024500000000000004
0.022294128828969008,0.0625
0.021515017171225736,-0.00625
0.025356593161586023,0.010416666666666666
0.02157250731577238,-0.05
0.0243680811358868,0.0078125
0.021994007329463976,-0.006944444444444444
0.025030629754702487,-0.09375
0.020604323753964673,-0.011363636363636364
0.020579582329348402,0.008404761904761904
0.023035627330248633,0.15625
0.02193334009845785,0.014705882352941176
0.02154622610683677,-0.03
0.021529668945207338,-0.017400000000000002
0.02829774855371436,0.125
0.0248123271281365,0.125
0.02142467551550957,0.0625
0.022336123254063825,0.015625
0.02855613164971804,-0.03571428571428571
0.025219015574815446,0.09375
0.04651044970935427,0.020833333333333332
0.0214321417680481,0.056818181818181816
0.02114318088166445,0.0
0.04643958803134973,0.03125
0.02153666930358746,-0.022727272727272728
0.02350947577020734,0.025
0.0258856659672076,0.0
0.027506910839338334,0.017857142857142856
0.021524278501502247,-0.013297872340425532
0.02123816586396173,-0.075
