tone_y,tone_x
0.026574547455074007,-0.013888888888888888
0.025712060107921545,0.3125
0.02589781185617329,0.022727272727272728
0.025861077659972757,0.09375
0.025906445198139966,0.009259259259259259
0.025830445270437662,0.1118421052631579
0.025903946072833823,0.013157894736842105
0.026230291725441196,0.08333333333333333
0.011242294974901822,0.01293103448275862
0.025880329338690774,0.05
0.02595973826437878,-0.028409090909090908
0.025872316518177955,0.0625
0.025864339831394478,0.05859375
0.02587632292843436,0.05625
0.025912380620742057,0.0
0.025902637762274545,0.022058823529411766
0.02587044661051606,0.048999999999999995
0.0259130036715327,-0.017857142857142856
0.025895210291071728,0.026785714285714284
0.026861059325144068,0.08333333333333333
0.02586277744613888,0.07738095238095238
0.025912380620742057,0.0
0.02604592217351106,0.046875
0.02589864435700579,0.02142857142857143
0.028885004239549976,0.015625
0.03138547009955484,-0.07954545454545454
0.02605298050049438,0.125
0.026065928575559713,0.015625
0.02591865986807937,0.03571428571428571
0.02622443375485208,0.0
0.025928406261767695,-0.025
0.0259130036715327,-0.017857142857142856
0.025898240349248845,0.022058823529411766
0.020678855845096683,0.275
0.025888375742703622,0.020833333333333332
0.02582573123721978,-0.03571428571428571
0.0237400803348926,0.125
0.026055762417490046,0.0
0.02590163693515005,0.0
0.026201583923940827,0.03571428571428571
0.02590347748683892,0.013888888888888888
0.02592673154287547,-0.125
0.02748823050091254,0.07142857142857142
0.025837927905478484,0.013888888888888888
0.025924483457074203,-0.015625
0.02595244472330616,-0.0625
0.023967540806625547,0.1875
0.025915425486059712,0.0
0.025888342159203593,0.0375
0.031176042551162977,0.007575757575757576
0.025912380620742057,0.0
0.025872316518177955,0.0625
0.027465859936218463,0.041666666666666664
0.025899025919887353,0.020833333333333332
0.02582321293916389,0.10416666666666667
0.025601930222105433,-0.03333333333333333
0.025892348569460006,0.03125
0.025752124210485648,0.25
0.026006068433673358,0.017857142857142856
0.02591821255406417,-0.004807692307692308
0.025878039961401398,0.05357142857142857
0.02589557073704952,-0.008928571428571428
0.026081065865612898,-0.009615384615384616
0.025912380620742057,0.0
0.02610293143608563,-0.04807692307692308
0.02585896181732325,0.08333333333333333
0.025778833612195046,0.20833333333333334
0.025875114550257202,0.041666666666666664
0.02578721044941851,-0.00625
0.025926227448090304,-0.03409090909090909
0.025818897714759148,0.14583333333333334
0.025922013101342976,-0.011363636363636364
0.02586230049253693,0.078125
0.02588933852953797,0.045
0.025892780558523478,0.0390625
0.025992508825870262,-0.125
0.02586867432703576,0.06818181818181818
0.025729437477055438,0.125
0.02566852936118278,0.25
0.02585679867842534,-0.015625
0.025940425492536928,-0.04375
0.025878480226264735,0.052884615384615384
0.025836469689567966,0.11842105263157894
0.025860869631731065,0.08035714285714286
0.0258886389303337,0.037037037037037035
0.028860217574302318,0.011363636363636364
0.025947993156354588,-0.05555555555555555
0.02588156208030813,0.04807692307692308
0.026049256573852504,0.041666666666666664
0.0260890659508408,0.0625
0.02537090178817178,-0.041666666666666664
0.025819577679819992,-0.03260869565217391
0.026094349813991863,-0.014700000000000001
0.025881745146480412,0.03125
0.025912380620742057,0.0
0.02588233254381898,0.046875
0.02594493270407539,-0.05078125
0.025985224443585878,-0.11363636363636363
0.025900933734295167,0.017857142857142856
0.02595008801139062,-0.058823529411764705
0.025921519756429326,0.03125
0.025923064381425817,-0.016666666666666666
0.02604683155542236,0.045454545454545456
0.02590455592084232,0.01875
0.025901400527195965,0.005681818181818182
0.028520737871615062,0.02358490566037736
0.026045927629289062,-0.20833333333333334
0.025963467547112023,-0.25
0.027705323537751035,-0.09722222222222222
0.02593909002245146,-0.041666666666666664
0.02593152854564103,-0.027777777777777776
0.025865854566151484,0.07258064516129033
0.025824845775914783,0.15625
0.025912380620742057,0.0
0.025924708036915625,-0.019230769230769232
0.025843699302060735,0.10714285714285714
0.025983076591438024,-0.11028571428571429
0.025992508825870262,-0.125
0.025097493169742812,0.09375
0.026006871165540204,0.04741379310344827
0.025864303697665132,0.075
0.02586867432703576,0.06818181818181818
0.02590236459510103,0.015625
0.0259997651453847,0.023809523809523808
0.02600586352672496,-0.14583333333333334
0.02623762993817499,0.13636363636363635
0.026014318644045773,0.0
0.02593791277607511,0.125
0.02604267037182397,0.14285714285714285
0.02607148590946212,0.006944444444444444
0.025900933734295167,0.017857142857142856
0.025864303697665132,0.075
0.02591822343232705,0.013888888888888888
0.025852284466895904,0.09375
0.02586225921383348,0.0
0.025933887841188198,0.14583333333333334
0.025832252415613852,0.125
0.025941518149879588,-0.045454545454545456
0.02606901847842612,0.09722222222222222
0.0258856659672076,0.0
0.02626526348574475,0.022727272727272728
0.02554219961006922,0.4375
0.025936419082280514,-0.0375
0.026266356353254236,0.020833333333333332
0.02581931165320882,-0.025
0.025843699302060735,0.10714285714285714
0.025832252415613852,0.125
0.02594319916117598,-0.04807692307692308
0.025798499235827346,-0.013888888888888888
0.027160543844264442,0.21875
0.025916029814876385,0.017857142857142856
0.02615276523612667,-0.375
0.026067608304406843,-0.09375
0.01977148267403513,0.03571428571428571
0.025912380620742057,0.0
0.02578186407981158,0.0375
0.02600895879693818,0.04375
0.02619368193125521,0.05
0.025912380620742057,0.0
0.025918544328828837,-0.009615384615384616
0.026206248640232504,0.125
0.025912380620742057,0.0
0.02581138690846111,0.125
0.025820805529166962,0.14285714285714285
0.02583881594185245,0.0125
0.026036157276392857,0.041666666666666664
0.02589781185617329,0.022727272727272728
0.026231603812180503,-0.016666666666666666
0.025683442891804326,0.35714285714285715
0.025777899042628345,0.04411764705882353
0.028156553509968384,-0.04807692307692308
0.025885671219032652,0.041666666666666664
0.025841155549516985,0.1111111111111111
0.025729437477055438,0.125
0.02580091060929032,0.16666666666666666
0.025714458447696542,0.15
0.0258789938686053,0.052083333333333336
0.025928406261767695,-0.025
0.02590236459510103,0.015625
0.025866593074954508,0.07142857142857142
0.025912380620742057,0.0
0.02593909002245146,-0.041666666666666664
0.02604764564575468,-0.041666666666666664
0.026057791893873902,0.11666666666666667
0.026045758417071133,-0.020833333333333332
0.025905096238457673,0.011363636363636364
0.025866827476172524,0.03125
0.02590347748683892,0.013888888888888888
0.025885440363763893,0.03125
0.025882189219361064,0.036458333333333336
0.025928406261767695,-0.025
0.02151246834708327,-0.004310344827586207
0.02151246834708327,-0.004310344827586207
0.025125616654983196,0.05241935483870968
0.025912380620742057,0.0
0.02497839488964067,-0.016666666666666666
0.026009730873884022,0.011363636363636364
0.025866593074954508,0.07142857142857142
0.025900933734295167,0.017857142857142856
0.02590276523612667,0.015
0.026695715409800154,0.08928571428571429
0.025912380620742057,0.0
0.026125151401187218,0.0
0.025892348569460006,0.03125
0.02588233254381898,0.046875
0.025729437477055438,0.125
0.025947993156354588,-0.05555555555555555
0.025935947739897408,-0.03676470588235294
0.02597648318484462,-0.1
0.025855146188507625,0.08928571428571429
0.025871947225190144,0.075
0.025885671219032652,0.041666666666666664
0.02622443375485208,0.0
0.025864303697665132,0.075
0.025895210291071728,0.026785714285714284
0.02578146260104631,0.0
0.025829297672781425,-0.041666666666666664
0.026055762417490046,0.0
0.025885671219032652,0.041666666666666664
0.025993876852740065,0.09722222222222222
0.02577437456513213,0.05
0.02588490809326953,0.04285714285714286
0.02755206683277019,-0.008333333333333333
0.025878642429109127,0.05263157894736842
0.02590163693515005,0.0
0.02585896181732325,0.08333333333333333
0.025912380620742057,0.0
0.025912380620742057,0.0
0.024566484769090055,0.013888888888888888
0.02579218831304975,0.1875
0.024579552272076914,0.0078125
0.025912380620742057,0.0
0.026018302922749984,0.010416666666666666
0.02616123685153364,-0.0625
0.026042102596035104,-0.045454545454545456
0.026019218227579664,-0.16666666666666666
0.025736098569460002,0.275
0.025936129419807122,-0.03571428571428571
0.025942428697665134,-0.046875
0.025732092159203596,0.28125
0.0258789938686053,0.052083333333333336
0.026139585581325786,-0.025
0.025920552723314456,-0.025
0.026061348054015516,0.013888888888888888
0.02619732230188006,-0.125
0.025914884627152312,-0.00390625
0.025811822138529377,-0.0125
0.02558274396943845,0.06896551724137931
0.025903232007652557,0.0625
0.025732092159203596,0.28125
0.024953478917365397,0.025
0.025912380620742057,0.0
0.02588760779336578,0.027777777777777776
0.02588233254381898,0.046875
0.025829297672781425,-0.041666666666666664
0.026007327397495776,0.015625
0.025997748324933914,0.03260869565217391
0.023876722327924788,-0.125
0.02591865986807937,0.03571428571428571
0.025916516415384835,-0.041666666666666664
0.026129557150795783,-0.1875
0.026020168102731216,0.0
0.024438022150295863,0.009146341463414634
0.02149366368896555,0.01
0.02523615710633752,0.04807692307692308
0.026014017354515046,-0.019230769230769232
0.02580107631311973,0.005434782608695652
0.025895383728745162,0.026515151515151516
0.025868869446949376,-0.0375
0.025922396646383083,-0.015625
0.026029018064233387,-0.375
0.025919057971169408,-0.010416666666666666
0.025912380620742057,0.0
0.025912380620742057,0.0
0.025912380620742057,0.0
0.025948124725349943,0.0
0.025899025919887353,0.020833333333333332
0.02604683155542236,0.045454545454545456
0.02714144087911029,-0.041666666666666664
0.02605139113128032,-0.0625
0.02747612266199843,0.03571428571428571
0.02588156208030813,0.04807692307692308
0.025983605691967126,-0.1111111111111111
0.026052301492500932,-0.2361111111111111
0.025929012442581452,-0.0234375
0.025863472990304576,0.1
0.02589169104081523,0.015625
0.02588233254381898,0.046875
0.02595468170493575,-0.08333333333333333
0.026030731176683277,0.022435897435897436
0.0258122203643318,0.15625
0.025924708036915625,-0.019230769230769232
0.0257931362696793,0.17045454545454544
0.026071586468249218,0.03125
0.026012540877152313,-0.15625
0.025912380620742057,0.0
0.02607374543024518,-0.09722222222222222
0.021239865413183106,-0.039473684210526314
0.025852284466895904,0.09375
0.025920393441254876,-0.0125
0.025875312860912953,0.05625
0.02631292512028311,-0.14285714285714285
0.027585591736984747,-0.027777777777777776
0.02592382750718894,-0.017857142857142856
0.025872316518177955,0.0625
0.026018138937444306,-0.00625
0.02600247713292073,0.05
0.025855146188507625,0.08928571428571429
0.023843922934171494,-0.007352941176470588
0.025712060107921545,0.3125
0.025357783465625717,0.020833333333333332
0.025863487250570447,-0.015151515151515152
0.02767624581470779,-0.08035714285714286
0.026044088191744412,0.0
0.025832252415613852,0.125
0.025841245213831618,0.03571428571428571
0.027558421828349323,-0.01201923076923077
0.026135461529857622,-0.017857142857142856
0.025936419082280514,-0.0375
0.025804332623849926,0.0
0.02586366565169118,0.08928571428571429
0.02593527439363583,-0.03571428571428571
0.02600158433271733,0.020833333333333332
0.025888342159203593,0.0375
0.025857292479716416,0.0859375
0.0258656391677506,0.07291666666666667
0.025896354979716412,0.025
0.027518106540189206,0.011363636363636364
0.025800201133562566,0.175
0.02435373320886486,0.06439393939393939
0.025889780357757176,0.035256410256410256
0.02589127089668773,0.041666666666666664
0.02590334819137372,0.020833333333333332
0.025892348569460006,0.03125
0.02592382750718894,-0.017857142857142856
0.025976192169348867,0.058823529411764705
0.02585005868342012,0.09722222222222222
0.0261323684912565,-0.0125
0.025947252415613853,-0.054400000000000004
0.0260470640160332,-0.05357142857142857
0.025777098025015564,0.045454545454545456
0.025699479418337643,0.175
0.025782172287408724,0.203125
0.02579218831304975,0.1875
0.025770497949827827,0.25
0.026116193134673324,-0.16666666666666666
0.025800201133562566,0.175
0.02614319412636043,-0.03125
0.026278377895858587,0.0
0.025885671219032652,0.041666666666666664
0.02596043576805672,0.041666666666666664
0.02594319916117598,-0.04807692307692308
0.029175874139958882,0.0
0.02590883787077644,0.011363636363636364
0.026116130038600614,0.015625
0.025875114550257202,0.041666666666666664
0.026091976181726075,0.020833333333333332
0.025810755598781127,0.18055555555555555
0.025918544328828837,-0.009615384615384616
0.02595244472330616,-0.0625
0.025710713690356816,0.15625
0.025841961569141137,0.09375
0.026072637030998467,-0.25
0.02579218831304975,0.1875
0.026087589279361462,-0.05
0.02609554599482932,-0.0625
0.02484263542776822,0.04807692307692308
0.025872316518177955,0.0625
0.025859513147379054,0.0661764705882353
0.02590163693515005,0.0
0.02825179929183323,0.011363636363636364
0.0258122203643318,0.15625
0.02589781185617329,0.022727272727272728
0.025928101263261484,0.03571428571428571
0.025912380620742057,0.0
0.025890527473888907,0.03409090909090909
0.026003403520049966,0.017857142857142856
0.02591945125095504,-0.006944444444444444
0.02595008207081081,-0.059782608695652176
0.025787689257895593,0.027777777777777776
0.025840265236126668,0.1125
0.025886439978813333,0.05
0.026224090673652767,-0.08333333333333333
0.026150970051096716,-0.008333333333333333
0.026392962725997466,0.21428571428571427
0.026055762417490046,0.0
0.025786464869826303,0.19642857142857142
0.025816815148315676,-0.020833333333333332
0.025901696860058297,0.016666666666666666
0.025768093036691305,0.06048387096774194
0.023345832332883273,0.013888888888888888
0.02586923466413456,0.0673076923076923
0.025963381398732003,0.08333333333333333
0.025885671219032652,0.041666666666666664
0.0260918417547136,0.057692307692307696
0.025874873801320343,0.05851063829787234
0.025912380620742057,0.0
0.025866593074954508,0.07142857142857142
0.025912380620742057,0.0
0.025912380620742057,0.0
0.025900933734295167,0.017857142857142856
0.02596286941223271,-0.03125
0.025912380620742057,0.0
0.025967584257604634,0.023809523809523808
0.025892348569460006,0.03125
0.026015495613625494,0.057291666666666664
0.025975811959489663,-0.10416666666666667
0.025855039012629758,0.10416666666666667
0.02608126681713035,-0.008333333333333333
0.027465859936218463,0.041666666666666664
0.024366560734024878,0.027777777777777776
0.026084357356352214,-0.11458333333333333
0.025977423355784793,-0.10146666666666666
0.027618517982195473,-0.046875
0.02587474626087485,0.008333333333333333
0.02604102319391925,-0.04411764705882353
0.025915425486059712,0.0
0.025904367800229235,0.0125
0.02590093273243652,0.025
0.025477571668864857,-0.006578947368421052
0.0254736579583542,0.0
0.02602449773437863,0.3125
0.025844748050490838,0.049342105263157895
0.025912380620742057,0.0
0.025920393441254876,-0.0125
0.026019479993067102,0.013513513513513514
0.02593909002245146,-0.041666666666666664
0.0245307381828343,0.045454545454545456
0.02573439733106264,0.14583333333333334
0.025934233767595204,-0.03409090909090909
0.021298623380301595,-0.1125
0.02590093273243652,0.025
0.02596537847615861,0.014705882352941176
0.025889844563049748,0.03515625
0.02600158433271733,0.020833333333333332
0.02590883787077644,0.011363636363636364
0.025754402525986937,0.08333333333333333
0.025756290520394062,0.052083333333333336
0.025872391279800802,-0.03125
0.025912380620742057,0.0
0.02721442315460927,0.1875
0.0258789938686053,0.052083333333333336
0.027903416267230665,0.026785714285714284
0.028044819915069533,0.010696969696969696
0.025829297672781425,-0.041666666666666664
0.026065695583132337,0.275
0.026179461225908224,0.075
0.025951657370117683,-0.0625
0.02586366565169118,0.08928571428571429
0.027322181775298927,0.125
0.025797523974141336,0.011363636363636364
0.026093075445323733,0.05555555555555555
0.02590419281957591,-0.16666666666666666
0.022522673108629813,0.0625
0.025431166244238447,0.07142857142857142
0.025925777452933414,-0.017857142857142856
0.025482671352257538,-0.015151515151515152
0.025514218230919226,-0.06818181818181818
0.022418158058462593,0.09134615384615384
0.025899025919887353,0.020833333333333332
0.025514556233190606,-0.06875
0.025793633317165002,0.017857142857142856
0.025490182513843655,-0.027777777777777776
0.025879835126940406,0.08333333333333333
0.025487600552048427,-0.0234375
0.02592711319059454,-0.020161290322580645
0.02593518833190951,-0.03409090909090909
0.02587676808512952,0.05555555555555555
0.025479854666662742,-0.010416666666666666
0.025907373956269047,0.013888888888888888
0.02590236459510103,0.015625
0.025912380620742057,0.0
0.025794652539199808,0.20833333333333334
0.025862413199210135,0.125
0.025804332623849926,0.0
0.025841780197247168,-0.0625
0.025970980728213175,-0.06944444444444445
0.02595244472330616,-0.0625
0.02720478807354094,0.09090909090909091
0.025842472224495292,0.16071428571428573
0.025931537775386357,0.15
0.02577437456513213,0.05
0.027609538097138005,-0.041666666666666664
0.025915425486059712,0.0
0.025977940061301497,-0.10227272727272728
0.025806729833885798,0.1875
0.025481485379375522,-0.013157894736842105
0.026186571578581713,0.0625
0.02614319412636043,-0.03125
0.026039640802271107,-0.041666666666666664
0.025912380620742057,0.0
0.025488530058294708,-0.025
0.025800171782361343,0.006944444444444444
0.025912380620742057,0.0
0.026211927811244134,0.0
0.021610053394739717,-0.1375
0.026016140144252683,0.0
0.025849422745284182,0.09821428571428571
0.025516149672469946,-0.07142857142857142
0.025936129419807122,-0.03571428571428571
0.02605139113128032,-0.0625
0.025771984422148127,-0.171875
0.025476136641677614,-0.004166666666666667
0.02550069814006422,-0.045454545454545456
0.027429940395988582,0.0625
0.02549596610826497,-0.0375
0.025848021459480047,-0.07291666666666667
0.025900053204568483,0.019230769230769232
0.025641084717133375,0.05
0.025559963773180573,0.1875
0.025925735321596755,-0.020833333333333332
0.025478842829227768,0.325
0.025987939354630573,0.05
0.02610494354899322,0.035
0.025679801531292668,-0.015625
0.025691653617259797,-0.03571428571428571
0.025866593074954508,0.07142857142857142
0.0254271826460401,0.078125
0.02619626751404557,0.045454545454545456
0.014525859114975247,0.07954545454545454
0.02590865372748028,0.005813953488372093
0.025838593935529806,0.04276315789473684
0.026016140144252683,0.0
0.025637524550314126,0.05603448275862069
0.025486405472588923,-0.02142857142857143
0.025823056410548547,-0.03125
0.025670583242207123,0.0
0.026195459519423578,0.046875
0.02593241267202411,-0.03125
0.024983227330783345,-0.0078125
0.025541527195009482,0.21875
0.025962460748947185,-0.078125
0.025807412898095978,0.15625
0.026140546286663388,0.05357142857142857
0.0257566720758898,0.07954545454545454
0.02605797914002901,-0.07142857142857142
0.02596045754381898,-0.075
0.02596974855439622,0.07291666666666667
0.026048801444447607,0.017045454545454544
0.025872391279800802,-0.03125
0.025840152041882072,-0.059782608695652176
0.025781202711233672,-0.1875
0.027145035127462185,-0.0035714285714285713
0.025872316518177955,0.0625
0.026006678057248708,0.0125
0.026020168102731216,0.0
0.025467461250045648,0.010416666666666666
0.026216198048054598,0.010416666666666666
0.02607841987323359,-0.07386363636363637
0.025426337640361663,0.07954545454545454
0.026211184337836112,0.019230769230769232
0.025858073702323355,0.046052631578947366
0.02574940951620064,0.09166666666666666
0.025912380620742057,0.0
0.025829297672781425,-0.041666666666666664
0.025821616119264038,-0.028846153846153848
0.02751375265652498,0.013888888888888888
0.02456884331936352,-0.1875
0.02593909002245146,-0.041666666666666664
0.025318372286850438,0.027777777777777776
0.02590883787077644,0.011363636363636364
0.025773693700161273,0.05113636363636364
0.025956635299444506,0.125
0.021690211643818298,0.08333333333333333
0.026016140144252683,0.0
0.02621196569527276,0.017857142857142856
0.025878938074958235,0.041666666666666664
0.026155760050329914,0.11666666666666667
0.025849660835608444,0.125
0.02617472099079256,0.08333333333333333
0.025880329338690774,0.05
0.02589420680000331,-0.15
0.02442873870792031,-0.0234375
0.01498161993169863,-0.09090909090909091
0.020929186770744533,-0.25
0.02592382750718894,-0.017857142857142856
0.025473228562268035,0.15
0.02580968227719239,-0.008928571428571428
0.026177683637739847,0.078125
0.027299318061789205,-0.020833333333333332
0.02548805031313534,-0.024193548387096774
0.02639611552898554,-0.07894736842105263
0.024942146188444272,0.0375
0.02593241267202411,-0.03125
0.02568413391206227,-0.020833333333333332
0.026272911575331265,-0.08928571428571429
0.02588760779336578,0.027777777777777776
0.023825516691243383,0.07142857142857142
0.025843699302060735,0.10714285714285714
0.02558718867622815,0.057692307692307696
0.02588934173704729,0.025
0.01478629386738861,-0.017857142857142856
0.025992639486234256,0.041666666666666664
0.025534956957329758,0.1
0.02600413119498302,0.016666666666666666
0.026143119423354816,0.1388888888888889
0.02202067411486254,0.11363636363636363
0.025950282056539827,0.0
0.02620180804859634,0.03571428571428571
0.026247797874947063,0.16666666666666666
0.024961978464056237,0.015625
0.026134661313352958,-0.1
0.025789856436000912,0.05
0.025775388843408322,0.075
0.02596326366371123,0.09375
0.025663879031963086,0.011363636363636364
0.026221456680811255,-0.015625
0.027256710753733312,0.03125
0.02330174467365379,0.07589285714285714
0.025510838208205478,-0.0625
0.02585896181732325,0.08333333333333333
0.025932206610712088,0.0
0.025539756180312026,-0.1111111111111111
0.02148627209895241,0.015625
0.026014318644045773,0.0
0.02605110665455017,-0.06018518518518518
0.025912380620742057,0.0
0.025864303697665132,0.075
0.024928924671369625,0.052083333333333336
0.025242110904860976,0.038461538461538464
0.025983817735883128,0.0
0.023249799578255036,0.0
0.026287301574789528,-0.11458333333333333
0.027620590263362582,-0.04807692307692308
0.026096023540465887,0.0
0.02575083609042529,0.08928571428571429
0.025994211836685075,0.03289473684210526
0.025909584834410044,-0.019230769230769232
0.026266124751198622,0.0
0.026145094521319672,0.13541666666666666
0.025860988766247827,-0.07291666666666667
0.026043256288120094,-0.04807692307692308
0.025970838955795432,-0.09558823529411764
0.025834290682567724,-0.05
0.0256263354545965,0.075
0.02610147753060507,-0.009615384615384616
0.026207902636602193,0.025
0.026139585581325786,-0.025
0.025847726806371284,-0.05
0.02565454233026095,0.25
0.026305077456473258,-0.14583333333333334
0.025869745400788912,0.02631578947368421
0.02100342882285479,0.25
0.026217679371528243,0.0078125
0.025932035401615833,0.1346153846153846
0.025374578366894683,-0.047619047619047616
0.025854105562466995,0.09090909090909091
0.025860524765313468,0.4583333333333333
0.02593845325865501,-0.03571428571428571
0.025609127981636816,0.10416666666666667
0.025729437477055438,0.125
0.025970517189199602,-0.09375
0.025854262721712918,-0.08333333333333333
0.026179461225908224,0.075
0.025691989903658195,0.1875
0.023788092512788534,0.045454545454545456
0.025944431902793337,-0.05
0.025456757844785433,0.028409090909090908
0.025839283692354022,-0.058333333333333334
0.025804202507126457,0.34375
0.025781287963297775,0.038461538461538464
0.02589781185617329,0.022727272727272728
0.02565454233026095,0.25
0.025517315802846368,-0.041666666666666664
0.026185180007273316,-0.09375
0.02079587982853513,0.11842105263157894
0.025920393441254876,-0.0125
0.023090306570160705,-0.25
0.025823056410548547,-0.03125
0.025981290727438114,0.05625
0.025481485379375522,-0.013157894736842105
0.026028011042115353,0.07142857142857142
0.025754402525986937,0.08333333333333333
0.0258817673083649,0.0375
0.02575248213760759,0.08653846153846154
0.02617472099079256,0.08333333333333333
0.02579965167717527,0.0078125
0.025865246382431345,0.07352941176470588
0.025482953020817017,-0.015625
0.02535749958924584,0.009615384615384616
0.0257697656330217,0.057692307692307696
0.05941192944482419,0.23214285714285715
0.02262325493972592,0.09375
0.026040426205167826,0.05
0.025817119600131912,-0.021341463414634148
0.027537699016678237,0.0
0.026045927629289062,-0.20833333333333334
0.02595244472330616,-0.0625
0.026242438635302016,-0.03571428571428571
0.026190521774511435,0.05555555555555555
0.02578872946826774,0.026041666666666668
0.025813694517199236,-0.015625
0.026151019815214248,0.125
0.02579095849049377,0.022321428571428572
0.025952307854752565,0.0
0.025893118497540342,-0.08522727272727272
0.025510838208205478,-0.0625
0.02572194796237599,0.1375
0.020660658306727347,-0.03571428571428571
0.025816815148315676,-0.020833333333333332
0.024057845673598057,-0.04891304347826087
0.02584466077981619,-0.0673076923076923
0.025915425486059712,0.0
0.025773598991540237,0.03333333333333333
0.025820975989804255,-0.027777777777777776
0.02579467896686511,0.041666666666666664
0.025973838959819518,0.075
0.025878777578681095,-0.05
0.02586981007327863,0.05
0.026014318644045773,0.0
0.02584427670214032,-0.06666666666666667
0.02546677046188008,0.0
0.02595254830638525,-0.015625
0.02582807986551647,-0.039634146341463415
0.02518155865529891,-0.0375
0.025872709914139605,0.010416666666666666
0.025908738429599863,0.005681818181818182
0.025859406099300576,-0.07018181818181818
0.02600821780041936,0.10576923076923077
0.025876661991556468,-0.1
0.02583798321140721,0.1
0.026049582890801466,-0.057692307692307696
0.02594174186691599,-0.041666666666666664
0.025858801821518645,-0.09090909090909091
0.02505405688654037,-0.0859375
0.025905096238457673,0.011363636363636364
0.026222123341949177,0.0
0.025735075003467497,0.10416666666666667
0.01590184725346551,0.010416666666666666
0.02592103966487178,0.02
0.02576688505045268,0.0625
0.025976115710060442,0.0625
0.02584459608710735,0.027777777777777776
0.026011436944310976,0.0
0.026209575660760664,0.022058823529411766
0.02582065252663204,0.041666666666666664
0.025963381398732003,0.08333333333333333
0.02572316343495215,0.125
0.026000226105777596,-0.10714285714285714
0.02595319394966925,0.1
0.025865246382431345,0.07352941176470588
0.02574816126375406,0.09375
0.02602041147934142,-0.008064516129032258
0.025926949385310823,-0.022727272727272728
0.0259949895520361,0.0375
0.02565841374745322,0.0
0.026054386471810093,0.05555555555555555
0.026202372362300587,0.034722222222222224
0.024913184770090288,0.06944444444444445
0.026048163707579123,-0.05677777777777778
0.026269525693105793,-0.08333333333333333
0.026085056456357864,0.06944444444444445
0.026191650401919925,0.05357142857142857
0.025912380620742057,0.0
0.02584023098264798,0.078125
0.025804332623849926,0.0
0.02593909002245146,-0.041666666666666664
0.025925777452933414,-0.017857142857142856
0.02595319394966925,0.1
0.025912380620742057,0.0
0.02578935359449103,0.025
0.024794820712469655,0.2
0.025266128053411736,-0.041666666666666664
0.026184201461023883,0.06666666666666667
0.025778282138008365,0.043478260869565216
0.025850886881922736,0.09593023255813954
0.025696150745146775,0.18055555555555555
0.025841780197247168,-0.0625
0.025895210291071728,0.026785714285714284
0.025960664887988313,0.045454545454545456
0.025873323844185277,0.06092857142857143
0.02617142748016156,0.03571428571428571
0.026063980769504475,-0.08482142857142858
0.025753088576043172,0.08552631578947369
0.02555933713963321,0.046875
0.025832252415613852,0.125
0.02593241267202411,-0.03125
0.02160989373977925,0.04375
0.025872316518177955,0.0625
0.02585896181732325,0.08333333333333333
0.02584881747131801,0.041666666666666664
0.025905096238457673,0.011363636363636364
0.026020987667167872,-0.1875
0.025872316518177955,0.0625
0.025977223110543412,0.08333333333333333
0.02492835128989949,0.038461538461538464
0.025723196214822566,0.13541666666666666
0.025484973686569802,-0.019021739130434784
0.02585952666039139,0.10714285714285714
0.02758455059089113,-0.02717391304347826
0.027376061085643753,0.09375
0.025778018112814025,0.04391891891891892
0.025918721609089108,0.0
0.025958168166529603,-0.07142857142857142
0.025922396646383083,-0.015625
0.025870574600675166,0.06521739130434782
0.025785608837151305,0.03125
0.026069435338537356,0.046875
0.025804332623849926,0.0
0.02581931165320882,-0.025
0.025804332623849926,0.0
0.024794407793333688,0.125
0.025998852324974748,0.21875
0.025729437477055438,0.125
0.025992488396054156,0.03571428571428571
0.025557207502964113,0.041666666666666664
0.02604488099123404,-0.05
0.026033420111038437,-0.03125
0.025649512867154448,0.03571428571428571
0.025832252415613852,0.125
0.025831943978088454,-0.022727272727272728
0.02574816126375406,0.09375
0.025734448078808796,0.10526315789473684
0.025920815168650288,-0.013157894736842105
0.025872316518177955,0.0625
0.025922268043883936,-0.0625
0.025921528723819687,-0.03125
0.025783906674724157,0.03409090909090909
0.025497349027560446,-0.006944444444444444
0.025833138449540115,-0.04807692307692308
0.02587539837222135,0.057692307692307696
0.025768155047112024,0.0875
0.025965725031407233,0.0375
0.025912380620742057,0.0
0.02590516740408769,0.17857142857142858
0.025465395680609466,0.013888888888888888
0.025961347857209292,-0.0763888888888889
0.02578935359449103,0.025
0.025804332623849926,0.0
0.02577437456513213,0.05
0.025728814380847388,0.05
0.02584560711646855,0.10416666666666667
0.016102252468405607,-0.011627906976744186
0.02147030261435612,0.027777777777777776
0.025807799714087372,0.016304347826086956
0.02546622190838394,0.0125
0.025903155045319218,0.041666666666666664
0.026230023733808613,-0.013888888888888888
0.02548003171547156,-0.010714285714285714
0.025465512512885317,0.15625
0.025627549549922357,0.025
0.02561983350053964,0.03125
0.025872316518177955,0.0625
0.02594663077831317,-0.0375
0.025955241364506963,0.08333333333333333
0.024490746588513163,0.049107142857142856
0.025998514650738866,0.03125
0.026029599817639908,-0.025
0.026542214887425086,0.06686046511627906
0.025909474720605587,-0.041666666666666664
0.025165882997082795,-0.017857142857142856
0.02601261504554992,0.00625
0.026008441269586492,0.009615384615384616
0.02580792964879964,0.0625
0.02605139113128032,-0.0625
0.022692510065151553,0.015625
0.0254736579583542,0.0
0.025816226774588207,0.15
0.022386803543412426,0.1
0.02577432948766437,0.2
0.025836876111926838,-0.03125
0.026047746211282936,-0.0546875
0.025823056410548547,-0.03125
0.025930186888548326,-0.027777777777777776
0.025902713823946263,0.06060606060606061
0.02600203974944163,0.025
0.02558125325362606,0.0625
0.02477782161908797,0.21875
0.025868391229783606,0.013888888888888888
0.02582345765481974,0.10714285714285714
0.0247847046772881,-0.015625
0.025998514650738866,0.03125
0.015072772095043306,-0.125
0.02606020387803723,-0.078125
0.025668626936405203,0.375
0.02579218831304975,0.1875
0.025825367799637275,-0.011363636363636364
0.025452412101296326,0.03571428571428571
0.02585975386107161,0.020833333333333332
0.025759395535773236,0.075
0.02592128375464519,-0.013888888888888888
0.02544887112512001,0.041666666666666664
0.027294340748259857,0.008333333333333333
0.025956896290257724,-0.06944444444444445
0.025864303697665132,0.075
0.025904367800229235,0.0125
0.026177683637739847,0.078125
0.024943765149718716,0.03571428571428571
0.025818492035123403,0.017857142857142856
0.02550154314574266,-0.046875
0.02586050398394579,-0.09375
0.026061656280799567,-0.009259259259259259
0.025596836929522755,0.125
0.03684748263504421,0.005813953488372093
0.025912380620742057,0.0
0.025807497128024933,0.025
0.025804332623849926,0.0
0.025992508825870262,-0.125
0.025922396646383083,-0.015625
0.025738799370404748,0.109375
0.025992508825870262,-0.125
0.025998577561904823,0.125
0.02613090855036856,0.020833333333333332
0.025965799424160857,-0.08333333333333333
0.025872316518177955,0.0625
0.025857292479716416,0.0859375
0.02588248740964337,0.056818181818181816
0.025907211480175663,0.020833333333333332
0.02593241267202411,-0.03125
0.026227975626919402,-0.08333333333333333
0.025806729833885798,0.1875
0.025931234316066337,-0.029411764705882353
0.02580901357052458,-0.0078125
0.015551880191541925,0.04891304347826087
0.025842268441254878,0.109375
0.025930186888548326,-0.027777777777777776
0.02611270113356257,-0.3125
0.025879193602001742,0.0625
0.025882350835131716,0.005
0.0259348922700984,0.10227272727272728
0.026014428911814356,-0.0390625
0.02760025660107821,-0.058333333333333334
0.026030354214202755,0.03333333333333333
0.026222123341949177,0.0
0.024455750500804348,0.14285714285714285
0.02588267195609303,0.020833333333333332
0.02576643843881124,-0.0875
0.025749146726211883,0.09210526315789473
0.02586277744613888,0.07738095238095238
0.025866610084738454,-0.0625
0.02495185995609095,0.026785714285714284
0.025889009894246327,0.036458333333333336
0.025885671219032652,0.041666666666666664
0.021243550433098706,-0.058333333333333334
0.02593241267202411,-0.03125
0.025816709885137654,0.020833333333333332
0.025905703270314703,0.010416666666666666
0.025829553012285646,0.28125
0.026003155514405202,0.045454545454545456
0.025896871935878533,0.024193548387096774
0.026278377895858587,0.0
0.02735998370797358,0.006944444444444444
0.02577223470379515,0.05357142857142857
0.02745149212012651,0.05
0.02589735658228052,0.0234375
0.02618701417206555,0.15833333333333333
0.025290553174665477,-0.03977272727272727
0.026222123341949177,0.0
0.025983026245932888,-0.007352941176470588
0.025885671219032652,0.041666666666666664
0.025914965401552643,-0.004032258064516129
0.025912380620742057,0.0
0.026222123341949177,0.0
0.026319175516274024,-0.06578947368421052
0.025670583242207123,0.0
0.026255837503475436,0.0390625
0.02577936757491843,0.041666666666666664
0.026125151401187218,0.0
0.026217345448790366,0.10576923076923077
0.025816709885137654,0.020833333333333332
0.027795971369961352,0.03125
0.025843699302060735,0.10714285714285714
0.0390625,0.027777777777777776
0.02599931022839794,-0.00641025641025641
0.027792481699386258,0.03333333333333333
0.02491888573656592,0.027777777777777776
0.025845979519261982,0.0
0.025808736458481443,-0.007350000000000001
0.027741421660323198,0.05
0.025902637762274545,0.022058823529411766
0.027574476752142894,0.15
0.02588233254381898,0.046875
0.027712527349291992,0.0673076923076923
0.02603201554326523,0.0
0.022430398873964922,-0.10576923076923077
0.026139585581325786,-0.025
0.04501744267966952,-0.008928571428571428
0.025917722501083935,-0.008333333333333333
0.025655833979670247,0.025
0.025800186359584764,0.07291666666666667
0.026211184337836112,0.019230769230769232
0.026000269511519198,0.05
0.027795971369961352,0.03125
0.025806012457789962,-0.01
0.02603201554326523,0.0
0.025854403365541023,0.10526315789473684
0.02593527439363583,-0.03571428571428571
0.025987583121562557,0.03409090909090909
0.026096283040910082,0.05
0.0258122203643318,0.15625
0.025912380620742057,0.0
0.025896354979716412,0.025
0.025900933734295167,0.017857142857142856
0.02778550235823606,0.0375
0.0258389297660412,0.11458333333333333
0.026166588582706693,0.0
0.02744332222877018,0.175
0.027767785569162488,0.04807692307692308
0.025998996809957674,0.036458333333333336
0.02598088915722505,0.0625
0.026001911547643995,0.04741379310344827
0.026214222950089742,0.013888888888888888
0.02589306226929374,0.040625
0.025824599088178437,0.022799999999999997
0.02597007475333699,0.046875
0.024105734126912384,-0.078125
0.025858050956095172,0.0
0.02589435177458821,0.028125
0.02597249173374142,0.09375
0.025854105562466995,0.09090909090909091
0.02587328538453507,0.25
0.02579218831304975,0.1875
0.026198422166370867,0.041666666666666664
0.025992508825870262,-0.125
0.026115528614428174,0.016666666666666666
0.02585896181732325,0.08333333333333333
0.02577936757491843,0.041666666666666664
0.026035156608037773,-0.03409090909090909
0.02587676808512952,0.05555555555555555
0.0258122203643318,0.15625
0.02593909002245146,-0.041666666666666664
0.025832252415613852,0.125
0.027388494772646405,0.08653846153846154
0.027664370164239983,0.09615384615384616
0.028168106388991383,0.0625
0.025754402525986937,0.08333333333333333
0.025838416123700633,0.11538461538461539
0.02589662810813295,0.25
0.026045243056492744,-0.020833333333333332
0.026004701627377995,0.10416666666666667
0.025497715767081496,-0.04044117647058824
0.025481740621365344,-0.01358695652173913
0.02606448493847332,0.25
0.02601217427342396,0.03125
0.025714458447696542,0.15
0.026343273710601252,0.0
0.025933541428088697,-0.03125
0.027553093105348186,-0.008928571428571428
0.02583398728721934,-0.024305555555555556
0.025896354979716412,0.025
0.025982389627225877,-0.015625
0.025900359525835047,-0.004629629629629629
0.025920815168650288,-0.013157894736842105
0.025782622639704614,0.0625
0.026052521578031104,-0.0625
0.025986404191050243,0.08333333333333333
0.025864303697665132,0.075
0.02584335570677334,0.0375
0.04458354145854145,0.08928571428571429
0.02596847512326338,0.075
0.024838490865434,0.0546875
0.025885671219032652,0.041666666666666664
0.0260890659508408,0.0625
0.026195459519423578,0.046875
0.02495995476246318,0.017857142857142856
0.02589781185617329,0.022727272727272728
0.02590419281957591,-0.16666666666666666
0.025893208118510078,-0.07692307692307693
0.026083051709116394,0.07291666666666667
0.023647785950917904,-0.011904761904761904
0.025499049348496533,-0.042682926829268296
0.02604299803913088,-0.047619047619047616
0.02588538994218555,0.0
0.02548700471471107,-0.022435897435897436
0.02764545763736789,-0.0625
0.026014318644045773,0.0
0.025464124560956435,0.016025641025641024
0.026312038215150758,-0.058333333333333334
0.026260345581952064,0.03125
0.02589529666158306,0.034722222222222224
0.025519690648646256,-0.07738095238095238
0.025872316518177955,0.0625
0.0254932265109075,-0.03289473684210526
0.026005329718402168,0.014705882352941176
0.02117484214884272,0.0
0.026065255889359547,-0.08333333333333333
0.025997615688079307,0.029411764705882353
0.02577936757491843,0.041666666666666664
0.026214222950089742,0.013888888888888888
0.025819306989562738,0.11160714285714286
0.026088933353284945,0.0125
0.02147395278226384,0.025
0.02594612428793622,0.022727272727272728
0.025863716744465776,0.026785714285714284
0.025925177249712744,0.025
0.025904367800229235,0.0125
0.02545935786225755,0.02403846153846154
0.0254736579583542,0.0
0.02575752315710337,0.078125
0.02611729410200871,-0.0375
0.026204347460265443,0.03125
0.02626232204649002,-0.125
0.0259790879663704,-0.2916666666666667
0.025740136783740365,0.10714285714285714
0.026222123341949177,0.0
0.026179461225908224,0.075
0.026186571578581713,0.0625
0.025004476197510454,-0.03125
0.025872316518177955,0.0625
0.026231011282791043,-0.015625
0.026074137451458684,0.020833333333333332
0.025804332623849926,0.0
0.02617472099079256,0.08333333333333333
0.025414169558592152,0.1
0.02591316409652553,-0.0012222222222222233
0.025841780197247168,-0.0625
0.02588547593467378,0.28125
0.025759395535773236,0.075
0.0258815389904805,0.0375
0.02583761935575859,-0.05555555555555555
0.024749489796785158,0.25
0.025986534692056446,0.045454545454545456
0.02602658864342813,0.34375
0.026206225435021626,0.041666666666666664
0.025988850021388888,0.041666666666666664
0.026130704521861413,0.16071428571428573
0.025904947230180872,0.0
0.025839283692354022,-0.058333333333333334
0.025827618728086692,-0.057692307692307696
0.024927575536974254,0.05357142857142857
0.02581931165320882,-0.025
0.02617133510856709,0.08928571428571429
0.026192769986637415,0.08333333333333333
0.02591824366014168,-0.009146341463414634
0.025829297672781425,-0.041666666666666664
0.025961256881098498,0.0625
0.025513698227424806,-0.0673076923076923
0.02567326611695957,0.21875
0.02620121053996832,0.03676470588235294
0.025820975989804255,-0.027777777777777776
0.02592764161085646,0.08928571428571429
0.025933696968313134,-0.2159090909090909
0.025998514650738866,0.03125
0.02577936757491843,0.041666666666666664
0.025903626130672153,-0.015625
0.025968750997509834,-0.015625
0.026210272754160022,0.020833333333333332
0.026159907756056117,0.109375
0.025771045891941263,0.05555555555555555
0.02604488099123404,-0.05
0.026204347460265443,0.03125
0.026101087959880847,-0.008928571428571428
0.02604163212530988,0.028846153846153848
0.026082284802382893,-0.041666666666666664
0.025412656160972512,-0.041666666666666664
0.02722261571886862,0.0673076923076923
0.0258255750651865,0.13541666666666666
0.026092291863002232,0.006578947368421052
0.025810093788987964,-0.009615384615384616
0.025929799795769926,-0.02717391304347826
0.02588538994218555,0.0
0.025818791621186096,0.0
0.025934658710661567,-0.028846153846153848
0.0254736579583542,0.0
0.025865933497346914,0.0625
0.02580688474508856,-0.02142857142857143
0.025796843109170478,0.0125
0.025823056410548547,-0.03125
0.026227202165287386,-0.008928571428571428
0.025924708036915625,-0.019230769230769232
0.025929762964026267,0.01838235294117647
0.02605139113128032,-0.0625
0.026079916288479322,0.25
0.025998845215794573,-0.075
0.025804332623849926,0.0
0.02599168105801604,0.1346153846153846
0.02548605137497129,-0.020833333333333332
0.025893608600550684,0.045454545454545456
0.025703769082915086,-0.05625
0.0258673317710331,0.04861111111111111
0.02608304647565507,-0.025
0.02615694510910883,0.11458333333333333
0.026068736229518837,0.0
0.025865933497346914,0.0625
0.02584827805663949,0.1
0.02545300226399238,0.034722222222222224
0.02229531684233117,0.0
0.0256574142577992,0.022321428571428572
0.025945030475176975,-0.047619047619047616
0.0258619442752303,-0.09615384615384616
0.025510838208205478,-0.0625
0.02596326366371123,0.09375
0.025916094010990577,-0.017857142857142856
0.02595244472330616,-0.0625
0.025954443411701708,-0.125
0.018784660321507548,0.11607142857142858
0.026222123341949177,0.0
0.025912380620742057,0.0
0.024866423382590656,0.010135135135135136
0.025875136196142137,0.25
0.0254756677015894,-0.0033783783783783786
0.026014318644045773,0.0
0.024995032256742853,-0.020833333333333332
0.02594174186691599,-0.041666666666666664
0.026251231462667605,0.0078125
0.025864303697665132,0.075
0.02435108618815467,-0.05
0.0259790879663704,-0.2916666666666667
0.025812654306827092,-0.013888888888888888
0.025804332623849926,0.0
0.025482406252436852,-0.014705882352941176
-0.015625,-0.0033783783783783786
0.02603571228707756,-0.035
0.025966907339692723,-0.0125
0.02229531684233117,0.0
0.026257769537108278,0.03571428571428571
0.025804332623849926,0.0
0.02589457435293579,0.027777777777777776
0.025804332623849926,0.0
0.02161630933066507,-0.08333333333333333
0.025670583242207123,0.0
0.026014318644045773,0.0
0.026236344047296165,-0.025
0.026218173146019458,0.006944444444444444
0.02579218831304975,0.1875
0.02587103713320305,0.15
0.025896354979716412,0.025
0.025729437477055438,0.125
0.02567950737919245,0.20833333333333334
0.026000224752229854,-0.09210526315789473
0.025796639880001315,0.18055555555555555
0.025742108184844622,0.265625
0.025745154022980478,0.08653846153846154
0.025108359545954095,-0.14583333333333334
0.025946721280082713,-0.05357142857142857
0.02560461223239796,0.3333333333333333
0.025777098025015564,0.045454545454545456
0.025953251995829436,-0.0625
0.02613004748496483,-0.041666666666666664
0.02574336702576698,-0.05357142857142857
0.02425441894719206,0.09375
0.025885671219032652,0.041666666666666664
0.025804332623849926,0.0
0.025868528463959487,-0.10714285714285714
0.025838416123700633,0.11538461538461539
0.025872316518177955,0.0625
0.02779211061888528,-0.034722222222222224
0.02774362631133489,0.0625
0.026049783189285834,0.08152173913043478
0.02581138690846111,0.125
0.025877101946625014,-0.04807692307692308
0.02593087174500241,-0.028846153846153848
0.02580522825313054,0.0234375
0.025755263389743193,0.08189655172413793
0.025942969110026467,0.25
0.025785608837151305,0.03125
0.026005474736634792,-0.03571428571428571
0.02605781007598069,0.25
0.024911962652267857,-0.0625
0.026228048635843756,-0.010416666666666666
0.025866827476172524,0.03125
0.024327536143044656,0.125
0.02588590321016062,0.05092592592592592
0.025912380620742057,0.0
0.025792382385118048,0.075
0.026072389583196083,0.041666666666666664
0.026245703080863998,0.0
0.02629642778150165,-0.025
0.02624017233779403,0.0
0.025904367800229235,0.0125
0.02597894954929715,-0.075
0.02593909002245146,-0.041666666666666664
0.02591981722958189,-0.007575757575757576
0.02575083609042529,0.08928571428571429
0.02595489185784637,0.09722222222222222
0.025996686520667927,0.028846153846153848
0.02612985267715095,0.0
0.024432445179122513,-0.027777777777777776
0.025915425486059712,0.0
0.022635897746310973,0.03125
0.02594555336287218,0.1125
0.025912380620742057,0.0
0.025872316518177955,0.0625
0.02581931165320882,-0.025
0.025978909491554257,0.03125
0.02577501798337942,0.21428571428571427
0.025996338381682534,0.0
0.025912380620742057,0.0
0.025633388722428194,0.02027027027027027
0.025468080920876508,0.009375
0.02594563615585482,0.09090909090909091
0.026027052955374216,-0.020833333333333332
0.025805543013904447,0.16666666666666666
0.02607880856563515,-0.1111111111111111
0.026033420111038437,-0.03125
0.025778119322471857,0.04375
0.026036148892037394,-0.03571428571428571
0.02600476791054944,0.015625
0.025946402316960743,0.1111111111111111
0.026007951488381552,0.010416666666666666
0.026005829103160145,0.013888888888888888
0.025818791621186096,0.0
0.02581525188897683,0.05555555555555555
0.025785910728930203,0.056818181818181816
0.025741920001521187,0.10416666666666667
0.026025233768041584,-0.017857142857142856
0.026090664612327362,0.0
0.025912380620742057,0.0
0.025370132145024413,0.21428571428571427
0.026027052955374216,-0.020833333333333332
0.025684500388978748,0.2
0.02585896181732325,0.08333333333333333
0.02606950065980236,-0.09027777777777778
0.02595974302406673,0.08928571428571429
0.026088000529254644,-0.07142857142857142
0.025844060766332413,0.0
0.02596847512326338,0.075
0.025832091265757175,0.1328125
0.026052521578031104,-0.0625
0.025894721552312296,0.03571428571428571
0.025994211836685075,0.03289473684210526
0.025157156579675564,0.0
0.025924483457074203,-0.015625
0.02584560711646855,0.10416666666666667
0.026014318644045773,0.0
0.02581466298892503,-0.017241379310344827
0.025210878429426296,-0.08928571428571429
0.026062574981711453,-0.07894736842105263
0.025787108253876864,0.125
0.02587474755727415,0.017857142857142856
0.025973177022830807,0.0673076923076923
0.025864002848037946,-0.078125
0.0259218074684042,-0.014705882352941176
0.025924534126411578,-0.03125
0.025997945958052063,0.026785714285714284
0.02591052062058572,-0.008928571428571428
0.02594396820601357,-0.046875
0.02602599061474672,0.021739130434782608
0.026283186512900323,-0.008333333333333333
0.027686880369653118,0.045454545454545456
0.02564522986485618,0.009615384615384616
0.025896030809661994,-0.008333333333333333
0.026122031993841468,0.020833333333333332
0.026127209733401303,-0.045454545454545456
0.026011436944310976,0.0
0.02589500633892684,0.010416666666666666
0.025985445325352362,0.01953125
0.025896354979716412,0.025
0.025922850706212138,-0.016333333333333335
0.02511955128485005,0.0625
0.021466692704504027,0.013888888888888888
0.025907038740400175,0.008333333333333333
0.025808033360623966,-0.0234375
0.025995796009386223,0.030303030303030304
0.02381918767453104,-0.026515151515151516
0.025896354979716412,0.025
0.02588329640720475,-0.013888888888888888
0.025804332623849926,0.0
0.02200073644229774,-0.013888888888888888
0.02523152637415261,0.05555555555555555
0.025900053204568483,0.019230769230769232
0.025912380620742057,0.0
0.010757932183163435,-0.0625
0.02589720147282043,0.11363636363636363
0.025836965839444923,0.11764705882352941
0.024538749660709784,0.026785714285714284
0.025912380620742057,0.0
0.026108662201035554,-0.3333333333333333
0.026109813327145747,0.03409090909090909
0.025103365303484313,-0.008928571428571428
0.02495995476246318,0.017857142857142856
0.02593663081069575,-0.09375
0.02585114209059648,-0.078125
0.026007674655526586,0.010869565217391304
0.026262349172386124,0.027777777777777776
0.02602607339296434,-0.019230769230769232
0.02496670043444004,0.010416666666666666
0.01935240100473736,0.05078125
0.028095041156351686,0.10714285714285714
0.024542589906485515,0.025
0.023849623036119615,-0.09090909090909091
0.025833259213778687,-0.025
0.025916163802663896,0.004629629629629629
0.025908723695445213,0.0
0.025872316518177955,0.0625
0.025864936282298807,0.016666666666666666
0.025861278339158984,-0.019736842105263157
0.02603978726670266,-0.041666666666666664
0.025981061939423372,-0.10714285714285714
0.025765743781679926,0.09166666666666666
0.02596656497656411,0.078125
0.025930086720583573,-0.03571428571428571
0.02608957791575594,0.011363636363636364
0.025878644742036657,0.225
0.025614322036694843,0.03571428571428571
0.02565841374745322,0.0
0.025931278113358318,-0.022727272727272728
0.025349771772144578,0.25
0.02573557424128038,-0.0625
0.026023869377542103,-0.015625
0.025900053204568483,0.019230769230769232
0.025869959806262416,0.0661764705882353
0.02595244472330616,-0.0625
0.026083453575127175,0.03125
0.025730193330391678,0.125
0.026029240032597194,0.041666666666666664
0.026065255889359547,-0.08333333333333333
0.024755199877160003,-0.07386363636363637
0.02593167050411673,-0.0234375
0.025982492800229236,-0.109375
0.025452412101296326,0.03571428571428571
0.025892348569460006,0.03125
0.026318950602148256,-0.0703125
0.026258341991518008,0.034722222222222224
0.02576588164277624,0.029411764705882353
0.025424084291885824,0.08333333333333333
0.025900933734295167,0.017857142857142856
0.026257769537108278,0.03571428571428571
0.026104531143846407,0.03571428571428571
0.02606044283835349,-0.007352941176470588
0.02625673911917076,0.0375
0.02585896181732325,0.08333333333333333
0.02577936757491843,0.041666666666666664
0.02757573147103929,-0.022058823529411766
0.026206248640232504,0.125
0.025692315947202782,0.10833333333333334
0.025800201133562566,0.175
0.02594066116372848,-0.04411764705882353
0.024018094384875982,0.1125
0.02577223470379515,0.05357142857142857
0.010973735371621673,0.0078125
0.02574816126375406,0.09375
0.02153579092093587,-0.022058823529411766
0.02596400693358635,0.04513888888888889
0.025725892976720396,-0.09375
0.025984396495646184,0.075
0.02568760162205736,-0.028846153846153848
0.0259181040639655,-0.008928571428571428
0.025743054776472617,0.10227272727272728
0.025536678355303852,0.04044117647058824
0.0257721562617677,0.21875
0.02493081345952315,0.05
0.025912380620742057,0.0
0.025841780197247168,-0.0625
0.025785608837151305,0.03125
0.02592640305663949,-0.021875
0.02577659447612437,0.07291666666666667
0.025967180237477353,0.0625
0.025889074816183244,0.08189655172413793
0.025874017618564886,0.07142857142857142
0.02497614437520764,0.0
0.02587378097971448,0.0078125
0.023980186007773956,0.0078125
0.027616068922634348,-0.045454545454545456
0.025795072023110408,0.15625
0.02576688505045268,0.0625
0.025985666443556776,0.046875
0.02600203974944163,0.025
0.025852284466895904,0.09375
0.026158190378770534,0.0
0.02614265954413264,0.07954545454545454
0.026178379469835197,0.017857142857142856
0.025854105562466995,0.09090909090909091
0.021496849290048654,0.007575757575757576
0.02613727854735598,0.10416666666666667
0.02616357724241064,-0.05
0.025912380620742057,0.0
0.02576128785775486,0.1
0.02587405843568074,0.059782608695652176
0.025768053890604208,0.275
0.026110791166949393,-0.0625
0.025729437477055438,0.125
0.025462553457065284,0.018666666666666665
0.025858225879740654,-0.017857142857142856
0.02654845349373313,0.1
0.025791584513757248,0.02127659574468085
0.025925735321596755,-0.020833333333333332
0.021391824004340056,0.0875
0.02572007292843436,0.3
0.025829297672781425,-0.041666666666666664
0.025804332623849926,0.0
0.025804332623849926,0.0
0.025864699811915352,0.0625
0.025804332623849926,0.0
0.025733301301320774,0.14772727272727273
0.025184501457982823,0.05
0.025766267655703418,0.008064516129032258
0.02545616137018889,0.029411764705882353
0.025912380620742057,0.0
0.025931537775386357,0.15
0.025848081718000453,0.026041666666666668
0.02582099012199317,0.05241935483870968
0.025901844479328293,0.046875
0.02589632968076025,0.056818181818181816
0.025804332623849926,0.0
0.02593939763148211,-0.020833333333333332
0.025804332623849926,0.0
0.02588162355124547,0.08333333333333333
0.02588530766540966,0.0
0.02577427595167043,0.07692307692307693
0.025934775705063178,-0.0125
0.02595557437394837,-0.05
0.025941708594691575,-0.025
0.025729437477055438,0.125
0.025987267583678187,-0.10714285714285714
0.02595974302406673,0.08928571428571429
0.02578935359449103,0.025
0.02603297428425233,-0.015625
0.025905019867262607,-0.03333333333333333
0.025900111256921193,0.05
0.02585851391915081,0.125
0.02571695495258969,0.14583333333333334
0.025825745883484796,0.1388888888888889
0.0259062877469048,0.057692307692307696
0.02594864148431997,-0.0375
0.025913027949265366,-0.046875
0.02580773694870422,-0.005681818181818182
0.025945175039505775,-0.03125
0.02592321624094597,0.03125
0.025942324041440434,-0.15625
0.025785608837151305,0.03125
0.025887647139477714,0.026785714285714284
0.02493081345952315,0.05
0.025964615617800384,0.125
0.025988796725137632,-0.175
0.02574816126375406,0.09375
0.025855123357458612,0.011363636363636364
0.02588162355124547,0.08333333333333333
0.025905468647608697,0.0375
0.025868249029190764,0.028846153846153848
0.025794970730500615,0.015625
0.025870068735198138,0.10416666666666667
0.025962551749041062,0.109375
0.025729437477055438,0.125
0.02587392034054725,0.09722222222222222
0.025851367714605226,0.017857142857142856
0.025844587987885897,-0.007352941176470588
0.025882716950947304,0.03571428571428571
0.025967726533607585,-0.075
0.025945175039505775,-0.03125
0.02583490000063316,0.023148148148148147
0.025927842815434782,0.0
0.025912386190497457,0.025
0.02588579444076127,-0.041666666666666664
0.025945175039505775,-0.03125
0.022749122383992133,0.0
0.025897128271266962,0.009615384615384616
0.025926221276274995,0.0
0.025700081767280867,-0.05
0.025861695732452037,0.0
0.0259130565726729,-0.019230769230769232
0.025870068735198138,0.10416666666666667
0.025937750514422934,-0.020833333333333332
0.026091188624390586,0.058823529411764705
0.02589784379491589,-0.0625
0.0254736579583542,0.0
0.025926374752603298,-0.06944444444444445
0.025894684427672586,0.020833333333333332
0.025670583242207123,0.0
0.026180998990884108,-0.08333333333333333
0.02588579444076127,-0.041666666666666664
0.02578918502286684,0.25
0.02577936757491843,0.041666666666666664
0.02559462621282536,0.35
0.025913977036177985,0.025
0.025795296667616655,0.08928571428571429
0.02556523136694374,0.17857142857142858
0.025734787130397903,0.11607142857142858
0.026002996856388527,0.0
0.025863731227069177,-0.025
0.02588530766540966,0.0
0.024913184770090288,0.06944444444444445
0.02570143932219563,0.15625
0.025776246943801994,0.046875
0.02545283701843748,0.035
0.025867180031186307,0.109375
0.02565454233026095,0.25
0.025823056410548547,-0.03125
0.020731928746484208,0.1
0.025926221276274995,0.0
0.025842047337228106,0.014705882352941176
0.02551496934707784,-0.06944444444444445
0.025991057983418137,0.020833333333333332
0.022248676060606747,0.13392857142857142
0.025816815148315676,-0.020833333333333332
0.02574816126375406,0.09375
0.025857419661508993,0.0875
0.025985047836677995,0.06944444444444445
0.02497614437520764,0.0
0.02578935359449103,0.025
0.02587392034054725,0.09722222222222222
0.025848761167188938,0.0
0.02594330249153657,0.10416666666666667
0.025841780197247168,-0.0625
0.0258008268003256,0.14285714285714285
0.02579185009938418,0.020833333333333332
0.025892577328008124,0.017857142857142856
0.026041777101153737,-0.03125
0.025655970364331798,0.4
0.025737759160032604,0.1111111111111111
0.025927842815434782,0.0
0.02579180947835526,0.0
0.02482160716264686,0.17045454545454544
0.025802137496202072,-0.017857142857142856
0.025866745246178668,-0.10416666666666667
0.02603165015151747,-0.05
0.025854262721712918,-0.08333333333333333
0.026020818013293243,0.005952380952380952
0.02576153539711022,0.07142857142857142
0.02590419281957591,-0.16666666666666666
0.02601698529689289,-0.05263157894736842
0.026024952891009593,-0.015625
0.026029588585444095,-0.009615384615384616
0.025642928374950486,0.046875
0.02580013049305129,-0.009615384615384616
0.02593241267202411,-0.03125
0.025804332623849926,0.0
0.026090428951995943,-0.05357142857142857
0.024998809833049893,-0.025
0.025962460748947185,-0.078125
0.026014111105177887,0.017857142857142856
0.02565214666403603,0.03125
0.023653514567408523,0.2916666666666667
0.025746080843009767,0.09722222222222222
0.02146573990447146,0.03125
0.02497614437520764,0.0
0.02596322904504328,-0.03125
0.021342546737585785,0.125
0.025778485052751147,0.03125
0.02592382750718894,-0.017857142857142856
0.02588992707732934,-0.14285714285714285
0.02497614437520764,0.0
0.025886186316889537,-0.0625
0.02602084027585637,-0.008333333333333333
0.026003955712317145,-0.14285714285714285
0.02587238368656756,0.10714285714285714
0.02591041198739426,0.20192307692307693
0.02554219961006922,0.4375
0.026006565833548104,0.03125
0.02578935359449103,0.025
0.02579857145871189,0.009615384615384616
0.025926635733616202,0.05555555555555555
0.025850670725499646,0.09375
0.02513162968594364,0.109375
0.02497614437520764,0.0
0.025893889496481703,0.028846153846153848
0.02500852360069657,-0.03571428571428571
0.025891710295110164,-0.14583333333333334
0.025829109869906663,0.02364864864864865
0.025946721280082713,-0.05357142857142857
0.025804332623849926,0.0
0.025902437705068945,0.0
0.025832252415613852,0.125
0.025833003209420266,0.02631578947368421
0.02578186407981158,0.0375
0.02589093393183132,0.020833333333333332
0.02587539837222135,0.057692307692307696
0.02577437456513213,0.05
0.02608453364038915,-0.10714285714285714
0.02588707697701736,0.039473684210526314
0.02497614437520764,0.0
0.025976156102434148,0.08522727272727272
0.025791664885074984,0.046875
0.025820975989804255,-0.027777777777777776
0.025818791621186096,0.0
0.025948561566390534,-0.16666666666666666
0.02579185009938418,0.020833333333333332
0.025804332623849926,0.0
0.02578230463949861,0.03676470588235294
0.024840151628154155,0.15
0.02595067402548707,0.11607142857142858
0.02565454233026095,0.25
0.026056674175909966,-0.057692307692307696
0.02602417146735092,0.0
0.025457723565560794,0.026785714285714284
0.02577520673342985,0.04861111111111111
0.02589750751653853,0.008928571428571428
0.025663208610938685,0.0125
0.02576153539711022,0.07142857142857142
0.025872316518177955,0.0625
0.02579878483519848,0.009259259259259259
0.02572007292843436,0.3
0.02585782915727456,-0.08928571428571429
0.025744416506414333,0.1
0.02573692699173489,0.1125
0.02609459400256219,-0.125
0.025710284676741652,0.1875
0.025823056410548547,-0.03125
0.026123478740933147,-0.1111111111111111
0.025824758572975698,-0.03409090909090909
0.025908179109248117,0.0125
0.02589362576954294,0.022727272727272728
0.025826829172626426,-0.013888888888888888
0.025758940807907502,0.15
0.025899025919887353,0.020833333333333332
0.025743054776472617,0.10227272727272728
0.025804332623849926,0.0
0.026156194988398933,-0.03125
0.025646001137978998,0.041666666666666664
0.025689019820378214,-0.03125
0.025721115794078275,0.1388888888888889
0.025824304662995123,-0.03333333333333333
0.025670583242207123,0.0
0.025864303697665132,0.075
0.02590093273243652,0.025
0.025912380620742057,0.0
0.027537699016678237,0.0
0.02497614437520764,0.0
0.02158893307135714,-0.0625
0.025778833612195046,0.20833333333333334
0.025836876111926838,-0.03125
0.025757875441848866,0.10526315789473684
0.021866154185622457,0.125
0.025798982970507464,0.008928571428571428
0.0228072449759578,-0.041666666666666664
0.02576153539711022,0.07142857142857142
0.025909339969011513,-0.0125
0.026009824181223967,0.007352941176470588
0.025976115710060442,0.0625
0.025867926385356076,0.0625
0.025813694517199236,-0.015625
0.024992333987952108,-0.017857142857142856
0.025741920001521187,0.10416666666666667
0.025912380620742057,0.0
0.025988960199745288,0.0625
0.021506804293433355,0.0
0.025984931771749365,0.04807692307692308
0.025852284466895904,0.09375
0.02592128375464519,-0.013888888888888888
0.025793633317165002,0.017857142857142856
0.026033765637766503,-0.03125
0.025481920236098927,-0.013888888888888888
0.02637360302792613,-0.041666666666666664
0.025966460284319773,0.05357142857142857
0.02576688505045268,0.0625
0.02565454233026095,0.25
0.025901446461132245,-0.027777777777777776
0.02485022516497293,0.1388888888888889
0.02552323162482257,-0.08333333333333333
0.02588697553076134,0.20833333333333334
0.0258122203643318,0.15625
0.0258122203643318,0.15625
0.025789517372878806,0.19166666666666668
0.025951247019170894,-0.08035714285714286
0.025860524765313468,0.4583333333333333
0.026185640281482195,0.16071428571428573
0.025930186888548326,-0.027777777777777776
0.025635650778303997,0.05921052631578947
0.025976201103655443,-0.125
0.026184609863544678,0.1625
0.025849660835608444,0.125
0.026264058491907494,0.0
0.026018388084684367,0.14583333333333334
0.025832252415613852,0.125
0.025804332623849926,0.0
0.02575752315710337,0.078125
0.02131517047827786,0.14583333333333334
0.025816815148315676,-0.020833333333333332
0.025880329338690774,0.05
0.025841780197247168,-0.0625
0.022072190092134705,0.057432432432432436
0.02577223470379515,0.05357142857142857
0.025759395535773236,0.075
0.014586627223871697,0.056818181818181816
0.025896354979716412,0.025
0.025918721609089108,0.0
0.025912380620742057,0.0
0.02586557132910728,0.07291666666666667
0.025924483457074203,-0.015625
0.025762204103778025,0.0703125
0.025722628827346848,0.13636363636363635
0.02167124180841847,-0.007352941176470588
0.02590347748683892,0.013888888888888888
0.025992508825870262,-0.125
0.025762204103778025,0.0703125
0.025879227770644414,-0.125
0.027537699016678237,0.0
0.025504092759798896,0.125
0.021439168829260825,0.051470588235294115
0.025426932265971737,0.1875
0.02560697341823511,0.041666666666666664
0.025804332623849926,0.0
0.025924708036915625,-0.019230769230769232
0.026007077590439028,-0.14772727272727273
0.025729437477055438,0.125
0.021436408198070113,0.05357142857142857
0.025832252415613852,0.125
0.026010295471959443,0.07142857142857142
0.02589697135052509,0.02403846153846154
0.026220674491357718,0.1
0.026266356353254236,0.020833333333333332
0.02597915412501556,-0.10416666666666667
0.025804332623849926,0.0
0.025888637778179974,-0.052884615384615384
0.025040902826185495,-0.07142857142857142
0.026248426077308894,-0.0375
0.020584575241922476,0.025
0.026084266805384636,-0.008928571428571428
0.02625063587446394,0.04807692307692308
0.021114217192146262,0.051470588235294115
0.02593527439363583,-0.03571428571428571
0.026097034357994993,0.0
0.025885671219032652,0.041666666666666664
0.025910545731804877,0.07291666666666667
0.025132705529610153,0.20833333333333334
0.02593909002245146,-0.041666666666666664
0.025866593074954508,0.07142857142857142
0.025782934010480072,0.03571428571428571
0.025066806206576638,-0.1
0.02592001187837331,-0.011904761904761904
0.026010002631543103,-0.024500000000000004
0.025967180237477353,0.0625
0.02580807738118965,-0.00625
0.025356593161586023,0.010416666666666666
0.025834290682567724,-0.05
0.025845896238597697,0.0078125
0.021994007329463976,-0.006944444444444444
0.026082605338048938,-0.09375
0.025480418003781702,-0.011363636363636364
0.025468658099993245,0.008404761904761904
0.023056268573376098,0.15625
0.025825368059439184,0.014705882352941176
0.025822307459080603,-0.03
0.02581475802828372,-0.017400000000000002
0.026206248640232504,0.125
0.025953748932139652,0.125
0.02576688505045268,0.0625
0.02621453049172364,0.015625
0.026298986254608893,-0.03571428571428571
0.025219015574815446,0.09375
0.02589781185617329,0.022727272727272728
0.04651044970935427,0.020833333333333332
0.025770289375306978,0.056818181818181816
0.021167996821666403,0.0
0.02612426102856469,0.03125
0.025817949923267105,-0.022727272727272728
0.02574272645652908,0.025
0.0258856659672076,0.0
0.02588270350773161,0.046296296296296294
0.025905073519186004,0.017857142857142856
0.02581230019265785,-0.013297872340425532
0.02571483102981774,-0.075
