eurovision, 56.04903225806451, 31
openup, 64.218, 5
fra, 81.79666666666667, 3
love, 99.0, 1
eurovisionsongcelebration, 25.77, 1
eurovisionsongcontest, 55.82, 4
songcelebration, 81.93, 1
barbarapravi, 60.1574358974359, 39
gjon, 25.77, 1
metoo, 25.77, 1
yositecreorocío, 25.77, 1
apagontelecinco, 25.77, 1
freedomofspeech, 92.4, 1
eurovision2021, 55.52333333333333, 18
esc, 91.78, 1
drag, 99.0, 1
faith, 99.0, 1
lgbt, 99.0, 1
genderidentity, 99.0, 1
faithbeliefforum, 99.0, 1
abba, 92.4, 1
gjonstears, 46.7425, 4
maneskin, 66.46249999999999, 8
aftereurovision, 98.87, 1
bts, 25.77, 4
justinbieber, 25.77, 4
danielcaesar, 25.77, 3
giveon, 25.77, 3
oliviarodrigo, 25.77, 4
maskedwolf, 25.77, 4
måneskin, 25.77, 3
pink, 25.77, 4
silksonic, 25.77, 4
riton, 25.77, 2
tiesto, 25.77, 2
trains, 94.75, 1
france, 55.905, 12
holocaust, 94.75, 1
newbook, 94.75, 1
congratulations, 88.52, 1
italy, 56.012, 5
maneskindamiano, 90.24666666666667, 3
23maggio, 85.87, 2
dalida, 85.87, 2
tenco, 85.87, 2
luigitenco, 85.87, 2
sanremo2022, 85.87, 2
damianodavid, 57.88333333333333, 3
italyeurovision, 85.87, 2
italia, 85.87, 2
italiaeurovision, 85.87, 2
zittiebuoni, 85.87, 2
sanmarino, 85.87, 2
esc2021, 76.40142857142857, 7
writing, 72.57, 1
success, 72.57, 1
songs, 72.57, 1
artists, 72.57, 1
singers, 72.57, 1
endless, 25.77, 1
brunomars, 25.77, 1
andersonpaak, 25.77, 1
everglow, 25.77, 1
goa, 25.77, 2
voila, 68.76, 6
shum, 25.77, 1
ticktock, 25.77, 1
albina, 25.77, 1
go_a, 1.91, 1
ukraine, 1.91, 1
switzerland, 36.73, 2
esc1988, 71.55, 1
wiwijam, 25.77, 1
helpwomenfeelsafe, 99.0, 1
whatcanido, 99.0, 1
genderequality, 99.0, 1
tix, 25.77, 1
fallenangel, 25.77, 1
voilà, 82.47, 2
top, 67.75, 1
lista, 67.75, 1
top3, 67.75, 1
chart, 67.75, 1
eurovision2022, 67.75, 1
hit, 67.75, 1
list, 67.75, 1
eldiablo, 67.75, 1
eurovisiogr, 64.46, 1
eurovisiom2021, 64.46, 1
sometimesyouloose, 65.25, 1
franceeurovision, 1.0, 1
cocaine, 80.64, 1
italie, 25.77, 2
hopetogaza, 25.77, 1
djonstears, 99.0, 1
french, 66.89, 1
belarus, 25.77, 1
жывебеларусь, 25.77, 1
ryanair, 25.77, 1
savesheikhjarrah, 25.77, 2
freepalastine, 25.77, 2
music, 25.77, 1
rotterdamnetherlands, 25.77, 1
nikkiedejager, 25.77, 1
hosseinzenderoudi, 25.77, 1
art, 25.77, 1
iranart, 25.77, 1
iranianwomen, 25.77, 1
hindsight, 99.0, 1
historicmistakes, 99.0, 1
eurovison, 88.52, 1
sbseurovision, 88.52, 1
paris, 88.52, 1
u2, 88.52, 1
u2worldexclusive, 88.52, 1
shaunswalue, 88.52, 1
adelaide, 88.52, 1
u2fans, 88.52, 1
u2xradio, 88.52, 1
frenchsinger, 88.52, 1
australia, 88.52, 1
songfestival2021, 98.56, 1
esc2022, 99.0, 1
eurovisionsongcontest2021, 25.77, 1
womenempowerment, 25.77, 1
womensrights, 25.77, 1
veteran, 99.0, 1
pokemon, 99.0, 1
epmg, 99.0, 1
pokemontcg, 99.0, 1
tcg, 99.0, 1
