eurovision, 64.2551111111111, 45
france, 72.16684210526314, 19
italy, 90.7875, 4
romania, 98.27, 1
turquoisecarpet, 50.18, 3
eurovision2021, 64.06166666666667, 18
barbarapravi, 59.605384615384615, 13
voila, 62.78428571428571, 7
rotterdam2021, 99.0, 1
edithpiaf, 99.0, 1
openup, 72.25, 6
eurovisionsongcontest2021, 25.77, 1
france2022, 25.77, 1
eurovisionsongcontest, 50.254999999999995, 2
voilà, 25.77, 1
treasure, 97.99, 1
katrihelena, 98.18, 3
diditbest, 97.99, 1
albumoftheweek, 98.78, 2
nowplaying, 99.0, 1
upnext, 98.78, 2
escplay, 25.77, 1
escplaywinner2021, 25.77, 1
sundaysession, 65.25, 2
whodiditbest, 98.56, 1
shouldvebeenasingle, 98.78, 2
eurovisionagain, 25.77, 1
secondhalf, 99.0, 1
hurricane, 25.77, 2
esc, 61.265, 2
esc2021, 44.0775, 4
escita, 25.77, 1
rotterdam, 17.513333333333332, 3
måneskin, 25.77, 1
gjonstears, 50.254999999999995, 2
roxen, 25.77, 1
theroop, 25.77, 1
elenatsagkrinou, 25.77, 1
destiny, 50.254999999999995, 2
bennycristo, 25.77, 1
stefania, 25.77, 1
songfestival, 25.77, 1
escfrance, 25.77, 1
eurovison2021, 25.77, 1
teambarbarapravi, 99.0, 1
teamvoilà, 99.0, 1
euroensayos15m, 99.0, 1
treasureortrash, 99.0, 1
sbseurovision, 25.77, 3
fra, 25.77, 1
voilá, 99.0, 1
eurovisionfrance, 25.77, 1
eurovisión, 99.0, 1
12points, 97.58, 1
chypre, 97.58, 1
blog, 74.74, 1
linkinbio, 74.74, 1
maneskin, 74.74, 1
german, 74.74, 1
superstar, 74.74, 1
malta, 74.74, 1
fubiz, 85.87, 1
inconversationwith, 85.87, 1
interview, 85.87, 1
inspiration, 85.87, 1
바바라프라비, 93.61, 1
유로비전, 93.61, 1
barbarapavi, 25.77, 1
paris, 25.77, 1
u2fans, 25.77, 1
u2xradio, 25.77, 1
triplej, 25.77, 1
gay, 25.77, 1
bono, 25.77, 1
thenetherlands, 25.77, 1
shaunswalue, 25.77, 1
