barbarapravi, 56.27916666666667, 12
eurovision, 53.80111111111111, 9
eurovision2021, 25.77, 3
esc, 25.77, 3
esc2021, 25.77, 3
openup, 25.77, 2
eurovisionfrance, 25.77, 2
france, 25.77, 1
myeurofreaks, 25.77, 1
eurovisionsongcontest, 99.0, 1
engagedonpurpose, 99.0, 1
covid19, 96.76, 1
covid_19, 96.76, 1
covid, 96.76, 1
corona, 96.76, 1
voilà, 25.77, 1
voila, 59.69, 2
voilacover, 25.77, 1
eurofan, 25.77, 1
voilaenespagnol, 25.77, 1
fancam, 91.14, 1
eurovisiesongfestival, 1.0, 1
alaska, 99.0, 1
goodnight, 25.77, 1
oneworld, 25.77, 1
