barbarapravi, 65.18873333333349, 300
eurovision, 66.53228515625011, 512
france, 70.20948529411773, 136
eurovision2021, 66.58084507042261, 142
voila, 83.3547727272727, 44
openup, 73.45642857142856, 56
italy, 73.64444444444445, 36
nodrugs, 1.0, 1
love, 99.0, 2
airpiracy, 25.77, 1
starsindior, 40.379999999999995, 3
escfra, 1.0, 1
escita, 34.6025, 4
europeanunion, 99.0, 1
babpravi, 99.0, 1
damiano, 7.1925, 4
maneskin, 68.52653846153845, 26
youtube, 50.545, 2
escfantv, 2.09, 1
declercqeline, 2.09, 1
declercqelineblog, 2.09, 1
elinedeclercq, 2.09, 1
sanremofestival, 99.0, 1
switzerland, 76.50333333333333, 12
sui, 72.57, 1
gjonstears, 68.41099999999999, 10
fra, 70.38957446808509, 47
pravi, 25.77, 1
esc, 69.48846153846154, 13
interviews, 77.785, 2
world, 77.785, 2
blindchannel, 72.79499999999999, 4
diorsavoirfaire, 25.77, 1
eu, 99.0, 1
paris, 99.0, 4
iranian, 93.75999999999999, 4
serb, 99.0, 1
trending, 99.0, 1
letsbuildtheeuropeandreamwiththefrenchnationalism, 93.61, 1
eurovisionfrance, 89.23545454545454, 11
voilà, 65.59928571428571, 28
greenroom, 25.77, 1
italyeurovision, 88.52, 1
franceeurovision, 62.385, 2
eurovision2022, 25.77, 1
ukraine, 60.42599999999999, 10
go_a, 25.77, 5
belgium, 43.04, 3
eurosong2021, 99.0, 1
eurosongfestival, 99.0, 1
eurovisiesongfestival, 82.369, 10
serbian, 88.52, 1
heartürkistan, 1.0, 1
italiateam, 99.0, 1
pentecôte, 13.594999999999999, 2
bondimanche, 13.594999999999999, 2
italie, 48.754999999999995, 4
squeezie, 13.594999999999999, 2
espritscriminels, 13.594999999999999, 2
goma, 13.594999999999999, 2
freebetpmu, 13.594999999999999, 2
le23, 13.594999999999999, 2
ufcvegas27, 13.594999999999999, 2
nets, 13.594999999999999, 2
mypersonalfavorite, 99.0, 1
lyrics, 83.22, 1
viola, 83.22, 1
earned, 67.75, 1
maaneskin, 13.4, 2
esf21, 74.59, 3
måneskin, 82.184, 5
ambersayswhat, 93.02, 1
resultateurovision, 25.77, 1
culture, 25.77, 1
musique, 25.77, 2
ramireztaylor, 25.77, 1
boxing, 25.77, 1
strikeforfuture, 25.77, 1
climatestrike, 25.77, 1
fridaysforfuture, 25.77, 1
advertising, 25.77, 1
advertisment, 25.77, 1
campaign, 25.77, 1
ita, 71.5025, 4
show, 71.55, 1
songs, 71.55, 1
esc2021, 63.368235294117646, 34
italien, 71.55, 1
pfingstsonntag, 71.55, 1
punkte, 71.55, 1
iceland, 67.10999999999999, 5
finnland, 71.55, 1
esc21, 89.85000000000001, 3
lied, 71.55, 1
malta, 48.66, 2
frohepfingsten, 71.55, 1
uae, 99.0, 1
dubai, 99.0, 1
dxb, 99.0, 1
denisepipitone, 47.678000000000004, 5
euro2020, 94.19, 1
rotterdam2021, 91.00166666666667, 6
humanity, 95.29, 1
staracademy, 60.37090909090909, 11
finlande, 89.205, 6
caribbeanlinkup, 79.41, 3
italiens, 79.41, 3
la, 79.40999999999998, 6
royaume, 79.41, 3
malte, 79.41, 3
clippers, 79.41, 3
edith, 79.41, 3
doncic, 79.41, 3
kawhi, 79.41, 3
grèce, 79.41, 3
poppersgate, 99.0, 1
cokegate, 99.0, 1
zittiebuoni, 99.0, 1
toutlunivers, 79.345, 4
persianbeauty, 99.0, 1
eurovisionsongcontest, 81.64599999999999, 5
jacquesbrel, 99.0, 1
edithpiaf, 99.0, 2
suisse, 99.0, 1
rotterdam, 75.71857142857142, 7
eurovisie, 25.77, 1
songfestival, 68.63, 5
football, 1.42, 1
hooligans, 1.42, 1
disqualifyitaly, 99.0, 2
tix, 99.0, 1
norway, 62.385, 2
j, 99.0, 1
vivalafrance, 99.0, 1
hosseinzenderoudi, 25.77, 1
music, 62.385, 2
iranianwomen, 25.77, 1
aurevoir, 85.87, 1
winners, 85.87, 1
eurovisionsongcontest2021, 68.41666666666667, 3
rock, 85.87, 1
bfmtv, 25.77, 1
cnews, 25.77, 1
europe, 74.58999999999999, 3
saynotodrugs, 99.0, 1
eurovissionsongcontest2021, 99.0, 1
uk, 79.41, 1
tusse, 99.0, 1
voilavoila, 99.0, 1
iranaian, 99.0, 1
grazieregazzi, 99.0, 1
bollox, 25.77, 1
vivelefrance, 25.77, 1
truewinner, 99.0, 1
portugal, 41.72666666666667, 3
theblackmamba, 25.77, 1
gionstears, 25.77, 1
grahamnorton, 25.77, 1
freepalestine, 99.0, 1
french, 90.25999999999999, 3
manizha, 49.044999999999995, 6
theroop, 49.29, 2
hooverphonic, 97.58, 1
vote, 62.385, 2
concours, 25.77, 1
chanson, 25.77, 1
spectacle, 25.77, 1
fr, 89.84, 1
f, 89.84, 1
bul, 25.77, 1
vote20, 88.53857142857143, 7
greece, 25.77, 1
cyprus, 39.338, 5
sanmarino, 25.77, 1
lithuania, 25.77, 1
amina, 99.0, 1
pronostic, 25.77, 1
teamfrance, 69.68199999999999, 5
thankyou, 99.0, 1
merci, 99.0, 1
gjon, 25.77, 2
hurricane, 25.77, 2
serbia, 25.77, 1
russia, 62.385, 2
emotion, 25.77, 1
frankrijk, 99.0, 2
eurovison, 99.0, 1
azerbaijan, 25.77, 1
myescmoment, 25.77, 1
domesticviolence, 99.0, 1
rociocarrasconoestassola, 25.77, 1
rocioverdad, 25.77, 1
express, 80.64, 1
cherry, 80.64, 1
fromage, 80.64, 1
rogue, 80.64, 1
powerful, 80.64, 1
barbara, 39.47666666666667, 3
goosebumps, 62.385, 2
bettermistakes, 25.77, 1
voilá, 99.0, 1
masterpiece, 99.0, 1
chansonfrançaise, 99.0, 1
douzepoints, 93.75999999999999, 2
chairedepoule, 25.77, 1
laurenceboccolini, 25.77, 2
sheisthereason, 99.0, 1
kardiashian, 25.77, 1
songfestival2021, 48.38333333333333, 3
trèschique, 25.77, 1
finland, 62.385, 2
francais, 93.99000000000001, 3
number20, 99.0, 1
eurofan, 25.77, 1
thewinnertakesall, 25.77, 1
bbceurovision, 88.52, 1
elenatsagrinou, 25.77, 1
senhit, 53.85, 2
florida, 53.85, 2
destiny, 62.385, 2
daðioggagnamagnið, 25.77, 1
twelvepoints, 88.52, 1
asmr, 59.69, 2
eurovisionvillage, 59.69, 2
eurovisiesongfestival2021, 59.69, 2
franceinfo, 25.77, 1
eurovisionchallenge, 99.0, 1
francetelevisions, 98.27, 2
freedom, 91.14, 1
standwithuganda, 91.14, 1
italia, 25.77, 2
fanzone, 99.0, 1
mdwx, 99.0, 1
ahoy, 98.27, 1
poll, 93.61, 1
jeangumacrooy, 93.61, 1
fyp, 93.61, 1
iss, 94.75, 1
jesc, 62.385, 2
np, 92.4, 1
lgbti, 92.4, 1
news, 25.77, 1
actus, 25.77, 1
infos, 25.77, 1
media, 25.77, 1
photodujour, 25.77, 1
duck, 25.77, 1
canard, 25.77, 1
design, 25.77, 1
designtoys, 25.77, 1
graphic, 25.77, 1
art, 25.77, 1
artoy, 25.77, 1
artcontemporary, 25.77, 1
artist, 25.77, 1
artwork, 25.77, 1
popart, 25.77, 1
myart, 25.77, 1
suivezmoi, 25.77, 1
followme, 25.77, 1
blogger, 25.77, 1
restezprudents, 25.77, 1
prenezsoindevous, 25.77, 1
cygnedhumeur, 25.77, 1
dessin, 25.77, 1
dessindujour, 25.77, 1
actualites, 25.77, 1
eurovisiongr, 25.77, 1
eurowizja2021, 25.77, 1
12points, 25.77, 1
bonne, 25.77, 1
wiwijam, 62.385, 2
tvproduction, 70.57, 1
tv, 70.57, 1
hopetogaza, 25.77, 1
cashinvestigation, 25.77, 1
riseup, 99.0, 1
imagine, 99.0, 1
junioreurovision, 99.0, 1
mlt, 62.24, 1
askmartin, 85.87, 1
castlepointfm, 81.93, 1
vincentbueno, 81.93, 1
jendrik, 81.93, 1
rafał, 81.93, 1
blackmamba, 81.93, 1
jamesnewman, 81.93, 1
epaphotos, 25.77, 1
eurovisiofrance, 25.77, 1
jam, 25.77, 1
u1, 25.77, 1
damienjurado, 25.77, 1
