eurovision, 47.3213953488372, 43
turquoisecarpet, 62.385, 4
jointhedarkside, 38.87266666666666, 15
blindchannel, 52.68499999999999, 32
darkside, 37.076666666666675, 6
esc2021, 46.720833333333324, 24
eurovision2021, 53.85919999999998, 25
go_a, 25.77, 1
esc, 99.0, 1
euroviisut, 25.77, 1
theroop, 78.19, 1
finland, 46.28636363636363, 11
måneskin, 32.35, 6
rockrevelation, 42.846666666666664, 3
bigcitynorway, 56.7025, 4
officialcrowne, 56.7025, 4
katrihelena, 97.99, 1
resurrectionkings, 25.77, 2
openup, 42.068, 5
lgbti, 66.07, 1
palestinian, 25.77, 2
israelterrorism, 25.77, 2
genocideingaza, 25.77, 1
themurdererofchildren, 25.77, 1
gazzaunderattack, 25.77, 1
freepalastine, 25.77, 1
hurricane, 1.0, 1
serbia, 1.0, 1
italy, 25.77, 1
hermanfrank, 98.27, 1
rotterdam, 47.126666666666665, 3
maneskin, 37.975, 6
mofc, 25.77, 3
rotterdam2021, 25.77, 1
escita, 25.77, 1
zittiebuoni, 25.77, 3
thisismåneskin, 25.77, 2
måneskinofficial, 25.77, 2
måneskinofficialfanclub, 25.77, 2
newalbum, 25.77, 2
teatrodira, 25.77, 2
ventanni, 25.77, 2
sanremo, 25.77, 2
sanremo2021, 25.77, 2
eurovisionsongcontest, 25.77, 2
winners, 81.93, 1
wolfpack, 93.61, 1
nowplaying, 25.77, 1
suomi, 2.89, 1
fantaeurovision, 99.0, 1
esf2021, 89.84, 1
songfestival, 89.84, 1
spainonthedarkside, 25.77, 1
fabulouspic, 25.77, 1
ahoyrotterdam, 25.77, 1
firstrehearsalonstage, 25.77, 1
fin, 25.77, 1
