blindchannel, 52.229548387096884, 155
jointhedarkside, 50.111599999999996, 25
darkside, 44.99777777777777, 36
nowplaying, 30.72874999999999, 24
thesouthcoastsnewrockalternative, 25.77, 2
heavyenough, 58.169999999999995, 5
replay, 97.19, 1
newmusicalert, 58.169999999999995, 5
rockon, 99.0, 1
finland, 64.36454545454546, 33
eurovision2021, 61.95787878787878, 33
tunein, 48.415, 4
radio, 55.96333333333333, 3
listenhere, 25.77, 1
encole, 25.77, 1
gettokonw, 25.77, 1
listehere, 25.77, 1
upnext, 25.77, 1
followedby, 25.77, 1
metal, 25.77, 2
heavyrock, 25.77, 1
eurovision, 57.27257142857141, 70
eurovisionsongcelebration, 50.135, 8
maneskin, 37.33133333333332, 15
italy, 65.30874999999999, 8
violentpoprevolution, 49.922000000000004, 5
joelhokka, 47.03875, 8
suomi, 62.385, 2
joonasporko, 62.385, 2
alexmattson, 1.0, 2
go_a, 52.436, 5
gjonstears, 25.77, 1
damiano, 25.77, 1
victoria, 25.77, 1
thomas, 25.77, 1
ethan, 25.77, 1
katerynapavlenko, 55.82, 2
ukraine, 55.82, 2
switzerland, 14.14, 2
esc, 52.7675, 4
esc2021, 51.51214285714285, 14
goodgirl, 71.55, 1
maaneskin, 65.25, 1
join, 71.72714285714285, 7
brilliant, 99.0, 1
lithuania, 99.0, 1
iceland, 99.0, 1
feels, 84.54, 1
joonas, 25.77, 1
niko, 25.77, 1
nikovilhelm, 25.77, 1
euro2020, 60.79, 2
newreleases, 25.77, 1
rockshow, 25.77, 1
callingout, 1.0, 1
atx, 99.0, 1
livemusic, 99.0, 1
bands, 99.0, 1
violentpop, 57.54666666666666, 3
theheavyrockshow, 71.21000000000001, 4
sourolivia, 92.4, 1
feltcute, 98.27, 1
mightdeletelater, 98.27, 1
overmydeadbody, 98.27, 1
tytarmy, 25.77, 1
coranimals, 25.77, 1
wearethefailsafe, 25.77, 1
mattlongandtherevenantones, 98.27, 1
ademaripoff, 25.77, 1
spotify, 79.345, 4
dark, 78.19, 1
side, 78.19, 1
youandrecords, 78.19, 1
yourecords, 78.19, 1
you, 78.19, 1
records, 78.19, 1
music, 72.97, 2
musically, 78.19, 1
musica, 78.19, 1
song, 78.19, 1
songs, 78.19, 1
newsongs, 78.19, 1
newsong, 78.19, 1
newmusic, 32.6825, 4
hit, 78.19, 1
новинки, 78.19, 1
музыка, 78.19, 1
хит, 78.19, 1
pop, 78.19, 1
popmusic, 78.19, 1
popular, 78.19, 1
popmüzik, 78.19, 1
rock, 85.50999999999999, 3
рок, 78.19, 1
squad, 25.77, 1
spotifycharts, 99.0, 1
kickassmetal, 99.0, 1
måneskin, 54.85428571428571, 7
class, 25.77, 1
memesdaily, 25.77, 1
independentradio, 25.770000000000003, 7
goodnewsfromfinland, 99.0, 1
nfts, 25.77, 1
style, 25.77, 1
nft, 25.77, 1
fashion, 25.77, 1
nftcollector, 25.77, 1
nftgate, 25.77, 1
nftcollectors, 25.77, 1
nftartists, 25.77, 1
cryptocurrencies, 25.77, 1
cryptotwitter, 25.77, 1
dogearmy, 25.77, 1
hodl, 25.77, 1
shib, 25.77, 1
usdt, 25.77, 1
queendahyunday, 25.77, 1
whatsapp, 25.77, 1
gucci, 25.77, 1
prada, 25.77, 1
him, 25.77, 1
phoxjaw, 88.52, 1
bluestragglers, 88.52, 1
health, 88.52, 1
nineinchnails, 88.52, 1
metasoma, 88.52, 1
ravenbreed, 88.52, 1
bourbonhouse, 88.52, 1
sweetcrisis, 88.52, 1
skam, 88.52, 1
coranima, 88.52, 1
redeleven, 88.52, 1
adelitasway, 88.52, 1
fallinginreverse, 88.52, 1
coderedriot, 88.52, 1
thefailsafe, 88.52, 1
evrovision2021, 99.0, 1
helsinki, 99.0, 1
soldout, 99.0, 1
umk2020, 99.0, 1
maneskindamiano, 25.77, 1
ethantorchio, 25.77, 1
tiktok, 25.77, 1
me, 99.0, 1
singer, 99.0, 1
soprano, 99.0, 1
eurovisionfinland, 97.405, 2
greek, 99.0, 1
iihfworlds2021, 25.77, 1
openup, 2.51, 1
zittiebuoni, 41.39, 7
france, 44.855000000000004, 2
linkinpark, 99.0, 1
esc2022, 56.485, 2
eurovisionsongcontest, 25.77, 1
escita, 56.1525, 4
escfin, 56.1525, 4
damianodavid, 85.87, 1
escukr, 85.87, 1
shum, 85.87, 1
thedarkside, 85.87, 1
prfam, 25.77, 1
fin, 98.935, 2
finnishmetal, 25.77, 1
centurymedia, 25.77, 1
signdance, 99.0, 1
rocknrollneverdies, 25.77, 2
rockneverdies, 1.0, 1
disability, 98.27, 1
phenomenal, 25.77, 1
stoakesmedialive, 99.0, 1
respect, 99.0, 1
therasmus, 25.77, 2
joinus, 25.77, 1
darkorder, 25.77, 1
ramzine, 92.4, 1
fra, 1.0, 1
eurovisiesongfestival, 95.81, 1
djonstears, 99.0, 1
barbarapravi, 99.0, 1
stormingaround, 25.77, 1
euroviisut, 46.76, 2
yle, 67.75, 1
månskin, 25.77, 1
finnishrock, 25.77, 1
escfra, 87.2, 1
esc21, 87.2, 1
sportsmanship, 87.2, 1
escita2021, 87.2, 1
kiitosqstock, 68.66, 1
billboardtnt, 25.77, 1
bbmas, 25.77, 1
blackpink, 25.77, 1
rockbands, 98.27, 1
poll, 98.27, 1
polls, 98.27, 1
