maneskin, 64.46904761904761, 42
måneskin, 53.041176470588226, 17
blindchannel, 57.45017045454496, 880
italy, 66.828, 30
finland, 59.74616915422907, 402
jointhedarkside, 56.84521276595757, 188
damiano, 99.0, 1
anastacia, 97.815, 2
eurovision, 61.18968624296026, 1243
eurovision2021, 61.45429042904309, 303
bestfan, 25.77, 1
darkside, 61.51050955414025, 157
join, 64.91862068965517, 29
rocknrollneverdies, 62.385, 2
eurovision2022, 50.0, 2
escita, 55.91947368421053, 19
escita2021, 72.8175, 4
irish, 99.0, 1
esc2021, 62.46242038216571, 157
spotify, 25.77, 1
rockmusic, 74.59, 3
rock, 69.48124999999999, 16
numetal, 80.5825, 4
go_a, 65.08999999999999, 9
newmusic, 59.98, 2
podcast, 94.19, 1
newmusicpodcast, 94.19, 1
centurymedia, 74.74, 1
sonymusic, 74.74, 1
eurovisionsongcontest, 63.528124999999996, 16
esc, 64.07923076923078, 26
interviews, 73.64, 1
openup, 58.097468354430376, 79
world, 73.64, 1
barbarapravi, 72.79499999999999, 4
deafchannel, 25.77, 1
zittiebuoni, 50.38, 2
headbanger, 61.96333333333333, 3
paskakaupunni, 1.0, 1
oulu, 70.52272727272727, 22
theroop, 62.03, 4
maaneskin, 62.385, 2
euroviisut, 60.32960000000011, 150
rockandrollfriends, 99.0, 1
fin, 55.98134020618568, 194
sbseurovision, 25.77, 4
mynewfavesong, 99.0, 1
signdance, 76.42500000000001, 4
escitalia, 98.87, 1
esc21, 70.425, 6
ita, 76.69363636363636, 11
signlanguage, 99.0, 1
esf21, 49.627500000000005, 4
unfair, 1.0, 1
televoting, 1.0, 1
blindchanel, 25.77, 1
violentpoprevolution, 99.0, 1
centurymediarecords, 99.0, 1
suomi, 66.19214285714284, 14
theskyisthelimit, 99.0, 1
sverige, 1.0, 1
netherlands, 62.385, 2
linkinpark, 89.755, 8
savethedate, 93.02, 1
skyfall, 93.02, 1
lopettakkeeheti, 25.77, 1
europeancapitalofculture, 25.77, 1
germany, 25.603333333333335, 6
rockrules, 98.87, 1
umk, 99.0, 3
rockandrollneverdies, 1.76, 1
ukraine, 72.76, 6
lithuania, 25.77, 2
middlefinger, 25.77, 3
darkchannel, 25.77, 1
jendrik, 25.77, 6
idontfeelhate, 25.77, 2
eurovisionsongcontest2021, 44.0775, 8
discoteque, 25.77, 1
music, 55.062, 5
writingcommunity, 25.77, 1
denisepipitone, 48.855, 2
italie, 94.19, 1
euro2020, 94.19, 1
italywho, 25.77, 1
arockalypse, 25.77, 1
lordi, 85.86250000000001, 8
weloveeurope, 80.4075, 4
wearefinland, 74.54666666666667, 3
aleksi, 98.87, 1
euroviisut2021, 60.48199999999999, 20
sweden, 14.54, 2
rockfanellie, 96.76, 1
rockwins, 25.77, 1
fridaysforfuture, 99.0, 1
finlande, 25.77, 1
italia, 79.895, 4
heavymetal, 99.0, 3
metal, 81.52000000000001, 5
europe, 68.346, 5
respect, 99.0, 1
arcticattitude, 99.0, 1
gaypanic, 99.0, 1
iceland, 69.58874999999999, 8
switzerland, 99.0, 2
uudenmusiikinkilpailu, 25.77, 1
top6, 93.61, 1
fuckyes, 93.61, 1
rockandroll, 98.75666666666666, 3
goa, 1.0, 1
finnish, 99.0, 1
ruotsi, 25.77, 1
norja, 25.77, 1
norway, 25.77, 1
brexit, 74.74, 1
eurovisionrtve, 25.77, 1
metalbattle, 99.0, 1
nowplaying, 25.770000000000003, 9
independentradio, 25.77, 3
eurovisionfinland, 25.77, 1
notbitter, 74.74, 1
portugal, 98.935, 2
winner, 99.0, 6
leftoutsidealone, 96.76, 1
manizha, 62.03, 4
hooverphonic, 97.58, 1
fra, 97.58, 1
covid19, 25.77, 2
theroopband, 25.77, 1
malta, 81.23400000000001, 5
azerbaijan, 91.265, 2
cyprus, 84.54, 1
aze, 25.77, 1
mol, 25.77, 1
rocksupremacy, 99.0, 1
destiny, 74.54666666666667, 3
finlandia, 25.77, 1
friends, 25.77, 1
amsterdam, 25.77, 1
saturdayvibes, 25.77, 2
weekend, 25.77, 2
lightsaber, 25.77, 1
starwars, 25.77, 1
russians, 25.77, 1
jajadingdong, 70.08624999999999, 8
ice, 25.77, 2
isl, 62.385, 2
mal, 25.77, 1
uk, 55.777499999999996, 4
voteforfinland, 50.18, 6
votefinland, 25.77, 1
letsvoteeurope, 25.77, 1
favorite, 99.0, 1
catchy, 99.0, 1
eurovisiesongfestival, 46.69285714285714, 7
gofinland, 25.77, 2
ndeurovisionchat, 25.77, 1
rus, 98.28999999999999, 2
aje, 97.58, 1
ukr, 97.58, 1
dublin, 25.77, 1
ireland, 59.69, 2
playjajadingdong, 69.22200000000001, 5
gjonstears, 62.385, 2
pittroll, 99.0, 1
gjon, 25.77, 1
usa, 25.77, 1
vote16, 64.46000000000001, 7
findomring, 75.85, 1
findom, 75.85, 1
winnertakesitall, 75.85, 2
violentpop, 85.176, 5
ger, 17.876666666666665, 3
whysoangry, 72.57, 1
wehavecookies, 1.0, 1
dyk, 25.77, 1
pulla, 85.87, 1
putyourmiddlefingersup, 49.843333333333334, 3
finlandeurovision, 50.18, 3
12points, 74.11666666666666, 3
talents, 99.0, 1
proudtobefinn, 99.0, 1
newzealand, 25.77, 1
handman, 25.77, 1
joinhand, 25.77, 1
joinkäsi, 25.77, 1
savemacgyver, 87.2, 1
kazakhstan, 99.0, 1
oulujee, 25.77, 1
europeansongcontest, 87.2, 1
finlandforthewin, 87.2, 1
loveit, 99.0, 1
gotmyvote, 99.0, 1
thisisfinland, 97.99, 1
eurosong2021, 99.0, 1
rotterdam, 48.25846153846154, 13
por, 25.77, 1
worldgothday, 25.77, 1
vote, 61.29, 4
thebest, 25.77, 1
евровидение, 69.708, 5
blindchannelfin, 99.0, 1
eurovision21, 62.019999999999996, 2
bringiton, 25.77, 1
finlandftw, 25.77, 1
happykid, 25.77, 1
missing, 3.52, 1
song, 25.77, 1
escfi, 99.0, 1
joinedthedarkside, 99.0, 1
rockstars, 25.77, 1
capitalofmetal, 84.95666666666666, 3
songfestival, 25.77, 1
songfestival2021, 25.77, 2
esf2021, 70.65666666666667, 3
finnland, 99.0, 1
chester, 99.0, 1
mlt, 99.0, 1
jamesnewman, 99.0, 1
gre, 99.0, 1
stefania, 99.0, 1
nl, 25.77, 1
teamfinland, 37.52400000000001, 5
they, 94.75, 1
kahvi, 25.77, 1
coffe, 25.77, 1
easteuropeantime, 25.77, 1
pastmybedtime, 25.77, 1
rotterdam2021, 42.04333333333334, 9
israel, 98.87, 1
france, 62.32, 2
swircherland, 98.87, 1
russia, 98.87, 1
bulgaria, 98.935, 2
veuvecliquot, 99.0, 1
finlanf, 99.0, 1
finland2022, 67.54571428571428, 7
finemoji, 80.06, 2
noentry, 99.0, 1
midfingers, 99.0, 1
sanmarino, 42.112500000000004, 4
florida, 58.455, 2
senhit, 58.455, 2
12stig, 74.54666666666667, 3
daðifreyr, 98.87, 1
gagnamagnið, 98.87, 1
toripolliisi, 25.77, 1
photography, 25.77, 1
convertphotography, 25.77, 1
farthside, 99.0, 1
funland, 99.0, 1
humor, 99.0, 1
loordi, 25.77, 1
naturephotography, 25.77, 1
nature, 25.77, 1
yle, 92.4, 1
thestoryoffiresaga, 98.87, 1
iihfworlds2021, 92.94333333333334, 3
unitedkingdom, 25.77, 1
flags, 25.77, 1
vexillologist, 25.77, 1
vexillology, 25.77, 1
rockrevelation, 47.126666666666665, 3
middlefingersupforcovid, 87.2, 1
leijonat, 79.09, 2
iihfworlds, 79.17, 4
mmkisat, 75.61333333333333, 3
verka, 25.77, 1
esc1021, 25.77, 1
shum, 57.805, 2
wacken, 25.77, 1
aksel, 25.77, 1
esc2020, 25.77, 1
elänäytäkeskaria, 25.77, 1
teammenkkasormi, 25.77, 1
foustanela, 62.385, 2
goodluckfinland, 99.0, 1
mmkisat2021, 84.54, 1
saturday, 84.54, 1
lauantai, 84.54, 1
may, 84.54, 1
iloveblindchannel, 25.77, 2
monacogp, 95.29, 1
software, 1.0, 1
games, 1.0, 1
letsplay, 1.0, 1
finland12points, 25.77, 1
blindchannelspain, 99.0, 1
blind, 99.0, 1
channel, 99.0, 1
tuska, 99.0, 1
latergram, 99.0, 1
dark, 99.0, 1
side, 99.0, 1
middle, 99.0, 1
fingers, 99.0, 1
up, 99.0, 1
best, 99.0, 1
winning, 99.0, 1
story, 99.0, 1
fire, 99.0, 1
saga, 99.0, 1
jaja, 99.0, 1
ding, 99.0, 1
dong, 99.0, 1
helsinki, 99.0, 1
hellsinki, 99.0, 1
brotheragainstbrotherband, 25.77, 2
innerstream, 25.77, 2
firesaga, 25.77, 2
metaltalk, 25.77, 2
saaraaalto, 93.1, 2
queensliveconcert, 99.0, 1
eurovisiondivas, 99.0, 1
monsters, 99.0, 1
erikavikman, 99.0, 1
cicciolina, 99.0, 1
metalforever, 25.77, 1
semifinal2, 25.77, 2
esc2022, 25.77, 1
dennisdeyoung, 68.66, 1
wiwijam, 46.68666666666667, 3
icymi, 25.77, 1
happy, 99.0, 1
woohoo, 99.0, 1
rockon, 99.0, 1
finals, 50.13666666666666, 3
unic_eu, 99.0, 1
followbackfriday, 25.77, 1
fbpeglobal, 25.77, 1
listen, 98.87, 1
secondsemi, 98.87, 1
wynonnaearp, 87.2, 1
senseofhumour, 25.77, 1
winners, 99.0, 1
12pointsgoestofin, 25.77, 1
eirovizija2021, 25.77, 1
eirovizīja, 25.77, 1
thatguy, 98.87, 1
runningorder, 25.77, 1
gme, 25.77, 1
apestogetherstrong, 25.77, 1
grandfinal, 65.25, 1
xiaozhan, 25.77, 1
weiwuxian, 25.77, 1
theuntamed, 25.77, 1
oilpastels, 25.77, 1
fanart, 25.77, 1
grandfinale, 25.77, 1
thankyouforyourmusic, 25.77, 1
jointhemovement, 98.28999999999999, 2
fantastic, 98.56, 1
extraordinary, 98.56, 1
hotfinnishguys, 25.77, 1
okayfine, 72.57, 1
den, 1.0, 1
fyrogflamme, 1.0, 1
escfin, 73.35333333333334, 3
final, 25.77, 1
eurovisiongr, 99.0, 1
esc2021gr, 99.0, 1
finaali, 25.77, 1
thatstheshittttttttt, 88.52, 1
bbceurovsion, 25.77, 1
suomifinlandperkele, 99.0, 1
eurosemi2, 49.705, 2
therasmus, 25.77, 1
gooulu, 99.0, 1
loveya, 99.0, 1
middlefingersup, 1.0, 1
coronayear, 1.0, 1
jendrick, 1.0, 1
eurovisionforhelsinki, 25.77, 1
power, 1.0, 1
fckstereotypes, 1.0, 1
meminkisakatsomo, 25.77, 1
bbceurovision, 98.27, 1
pompey, 74.74, 1
radio, 74.74, 1
umk21, 71.53666666666668, 3
eurovison, 62.32, 2
vincentbueno, 99.0, 1
austria, 99.0, 1
theblackmamba, 62.385, 2
victoria, 99.0, 1
eu, 99.0, 1
diversity, 99.0, 1
turkey, 99.0, 1
15vuottasitten, 73.64, 1
15yearsago, 73.64, 1
helenapaparizou, 73.64, 1
helsinki2022, 73.64, 1
letsrockit, 73.64, 1
perkele, 73.64, 1
witness, 25.77, 1
esc2006, 95.81, 1
hardrockhallelujah, 95.81, 1
zeroordouzepoints, 95.81, 1
vote14, 25.77, 1
thursday, 25.77, 1
torstai, 25.77, 1
acoustic, 87.2, 1
hidden, 87.2, 1
gem, 87.2, 1
swingalong, 99.0, 1
euroviisut21, 99.0, 1
sithcosplay, 4.13, 1
starwarscosplay, 4.13, 1
semi2, 25.77, 1
pressrelease, 25.77, 1
goodnewsfromfinland, 25.77, 1
alive, 99.0, 1
torille, 99.0, 1
eurovision2020, 97.58, 1
songcontest, 99.0, 1
eirovīzija, 99.0, 1
somija, 99.0, 1
albina, 25.77, 1
tix, 25.77, 1
ivoteforblindchannel, 25.77, 1
savesheikhjarrah, 1.59, 1
palestineunderattack, 1.59, 1
hatari, 1.59, 1
interview, 25.77, 1
nikovilhelm, 99.0, 1
joelhokka, 99.0, 1
awesomeguys, 99.0, 1
monday, 99.0, 1
maanantai, 99.0, 1
repost, 1.0, 1
ahoyrotterdam, 1.0, 1
freakinggreat, 1.0, 1
pokemongo, 25.77, 1
turquoisecarpet, 83.22, 1
