eurovision, 46.46727272727273, 11
blindchannel, 43.63330188679248, 106
rockmusic, 25.77, 1
alternativerock, 25.77, 1
tiktok, 96.76, 1
maneskin, 61.265, 2
jointothedarkside, 62.385, 4
joonasnordmanshow, 25.77, 2
joelhokka, 13.765, 2
jointhedarkside, 44.79733333333333, 15
darkside, 50.81249999999999, 20
radio, 49.169999999999995, 2
stream, 25.77, 1
rockrevelation, 14.95, 2
nowplaying, 30.024545454545454, 11
eyes, 25.77, 1
journalists, 2.7, 1
azerbaijan, 2.7, 1
armenian, 2.7, 1
usa, 2.7, 1
armenianwarcrimes, 2.7, 1
france, 2.7, 1
justice, 2.7, 1
blindchannelfanart, 25.77, 1
diamonddave, 25.77, 1
animals, 25.77, 1
drjohn, 25.77, 1
ellismanoband, 25.77, 1
rjarcher, 25.77, 1
brianmeacham, 25.77, 1
lauriylonen, 3.73, 1
therasmus, 14.75, 2
finland, 38.41, 3
eurovision2021, 46.915, 6
canada, 79.41, 1
eurovisionsongcontest, 79.41, 1
alexising, 25.77, 1
alexmattson, 74.52714285714285, 7
blindchanel, 25.77, 1
hurentag, 25.77, 1
feeling, 88.52, 1
måneskin, 18.63, 3
independentradio, 25.77, 2
nordicmetal, 25.77, 1
evrovision2021, 1.76, 1
oulu, 25.77, 1
cityofoulu, 25.77, 1
europeancapitalofculture, 25.77, 1
birdonachain, 99.0, 1
whenwillilearn, 99.0, 1
secretgarden, 99.0, 1
messy, 99.0, 1
middlefingersup, 25.77, 1
dejafu, 99.0, 1
leftoutsidealone, 1.0, 1
tunein, 72.57, 1
heavyenough, 72.57, 1
newmusicalert, 72.57, 1
spotify, 25.77, 1
snk, 25.77, 1
eren, 25.77, 1
draw, 25.77, 1
fanart, 25.77, 1
violentpop, 17.513333333333332, 3
alyxplayspunk, 25.77, 1
welcometotherevolt, 77.0, 1
living, 25.77, 1
twilight, 25.77, 1
vampire, 25.77, 1
vampires, 25.77, 1
movie, 25.77, 1
spotifyplaylist, 80.64, 1
esc, 4.35, 1
diedenoughforyou, 88.52, 1
imdone, 88.52, 1
esc2021, 94.75, 1
livemusic, 99.0, 1
helsinki, 99.0, 1
eurovisionsongcelebration, 25.77, 1
nikomoilanen, 99.0, 1
damianodavid, 25.77, 1
allissoldout, 99.0, 1
thesouthcoastsnewrockalternative, 25.77, 1
linkinpark, 25.77, 1
newreleases, 25.77, 1
newmusicmonday, 25.77, 1
