italy, 78.07499999999999, 8
eurovision2021, 70.17452107279708, 261
afc, 25.77, 1
10years, 73.73942857142856, 35
isl, 71.36405622489973, 249
eurovision, 70.89552447552461, 1573
glasgow, 25.77, 1
leeds, 25.77, 1
iceland, 70.08171149144268, 409
knitting, 25.77, 1
icelanders, 50.809999999999995, 2
gagnamagnid, 53.85, 2
newprofilepic, 56.73, 6
dadifreyr, 64.77403225806464, 186
funny, 99.0, 1
italia, 99.0, 1
smileyshowtime, 96.00999999999999, 2
femalegaze, 75.85, 1
wholesome, 75.85, 1
biplus, 99.0, 1
panpride, 99.0, 1
panromantic, 99.0, 1
pansexual, 99.0, 2
pansexuality, 99.0, 1
pansexualpride, 97.405, 2
panvisibilityday, 99.0, 1
pansexualvisibilityday, 99.0, 1
jajadingdong, 69.26, 5
susanbijl, 99.0, 1
openup, 64.51695652173915, 69
guineapig, 98.27, 1
portugal, 80.604, 5
finland, 59.34888888888889, 9
12points, 64.95571428571428, 7
theroop, 56.1925, 4
idiot, 25.77, 1
islandic, 25.77, 1
euroovision, 99.0, 1
sbseurovision, 66.41607142857143, 28
eia, 1.0, 1
theeconomist, 84.54, 1
duncanlaurence, 99.0, 1
esc2021, 70.08533333333334, 30
hannesóliágústsson, 99.0, 1
dadioggagnamagnid, 71.34086956521737, 23
eurovision2022, 25.77, 3
dta, 99.0, 1
maneskin, 69.708, 5
gionstears, 99.0, 1
goa, 99.0, 1
destiny, 99.0, 1
manizha, 99.0, 1
netherlands, 99.0, 1
awesome, 99.0, 1
goodmusic, 99.0, 1
diversemusic, 99.0, 1
icelandrobbed, 99.0, 1
falco, 95.29, 1
daðifreyr, 65.57444444444444, 9
shouldofwon, 94.75, 1
electronicmusic, 94.75, 1
electro, 94.75, 1
letsdance, 98.27, 1
gagnamagnið, 67.29574999999998, 40
draweurovision, 99.0, 2
ice, 60.36814814814813, 27
dadimakesmusic, 77.0, 1
albumoftheweek, 25.77, 1
nowplaying, 50.18, 3
eurobanter, 99.0, 1
hatari, 74.58999999999999, 3
topicaltune, 25.77, 1
icelandsmites, 99.0, 1
music, 76.02, 4
health, 92.77, 3
smile, 92.77, 3
selfcare, 92.77, 3
oralhealth, 92.77, 3
tune, 93.61, 1
cokefree, 93.61, 1
goodvibes, 93.61, 1
summersong, 93.61, 1
12isbest, 99.0, 1
onrepeat, 99.0, 1
winner, 98.63499999999999, 2
everythingaboutyouilike, 99.0, 1
realwinner, 25.77, 1
dadi, 64.88090909090909, 11
dubai, 25.77, 1
playjajadingdong, 85.72666666666667, 3
songcontest, 25.77, 1
covid19, 25.77, 1
teamdaði, 25.77, 1
synthfam, 99.0, 1
sdcc, 95.81, 1
sdcc2022, 95.81, 1
rotterdam2021, 89.455, 2
bringdaðitoseattle, 25.77, 1
12stig, 58.66488888888888, 45
italy2022, 25.77, 1
husavik2023, 25.77, 1
yeasayer, 99.0, 1
esc, 50.06166666666666, 12
freepalestine, 25.77, 1
sheffield, 62.385, 4
showlove, 25.77, 1
gjonstears, 13.385, 2
eurovisionsongcontest, 86.01333333333332, 6
theroopband, 99.0, 1
ukraine, 99.0, 1
switzerland, 99.0, 3
icelandeurovision, 89.205, 2
eurivision, 25.77, 1
eurovison, 99.0, 1
icelandwasrobbed, 25.77, 1
dadijumper, 25.77, 1
barbarapravo, 25.77, 1
lta, 72.57, 1
mlt, 61.40333333333333, 3
go_a, 74.58999999999999, 3
robbed, 99.0, 1
icelandwererobbed, 99.0, 1
ilike, 62.385, 2
eurovsionsongcontest, 99.0, 1
winnersofourhearts, 25.77, 1
ita, 62.352500000000006, 4
weirdvoting, 25.77, 1
áframísland, 54.778, 5
highwayrobbery, 25.77, 1
niceland, 99.0, 1
uk0points, 99.0, 1
pleaseplayjajadingdong, 99.0, 1
eurovisionfilmmashup, 99.0, 1
eduvision, 89.18, 2
dadiandgagnamagnidweloveyou, 74.58999999999999, 9
uk, 85.76833333333333, 6
eurovisiesongfestival, 56.583749999999995, 8
publicvote, 25.77, 1
fin, 36.23142857142857, 7
icelandforthewin, 77.8742857142857, 7
thinkaboutthings, 69.26, 5
esf21, 69.77000000000001, 3
coincidence, 25.77, 1
icr, 97.58, 1
caturday, 99.0, 1
piratecat, 99.0, 1
teamiceland, 70.25230769230768, 13
ise, 25.77, 1
legends, 99.0, 1
shame, 25.77, 1
love, 62.165, 2
malta, 89.36000000000001, 3
azerbaijan, 84.54, 1
cyprus, 90.65, 2
catchy, 99.0, 1
tix, 98.28999999999999, 2
eurovisioniceland, 98.27, 1
daddadisound, 99.0, 1
húsavik, 25.77, 1
artrage, 99.0, 1
voteiceland, 62.385, 2
eurovisionsong, 99.0, 1
howdoesitkeepgettingbetter, 61.265, 2
votingfromuk, 25.77, 1
lth, 25.77, 1
fellowleggers, 4.13, 1
ashamedtobebritishtonight, 4.13, 1
swi, 25.77, 1
songfestival, 73.68666666666667, 3
eurovisiongr, 98.87, 1
foustanela, 98.87, 1
jokingbutnotreally, 99.0, 1
superfan, 99.0, 1
yesivehadwine, 99.0, 1
winners, 99.0, 4
esc21, 25.77, 3
icelandtowin, 41.31666666666667, 3
icl, 94.026, 5
minecraft, 99.0, 1
mal, 25.77, 1
vote, 62.385, 2
10yrs, 99.0, 1
age50goals, 25.77, 1
bulgaria, 96.595, 2
france, 74.59, 3
eurovision2020, 99.0, 1
australia, 62.385, 2
napoli, 99.0, 1
dadiandgagnamagdidweloveyou, 25.77, 2
sweden, 72.79333333333334, 3
escita, 61.48666666666667, 6
douzepoints, 43.400000000000006, 4
teamdadi, 25.77, 2
gre, 62.385, 2
greece, 25.77, 1
aus, 25.77, 1
blindchannel, 25.77, 1
votes, 25.77, 1
escorf, 99.0, 1
makeithappen, 25.77, 1
justiceforthinkaboutthings, 25.77, 1
icelandteam, 25.77, 1
bbcbreakfast, 91.14, 1
sing, 98.56, 1
family, 98.56, 1
allelite, 99.0, 1
swe, 99.0, 1
norway, 99.0, 1
por, 99.0, 1
tiredmother, 83.22, 1
vote24, 99.0, 1
academictwitter, 25.77, 1
daðioggagnamagnið, 62.385, 4
icelandnoir, 96.76, 1
fums, 25.77, 1
lithuania, 73.17333333333333, 3
goodluck, 99.0, 1
forzaiceland, 98.87, 1
liveatworthyfarm, 77.0, 1
invalidcode, 77.0, 1
jamesnewman, 74.785, 2
coldplay, 77.0, 1
firesaga, 99.0, 1
doubletrouble, 99.0, 1
volcano, 25.77, 1
badmother, 25.77, 1
germany, 13.385, 2
iclr2021, 25.77, 1
europe, 62.385, 2
eurovisionwatchparty, 99.0, 1
whatculture, 99.0, 1
ifyouknowyouknow, 25.77, 1
26forcop26, 93.61, 1
thinkabouthings, 99.0, 1
daðiplease, 25.77, 1
judgedbycats, 77.0, 1
esp, 99.0, 1
scottmills, 99.0, 1
moot, 99.0, 1
retro, 99.0, 1
renewal, 99.0, 1
vote12, 62.385, 2
draweurovison, 25.77, 1
euroexeter, 95.7, 2
napoleondynamite, 99.0, 1
tenyears, 62.2025, 4
bbceurovision, 59.84571428571428, 7
cpi2020, 1.91, 1
fishrotfiles, 1.91, 1
goiceland, 99.0, 2
perfection, 99.0, 1
eurovision21, 25.770000000000003, 7
esf, 99.0, 1
reykjavik2022, 88.52, 1
comeoniceland, 99.0, 1
staysafe, 94.75, 1
2020winner, 1.0, 1
eurovisio2022, 25.77, 1
titina21, 99.0, 2
escrsm, 25.77, 1
eurovisionrtve, 25.77, 1
hú, 25.77, 1
icelandvolcano, 99.0, 1
fyririsland, 25.77, 1
serbia, 99.0, 1
eurovisiin, 72.57, 1
aframisland, 25.77, 1
livmusic, 25.77, 2
icelandmusicn, 25.77, 1
eurovisionparty, 25.77, 1
nilpoints, 99.0, 1
covid_19, 99.0, 1
godadi, 85.87, 1
justicefordadi, 25.77, 1
eurovisionfan, 99.0, 1
eurovisionchallenge, 99.0, 1
bvs, 99.0, 1
sheffieldfanclub, 99.0, 1
forevergrateful, 99.0, 1
dedication, 99.0, 1
diversity, 65.25, 1
willferrell, 25.77, 1
volcanoman, 25.77, 1
escice, 25.77, 1
foreverundaunted, 99.0, 1
eurovison2021, 97.58, 1
cutieforthewin, 97.58, 1
youmayhavesomeusstatewehavepuppyeyes, 97.58, 1
naniji, 99.0, 1
novel, 99.0, 1
inauguration, 99.0, 1
booklover, 99.0, 1
launched, 99.0, 1
lockdown, 99.0, 1
blessings, 99.0, 1
available, 99.0, 1
at, 99.0, 1
stores, 99.0, 1
happy, 99.0, 1
reading, 99.0, 1
keepsupporting, 99.0, 1
keeploving, 99.0, 1
dadiforever, 25.77, 1
lk, 25.77, 1
ableton, 25.77, 1
esc2020, 99.0, 1
reykjavik, 99.0, 1
myescmoment, 97.405, 2
history, 98.27, 1
coronavirus, 97.19, 1
riddhima, 25.77, 2
angre, 25.77, 1
siya, 25.77, 1
ishqmeinmarjaawan2, 25.77, 1
riansh, 25.77, 1
norwich, 98.87, 1
nonleaguefinalsday, 99.0, 1
forthewin, 25.77, 1
tusse, 93.61, 1
freyr, 25.77, 1
animalcrossingnewhorizons, 99.0, 1
rotterdam, 72.94, 3
freedom, 91.78, 1
standwithuganda, 91.78, 1
disabilityawareness, 1.59, 1
the80sisstronghere, 25.77, 1
esns21, 99.0, 1
booktour, 75.85, 1
silenced, 75.85, 1
crimefiction, 75.85, 1
iceland2022, 99.0, 1
covid, 25.77, 1
parentingwin, 25.77, 1
esf2021, 83.22, 1
bbcnews, 99.0, 1
welcomeep, 99.0, 2
dreamday, 95.29, 1
bees, 95.29, 1
icelandeuro, 95.29, 1
wandavision, 25.77, 1
vision, 25.77, 1
betterthanchristmas, 94.75, 1
gettingbettereveryday, 25.77, 1
mywinnerfortomorrow, 25.77, 1
saturdaynight, 25.77, 1
scotland, 25.77, 1
baralausnir, 1.0, 1
problemsolving, 1.0, 1
please, 99.0, 2
dementiaawarenessweek, 99.0, 1
tiktok, 99.0, 1
80smusic, 99.0, 1
songoftheday, 1.0, 1
lusm21, 99.0, 1
fridaymorning, 1.0, 1
nlwillwelcomeyouback, 97.99, 1
dadifreyrtour, 97.99, 1
newmusicfriday, 73.64, 1
standoncalling, 99.0, 1
brighton, 99.0, 1
brandnewcom, 87.2, 1
indie, 87.2, 1
icelandicpop, 87.2, 1
reykjavk, 87.2, 1
backingvocals, 98.87, 1
dreamcometrue, 98.87, 1
ashe, 1.23, 1
eaglesofdeathmetal, 1.23, 1
thecadillacthree, 1.23, 1
deno, 1.23, 1
gigs, 1.23, 1
tours, 1.23, 1
animalcrossing, 25.77, 1
gutted, 25.77, 1
everythingaboutthisilike, 25.77, 1
pandemittimes, 99.0, 1
irishfans, 25.77, 1
eurovisionsongcontest2021, 93.61, 1
escita2021, 93.61, 1
deviateadvertising, 99.0, 1
fyrogflamme, 25.77, 1
birmingham, 25.77, 1
boycottisrael, 25.77, 1
manchester, 25.77, 1
erikadecasier, 25.77, 1
sunroof, 25.77, 1
devalue, 99.0, 1
drawing, 99.0, 1
fridaybeats, 25.77, 1
liamoo, 25.77, 1
new, 25.77, 1
thelittlemermaid, 3.92, 1
lorraine, 99.0, 1
poland, 97.58, 1
obsessed, 98.87, 1
pixelartist, 25.77, 1
crushingit, 99.0, 1
arcticministerial2021, 25.77, 1
esc2019, 25.77, 1
icelandftw, 99.0, 1
geek, 25.77, 1
