hopetogaza, 13.84, 2
italy, 25.77, 1
eurovision, 65.54825396825397, 63
iceland, 49.68647058823529, 17
eurovision2021, 72.56904761904761, 21
eurovisionsongcontest, 89.85000000000001, 3
egirlmakeup, 71.55, 1
makeuplooks, 71.55, 1
10yearsdadifreyr, 71.55, 1
icelandtowin, 99.0, 1
istanbul, 99.0, 1
goodluck, 99.0, 1
gangiþérvel, 25.77, 1
10years, 69.04076923076921, 13
dadimakesmusic, 98.27, 1
roxen, 89.84, 1
rafal, 89.84, 1
turquoisecarpet, 89.84, 1
esc2021, 65.433125, 16
openup, 54.145714285714284, 7
sundaysession, 66.7, 3
shouldvebeenasingle, 69.6, 1
smallbearslovedaðifreyr, 99.0, 1
icelandvolcano, 1.0, 1
eurovisionagain, 25.77, 1
voteiceland, 25.77, 1
lockdown, 99.0, 1
rotterdam, 98.52666666666666, 3
blakematters, 99.0, 1
rip, 99.0, 1
dadi, 53.9711111111111, 9
douze, 25.77, 1
gagnamagnið, 78.72749999999999, 4
slakirmax, 25.77, 1
dadifreyr, 60.70399999999999, 5
djpiggy, 99.0, 1
remix, 99.0, 1
teamiceland, 99.0, 1
songfestival, 97.58, 1
deviateadvertising, 25.77, 1
esc, 98.935, 2
video, 99.0, 1
rotterdamahoy, 25.77, 1
12stig, 97.035, 4
10yearsesc, 99.0, 1
dadioggagnamagnid, 25.77, 2
tkr, 25.77, 2
thekirkhamreport, 25.77, 2
pnrnetworks, 25.77, 2
spotify, 88.52, 1
tvshow, 88.52, 1
adrenalina, 88.52, 1
senhit, 88.52, 1
sugar, 88.52, 1
nataliagordienko, 88.52, 1
locoloco, 88.52, 1
hurricane, 88.52, 1
tvshows, 88.52, 1
love, 95.81, 1
top11, 25.77, 1
allaleið, 99.0, 1
loveyou, 25.77, 1
god, 25.77, 1
blackday, 25.77, 1
telcoin, 25.77, 1
áframísland, 95.07, 2
ishqmeinmarjawan2, 91.14, 1
vansh, 91.14, 1
aryaan, 91.14, 1
ishani, 91.14, 1
rrahulsudhir, 91.14, 1
rraarmy, 91.14, 1
euroensayos10m, 98.87, 1
gagnamagnid, 25.77, 1
daoifreyr, 99.0, 1
thinkaboutthings, 64.46, 1
partyline, 64.46, 1
newprofilepic, 99.0, 1
