italy, 78.07499999999999, 8
eurovision2021, 70.02948387096788, 310
afc, 25.77, 1
10years, 72.77659574468085, 47
isl, 70.72374213836491, 318
eurovision, 70.03764899108388, 2131
glasgow, 25.77, 2
leeds, 25.77, 1
iceland, 69.79389830508477, 531
knitting, 25.77, 1
icelanders, 50.809999999999995, 2
gagnamagnid, 61.339999999999996, 5
newprofilepic, 55.467, 10
dadifreyr, 63.68533039647591, 227
funny, 99.0, 1
italia, 99.0, 1
smileyshowtime, 96.00999999999999, 2
femalegaze, 75.85, 1
wholesome, 75.85, 1
biplus, 99.0, 1
panpride, 99.0, 1
panromantic, 99.0, 1
pansexual, 99.0, 3
pansexuality, 99.0, 1
pansexualpride, 97.405, 2
panvisibilityday, 99.0, 1
pansexualvisibilityday, 99.0, 1
jajadingdong, 69.26, 5
susanbijl, 99.0, 1
openup, 65.64897435897444, 117
guineapig, 98.27, 1
portugal, 71.46499999999999, 6
finland, 55.991, 10
12points, 74.797, 10
theroop, 56.1925, 4
idiot, 25.77, 1
islandic, 25.77, 1
euroovision, 99.0, 1
sbseurovision, 61.3353125, 32
eia, 1.0, 1
theeconomist, 84.54, 1
duncanlaurence, 99.0, 1
esc2021, 68.00799999999998, 50
hannesóliágústsson, 99.0, 1
dadioggagnamagnid, 63.67222222222221, 27
eurovision2022, 25.77, 3
dta, 99.0, 1
maneskin, 69.708, 5
gionstears, 99.0, 1
goa, 99.0, 1
destiny, 99.0, 1
manizha, 62.385, 2
netherlands, 99.0, 1
awesome, 81.345, 2
goodmusic, 99.0, 1
diversemusic, 99.0, 1
icelandrobbed, 99.0, 1
falco, 95.29, 1
daðifreyr, 64.27999999999999, 11
shouldofwon, 94.75, 1
electronicmusic, 94.75, 1
electro, 94.75, 1
letsdance, 98.27, 1
gagnamagnið, 68.40644444444443, 45
draweurovision, 99.0, 2
ice, 62.515937499999986, 32
dadimakesmusic, 85.875, 2
albumoftheweek, 25.77, 1
nowplaying, 50.18, 3
eurobanter, 99.0, 1
hatari, 56.339999999999996, 4
topicaltune, 25.77, 1
icelandsmites, 99.0, 1
music, 76.02, 4
health, 92.77, 3
smile, 92.77, 3
selfcare, 92.77, 3
oralhealth, 92.77, 3
tune, 93.61, 1
cokefree, 93.61, 1
goodvibes, 93.61, 1
summersong, 93.61, 1
12isbest, 99.0, 1
onrepeat, 99.0, 1
winner, 98.75666666666666, 3
everythingaboutyouilike, 99.0, 1
realwinner, 25.77, 1
dadi, 68.5595652173913, 23
dubai, 25.77, 1
playjajadingdong, 85.72666666666667, 3
songcontest, 50.254999999999995, 2
covid19, 43.625, 4
teamdaði, 25.77, 1
synthfam, 99.0, 1
sdcc, 95.81, 1
sdcc2022, 95.81, 1
rotterdam2021, 89.455, 2
bringdaðitoseattle, 25.77, 1
12stig, 63.29065573770491, 61
italy2022, 25.77, 1
husavik2023, 25.77, 1
yeasayer, 99.0, 1
esc, 53.06999999999999, 17
freepalestine, 25.77, 1
sheffield, 69.708, 5
showlove, 25.77, 1
gjonstears, 13.385, 2
eurovisionsongcontest, 73.86777777777777, 9
theroopband, 99.0, 1
ukraine, 99.0, 1
switzerland, 99.0, 4
icelandeurovision, 92.46999999999998, 3
eurivision, 25.77, 1
eurovison, 50.18, 3
icelandwasrobbed, 25.77, 1
dadijumper, 25.77, 1
barbarapravo, 25.77, 1
lta, 72.57, 1
mlt, 61.40333333333333, 3
go_a, 74.58999999999999, 3
robbed, 99.0, 2
icelandwererobbed, 99.0, 1
ilike, 62.385, 2
eurovsionsongcontest, 99.0, 1
winnersofourhearts, 25.77, 1
ita, 62.352500000000006, 4
weirdvoting, 25.77, 1
áframísland, 62.207499999999996, 8
highwayrobbery, 25.77, 1
niceland, 99.0, 1
uk0points, 99.0, 1
pleaseplayjajadingdong, 99.0, 1
eurovisionfilmmashup, 99.0, 1
eduvision, 74.93375, 8
dadiandgagnamagnidweloveyou, 76.41153846153846, 13
uk, 87.39999999999999, 7
eurovisiesongfestival, 58.724444444444444, 9
publicvote, 25.77, 1
fin, 36.23142857142857, 7
icelandforthewin, 80.51499999999999, 8
thinkaboutthings, 74.21666666666667, 6
esf21, 69.77000000000001, 3
coincidence, 25.77, 1
icr, 98.28999999999999, 2
caturday, 99.0, 1
piratecat, 99.0, 1
teamiceland, 65.30571428571427, 14
ise, 25.77, 1
legends, 99.0, 1
shame, 25.77, 1
love, 62.165, 2
malta, 91.5875, 4
azerbaijan, 84.54, 1
cyprus, 90.65, 2
catchy, 99.0, 1
tix, 98.28999999999999, 2
eurovisioniceland, 98.27, 1
daddadisound, 99.0, 1
húsavik, 25.77, 1
artrage, 99.0, 1
voteiceland, 62.385, 2
eurovisionsong, 99.0, 1
howdoesitkeepgettingbetter, 61.265, 2
votingfromuk, 25.77, 1
lth, 25.77, 1
fellowleggers, 4.13, 1
ashamedtobebritishtonight, 4.13, 1
swi, 25.77, 1
songfestival, 61.7075, 4
eurovisiongr, 98.87, 1
foustanela, 98.87, 1
jokingbutnotreally, 99.0, 1
superfan, 99.0, 1
yesivehadwine, 99.0, 1
winners, 99.0, 5
esc21, 25.77, 3
icelandtowin, 55.7375, 4
icl, 95.34285714285714, 7
minecraft, 99.0, 1
mal, 25.77, 1
vote, 50.18, 3
10yrs, 99.0, 1
age50goals, 25.77, 1
bulgaria, 97.615, 4
france, 80.51, 4
eurovision2020, 99.0, 1
australia, 62.385, 2
napoli, 99.0, 1
dadiandgagnamagdidweloveyou, 25.77, 2
sweden, 79.16250000000001, 4
escita, 49.581111111111106, 9
douzepoints, 39.87400000000001, 5
teamdadi, 25.77, 2
gre, 62.385, 2
greece, 25.77, 1
aus, 25.77, 1
blindchannel, 62.385, 2
votes, 25.77, 1
escorf, 99.0, 1
makeithappen, 25.77, 1
justiceforthinkaboutthings, 25.77, 1
icelandteam, 25.77, 1
bbcbreakfast, 91.14, 1
sing, 98.56, 1
family, 98.56, 1
allelite, 99.0, 1
swe, 99.0, 1
norway, 99.0, 1
por, 99.0, 1
tiredmother, 83.22, 1
vote24, 99.0, 1
academictwitter, 25.77, 1
daðioggagnamagnið, 62.385, 4
icelandnoir, 96.76, 1
fums, 25.77, 1
lithuania, 73.17333333333333, 3
goodluck, 99.0, 1
forzaiceland, 98.87, 1
liveatworthyfarm, 77.0, 1
invalidcode, 77.0, 1
jamesnewman, 74.785, 2
coldplay, 77.0, 1
firesaga, 99.0, 2
doubletrouble, 99.0, 1
volcano, 25.77, 1
badmother, 25.77, 1
germany, 41.92333333333333, 3
iclr2021, 25.77, 1
europe, 62.385, 2
eurovisionwatchparty, 99.0, 1
whatculture, 99.0, 1
ifyouknowyouknow, 62.385, 2
26forcop26, 93.61, 1
thinkabouthings, 99.0, 1
daðiplease, 25.77, 1
judgedbycats, 77.0, 1
esp, 99.0, 1
scottmills, 99.0, 1
moot, 99.0, 1
retro, 99.0, 1
renewal, 99.0, 1
vote12, 62.385, 2
draweurovison, 25.77, 1
euroexeter, 95.7, 2
napoleondynamite, 99.0, 1
tenyears, 69.562, 5
bbceurovision, 56.94599999999999, 10
cpi2020, 1.91, 1
fishrotfiles, 1.91, 1
goiceland, 99.0, 2
perfection, 99.0, 1
eurovision21, 25.770000000000003, 7
esf, 62.385, 2
reykjavik2022, 87.42, 3
comeoniceland, 99.0, 1
staysafe, 60.26, 2
2020winner, 1.0, 1
eurovisio2022, 25.77, 1
titina21, 98.25333333333333, 3
escrsm, 25.77, 1
eurovisionrtve, 25.77, 1
hú, 25.77, 1
icelandvolcano, 99.0, 1
fyririsland, 62.385, 2
serbia, 99.0, 1
eurovisiin, 72.57, 1
aframisland, 25.77, 1
livmusic, 25.77, 2
icelandmusicn, 25.77, 1
eurovisionparty, 25.77, 1
nilpoints, 99.0, 1
covid_19, 99.0, 1
godadi, 85.87, 1
justicefordadi, 25.77, 1
eurovisionfan, 99.0, 1
eurovisionchallenge, 99.0, 1
bvs, 99.0, 1
sheffieldfanclub, 99.0, 1
forevergrateful, 99.0, 1
dedication, 99.0, 1
diversity, 76.225, 2
willferrell, 25.77, 1
volcanoman, 25.77, 1
escice, 25.77, 1
foreverundaunted, 99.0, 1
eurovison2021, 97.58, 1
cutieforthewin, 97.58, 1
youmayhavesomeusstatewehavepuppyeyes, 97.58, 1
naniji, 99.0, 1
novel, 99.0, 1
inauguration, 99.0, 1
booklover, 99.0, 1
launched, 99.0, 1
lockdown, 99.0, 1
blessings, 99.0, 1
available, 99.0, 1
at, 99.0, 1
stores, 99.0, 1
happy, 99.0, 3
reading, 99.0, 1
keepsupporting, 99.0, 1
keeploving, 99.0, 1
dadiforever, 25.77, 1
lk, 25.77, 1
ableton, 25.77, 1
esc2020, 99.0, 1
reykjavik, 99.0, 1
myescmoment, 97.405, 2
history, 98.27, 1
coronavirus, 92.85499999999999, 2
riddhima, 25.77, 2
angre, 25.77, 1
siya, 25.77, 1
ishqmeinmarjaawan2, 25.77, 1
riansh, 25.77, 1
norwich, 98.87, 1
nonleaguefinalsday, 99.0, 1
forthewin, 25.77, 1
tusse, 59.69, 2
freyr, 25.77, 1
animalcrossingnewhorizons, 99.0, 1
rotterdam, 79.0025, 4
freedom, 91.78, 1
standwithuganda, 91.78, 1
disabilityawareness, 1.59, 1
the80sisstronghere, 25.77, 1
esns21, 99.0, 1
booktour, 75.85, 1
silenced, 75.85, 1
crimefiction, 75.85, 1
iceland2022, 99.0, 1
covid, 34.20666666666666, 3
parentingwin, 25.77, 1
esf2021, 83.22, 1
bbcnews, 99.0, 1
welcomeep, 99.0, 2
dreamday, 95.29, 1
bees, 95.29, 1
icelandeuro, 95.29, 1
wandavision, 25.77, 1
vision, 25.77, 1
betterthanchristmas, 94.75, 1
gettingbettereveryday, 25.77, 1
mywinnerfortomorrow, 25.77, 1
saturdaynight, 25.77, 1
scotland, 25.77, 1
baralausnir, 1.0, 1
problemsolving, 1.0, 1
please, 99.0, 2
dementiaawarenessweek, 99.0, 1
tiktok, 99.0, 1
80smusic, 99.0, 1
songoftheday, 1.0, 1
lusm21, 99.0, 1
fridaymorning, 1.0, 1
nlwillwelcomeyouback, 97.99, 1
dadifreyrtour, 97.99, 1
newmusicfriday, 73.64, 1
standoncalling, 99.0, 1
brighton, 99.0, 1
brandnewcom, 87.2, 1
indie, 87.2, 1
icelandicpop, 87.2, 1
reykjavk, 87.2, 1
backingvocals, 98.87, 1
dreamcometrue, 98.87, 1
ashe, 1.23, 1
eaglesofdeathmetal, 1.23, 1
thecadillacthree, 1.23, 1
deno, 1.23, 1
gigs, 1.23, 1
tours, 1.23, 1
animalcrossing, 25.77, 1
gutted, 25.77, 1
everythingaboutthisilike, 25.77, 1
pandemittimes, 99.0, 1
irishfans, 25.77, 1
eurovisionsongcontest2021, 93.61, 1
escita2021, 93.61, 1
deviateadvertising, 99.0, 1
fyrogflamme, 25.77, 2
birmingham, 25.77, 1
boycottisrael, 25.77, 1
manchester, 25.77, 1
erikadecasier, 25.77, 1
sunroof, 25.77, 1
devalue, 99.0, 1
drawing, 99.0, 1
fridaybeats, 25.77, 1
liamoo, 25.77, 1
new, 25.77, 1
thelittlemermaid, 3.92, 1
lorraine, 99.0, 1
poland, 97.58, 1
obsessed, 98.87, 1
pixelartist, 60.79, 2
crushingit, 99.0, 1
arcticministerial2021, 62.385, 2
esc2019, 25.77, 1
icelandftw, 99.0, 1
geek, 25.77, 1
10yearsesc, 99.0, 1
themitchellsvsthemachines, 25.77, 1
getwellsoon, 25.77, 1
lovefromtheuk, 99.0, 1
defeatcovidvotedadi, 62.385, 2
dadikaraoke, 55.062, 5
eurovisionfinal, 25.77, 1
wegotagoodthinggoing, 25.77, 1
telcoin, 99.0, 1
cryptotrading, 99.0, 1
wegotthis, 66.89, 1
tpiteamtakeover, 66.89, 1
eurosemi2, 78.53454545454545, 11
eurovisionsemifinal2, 99.0, 1
cze, 71.55, 1
bul, 71.55, 1
smr, 98.87, 1
den, 98.87, 1
rules, 25.77, 1
islandia, 95.81, 1
pixelart, 95.81, 1
pixel, 95.81, 1
songfestival2021, 99.0, 1
votescomingfromtheuk, 1.0, 1
gagnamagniddeservedthatmoment, 1.0, 1
ukr, 25.77, 1
euroviisut, 99.0, 1
coventry, 92.4, 1
newmusic, 92.4, 1
radiopluscov, 92.4, 1
covhour, 92.4, 1
istandwithisrael, 1.0, 1
standwithisrael, 1.0, 1
israelunderattackk, 1.0, 1
godadigo, 77.0, 1
feeltheloveforiceland2021, 38.1575, 4
loveforjohann, 50.545, 2
loveforjoi, 50.545, 2
robotsandmonstersfordaði, 2.09, 1
ísland, 1.0, 1
build, 63.69, 1
gingerboylove, 84.354, 5
dadiogdagnamagnid, 85.87, 1
prsformusic, 85.87, 1
ginag, 85.87, 1
bekind, 99.0, 1
historyinthemaking, 25.77, 1
semifinal2, 25.77, 1
nor, 25.77, 1
song8, 25.77, 1
ahoyarena, 97.19, 1
askdadifreyr, 61.827727272727266, 44
voteforiceland, 68.81222222222222, 9
lithuaniagoesyellow, 25.77, 1
gagnamagniđ, 99.0, 1
freeisrael, 1.0, 1
keepwell, 99.0, 1
googletranslate, 97.99, 1
itjustkeepsgettingbetter, 99.0, 1
votefordaði, 99.0, 1
tkr, 88.52, 2
thekirkhamreport, 88.52, 2
pnrnetworks, 88.52, 2
daditowin, 99.0, 1
robotsandmonstersfordadi, 62.385, 2
loveforjóhann, 25.77, 1
loveforjói, 62.385, 2
false498a, 25.77, 1
golddiggers, 25.77, 1
tuneoftheweek, 99.0, 1
pcrscam, 96.76, 1
euroensayossemi2, 98.87, 1
breaking, 75.85, 1
foreverforte, 77.0, 1
euro2020, 99.0, 1
montaigne, 25.77, 1
bts_butter, 99.0, 1
savesheikhjarrah, 1.59, 1
palestineunderattack, 1.59, 1
grandma, 99.0, 2
savage, 99.0, 2
bowling, 99.0, 2
india, 99.0, 2
strike, 99.0, 2
cool, 99.0, 2
videoofday, 99.0, 2
maskup, 99.0, 2
whatdoyouthinkaboutthings, 96.76, 1
rt, 25.77, 2
dadifreyer, 25.77, 1
gigtickets, 25.77, 1
elenatsagrinou, 87.2, 1
dailydancing, 25.77, 1
econtwitter, 99.0, 1
