eurovision, 67.20403225806452, 62
newprofilepic, 58.455, 2
80smusic, 25.77, 1
80ssound, 25.77, 1
dadifreyr, 63.16772727272726, 22
iceland, 75.00052631578946, 19
fyreandflamme, 25.77, 1
denmark, 25.77, 1
stefania, 25.77, 1
greece, 25.77, 1
rafal, 25.77, 1
poland, 25.77, 1
bhopal, 25.77, 1
verified, 43.325, 2
dadi, 58.14428571428572, 7
10years, 58.79875, 8
10yearsdance, 99.0, 2
dadiandgagnamagnidweloveyou, 99.0, 1
eurovision2021, 70.26633333333332, 30
eurovisionsongcelebration, 62.385, 2
songsurveysonsofas, 99.0, 1
thinkaboutthings, 99.0, 1
urgent, 60.88, 1
maneskin, 80.39, 3
italia, 66.735, 4
esc2022, 65.45666666666666, 3
eurovision2022, 56.28714285714286, 7
esc2021, 59.068, 5
toocoolforschool, 25.77, 1
woodworking, 25.77, 1
carpentry, 25.77, 1
blade, 25.77, 1
saw, 25.77, 1
ebay, 25.77, 1
crafting, 25.77, 1
restoration, 25.77, 1
wood, 25.77, 1
craftsman, 25.77, 1
woodwork, 25.77, 1
sale, 25.77, 1
danceparty, 99.0, 1
fridayfun, 99.0, 1
glasgow, 25.77, 3
leeds, 25.77, 3
drinkaboutthings, 25.77, 1
gagnamagnid, 66.53666666666666, 3
bbceurovision, 97.99, 1
daðifreyr, 80.225, 4
gagnamagnið, 80.4075, 4
only21daysleft, 25.77, 1
wholesomeness, 99.0, 1
esc, 49.93666666666667, 3
eyeson, 71.55, 1
foreverandever, 25.77, 1
seamusdever, 25.77, 1
julianadever, 25.77, 1
esc21, 99.0, 1
italy, 75.85, 1
becomingicelandic, 99.0, 1
dancechallenge, 25.77, 1
eurovisionsongcontest, 25.77, 1
songofthesummer, 99.0, 1
dadiforeurovision, 99.0, 1
eurovisionchallenge, 99.0, 1
theroop, 99.0, 1
challenge, 99.0, 1
top11, 25.77, 2
legends, 25.77, 1
hatari, 25.77, 1
escisl, 25.77, 1
island, 99.0, 1
netflix, 88.52, 1
nowplaying, 62.385, 2
thirdchance, 70.57, 1
thirdisthecharm, 70.57, 1
shmufm, 25.77, 1
thatsnotthenewsthatsnot, 25.77, 1
pop, 99.0, 1
icelandicmusic, 99.0, 1
worldmusic, 99.0, 1
kahani, 98.27, 2
shrutisharma, 98.27, 1
yuhani, 98.27, 1
namakisskka, 98.27, 1
blog, 25.77, 1
rotterdam, 25.77, 1
ahoyarena, 25.77, 1
openup, 50.18, 3
linkinbio, 25.77, 1
theblackmamba, 93.61, 1
kazakhstantoesc, 99.0, 1
marshmello, 1.0, 1
jonasbrothers, 1.0, 1
badboychillercrew, 1.0, 1
acnh, 25.77, 1
isl, 73.52666666666666, 3
waterstatistics, 25.77, 1
nsm2022, 25.77, 1
shaneclapham, 99.0, 1
reasonstobehopeful, 25.77, 1
relationshipgoals, 99.0, 1
greta, 70.57, 1
node, 70.57, 1
eeegee, 70.57, 1
hurricane, 70.57, 1
nataliagordienko, 70.57, 1
jung, 70.57, 1
girlsowncc, 1.0, 1
thinkaboutaliens, 99.0, 1
eurovison, 25.77, 1
pansexualvisibilityday, 99.0, 1
hertshour, 62.385, 2
retweet, 99.0, 1
daoifreyr, 99.0, 1
twitch, 99.0, 1
tune, 99.0, 1
gamingmusic, 99.0, 1
belter, 99.0, 1
scottmills, 99.0, 1
dadioggagnamagnid, 99.0, 3
daðioggagnamagnið, 99.0, 1
dadioggagnamagnid10years, 99.0, 1
refaceapp, 99.0, 1
reface, 99.0, 1
covid, 99.0, 1
following, 99.0, 1
lego, 25.77, 1
djonstears, 99.0, 1
barbarapravi, 99.0, 1
smileypeople, 99.0, 1
smileyshowtime, 99.0, 1
sardarkagrandson, 85.275, 2
sardar, 99.0, 1
movie, 99.0, 1
np, 99.0, 1
moviereview, 71.55, 1
lahore, 71.55, 1
amritsar, 71.55, 1
grandson, 71.55, 1
love, 71.55, 1
familytime, 71.55, 1
neenagupta, 71.55, 1
arjunkapoor, 71.55, 1
bollywood, 71.55, 1
squeal, 25.77, 1
faints, 25.77, 1
abitlikelanguages, 25.77, 1
barbaradexaward, 84.54, 1
