bhopal, 73.64, 1
dadi, 86.32, 2
fursuitsfriday, 89.84, 1
flipsideplanet, 25.77, 1
heartyhifromrussia, 99.0, 1
eurovision, 71.064, 10
isl, 87.2, 1
10years, 93.1, 2
monomaniac, 99.0, 1
newmusic, 66.89, 1
justdance, 25.77, 1
dadifreyr, 25.77, 3
dadifryer, 98.27, 1
dadioggagnamanid, 98.27, 1
gif, 98.27, 1
zingtzehelemaalniethe, 25.77, 1
onlyyou, 96.025, 4
eurovision2021, 52.589999999999996, 2
canada, 79.41, 1
eurovisionsongcontest, 79.41, 1
tttttt, 25.77, 1
untitledasofnow, 25.77, 1
esc2021, 25.77, 1
openup, 25.77, 1
gagnamagnid, 53.85, 2
eurovision2022, 53.85, 2
esc2022, 53.85, 2
ebu, 81.93, 1
escitalia, 81.93, 1
italia, 81.93, 1
iceland, 81.93, 1
top11, 25.77, 1
painting, 25.77, 1
art, 25.77, 1
flightattendantday, 25.77, 2
congratulations, 25.77, 2
cabincrewday, 25.77, 2
pandemic, 25.77, 2
