eurovision, 66.60264285714298, 280
gjonstears, 64.42458715596344, 218
openup, 65.27560975609755, 41
tout_l_univers, 91.14, 1
switzerland, 67.34852631578954, 95
eurovision2021, 63.58999999999999, 64
toutlunivers, 60.744848484848475, 33
epic, 99.0, 1
youtube, 2.09, 1
escfantv, 2.09, 1
declercqeline, 2.09, 1
declercqelineblog, 2.09, 1
elinedeclercq, 2.09, 1
sui, 55.387096774193544, 31
france, 64.138, 5
fra, 72.57, 1
barbarapravi, 74.68599999999999, 10
performance, 99.0, 1
song, 99.0, 1
nikkietutorials, 99.0, 1
lithuania, 98.63499999999999, 2
theroop, 55.8375, 4
sweden, 99.0, 2
tusse, 99.0, 2
europe, 89.52333333333333, 3
music, 66.33333333333333, 3
anxhela, 99.0, 1
eurovision2022, 25.77, 1
italyeurovision, 25.77, 1
damianodavid, 25.77, 1
yurionice, 25.77, 1
nosjournaal, 25.77, 1
nos, 25.77, 1
eurovisiesongfestival, 25.77, 1
unfair, 25.77, 1
winner, 62.385, 2
esc2021, 61.503999999999984, 45
maaneskin, 50.015, 2
manizha, 74.11666666666666, 3
blindchanel, 99.0, 1
srfesc, 44.75249999999999, 20
srf, 39.97333333333333, 12
rotterdam2021, 44.457692307692305, 13
teamsrgssr, 48.01416666666666, 12
schweiz, 43.379090909090905, 11
suisse, 48.01416666666666, 12
svizzera, 43.379090909090905, 11
svizra, 43.379090909090905, 11
rts, 44.7675, 4
rsi, 44.7675, 4
rtr, 44.7675, 4
go_a, 99.0, 1
discrimination, 70.57, 1
esc, 61.754999999999995, 14
måneskin, 72.39, 3
eurovisionsongcontest, 55.690000000000005, 4
show, 97.58, 1
songs, 97.58, 1
maneskin, 73.22999999999999, 4
zittiebuoni, 98.28999999999999, 2
daðioggagnamagnið, 61.675, 2
island, 97.58, 1
victoria, 74.11666666666666, 3
sanmarino, 84.565, 2
spain, 97.58, 1
thenetherlands, 97.58, 1
rotterdam, 69.424, 5
greatbritain, 97.58, 1
italy, 72.82142857142857, 7
voilà, 99.0, 1
eurovisionsongcontest2021, 84.54, 1
sos, 25.769999999999992, 20
ugandaisbleeding, 25.769999999999992, 20
nomirjamblaak, 25.769999999999992, 20
icc, 25.769999999999992, 20
tix, 99.0, 1
norway, 99.0, 1
voila, 99.0, 1
ghumhaikisikeypyaarmeiin, 99.0, 1
jholauthaomodiji, 99.0, 1
anchelaperisteri, 98.87, 1
iceland, 98.75666666666666, 3
finland, 99.0, 2
esf2021, 99.0, 1
nr11, 25.77, 1
gjonmuharremaj, 62.385, 2
srf1, 99.0, 1
joke, 99.0, 1
eurosongch, 25.77, 1
eurosong2021, 25.77, 1
proud, 99.0, 1
aremytears, 25.77, 1
esc21, 86.32, 2
hurricane, 50.18, 3
albania, 69.708, 5
kosovo, 99.0, 1
uk, 98.63499999999999, 2
singersongwriter, 99.0, 1
gjon, 25.77, 1
tonyhadley, 62.385, 2
newromanticsfic, 25.77, 1
loyal, 99.0, 1
hallenstadion, 25.77, 1
swi, 25.77, 1
mullet, 25.77, 1
esf21, 25.77, 1
trendingnow, 25.77, 1
hurts, 25.77, 1
youdontknowbroccoli, 96.76, 1
blindchannel, 62.385, 2
cyprus, 62.019999999999996, 2
russia, 98.27, 1
malta, 98.27, 1
azerbaijan, 98.27, 1
jackwhitehall, 99.0, 1
hoppschwiiz, 99.0, 1
spandauballet, 99.0, 1
universe, 50.0, 2
swissesc, 25.77, 1
sbseurovision, 25.77, 1
eurowizja, 99.0, 1
eurovisionrtve, 99.0, 1
eurovision21, 73.64, 1
swt, 99.0, 1
bond, 99.0, 1
opening, 99.0, 1
score, 99.0, 1
escita, 99.0, 2
bbceurovision, 90.54666666666667, 3
duncanlaurence, 99.0, 1
anxhelaperisteri, 44.0775, 4
italia, 99.0, 1
esc2011, 99.0, 1
escalb, 99.0, 1
ukr, 98.27, 1
ita, 98.27, 1
alb, 98.27, 1
dreamteam, 94.75, 1
chnl, 94.75, 1
swissdutch, 94.75, 1
goa, 75.85, 1
lysassia, 99.0, 1
celinedion, 99.0, 1
tonight, 1.0, 1
finals, 1.0, 1
nepartezpassansmoi, 99.0, 1
juryshow, 99.0, 1
swiss, 62.385, 2
singer, 99.0, 1
destiny, 99.0, 1
eurovisionpiano, 91.14, 1
final, 25.77, 1
finalsweek, 25.77, 1
eurovisioncy, 25.77, 1
newmusic, 25.77, 2
easylistening, 25.77, 1
french, 25.77, 1
chanson, 25.77, 1
musicvideo, 25.77, 1
geneva2022, 99.0, 1
respondezmoi, 25.77, 1
rependezmoi, 97.58, 1
douzepoints, 99.0, 1
lucifer, 25.77, 1
daðifreyr, 25.77, 1
jendrik, 25.77, 1
nr16, 25.77, 1
semifinal2, 48.66, 2
bulgaria, 85.275, 2
eurosemi2, 69.708, 5
toutiunivers, 25.77, 1
zwitserland, 25.77, 1
fustanella, 50.0, 2
eurovisiongr, 50.0, 2
eurovisiongreece, 99.0, 1
prada, 25.77, 1
grandfinal, 99.0, 1
germany, 99.0, 1
vincentbueno, 62.385, 2
austria, 99.0, 1
theblackmamba, 62.385, 2
portugal, 99.0, 1
repondezmoi, 98.56, 1
liltears, 25.77, 1
gunvor, 98.87, 1
nataliagordienko, 25.77, 1
stefania, 25.77, 1
samantatina, 25.77, 1
senhit, 25.77, 1
bennycristo, 25.77, 1
ukusuviste, 25.77, 1
eurovisionagain, 25.77, 1
douzepoint, 25.77, 1
mylenefarmer, 25.77, 1
milareacts, 25.77, 1
