gjonstears, 60.724871794871795, 39
switzerland, 56.276875, 16
eurovision, 59.893823529411755, 34
go_a, 13.84, 2
blindchannel, 25.77, 1
maneskin, 52.707499999999996, 4
damiano, 25.77, 1
victoria, 25.77, 1
thomas, 25.77, 1
ethan, 25.77, 1
katerynapavlenko, 25.77, 1
ukraine, 13.84, 2
italy, 13.84, 2
finland, 25.77, 1
esc, 72.14, 3
esc2021, 77.72500000000001, 4
sui, 62.385, 4
openup, 98.09666666666668, 3
eurovision2021, 66.50416666666666, 12
eurovisionsongcelebration, 94.42, 2
lithuania, 99.0, 1
marvel, 99.0, 1
efyam, 78.19, 1
youngjae, 78.19, 1
safemoon, 78.19, 1
views, 78.19, 1
anonymus, 78.19, 1
answerishere, 78.19, 1
youtube, 78.19, 1
youtuber, 78.19, 1
instagram, 78.19, 1
music, 78.19, 1
follow, 78.19, 1
like, 78.19, 1
tiktok, 78.19, 1
spotify, 78.19, 1
youtubers, 78.19, 1
video, 78.19, 1
youtubechannel, 78.19, 1
airdrops, 25.77, 1
nftgate, 25.77, 1
nfts, 25.77, 1
rahulgandhi, 25.77, 1
rashmikamandanna, 99.0, 1
trading, 99.0, 1
abba, 92.4, 1
barbarapravi, 46.7425, 4
yearsandyears, 25.77, 1
toutlunivers, 93.0825, 4
touslunivers, 99.0, 1
damianodavid, 1.91, 1
france, 17.816666666666666, 3
hewasrobbed, 25.77, 1
mywinner, 25.77, 1
ratantata, 99.0, 1
ytfc, 99.0, 1
istandwithtwitterindia, 99.0, 1
jguru, 99.0, 1
snekcoin, 99.0, 1
crazyape, 99.0, 1
jg20mvp, 99.0, 1
jgp3, 99.0, 1
bts, 25.77, 1
maskedwolf, 25.77, 1
justinbieber, 25.77, 1
danielcaesar, 25.77, 1
giveon, 25.77, 1
silksonic, 25.77, 1
pink, 25.77, 1
goa, 25.77, 1
oliviarodrigo, 25.77, 1
peleloriano, 60.23, 1
tusse, 25.77, 1
mika, 83.22, 1
thevoice, 83.22, 1
tix, 25.77, 1
destiny, 25.77, 1
eurovisiongr, 25.77, 1
65th, 68.66, 1
anniversary, 68.66, 1
eurovision21, 25.77, 2
italian, 25.77, 1
tout_l_univers, 25.77, 1
repondezmoi, 98.87, 1
eurovisionsongcontest2021, 99.0, 1
goosebumps, 88.52, 1
