mfltwitterati, 99.0, 1
gjonstears, 42.325333333333326, 30
toutlunivers, 37.75307692307692, 13
srfesc, 28.82714285714286, 7
srf, 28.82714285714286, 7
eurovision, 51.362051282051276, 39
esc2021, 38.118333333333325, 18
switzerland, 34.685625, 16
rotterdam2021, 28.82714285714286, 7
openup, 46.27749999999999, 16
teamsrgssr, 33.465, 6
schweiz, 33.465, 6
suisse, 20.9, 5
svizzera, 33.91666666666667, 6
svizra, 25.77, 4
rts, 25.77, 4
rsi, 25.77, 4
rtr, 25.77, 2
turquoisecarpet, 25.77, 1
eurovision2021, 51.14125, 16
treasure, 97.99, 1
katrihelena, 98.18, 3
diditbest, 97.99, 1
whodiditbest, 96.02, 3
albumoftheweek, 81.25, 3
upnext, 81.25, 3
johnnylogan, 72.595, 2
shouldvebeenasingle, 98.56, 1
eurovisionsongcontest, 81.29, 3
egirlmakeup, 70.57, 1
makeuplooks, 70.57, 1
top39, 1.0, 1
suiza, 1.0, 1
escita, 62.385, 2
rotterdam, 25.77, 1
måneskin, 25.77, 1
roxen, 25.77, 1
barbarapravi, 25.77, 1
theroop, 25.77, 1
elenatsagkrinou, 25.77, 1
destiny, 42.093333333333334, 3
hurricane, 25.77, 1
bennycristo, 25.77, 1
stefania, 25.77, 1
eurovision2020, 98.56, 1
song, 98.56, 1
songs, 98.56, 1
music, 98.56, 1
repondezmoi, 98.56, 1
lgbti, 66.07, 1
fyrogflamme, 25.77, 1
maneskin, 50.254999999999995, 2
florida, 25.77, 1
gjon, 25.77, 1
sanmarino, 25.77, 2
senhit, 25.77, 1
adrenalina, 25.77, 1
rap, 25.77, 1
jennyb, 25.77, 1
rappergjon, 25.77, 1
radio, 1.0, 1
newmusic, 1.0, 1
discovermore, 1.0, 1
go_a, 25.77, 2
blascanto, 25.77, 1
vincentbueno, 25.77, 1
ukusuviste, 25.77, 1
ch, 99.0, 1
lasuisse, 66.89, 1
esc, 25.77, 3
interviews, 25.77, 1
world, 25.77, 1
elenatsagrinou, 25.77, 1
lesleyroy, 25.77, 1
edenalene, 25.77, 1
anasoklic, 25.77, 1
spotify, 96.76, 1
tvshow, 96.76, 1
tvshows, 96.76, 1
unitedkingdom, 96.76, 1
italia, 96.76, 1
france, 85.75, 2
semifinal, 25.77, 1
albania, 62.385, 2
greece, 25.77, 1
serbia, 25.77, 1
austria, 25.77, 1
moldova, 25.77, 1
iceland, 25.77, 1
bulgaria, 25.77, 1
finland, 25.77, 1
blog, 74.74, 1
linkinbio, 74.74, 1
german, 74.74, 1
superstar, 74.74, 1
italy, 74.74, 1
malta, 74.74, 1
firstrehearsal, 74.74, 1
rehearsal, 74.74, 1
rotte, 74.74, 1
rai, 99.0, 1
kosovo, 99.0, 1
quote, 25.77, 1
myeurofreaks, 25.77, 1
