eurovision, 67.87533333333334, 60
turquoisecarpet, 99.0, 1
go_a, 72.74697674418604, 43
esc2021, 64.96333333333332, 9
ukraine, 66.44076923076923, 13
shum, 84.51548387096773, 31
eurovision2021, 55.202857142857134, 14
blindchannel, 25.77, 1
openup, 49.16222222222221, 9
theroop, 78.19, 1
rubenrangel, 25.77, 1
rubenrangelart, 25.77, 1
rubenrangelgallery, 25.77, 1
printsart, 25.77, 1
signed, 25.77, 1
bandsart, 25.77, 1
eurovisionart, 25.77, 1
eurovisionsongcontest, 25.77, 2
rotterdam, 62.385, 2
eurovisión, 25.77, 1
malta, 99.0, 1
covid19, 99.0, 1
eurovision2017, 4.35, 1
top39, 25.77, 1
ucrania, 25.77, 1
idinazvuk, 99.0, 1
tronlegacy, 69.6, 1
tron, 71.55, 1
blascanto, 25.77, 1
vincentbueno, 25.77, 1
gjonstears, 25.77, 2
ukusuviste, 25.77, 1
katerynapavlenko, 25.77, 1
escita, 89.84, 1
stefania, 25.77, 1
esc, 25.77, 1
interviews, 25.77, 1
world, 25.77, 1
elenatsagrinou, 25.77, 1
destiny, 25.77, 1
lesleyroy, 60.79, 2
edenalene, 25.77, 1
anasoklic, 25.77, 1
wednesdaymusic, 25.77, 1
russia, 25.77, 1
france, 25.77, 1
performance, 89.18, 1
key, 89.18, 1
facts, 89.18, 1
rehearsal, 25.77, 1
негнипатик, 25.77, 1
jamala, 94.19, 1
ireland, 95.81, 1
maps, 95.81, 1
