eurovision, 62.172500000000035, 584
go_a, 60.69481283422472, 374
eurovision2021, 55.86464705882371, 170
ukraine, 62.867512953368006, 193
maneskin, 60.9576, 25
dancemusic, 96.29, 1
shum, 51.35341463414647, 123
esc, 51.90749999999999, 20
openup, 61.801777777777765, 45
toooldforthisshitnow, 1.23, 1
maneskindamiano, 97.64500000000001, 2
monokate, 96.525, 2
vamily, 96.29, 1
vampirethemasquerade, 96.29, 1
legiosart, 96.29, 1
ххудожества, 96.29, 1
vampire, 96.29, 1
musicfirst, 25.77, 1
jointhedarkside, 97.58, 1
blindchannel, 60.85124999999999, 8
psytrance, 99.0, 1
hardstyle, 99.0, 1
nowplaying, 96.76, 1
ukr, 64.49386363636371, 88
rotterdam2021, 93.77499999999999, 4
springiscoming, 97.19, 1
dancealone, 97.19, 1
theroop, 60.931999999999995, 10
voila, 97.19, 1
eurovisiongr, 50.18, 3
_go_a, 99.0, 1
евровидение, 41.37, 3
євробачення2021, 58.73599999999999, 5
italy, 74.718125, 16
ukrainenow, 31.159032258064503, 31
ukraineeurovision, 84.85999999999999, 4
sbseurovision, 56.201333333333324, 15
esc2021, 54.809491525423724, 59
євробачення, 40.39, 5
eurovisionukraine, 56.76333333333334, 6
eurovisionrussia, 25.77, 1
eurovisionazerbaijan, 25.77, 1
efendi, 25.77, 3
manizha, 42.53, 13
go_a_is_a_true_winner, 99.0, 1
france, 25.77, 2
barbarapravi, 25.77, 5
gjonstears, 62.385, 2
eurovisionsongcontest, 60.485, 8
musicainternacional, 85.87, 1
lithuania, 62.2025, 4
ua, 74.59, 3
thesimsукраїнською, 25.77, 1
måneskin, 63.177692307692304, 13
technicolour, 25.77, 3
finland, 67.538, 5
ukilifeabroad, 84.235, 2
proudtobeukrainian, 99.0, 1
uk, 62.385, 2
brexit, 99.0, 1
europeandivide, 99.0, 1
sui, 99.0, 1
mlt, 97.405, 2
ita, 99.0, 1
eurovison, 73.87333333333333, 3
juryvotemustgo, 99.0, 1
tulia, 2.89, 1
12points, 96.76, 1
escita, 71.99249999999999, 20
eurovisao, 25.77, 1
шум, 40.68666666666667, 3
eurovisionfanart, 89.84, 1
fanart, 89.84, 1
digitaldrawing, 89.84, 1
digitalillustration, 89.84, 1
sketch, 89.84, 1
neverforget, 25.77, 1
witcher3, 25.77, 1
esc2011, 99.0, 1
славаукраїна, 98.56, 1
ukrainian, 65.77999999999999, 3
daðifreyr, 99.0, 1
ucraina, 71.49666666666667, 3
italia, 58.455, 2
portogallo, 91.14, 1
theblackmamba, 91.14, 1
escita2021, 75.98142857142857, 7
voteforukraine, 62.385, 2
europe, 50.855, 2
tix, 25.77, 2
justins1stesc, 25.77, 1
hurricane, 25.77, 2
serbia, 25.77, 1
russia, 25.77, 1
lituania, 25.77, 1
francia, 25.77, 1
azerbaijan, 25.77, 1
norvegia, 25.77, 1
olanda, 25.77, 1
ucrania, 99.0, 1
stereounderground, 25.77, 1
cyberpunk, 99.0, 1
electrofolk, 25.77, 1
ltu, 97.88, 2
esc21, 50.13666666666666, 3
eurovision21, 25.77, 1
denisepipitone, 18.55666666666667, 3
missing, 14.95, 2
friends, 14.95, 2
escrsm, 62.385, 2
favorite, 99.0, 1
bbceurovision, 99.0, 1
grahamnorton, 99.0, 1
sanderlantinga, 99.0, 1
folk, 99.0, 1
ukrain, 46.7, 2
pol, 99.0, 1
teamukraine, 25.77, 1
norway, 25.77, 1
tiktok, 25.77, 1
sabatosangiullare, 25.77, 1
redvcru, 25.77, 1
whatshappeninginmyanmar, 25.77, 1
vettel, 25.77, 1
bellator259, 25.77, 1
luckae, 25.77, 1
royalehigh, 25.77, 1
yieldfarming, 25.77, 1
yoveosalvame, 25.77, 1
genshintwt, 25.77, 1
adoptmetrading, 25.77, 1
ukraineforthewin, 62.385, 2
ідиназвук, 25.77, 2
isl, 95.81, 1
fin, 95.81, 1
eurovisiesongfestival2021, 85.87, 1
rotterdam, 75.7, 3
12pointsgotoukraine, 85.87, 1
goa, 74.54666666666667, 3
12stig, 25.77, 1
harrystyles, 25.77, 1
eurowizja2021, 25.77, 1
eurovisiesongfestival, 25.77, 1
maaneskin, 25.77, 1
portugal, 25.77, 1
vyshyvankaday, 90.49000000000001, 2
crossstitch, 25.77, 1
wholesome, 25.77, 1
sugar, 25.77, 1
wiwijam, 87.425, 2
fmf, 25.77, 1
gamigang, 25.77, 1
trinity, 92.4, 1
kateryna, 92.4, 1
thematrix, 92.4, 1
documentary, 96.76, 1
eurovisionsongcontest2021, 93.61, 1
lviv2022, 25.77, 1
embers, 62.385, 2
mexico, 99.0, 1
damianodavid, 98.87, 1
thomasraggi, 98.87, 1
musicconnect, 98.87, 1
adrenalina, 99.0, 1
eldiablo, 50.18, 3
евробачення, 69.6, 1
eurovisionsemifinal1, 25.77, 1
україна, 62.385, 2
намайдані, 25.77, 1
namaidani, 25.77, 1
semifinal, 25.77, 1
anasoklic, 25.77, 1
voices, 25.77, 1
vasil, 25.77, 1
lesleyroy, 25.77, 1
albina, 25.77, 2
justiceforalbina, 25.77, 1
hooverphonic, 25.77, 1
edenalene, 25.77, 1
roxen, 17.513333333333332, 3
destiny, 50.18, 3
foreverforte, 77.0, 1
uamusic, 93.61, 1
robbed, 99.0, 1
argentina, 25.77, 1
sorelieved, 25.77, 1
eurosemi1, 50.18, 3
lavaletta2022, 98.87, 1
malta, 98.935, 2
tusse, 97.405, 2
sweden, 97.405, 2
ticktock, 25.77, 1
maps, 25.77, 1
russianwoman, 25.77, 1
thewrongplace, 25.77, 1
jemecasse, 25.77, 1
uniquesong, 83.22, 1
grandfinal, 83.22, 1
environment, 83.22, 1
semifinal1, 68.66, 1
blog, 68.66, 1
linkinbio, 68.66, 1
dontcomeforme, 25.77, 1
montaigne, 25.77, 1
elenatsagrinou, 70.65666666666667, 3
ana, 25.77, 1
cyprus, 99.0, 1
savesheikhjarrah, 1.59, 1
palestineunderattack, 1.59, 1
hatari, 1.59, 1
romania, 1.0, 1
diversity, 87.2, 1
quote, 77.0, 1
inspiration, 77.0, 1
motivation, 77.0, 1
qotd, 77.0, 1
iqrtg, 77.0, 1
momswisdom, 77.0, 1
milareacts, 25.77, 1
