eurovision, 55.16855421686749, 83
esc2021, 56.577999999999996, 10
eurovision2021, 60.742200000000004, 50
go_a, 55.820909090909126, 99
manizha, 61.005, 4
ukraine, 56.675714285714285, 35
newmusic, 25.77, 1
technofolk, 25.77, 1
edm, 58.775, 2
shum, 64.623, 40
render, 99.0, 1
blender, 99.0, 1
blender3d, 99.0, 1
animation, 99.0, 1
vidbir, 99.0, 1
шум, 62.385, 2
psytrance, 25.77, 1
rave, 25.77, 1
trance, 25.77, 1
frenchcore, 25.77, 1
billx, 25.77, 1
ukrainianmusic, 25.77, 1
melovin, 25.77, 1
kazka, 25.77, 1
antytila, 25.77, 1
eurovisionfanart, 99.0, 2
katerynapavlenko, 59.12833333333334, 12
blindchannel, 52.436, 5
gjonstears, 13.84, 2
maneskin, 41.763999999999996, 15
damiano, 25.77, 1
victoria, 25.77, 1
thomas, 25.77, 1
ethan, 25.77, 1
italy, 51.870000000000005, 7
finland, 55.82, 2
switzerland, 42.22666666666667, 3
esc, 76.9225, 4
eurovisionsongcelebration, 83.03399999999999, 5
måneskin, 67.082, 5
escukr, 70.21333333333332, 3
escita, 62.30999999999999, 5
eurovisionsongcontest, 74.58999999999999, 3
damianodavid, 47.664, 5
spotify, 25.77, 1
evrovision, 59.69, 2
livedraw, 84.54, 1
shouldhavewon, 84.54, 1
zittiebuoni, 92.435, 2
maneskinfanart, 99.0, 1
måneskinfanart, 99.0, 1
eurivisionitaly, 99.0, 1
eurovisionukraine, 95.70333333333333, 3
ґоу_ей, 99.0, 1
illustration, 71.2, 3
digitalart, 70.21333333333332, 3
heartbreakanthem, 1.0, 1
jordanmccann, 1.0, 1
footstepsonmyshoes, 1.0, 1
damikate, 25.77, 1
procreate, 61.879999999999995, 2
artistontwitter, 49.495, 2
sunny, 98.87, 1
hetgrotesongfestivalfeest, 25.77, 1
charlotteperrelli, 25.77, 1
lordi, 25.77, 1
stefania, 25.77, 1
btc, 99.0, 1
ff, 99.0, 1
vaccineswork, 99.0, 1
vaccinessavelives, 99.0, 1
fortnite, 99.0, 1
ladyhawke, 94.75, 1
chernobyl, 94.75, 1
music, 95.28, 2
жальменіна, 78.19, 1
hadesgame, 78.19, 1
rotterdam, 89.84, 1
endless, 25.77, 1
polyphone, 94.19, 1
eurovision21, 94.19, 1
returntotheroots, 93.61, 1
proud, 99.0, 1
voila, 25.77, 1
ticktock, 25.77, 1
albina, 25.77, 1
france, 13.84, 2
monokate, 25.77, 2
barbarapravi, 1.91, 1
np, 74.74, 1
shiret, 74.74, 1
solovey, 96.76, 1
100daysofmove, 2.89, 1
escfin, 85.87, 1
thedarkside, 85.87, 1
escita2021, 1.0, 1
digitaldrawing, 25.77, 1
streamingbutter, 25.77, 1
rus, 93.61, 1
ukr, 72.79333333333334, 3
spotifycharts, 25.77, 1
viral50, 25.77, 1
weloveyoumanizha, 25.77, 1
eurivision, 99.0, 1
podling, 25.77, 1
zine, 89.84, 1
commission, 89.84, 1
folk, 91.78, 1
openup, 1.91, 1
eurovision2022, 1.91, 1
maaneskin, 25.77, 2
thematrix, 25.77, 1
євробачення2021, 25.77, 1
monokatee, 25.77, 1
dishonored, 25.77, 1
rainradio, 25.77, 1
craiggorman, 25.77, 1
yamankhadzi, 25.77, 1
iдиназвук, 25.77, 1
cdclub, 25.77, 1
catjam, 25.77, 1
україна, 95.81, 1
talant, 95.81, 1
performance, 95.81, 1
folklore, 95.81, 1
song, 95.81, 1
usa, 99.0, 1
