dia_zcc, 25.77, 1
eurovision, 62.44499999999999, 10
esc2021, 69.7025, 4
ukraine, 78.63749999999999, 4
bulgaria, 99.0, 1
roblox, 25.77, 2
go_a, 52.39315789473684, 19
mcdonalds, 25.77, 1
shum, 67.346, 5
python, 25.77, 1
vuuzle, 99.0, 1
vumumusic, 99.0, 1
vuuzletv, 99.0, 1
influencer, 99.0, 1
competition, 99.0, 1
top40, 99.0, 1
music, 99.0, 1
goa, 96.00999999999999, 2
eurovision2021, 45.946, 5
ukrainevsitaly, 1.0, 1
mashup, 98.56, 1
musicsavesthedays, 98.56, 1
noplacelikehome, 98.56, 1
makenoise, 98.56, 1
forearth, 98.56, 1
gogreen, 98.56, 1
italy, 96.76, 1
maneskin, 96.76, 1
go_ashum, 93.02, 1
ukraineeurovision, 93.02, 1
goashum, 93.02, 1
trve, 93.02, 1
openup, 25.77, 1
siyusiyusiyusiyusupremacy, 25.77, 1
nowplaying, 25.77, 1
katerynapavlenko, 25.77, 1
monokate, 25.77, 1
snk, 25.77, 1
sasha, 25.77, 1
draw, 25.77, 1
fanart, 25.77, 1
emiliosantiago, 25.77, 1
bobanmarkovicorkestar, 25.77, 1
шум, 93.61, 1
trance, 93.61, 1
rave, 93.61, 1
frenchcore, 93.61, 1
ffxiv, 85.87, 1
ff14, 85.87, 1
gposers, 85.87, 1
