denisepipitone, 69.83714285714285, 7
eurovision, 51.3618846153848, 260
esc2021, 53.70702127659577, 94
maneskin, 47.67723404255338, 282
italy, 59.66862068965516, 58
championsleaguefinal, 99.0, 1
iceland, 25.77, 1
zittiebuoni, 46.11, 65
france, 73.0642857142857, 7
romania, 98.27, 1
escita, 59.117142857142845, 42
eurovision2021, 50.59610738255043, 149
russialovesmåneskin, 74.11666666666666, 3
måneskin, 44.73034246575349, 146
maaneskin, 58.74666666666667, 6
helpus, 99.0, 1
thisismåneskin, 40.49464285714284, 28
måneskinofficial, 32.77913043478261, 23
mofc, 38.78161290322579, 31
måneskinofficialfanclub, 40.662499999999994, 24
newalbum, 31.939999999999994, 19
teatrodira, 41.135952380952375, 42
ventanni, 40.12208333333333, 24
sanremo, 39.65038461538461, 26
sanremo2021, 40.45259259259259, 27
eurovisionsongcontest, 48.96762711864406, 59
ethantorchio, 50.998000000000005, 5
turquoisecarpet, 50.16555555555556, 9
espana, 99.0, 1
germany, 99.0, 1
openup, 49.09499999999999, 18
victoriadeangelis, 25.77, 1
rotterdam, 47.209999999999994, 16
rotterdam2021, 52.622499999999995, 12
openingceremony, 41.4575, 4
contentcreators, 68.32, 2
alison, 68.32, 2
britishjews, 68.32, 2
arrest, 66.07, 1
seo, 68.32, 2
traffic, 68.32, 2
usa, 68.32, 2
canada, 68.32, 2
arrestme, 70.57, 1
eurovisio2021, 25.77, 2
esc, 70.37875, 8
theroop, 51.98, 2
stuffiebakeoff, 25.77, 1
jeangumacrooy, 72.79333333333334, 3
escplay, 25.77, 1
escplaywinner2021, 25.77, 1
ahoy, 99.0, 1
twelvepoints, 99.0, 1
italia, 55.957499999999996, 4
blindchannel, 41.871428571428574, 7
rome2022, 99.0, 1
gjonstears, 42.093333333333334, 3
roxen, 25.77, 1
barbarapravi, 25.77, 1
elenatsagkrinou, 25.77, 1
destiny, 50.254999999999995, 2
hurricane, 25.77, 1
bennycristo, 25.77, 1
stefania, 25.77, 1
styledbynickcerioni, 83.22, 1
katrihelena, 97.99, 1
eurovisionitaly, 99.0, 1
jendrik, 25.77, 1
epaphotos, 25.77, 1
secondhalf, 25.77, 1
songfestival, 25.77, 1
damianodavid, 19.5775, 4
rehersal, 25.77, 1
thomasraggi, 98.27, 1
vicdeangelis, 43.895, 4
damiano, 98.27, 1
eurivision, 98.27, 1
italian, 99.0, 1
fyrogflamme, 25.77, 1
escitaly, 97.58, 1
rock, 99.0, 1
finland, 25.77, 1
topten, 25.77, 1
topofthemusic, 25.77, 1
album, 25.77, 1
rkomi, 15.165, 2
djharsh, 15.165, 2
tedua, 15.165, 2
capoplaza, 15.165, 2
crudelia, 25.77, 3
thestooges, 25.77, 1
disney, 25.77, 1
cruelladevil, 25.77, 1
missingchildren, 47.964999999999996, 4
missing, 47.964999999999996, 4
missingperson, 47.964999999999996, 4
missingpeople, 47.964999999999996, 4
freepalestine, 47.964999999999996, 4
serbia, 88.52, 1
hiphop, 25.77, 1
spotify, 61.265, 2
writingcommunity, 25.77, 1
lfc, 25.77, 1
museumofthemoon, 25.77, 1
esc2021gr, 25.77, 1
louies, 25.77, 1
bestfanarmy, 25.77, 1
iheartawards, 25.77, 1
wiwi, 99.0, 1
you, 78.19, 1
firstrehearsals, 78.19, 1
rehearsal, 88.595, 2
eurovisionchallenge, 25.77, 1
euroviisut, 99.0, 1
ohmy, 93.61, 1
rockmusic, 99.0, 1
rockstars, 99.0, 1
palestineunderattack, 91.14, 1
eurovisionma, 25.77, 1
cantwait, 99.0, 1
eurovision2020, 25.77, 1
tomleeb, 25.77, 1
rotterdamlive, 97.58, 1
madame, 4.56, 1
guépequeno, 4.56, 1
pinkfloyd, 4.56, 1
mace, 4.56, 1
achillelauro, 4.56, 1
sferaebbasta, 4.56, 1
proud, 99.0, 1
tvshow, 96.76, 1
tvshows, 96.76, 1
unitedkingdom, 96.76, 1
thenetherlands, 93.61, 1
grow, 93.61, 1
shikokuarmy, 25.77, 1
shik, 25.77, 1
blog, 74.74, 1
linkinbio, 74.74, 1
german, 74.74, 1
superstar, 74.74, 1
malta, 74.74, 1
tix, 98.87, 1
efendi, 98.87, 1
foryourlove, 98.87, 1
bobmarley, 25.77, 1
reggae, 25.77, 1
