maneskin, 47.57180198019823, 505
bts, 40.416000000000004, 5
bts_butter, 65.12, 5
lanadelrey, 25.77, 1
damianodavid, 52.92647540983617, 122
måneskin, 49.453300000000134, 200
sketch, 60.42, 4
maaneskin, 55.538, 30
eurovision, 47.38402597402607, 154
heartbreakanthem, 1.0, 2
zittiebuoni, 45.517173913043464, 46
teatrodira, 45.458499999999994, 20
ethantorchio, 48.819090909090896, 22
kpop, 98.56, 1
spotify, 98.56, 1
02knews, 98.56, 1
milkshake, 99.0, 1
healthylifestyle, 99.0, 1
healing, 99.0, 1
coconut, 99.0, 1
mileycyrus, 99.0, 1
tiktok, 62.385, 4
obsessed, 47.305, 2
cruella, 56.23333333333333, 6
crudelia, 69.815, 4
cruelladevil, 57.144999999999996, 2
thisismåneskin, 56.88, 6
måneskinofficial, 39.096000000000004, 5
måneskinofficialfanclub, 42.4275, 4
newalbum, 42.4275, 4
ventanni, 39.096000000000004, 5
sanremo, 50.07000000000001, 5
sanremo2021, 49.51249999999999, 8
eurovisionsongcontest, 41.574999999999996, 24
eurovision2021, 51.075256410256394, 78
esc2021, 46.25548387096773, 31
disney, 92.4, 1
mofc, 25.77, 3
iwannabeyourdog, 25.77, 1
escita, 46.500499999999995, 20
rockmusic, 90.465, 2
hires, 81.93, 1
music, 55.48166666666666, 6
top40, 53.85, 2
oliviarodrigo, 33.63, 5
streamteatrodira, 99.0, 1
damiano, 40.42782608695652, 23
victoriadeangelis, 46.21774193548386, 31
thomasraggi, 51.611052631578936, 19
bowie, 89.18, 1
lou, 89.18, 1
iggy, 89.18, 1
mickj, 89.18, 1
agnelli, 89.18, 1
digitaldrawing, 25.77, 1
дамианодавид, 25.77, 1
eurovisongr, 1.0, 1
maneskinart, 1.0, 1
oursong, 25.77, 2
thereal_ateez, 25.77, 1
에이티즈, 25.77, 1
ateez, 62.385, 2
victoria, 25.77, 4
mäneskin, 25.77, 1
rock, 58.23555555555556, 9
edit, 41.7875, 4
rockband, 25.77, 1
iwannabeyourslave, 25.77, 4
beggin, 25.77, 1
ironmaiden, 25.77, 1
bielorrusia, 1.91, 1
𝓶𝓸𝓸𝓭, 25.77, 1
meme, 35.3, 2
memeskin, 1.0, 1
btsarmy, 87.86, 1
italy, 39.05428571428571, 21
paulmccartney, 25.77, 1
merch, 25.77, 1
art, 25.77, 3
girlpower, 77.0, 1
womenwhorock, 77.0, 1
radiopresenter, 77.0, 1
irishradio, 77.0, 1
blindchannel, 59.846666666666664, 3
finland, 57.144999999999996, 2
youtube, 58.129999999999995, 2
ot4, 80.64, 1
lista, 25.77, 1
chart, 25.77, 1
list, 25.77, 1
newvideo, 25.77, 1
selfie, 1.0, 1
mirror, 1.0, 1
badbitch, 1.0, 1
blonde, 1.0, 1
oldschool, 1.0, 1
katya, 1.0, 1
bigtop40, 1.0, 1
deafrekening, 71.55, 1
vicdeangelis, 43.15428571428571, 7
pencilportrait, 25.77, 1
digitalart, 44.794999999999995, 6
digitalpainting, 75.85, 1
portraitart, 75.85, 1
surrealism, 75.85, 1
surrealportrait, 75.85, 1
contemporaryart, 75.85, 1
serendipity, 80.64, 1
artist, 25.77, 2
artistontwitter, 49.775999999999996, 5
rocknroll, 79.895, 4
portrait, 99.0, 1
artwork, 99.0, 1
creativity, 99.0, 1
eurovisionuk, 25.77, 5
eurovisionitaly, 25.77, 5
eurovisiongr, 25.77, 6
uk, 25.77, 6
nulpoints, 25.77, 5
italyeurovision, 25.77, 5
france, 25.770000000000003, 7
switzerland, 25.77, 6
kissthis, 99.0, 1
russialovesmåneskin, 93.02, 1
btc, 99.0, 1
airdrop, 99.0, 1
dogecoin, 99.0, 1
crypto, 99.0, 1
eurovisionsongcelebration, 63.9365, 20
fashion, 25.77, 1
photography, 25.77, 2
stylish, 25.77, 1
editorial, 25.77, 1
bbc, 80.64, 1
esc, 68.34124999999999, 8
conchitawurst, 80.64, 1
charts, 89.82, 2
singlecharts, 80.64, 1
rotterdam2021, 25.77, 2
voting, 99.0, 1
eurovison, 44.0775, 4
goodjobiamheresolo, 96.76, 1
sundaysession, 99.0, 2
ilballodellavita, 25.77, 2
mermay, 71.55, 1
mermay2021, 71.55, 1
merpeople, 71.55, 1
mermaid, 71.55, 1
water, 71.55, 1
moonlight, 71.55, 1
chiarodiluna, 71.55, 1
procreate, 71.55, 1
wattpad, 1.0, 1
denisepipitone, 60.43124999999999, 8
farcry6, 98.27, 1
chelsea, 98.27, 1
manchestercity, 81.228, 5
jennie, 25.77, 1
rockneverdies, 95.81, 1
lilyrosedepp, 25.77, 1
go_a, 44.0775, 4
gjonstears, 59.085, 2
thomas, 25.77, 1
ethan, 57.805, 2
katerynapavlenko, 25.77, 2
ukraine, 25.77, 2
lovingit, 99.0, 1
asyetuntitledrockshow, 92.435, 2
awesome, 99.0, 2
italy2022, 62.385, 2
mancitychelsea, 98.56, 1
chelseafc, 94.03333333333335, 3
championsleaguefinal, 91.00750000000001, 4
guardiola, 98.56, 1
soccer, 91.55000000000001, 2
mancity, 62.165, 2
championsleague, 98.78, 2
leafsforever, 98.56, 1
happybirthdaytonystark, 69.62333333333335, 3
hiphop, 98.56, 1
rocknrollneverdies, 62.385, 2
duolingo, 25.77, 2
palayeroyale, 99.0, 1
thebastards, 99.0, 1
royalcouncil, 99.0, 1
tour, 62.385, 2
glamrock, 99.0, 1
shum, 62.385, 2
escukr, 25.77, 1
editing, 57.805, 2
editor, 89.84, 1
photoedit, 57.805, 2
givinitlarge, 85.87, 1
live, 85.87, 1
loud, 85.87, 1
happy, 99.0, 1
marasli, 84.54, 1
maturita2021, 84.54, 1
madrid, 55.155, 2
finalchampions, 84.54, 1
uefa, 84.54, 1
debruyneday, 84.54, 1
debruyne, 84.54, 1
ligachampion, 84.54, 1
taste, 25.77, 1
lovestruck, 95.81, 1
lcfc, 25.77, 1
ladygaga, 25.77, 1
laliga, 25.77, 1
laantorchadelosimposibles, 25.77, 1
lacasadepapel, 25.77, 1
larrystylinson, 25.77, 2
larry, 25.77, 3
mufc, 25.77, 1
myheroacademia, 25.77, 1
mtvawards, 25.77, 1
muratyildirim, 25.77, 1
musicfair, 25.77, 1
mellos, 25.77, 1
mihajlovic, 25.77, 1
missuniverse, 25.77, 1
mina, 25.77, 1
euro2020, 25.77, 1
eurosong, 25.77, 1
uclfinal, 69.77, 3
handeercel, 62.385, 2
efyam, 99.0, 1
edser, 99.0, 1
fortnite, 99.0, 1
foodie, 99.0, 1
champions, 99.0, 1
colombia, 99.0, 1
streamiride, 62.385, 2
eurovision2022, 61.322500000000005, 4
illustration, 72.57, 1
fedez, 51.98, 2
dreams, 99.0, 1
saturdayvibes, 99.0, 1
klaus, 25.77, 1
mikaelson, 25.77, 1
klausmikaelson, 25.77, 1
thevampirediaries, 25.77, 1
tvd, 25.77, 1
theoriginals, 25.77, 1
to, 25.77, 1
fancam, 25.77, 1
tvtalk, 25.77, 1
raigiro, 25.77, 1
giroditalia, 25.77, 1
damianocaruso, 25.77, 1
yoongi, 25.77, 1
taehyung, 25.77, 1
covid19, 48.53750000000001, 4
skytg24, 25.77, 1
yoona, 25.77, 1
giro2021, 25.77, 1
canada, 25.77, 1
manchestercitychelsea, 25.77, 1
brightwin, 25.77, 1
quote, 13.385, 2
supermoon, 25.77, 1
butterhotterremix, 25.77, 1
catchmeontheplanetoitaly, 25.77, 1
ocart, 69.6, 1
gorillaz, 84.54, 1
thisismaneskin, 25.77, 1
onedirection, 42.846666666666664, 3
miraculousladybug, 77.0, 1
strangerthings, 77.0, 1
lucifernetflix, 77.0, 1
harrystyles, 33.088571428571434, 7
moots, 77.0, 2
rt, 77.0, 1
fiverr, 25.77, 1
amcstrong, 25.77, 1
criticalrolespoilers, 25.77, 1
quotes, 25.77, 1
effzeh, 25.77, 1
taemin, 25.77, 1
screenshotsaturday, 25.77, 1
services, 25.77, 1
ipl2021, 25.77, 1
1d, 25.77, 1
coraline, 7.975, 4
lisa, 99.0, 1
måneskinedit, 25.77, 1
samanthacristoforetti, 79.41, 1
italia, 87.08, 2
annoitaliano, 79.41, 1
prouditalian, 79.41, 1
anxiety, 4.13, 1
agoraphobia, 4.13, 1
gntm, 1.0, 1
baby, 1.0, 1
nastybory, 1.0, 1
alicepagani, 1.0, 1
fanart, 62.385, 4
medicine, 25.77, 2
backingtrack, 89.84, 1
midi, 89.84, 1
theweeknd, 57.805, 2
elvis, 89.84, 1
wip, 25.77, 1
itsinthename, 25.77, 1
dabi, 95.81, 1
bnha, 95.81, 1
dabifanart, 95.81, 1
francia, 98.56, 1
b99, 98.27, 1
iconic, 25.77, 1
charismatic, 81.93, 1
electrifying, 81.93, 1
winners, 81.93, 1
fakeaccounts, 99.0, 1
fakeprofiles, 99.0, 1
maneskinescplus, 36.23142857142857, 7
theoedipusproject, 25.77, 1
gucci, 25.77, 1
etro, 25.77, 1
fuoriditesta, 25.77, 1
29maggio, 25.77, 1
ilvocio, 25.77, 1
pillon, 25.77, 1
sessismo, 25.77, 1
maschilismo, 25.77, 1
ddlzan, 25.77, 1
joecephusandthegeorgejonestownmassacre, 25.77, 1
stilljamming, 99.0, 1
jonnydepp, 25.77, 1
wokeuplikethis, 25.77, 1
ilvolo, 25.77, 1
mahmood, 25.77, 1
ermalmeta, 25.77, 1
fabriziomoro, 25.77, 1
francescogabbani, 25.77, 1
masterpiece, 99.0, 1
yungblud, 62.019999999999996, 2
mannkibaat, 1.91, 1
narendermodi, 1.91, 1
justiceforsushantsinghrajput, 1.91, 1
justiceforrahulkhan, 1.91, 1
cancelcbse12thboardexams2021, 1.91, 1
rockandrollneverdies, 62.385, 2
foryourlove, 94.75, 1
openup, 77.0, 1
folkmusic, 25.77, 1
tamburello, 25.77, 1
italianfolk, 25.77, 1
percussion, 25.77, 1
newreleases, 25.77, 1
rockshow, 25.77, 1
medienbc, 53.85, 2
nedediyseyapti, 25.77, 1
palestine, 25.77, 1
paronacional, 25.77, 1
safemoon, 25.77, 1
soscolombianosestanmatando, 25.77, 1
covid19gesetz, 81.93, 1
lockdown, 81.93, 1
shy, 1.42, 1
boobs, 1.42, 1
curvy, 1.42, 1
curvygirl, 1.42, 1
mistress, 1.42, 1
footfetish, 1.42, 1
oggicosi, 1.42, 1
mypixeldiary, 1.42, 1
onlyfans, 1.42, 1
fetishphotography, 1.42, 1
fetish, 1.42, 1
bustywoman, 1.42, 1
bustynaturals, 1.42, 1
bustycosplay, 1.42, 1
curvywoman, 1.42, 1
curvystyle, 1.42, 1
curvymodel, 1.42, 1
bdsm, 1.42, 1
bbw, 1.42, 1
linkinbio, 1.42, 1
saturdaymorning, 13.594999999999999, 2
saturdaythoughts, 1.42, 1
poetry, 93.02, 1
poetrycommunity, 93.02, 1
poem, 93.02, 1
eurovisionfanart, 99.0, 1
maneskinfanart, 99.0, 1
måneskinfanart, 99.0, 1
eurivisionitaly, 99.0, 1
eurovisionukraine, 99.0, 1
шум, 99.0, 1
ґоу_ей, 99.0, 1
italian, 25.77, 2
learnitalian, 25.77, 1
jimin, 25.77, 1
btsfanart, 25.77, 1
tassadisuccessione, 25.77, 1
alexanderrybak, 25.77, 1
eurovisionchallenge, 25.77, 1
iceland, 94.75, 1
esc2022, 94.75, 1
saturday, 25.77, 1
abujatwittercommunity, 25.77, 1
nigeria, 25.77, 1
hope, 25.77, 1
wap, 1.0, 1
carolina, 25.77, 1
italianrock, 91.14, 1
wiwijam, 25.77, 1
banger, 25.77, 1
btsxrollingstone, 99.0, 1
chile, 99.0, 1
kimtaehyung, 25.77, 1
clarkgable, 25.77, 1
reuters, 25.77, 1
newscomimages, 25.77, 1
newscom, 25.77, 1
photosoftheweek, 25.77, 1
ncedpics, 25.77, 1
israel, 25.77, 1
greece, 25.77, 1
fire, 25.77, 1
eurovisison, 25.77, 1
rockstar, 99.0, 1
rockamring, 25.77, 1
germany, 25.77, 1
hottiesformåneskin, 25.77, 2
atx, 99.0, 1
livemusic, 99.0, 1
bands, 99.0, 1
eurovisionrtve, 1.0, 1
eurovisionsongcontest2021, 13.385, 2
propagandalive, 25.77, 2
hodl, 25.77, 1
lareinadelflow2, 25.77, 1
milan, 25.77, 2
camargue, 25.77, 1
santasara, 25.77, 1
sinti, 25.77, 1
romanesc, 25.77, 1
nomadland, 25.77, 1
friendsreunion, 25.77, 3
childrensday2021, 25.77, 1
missingperson, 25.77, 1
berlin2021, 25.77, 1
monacogp, 25.77, 1
onepiece1014, 55.155, 2
chicagopd, 25.77, 1
officialuk, 25.77, 1
europe, 25.77, 1
italianspeaker, 25.77, 1
iihfworlds, 25.77, 1
mls4spoilers, 55.155, 2
viral, 25.77, 1
ffxiv, 25.77, 1
loki, 25.77, 1
tiktokviral, 25.77, 1
tiktokchallenge, 25.77, 1
youtuber, 25.77, 1
kardashians, 25.77, 1
anastacia, 25.77, 1
vendredisein, 84.54, 1
wolfgang, 84.54, 2
luciferseason5b, 84.54, 1
welcomealaba, 84.54, 1
gendarmes, 84.54, 1
ไบร์ทวิน, 84.54, 1
qatar2022, 84.54, 1
emmys2019, 84.54, 1
queen, 25.77, 2
daddyissues, 25.77, 1
hyprtribes, 25.77, 1
allguitarnetwork, 25.77, 1
top, 25.77, 1
cover, 25.77, 1
maneskinsong, 25.77, 1
guitar, 25.77, 1
rockandroll, 41.92333333333333, 3
todayimwearing, 25.77, 1
70s, 25.77, 1
maneskinofficial, 25.77, 1
maneskinedit, 25.77, 1
stream, 25.77, 1
poop, 73.10499999999999, 2
pop, 73.10499999999999, 2
bucksfizz, 73.10499999999999, 2
abba, 66.095, 4
boomchicago, 73.10499999999999, 2
harrypotter, 98.27, 1
severussnape, 98.27, 1
xfactor, 25.77, 1
crush, 96.76, 1
edits, 25.77, 1
photoshop, 25.77, 1
coverart, 25.77, 1
mattlongandtherevenantones, 98.27, 1
streammåneskin, 25.77, 1
soscolombia, 25.77, 1
kaeya, 98.27, 1
原神, 98.27, 1
genshinimpact, 98.27, 1
redraw, 98.27, 1
chiaraferragni, 25.77, 1
sidharthmalhotra, 25.77, 2
tccandler, 25.77, 4
100faces2021, 25.77, 1
nowplaying️, 98.87, 1
tix, 99.0, 1
amici20, 25.77, 1
ameamici20, 25.77, 1
giuliastabile, 25.77, 1
top10, 25.77, 1
album, 25.77, 3
sangiovanni, 25.77, 1
ernia, 25.77, 1
aka7even, 25.77, 1
deddy, 25.77, 3
playmobil, 99.0, 1
officialcharts, 99.0, 1
topten, 25.77, 2
topofthemusic, 25.77, 2
singoli, 25.77, 2
rkomi, 25.77, 2
juniork, 25.77, 1
damikate, 25.77, 1
drawing, 99.0, 1
pinkpop, 25.77, 1
mojoconcerts, 25.77, 1
itsabanger, 95.81, 1
malibù, 25.77, 1
lady, 25.77, 1
slovakia, 25.77, 1
newmusic, 25.77, 1
newmusicdaily, 25.77, 1
newrelease, 25.77, 1
vic, 99.0, 1
mianiversariodetwitter, 99.0, 1
100mostbeautifulfaces2021, 25.77, 1
100mosthandsomemen2021, 25.77, 1
tbworld2021, 25.77, 1
japan, 25.77, 1
belgique, 25.77, 1
china, 25.77, 1
jungkook, 25.77, 1
freebts, 25.77, 1
elmo, 25.77, 1
najila, 25.77, 1
pink, 25.77, 2
adele, 25.77, 1
twentyonepilots, 25.77, 1
coldplay, 25.77, 1
theblackkeys, 25.77, 1
daftpunk, 25.77, 1
100mosfaces2021, 25.77, 2
clemeskin, 25.77, 1
justinbieber, 25.77, 1
maskedwolf, 25.77, 1
riton, 25.77, 1
silksonic, 25.77, 1
arianagrande, 25.77, 1
tiesto, 25.77, 1
lapauradelbuio, 25.77, 1
maneskindamiano, 13.385, 2
michaelfassbender, 99.0, 1
felipefernándezlaser, 99.0, 1
harries, 25.77, 1
dressuptimeprincess, 25.77, 1
timeprincess, 25.77, 1
maneskinxateez, 99.0, 1
eccentric, 1.0, 1
unique, 1.0, 1
beyourself, 1.0, 1
motivation, 1.0, 1
friendsthereunion, 25.77, 1
criticalrole, 25.77, 1
wolfgangoutnow, 25.77, 1
seriea, 25.77, 1
escitalia, 25.77, 1
barbarapravi, 92.4, 1
straykids, 84.54, 1
sidhartmalhotra, 25.77, 1
