maneskin, 54.00768583450182, 713
måneskin, 48.74843416370129, 281
måneskinfandom, 99.0, 2
rockband, 98.27, 1
eurovision, 49.31214814814826, 135
rocksong, 98.27, 1
rock, 56.107142857142854, 7
glamrock, 77.90200000000002, 5
eurovision2021, 43.079529411764696, 85
rockandroll, 62.019999999999996, 2
rockandrollneverdies, 62.019999999999996, 2
procreateart, 41.17666666666667, 3
digitalpainting, 25.77, 1
damianodavid, 49.383739130434826, 115
maneskinintegration, 99.0, 1
lesmis, 25.77, 1
barricadeday, 25.77, 1
enjolras, 25.77, 1
enjoltaire, 25.77, 1
childrenofthebarricade, 25.77, 1
lesmiserables, 25.77, 1
jennie, 86.53, 1
rose, 86.53, 1
benbarnes, 86.53, 1
tiktok, 52.95124999999999, 8
blindchannel, 43.517500000000005, 4
coraline, 50.18000000000001, 6
damiano, 36.11285714285714, 28
victoriadeangelis, 53.137567567567565, 37
ethantorchio, 53.25459459459459, 37
thomasreggi, 25.77, 1
eurovision2022, 25.77, 4
mileycyrus, 34.92375, 8
sangiovanni, 25.77, 5
aka7even, 25.77, 4
rkomi, 25.77, 5
maneskinescplus, 25.77, 1
deezer, 83.22, 1
playlist, 83.22, 2
share, 83.22, 2
retweet, 83.22, 2
spotify, 59.164, 5
vicdeangelis, 55.062, 5
thomasraggi, 60.04916666666667, 24
zittiebuoni, 50.18957746478872, 71
juventus, 25.77, 1
pride2021, 25.77, 1
pride, 93.60444444444445, 9
esc2021, 40.59138888888887, 36
esc2022, 73.64, 1
trance, 99.0, 1
trancefamily, 99.0, 1
psytrance, 99.0, 1
remix, 99.0, 1
techtrance, 99.0, 1
wearetechy, 99.0, 1
freebritney, 98.63499999999999, 2
maneskintournament, 74.58999999999999, 3
makeup, 62.385, 2
artistontwitter, 99.0, 2
teatrodira, 36.692916666666655, 48
escita, 36.30363636363636, 22
esc, 34.97, 22
shipping, 25.77, 1
fire, 25.77, 1
fitness, 25.77, 1
maaneskin, 38.67045454545453, 22
disneyplushotstarmy, 25.77, 1
clubhousexks, 25.77, 1
amazon, 25.77, 1
podcast, 14.33, 2
cruella, 92.4, 1
emmastone, 92.4, 1
crudelia, 92.4, 1
eurovisionuk, 25.770000000000003, 10
eurovisionitaly, 25.77, 12
eurovisionsongcontest, 40.5142857142857, 35
eurovisiongr, 25.770000000000003, 10
italy, 68.51109999999993, 100
uk, 25.770000000000003, 10
nulpoints, 25.770000000000003, 10
italyeurovision, 25.770000000000003, 10
france, 25.770000000000003, 10
switzerland, 25.770000000000003, 10
rockisalive, 25.77, 1
del40al1cocacola, 98.56, 1
music, 74.29466666666667, 15
dreams, 99.0, 1
authenticity, 99.0, 1
lastfm, 25.77, 2
smile, 92.4, 2
rocknroll, 94.998, 5
artists, 25.77, 1
rockrevelation, 14.95, 2
maneskinofficial, 67.00857142857143, 7
maneskinfans, 60.26, 2
sonydancingrobot, 25.77, 1
sonyrolly, 25.77, 1
tiziaparty, 25.77, 1
musician, 25.77, 1
fanart, 82.42833333333333, 6
glee, 25.77, 1
corymonteith, 25.77, 1
nickiminaj, 1.0, 1
caturday, 25.77, 1
kittensoftwitter, 25.77, 1
kitten, 25.77, 1
catsoftwitter, 25.77, 1
readyfortheweekend, 25.77, 1
rkgk, 99.0, 1
hwasa, 76.89196428571418, 112
화사, 72.57, 1
shadowandbone, 25.77, 1
rt, 62.385, 2
speedpaint, 99.0, 1
radiofriendly, 99.0, 1
ffs, 99.0, 1
skyrim, 25.77, 1
дамианодавид, 99.0, 1
digitalart, 57.208571428571425, 7
iwannabeyourslave, 70.7911111111111, 9
shoptrenz, 67.75, 1
shopwithme, 67.75, 1
shopping, 67.75, 1
shoponline, 67.75, 1
tshirt, 46.76, 2
shirts, 67.75, 1
pumas, 67.75, 1
topten, 25.77, 2
topofthemusic, 25.77, 2
singoli, 25.77, 2
juniork, 25.77, 1
riton, 25.77, 1
nightcrawlers, 25.77, 1
colapescedimartino, 25.77, 1
silwan, 1.0, 1
savesheikhjarrah, 39.595, 2
savesilwan, 39.595, 2
savepalestine, 39.595, 2
freepalaestine, 1.0, 1
palestine, 39.595, 2
palestinianlivesmatter, 1.0, 1
palestinewillbefree, 39.595, 2
freepalestine, 78.19, 1
jerusalem, 78.19, 1
injustice, 78.19, 1
free_palestine, 78.19, 1
album, 25.77, 2
deddy, 25.77, 1
hatari, 25.77, 1
hatridmunsigra, 25.77, 1
officialchart, 25.77, 1
bbcr1, 25.77, 1
malibù, 25.77, 1
loca, 25.77, 1
teatrodiravol1, 25.77, 1
taxidriver, 25.77, 1
hannibal, 25.77, 1
hannibalnbc, 25.77, 1
nbchannibal, 25.77, 1
cosplay, 25.77, 1
hannibalcosplay, 25.77, 1
freddielounds, 25.77, 1
savehannibal, 25.77, 1
hannibaldeservesmore, 25.77, 1
painting, 62.385, 2
isitok, 99.0, 1
02knews, 80.53, 2
spotifycharts, 62.276666666666664, 3
southkorea, 80.53, 2
rockdesert, 25.77, 1
ykaaar, 25.77, 1
ercobbra, 25.77, 1
ethaneskin, 25.77, 1
fmf, 25.77, 1
fridaybeats, 25.77, 1
tokiohotel, 13.385, 2
mäneskin, 25.77, 3
britneyspears, 25.77, 1
sweet, 99.0, 1
sanremo2021, 44.817142857142855, 7
cc__art, 25.77, 1
mamamoo, 25.77, 2
bi, 49.876666666666665, 3
oliviarodrigo, 52.916, 5
txt, 48.370999999999995, 10
tomorrowxtogether, 71.01333333333334, 3
moby, 71.01333333333334, 3
pink, 52.916, 5
monsta_x, 25.77, 1
adele, 71.01333333333334, 3
daftpunk, 25.77, 1
italywon, 99.0, 1
mofc, 40.56954545454544, 22
måneskinofficialfanclub, 42.925217391304336, 23
stadia, 98.56, 1
esc250, 79.75, 2
i, 62.385, 2
etsy, 99.0, 1
etsysale, 99.0, 1
etsyfinds, 99.0, 1
smallbusiness, 99.0, 1
globolixo, 99.0, 1
love, 77.79586206896546, 116
checkitout, 99.0, 1
apparel, 99.0, 1
jewelry, 99.0, 1
friendsreunion, 25.77, 1
onetake, 25.77, 1
freestyle, 25.77, 1
independentartist, 25.77, 1
unsignedartist, 25.77, 1
underground, 25.77, 1
hiphop, 25.77, 1
wattpad, 25.77, 1
learnitalian, 70.57, 1
languagelearning, 70.57, 1
ukrainevsitaly, 1.0, 1
go_a, 48.88, 2
sugardaddys, 97.58, 1
feetpicsforsale, 97.58, 1
butterhotterremix, 97.58, 1
sugardaddylegit, 97.58, 1
gashrat, 25.77, 1
italian, 52.95666666666667, 3
motivation, 43.66, 2
paparazzi, 99.0, 1
rocknrollneverdies, 43.65, 3
youtube, 77.63, 2
sandiboners, 99.0, 1
darklingsearchingforredemption, 99.0, 1
maneskiniwannabeyourslave, 25.77, 1
maneskinitaly, 25.77, 1
epsreaction, 25.77, 1
italyreaction, 25.77, 1
art, 51.181, 10
artwork, 67.22333333333333, 6
johnnydepp, 99.0, 1
draw, 99.0, 1
maneksin, 99.0, 1
artistsontwitter, 86.87, 2
canada, 79.41, 1
pridemonth, 96.305, 2
loveislove, 61.02333333333334, 3
artist, 84.175, 2
artistontwittter, 93.61, 1
rocknrollart, 93.61, 1
creativity, 93.61, 1
arte, 93.61, 1
retrato, 93.61, 1
portrait, 59.69, 2
criatividade, 93.61, 1
nice, 71.55, 1
transition, 25.77, 1
foryou, 25.77, 1
viral, 25.77, 2
trendontiktok, 25.77, 1
fyp, 25.77, 1
4you, 25.77, 1
foryoupage, 25.77, 2
efentix, 99.0, 1
whatsapp, 25.77, 1
ukraine, 96.76, 1
naruto, 88.52, 1
наруто, 88.52, 1
akatsuki, 88.52, 1
hidan, 88.52, 1
itachi, 88.52, 1
deidara, 88.52, 1
акацуки, 88.52, 1
хидан, 88.52, 1
итачи, 88.52, 1
дейдара, 88.52, 1
tsoi, 70.57, 1
kino, 70.57, 1
iconic, 88.52, 1
barcelona, 88.52, 1
spain, 88.52, 1
streetart, 88.52, 1
esc21, 88.52, 1
tomhiddleston, 25.77, 3
thenightmanager, 25.77, 2
jonathanpine, 25.77, 2
loki, 25.77, 1
lokiseries, 25.77, 1
eurovisionsongcontest2021, 25.77, 1
harrystyles, 25.77, 4
måneskinfeatmileycyrus, 25.77, 1
writing, 92.4, 1
procrastination, 92.4, 1
sopretty, 92.4, 1
writingcommunity, 92.4, 1
foryourlove, 25.77, 1
bussin, 25.77, 1
pikujean, 1.0, 1
shingekinokyojin, 1.0, 2
attackontitan, 1.0, 2
aot, 1.0, 2
snk, 1.0, 2
jeanpiku, 1.0, 1
fingerstein, 1.0, 1
jeankirstein, 1.0, 2
pieckfinger, 1.0, 1
ethan, 37.885, 4
edit, 44.0775, 4
editmaneskin, 25.77, 1
xfactor, 62.385, 2
editdamiano, 25.77, 1
selahsue, 25.77, 1
onlyyou, 25.77, 1
openup, 44.355, 2
bluespills, 75.85, 1
sims4, 25.77, 1
monstax, 61.93, 2
joy, 93.635, 2
joy_hello, 93.635, 2
dmx, 93.635, 2
skyuno, 85.87, 1
xf11, 85.87, 1
damianwayne, 96.76, 1
damian, 96.76, 1
hashtags, 96.76, 1
popularhashtags, 96.76, 1
petty, 1.0, 1
fanpage, 62.385, 2
appreciationpost, 99.0, 1
augustd, 25.77, 1
buzzing, 25.77, 1
leparolelontane, 25.77, 1
ilballodellavita, 60.53, 2
må, 25.77, 3
maneskintranslated, 25.77, 1
baronzemo, 25.77, 1
zemodancing, 25.77, 1
coralinemåneskin, 1.0, 1
thisismåneskin, 47.99166666666667, 6
måneskinofficial, 52.436, 5
newalbum, 52.436, 5
ventanni, 47.99166666666667, 6
sanremo, 52.436, 5
rotterdam2021, 70.21333333333332, 3
halsey, 25.77, 1
bigbang, 99.0, 1
oneokrock, 99.0, 1
maneskindamiano, 25.77, 3
illustration, 50.254999999999995, 2
workinprogress, 25.77, 1
trastevere, 93.02, 1
politicallyretro, 25.77, 1
meme, 25.77, 1
pokemon, 25.77, 1
foreverforte, 99.0, 1
ebu, 25.77, 1
kosovo, 25.77, 2
kodovo, 25.77, 1
ebusayyestokosovo, 25.77, 1
drawing, 42.09333333333333, 3
travel, 25.77, 1
mistermisery, 80.64, 1
maneskinfanart, 25.77, 1
lividisuigomiti, 25.77, 1
maneskintraslated, 25.77, 1
musicdaily, 94.19, 1
rockneverdies, 77.0, 1
txt_freeze, 41.525, 2
hunterxhunter, 25.77, 1
illumizoldyck, 25.77, 1
hxh, 25.77, 1
btsbackwithbutter, 62.24, 1
btsarmy, 33.06400000000001, 5
bts, 51.977058823529404, 17
buttertoday, 62.24, 1
bts_butter, 33.06400000000001, 5
nextgenit, 25.77, 2
michaeljackson, 99.0, 1
investigatespotify, 25.77, 1
nftcollector, 78.19, 4
nftart, 78.19, 4
tommy, 77.21180851063816, 94
happypridemonth, 76.64714285714285, 7
nfts, 78.54043478260873, 23
nftcommunity, 78.19, 4
sweater, 79.33013333333325, 75
giftideas, 78.81249999999989, 84
women, 77.42385964912275, 114
luxury, 77.27303571428563, 112
fashion, 76.18042553191486, 47
yellow, 78.19, 4
all, 76.51314814814802, 108
season, 78.19, 4
discount, 76.51314814814802, 108
germany, 79.33013333333325, 75
cyber, 78.19, 4
coinmarketcap, 78.19, 4
handmade, 77.42385964912275, 114
buy, 78.19, 4
crypto, 79.21749999999999, 12
bts_agustd, 71.55, 1
cozy, 79.39436619718303, 71
wool, 79.39436619718303, 71
thomas, 75.58699115044239, 113
solar, 97.78999999999999, 4
sweden, 97.78999999999999, 4
moonbyul, 97.78999999999999, 4
usa, 77.48818181818169, 99
magicshopbar, 78.01105263157882, 95
summer, 97.78999999999999, 4
warm, 97.78999999999999, 4
bitcoin, 79.39436619718303, 71
genshinimpact, 97.78999999999999, 4
takamori, 97.78999999999999, 4
infinity, 73.7579487179487, 39
scarf, 73.7579487179487, 39
seasons, 76.44865384615372, 104
giftidea, 73.53566666666669, 30
moonbuyl, 73.50066666666666, 15
knitting, 73.7579487179487, 39
clothes, 73.7579487179487, 39
투모로우바이투게더, 70.91, 2
0x1lovesong, 57.28, 1
tomorrow_x_together, 33.6475, 4
thechaoschapter, 57.28, 1
hear, 25.77, 1
ita, 25.77, 1
musica, 60.26, 2
maneskiningreece, 25.77, 1
maneskineuropeantour, 25.77, 1
haechan, 78.29611940298504, 67
vilnius, 78.29611940298504, 67
trending, 76.54999999999987, 100
casual, 78.06307692307689, 65
noa_melanie_lyrics, 63.69, 1
pridemonth2021, 87.23, 3
lgbtqia, 63.69, 1
nowplaying, 61.675, 2
butter, 25.77, 2
mtvchartattack, 25.77, 2
chartattack, 25.77, 2
bulge, 96.76, 1
uovo, 25.77, 1
fratelli, 25.77, 1
방탄소년단, 25.77, 2
theweeknd, 25.77, 2
justinbieber, 25.77, 2
dualipa, 25.77, 2
thanks, 99.0, 1
victoria, 17.513333333333332, 3
italia, 25.77, 2
butter1onhot100, 52.589999999999996, 2
got_army_behind_us, 83.965, 2
scaledandicy, 50.040000000000006, 4
artistoftheyear, 74.74, 1
characterart, 74.74, 1
characterdesign, 74.74, 1
sketch, 74.74, 1
illustrationart, 74.74, 1
commission, 74.74, 1
designer, 74.74, 1
gretavanfleet, 1.0, 1
maneskinpoland, 97.58, 1
diy, 97.58, 1
breakthefreeze, 84.54, 1
suga, 38.32, 5
슈가, 25.77, 1
ifykyk, 25.77, 1
maneskinvictoria, 25.77, 1
turkey, 25.77, 1
cowboybebop, 25.77, 1
minyoongi, 57.144999999999996, 2
rollinguptofesta, 25.77, 2
agustd, 62.019999999999996, 2
lyrics, 25.77, 1
latest, 25.77, 1
iwannabeyourslavelyrics, 25.77, 1
damianodaviddam, 25.77, 1
twentyonepilots, 92.4, 1
zurenaweek, 95.29, 1
zurena, 95.29, 1
bighit, 25.77, 1
aguts, 25.77, 1
seperateways, 25.77, 1
welcometotherevolt, 77.0, 1
getitletitroll, 88.52, 1
d2, 88.52, 1
agust, 98.27, 1
dune, 25.77, 1
myedit, 25.77, 1
cryptoart, 74.74, 1
topcanciones, 25.77, 1
mypoliceman, 25.77, 1
dontworrydarling, 25.77, 1
100mosthandsomemen2021, 43.722500000000004, 4
viral50japan, 25.77, 1
omfg, 25.77, 1
tseng, 99.0, 1
turkseurovisionau, 99.0, 1
therequesthour, 25.77, 1
abba, 89.18, 1
coldplay, 89.18, 1
propagandalive, 25.77, 1
1giugno, 25.77, 1
bisexual, 99.0, 1
hardline, 99.0, 1
justsayin, 1.0, 1
bts_be, 99.0, 1
perfect10countdown, 94.75, 1
digitalillustration, 96.76, 1
jungkook, 99.0, 1
namjoon, 99.0, 1
drums, 75.85, 1
cover, 75.85, 1
band, 75.85, 1
maneskinedit, 62.385, 2
wafia, 25.77, 1
heartburn, 25.77, 1
throwback, 25.77, 1
manofsteel, 78.19, 1
belarus, 78.19, 1
investment, 78.19, 1
onthisday, 78.19, 1
jasonmiller, 78.19, 1
jjredminote10pro, 78.19, 1
uae, 78.19, 1
mcflyetcarlito, 99.0, 1
chanyeol, 99.0, 1
gulfkanawut, 99.0, 1
achillelauro, 25.77, 1
oriettaberti, 25.77, 1
amemici20, 25.77, 1
overwatchcosplay, 98.27, 1
overwatchdiva, 98.27, 1
jfcjustinbieber, 94.75, 2
eurovison, 69.6, 1
procreate, 78.89, 2
theroop, 25.77, 1
ocart, 25.77, 1
ericsaade, 79.41, 1
botsrising, 25.77, 1
brunomars, 25.77, 1
rauwalejandro, 25.77, 1
woodz, 25.77, 1
maneskintwt, 98.87, 1
marauders, 25.77, 1
scketchbook, 81.93, 1
procreateartist, 81.93, 1
ipadprocreate, 81.93, 1
maneskinmerch, 25.77, 1
streamingbutter, 25.77, 2
kissthis, 99.0, 1
jeankasa, 1.0, 1
streammåneskin, 25.77, 2
menindresses, 99.0, 1
bowie, 99.0, 1
lordi, 2.89, 1
diman, 2.89, 1
disinfectpodcast, 2.89, 1
merchandising, 25.77, 1
be_bts, 25.77, 1
officialcharts, 99.0, 1
newmerch, 25.77, 1
tzvip, 25.77, 1
cdcover, 99.0, 1
coverart, 99.0, 1
editing, 99.0, 1
манескин, 99.0, 1
holy, 25.77, 1
everywhere, 25.77, 1
quote, 25.77, 1
drdevanghdattani, 25.77, 1
devang, 25.77, 1
dattani, 25.77, 1
infinite, 25.77, 1
srisrisri, 25.77, 1
ddd, 25.77, 1
theblisscity, 25.77, 1
popmaster, 25.77, 1
meditation, 25.77, 1
psychology, 25.77, 1
imsu, 25.77, 1
owerri, 25.77, 1
yoga, 25.77, 1
vaccinatie, 25.77, 1
philosophy, 25.77, 1
nature, 25.77, 1
moonshot, 25.77, 1
khuxspoilers, 25.77, 1
photography, 25.77, 1
escitalia, 99.0, 1
romania, 25.77, 1
anotherdimension, 25.77, 1
dropthemfmerchalready, 25.77, 1
rome, 25.77, 1
månaskin, 25.77, 1
rockstar, 25.77, 1
iaintevenmad, 25.77, 1
me, 99.0, 1
zittiebouni, 25.77, 1
ineedartprint, 95.81, 1
ineed, 95.81, 1
artprint, 95.81, 1
ineedposter, 95.81, 1
арт, 25.77, 1
sweatshirt, 92.4, 1
maneskineurovision, 63.402, 5
maneskinwinner, 63.402, 5
italianband, 72.81, 4
alternativerock, 88.49000000000001, 3
poprock, 72.81, 4
italianrockband, 72.81, 4
newreleases, 25.77, 1
newmusicmonday, 25.77, 1
chelseachampions, 25.77, 1
manofmassesntr, 25.77, 1
ozoemena, 25.77, 1
fifa21, 25.77, 1
hoodies, 25.77, 1
notsorry, 2.7, 1
rockout, 2.7, 1
bankholidaymonday, 2.7, 1
hoodie, 86.535, 2
igerseurovision, 94.75, 1
igersitalia, 94.75, 1
igersmaneskin, 94.75, 1
inlove, 94.75, 1
manonmankissmonday, 99.0, 1
needshirt, 25.77, 1
यूपी_के_शिक्षामित्रों_का_दर्द, 6.73, 1
हम_22प्रतिज्ञाएं_लिखेंगे, 6.73, 1
galiwalimadam, 6.73, 1
btsmeal, 6.73, 1
soscolombianosestanmatando, 6.73, 1
rocklives, 99.0, 1
