eurovision, 55.39957848638552, 7307
maneskin, 52.22334054443688, 5547
måneskin, 53.489642058164975, 894
damianodavid, 50.50215384615394, 130
escita2021, 50.37292237442943, 438
escita, 50.322831594634096, 1342
biblia, 25.77, 1
jesus, 25.77, 1
ricardoclaurepeñaloza, 25.77, 1
sinfoniascelestiales, 25.77, 1
profecias, 25.77, 1
33añosdeministerio, 25.77, 1
salvarelalmahastadelultimohombre, 25.77, 1
monacogp, 54.434999999999995, 12
해찬이와시즈니, 60.79, 2
yenileceksiniz, 40.06666666666666, 3
후즈팬_1주년_축하해, 45.314102564102555, 39
난_에리고_넌_스밍, 25.77, 1
carryminati, 60.79, 2
xiumin, 59.792857142857144, 7
mancity, 25.77, 2
eurovision2021, 57.353230500582455, 1718
dragonsblood, 99.0, 1
eurovision2022, 53.93964285714286, 28
italy, 62.42491923641708, 1362
damiano, 43.06771428571432, 105
maaneskin, 48.69044444444456, 135
sundayvibes, 55.24499999999999, 54
pgachampionship, 96.29, 1
lefty, 96.29, 1
nbaplayoffs, 53.415, 4
newyorkforever, 96.29, 1
شخبار_الضغط_62, 96.29, 1
bbmas, 60.83222222222222, 9
motd, 96.29, 1
quote, 94.035, 2
onew, 71.935, 14
furywilder3, 96.29, 1
formula1, 69.10090909090908, 22
safemoon, 73.21333333333334, 3
truth, 96.29, 1
maaneskinofficialfanclub, 98.63499999999999, 2
eurovisionldn, 99.0, 1
esc2022, 86.34285714285714, 7
esc2021, 54.35876146788989, 654
openup, 63.84495268138814, 317
blindchannel, 61.965999999999994, 55
finland, 58.82673076923076, 52
belgium, 98.44, 4
france, 56.2750724637681, 69
sweden, 83.56199999999998, 5
iceland, 63.90899999999999, 20
portugal, 73.88166666666666, 6
thecrow, 25.77, 1
codyfern, 25.77, 1
maneskinlovers, 25.77, 1
thedailydatenft, 25.77, 2
rocknroll, 58.95441176470587, 34
zittiebuoni, 57.05266666666686, 300
songcontest, 80.26285714285714, 7
italyrockband, 25.77, 1
nft, 32.962857142857146, 7
nfts, 34.16166666666667, 6
nftcollectors, 25.77, 2
nftdrop, 25.77, 1
nftart, 61.13666666666666, 3
thedailydate, 25.77, 1
евровидение, 53.48428571428571, 14
whosfan_1st_anniversary, 49.54600000000001, 5
may23coup, 56.485, 2
needisaymore, 25.77, 1
fanart, 96.305, 2
armyofthedead, 51.350833333333334, 12
zeboisoverparty, 68.70666666666666, 3
cryptocrash, 45.36000000000001, 3
premierleague, 68.18142857142857, 7
pgachamp, 85.16333333333334, 3
oic, 99.0, 1
cocaine, 51.105555555555554, 9
esc, 61.51085227272736, 176
fyi, 25.77, 1
typo, 25.77, 1
italyeurovision, 58.556349206349196, 63
columbianmarchingpowder, 25.77, 1
itay, 99.0, 1
resemblance, 93.61, 1
ultratalented, 93.61, 1
maneskin1stwin, 65.20379310344826, 29
rotterdam, 57.3045652173913, 46
eurovisiesongfestival, 71.02411764705883, 34
italia, 62.243855421686874, 166
go_a, 60.031052631578945, 38
goodomens, 25.77, 1
italians, 80.6925, 4
drugs, 48.90307692307692, 13
mane, 99.0, 1
livcry, 62.385, 2
sadio, 99.0, 1
tsitsipas, 25.77, 1
sempremilan, 25.77, 1
ukraine, 56.419818181818165, 55
5sos, 73.13, 3
cokeorsonething, 77.0, 1
rocknrollneverdies, 66.10645161290323, 31
greysanatomy, 99.0, 1
eurovisionitalia, 61.645, 6
ita, 60.447789473684374, 380
escdk, 67.37, 4
esc21, 58.24956521739131, 23
iggypop, 99.0, 1
davidbowie, 97.88, 2
ozzyosborne, 99.0, 1
laynestaley, 99.0, 1
twitchaffliate, 25.77, 1
twitch, 25.77, 1
twitchstream, 25.77, 1
atalantamilan, 40.86, 3
bambam, 49.11666666666667, 3
crypto, 54.88199999999999, 10
palestinewillbefree, 25.77, 1
xiumin_onradar, 40.06666666666666, 3
twitchtv, 25.77, 1
bbcbreakfast, 36.233333333333334, 3
victoriadeangelis, 58.252799999999986, 25
statearosica, 25.77, 1
italyrocks, 67.21875, 8
spotifypremium, 75.85, 1
lufc, 61.61333333333332, 3
spotify, 88.40333333333332, 3
video, 56.21, 3
sports, 54.495, 2
francia, 46.671538461538454, 13
francesi, 25.974999999999998, 6
congratulationsitaly, 99.0, 1
ifkgbg, 95.81, 1
funivia, 95.81, 1
mandzioisoverparty, 95.81, 1
ksvsvd, 95.81, 1
wizsixers, 95.81, 1
ethantorchio, 55.21166666666665, 24
hiphopmusic, 68.66, 1
bluesmusic, 68.66, 1
edmmusic, 68.66, 1
nigeriaidol, 68.66, 1
nocomment, 97.58, 1
fairplay, 61.675, 2
trex, 87.2, 1
marcbolan, 87.2, 1
cacciateisoldi, 99.0, 1
tumblr, 99.0, 1
chetempochefa, 19.5775, 4
sundayfunday, 25.77, 1
gay, 25.77, 1
gayita, 25.77, 1
keyboardwarriorseverywhere, 91.14, 1
etro, 62.385000000000005, 4
madeintaly, 99.0, 1
bipanic, 97.58, 1
music, 70.8940909090909, 44
teatrodira, 47.253913043478256, 69
shame, 1.0, 3
libelisacrime, 1.0, 1
bbc, 93.75999999999999, 2
short, 25.77, 1
plumpy, 25.77, 1
endsars, 25.77, 1
arsenal, 25.77, 1
30bg, 25.77, 1
lfc, 83.78333333333332, 3
hullfc, 66.07, 1
winning, 91.545, 6
unitedkingdom, 60.63833333333333, 6
rome, 54.18636363636363, 11
bbceurovision, 62.71666666666667, 6
eurosong, 82.125, 2
uk, 73.6645, 20
ibetrayedmycountry, 94.75, 1
grahamnorton, 90.68666666666667, 3
duolingohereicome, 99.0, 1
winners, 93.10969696969696, 33
maneskindamiano, 68.07657142857141, 35
taylorswift, 95.81, 1
reputation, 95.81, 1
norway, 73.73882352941177, 17
switzerland, 78.68761904761905, 21
malta, 77.68347826086956, 23
songfestival, 56.18894736842103, 19
eurosong2021, 97.39333333333333, 6
ctcf, 39.291111111111114, 9
eurovisionwinners, 46.76, 2
electricguitar, 25.77, 1
guitar, 25.77, 3
songcontest2021, 25.77, 1
rotterdamcity, 25.77, 1
rock, 62.66690909090908, 55
maneskinfans, 25.77, 2
escsongpix, 97.99, 1
shine, 97.99, 1
timetoshine, 97.99, 1
melanierene, 97.99, 1
esc2015, 97.99, 1
photooftheday, 97.99, 1
picoftheday, 98.495, 2
funiviastresamottarone, 1.0, 1
napoliverona, 1.0, 1
jimihendrix, 47.305, 2
deeppurple, 1.0, 1
ledzeppelin, 50.0, 2
canzonette, 1.0, 1
vision, 1.0, 1
uclfinal, 39.4875, 4
manchesterunited, 25.77, 1
humberto, 1.0, 1
fiverr, 25.77, 6
everton, 25.77, 1
chelsea, 25.77, 1
spurs, 25.77, 1
wildflowerhourgz, 25.77, 1
nufctakeover, 25.77, 1
saintsfc, 25.77, 1
coyi, 25.77, 1
europaleague, 69.108, 5
handmadehour, 25.77, 1
ukcraftershour, 25.77, 1
grandissimi, 25.77, 1
primavolta, 25.77, 1
eurovisionsongcontest, 55.92808383233547, 167
orgoglio, 41.92333333333333, 3
italiano, 25.77, 2
politicallycorrect, 13.4, 2
europe, 62.379999999999995, 37
berti, 25.77, 1
bow, 91.78, 1
amemici20, 58.775, 2
6ix9ine, 91.78, 1
aew, 91.78, 1
hiphop, 77.735, 2
eminem, 91.78, 2
afc, 91.78, 1
kanye, 91.78, 1
arteta, 91.78, 1
lil, 91.78, 1
polo, 91.78, 1
viral, 47.77333333333333, 3
fortnite, 58.775, 2
ps4, 91.78, 1
xbox, 91.78, 1
xrp, 58.775, 2
china, 91.78, 1
tv, 58.775, 2
news, 71.58, 3
trending, 54.515, 4
funny, 95.39, 2
nba, 87.5, 2
priceless, 25.77, 1
merch, 50.18, 3
merchandise, 25.77, 1
bandtee, 25.77, 1
tiktok, 49.668000000000006, 5
fairumore, 1.0, 1
makesomenoise, 1.0, 1
diodato, 1.0, 1
eurovisionsongcontest2021, 60.52901408450706, 71
winner, 90.40999999999998, 28
poll, 95.40666666666668, 3
polls, 99.0, 1
amphibia, 25.77, 1
askjaypark, 25.77, 1
ashaangi, 60.79, 2
boxing, 25.77, 2
bornthisway, 55.807272727272725, 11
freepalastine, 25.77, 1
jujutsukaisen, 25.77, 2
anime, 25.77, 2
jungkook, 25.77, 1
nct127, 25.77, 1
oursong, 66.25999999999999, 3
ripไอดอ, 52.52380952380951, 42
shinee, 50.18, 3
ufc, 25.77, 1
vtuber, 25.77, 1
vh1playlist, 44.06, 3
whosfan_with_nct127, 25.77, 2
wendy, 25.77, 1
kai, 25.77, 1
baekhyun, 25.77, 1
manesk8n, 25.77, 1
billboardmusicawards, 87.2, 1
glastonbury, 83.4975, 4
livestream, 93.1, 2
musicvenuetrust, 87.2, 1
livemusic, 48.21333333333333, 6
concerts, 87.2, 1
festivals, 87.2, 1
gigs, 87.2, 1
o2, 87.2, 1
ministryofsound, 87.2, 1
soulmates, 98.27, 1
emc, 62.24, 1
newrock, 44.005, 2
follow, 65.92, 2
retweet, 62.24, 1
like, 52.53666666666667, 3
share, 62.24, 1
hurricane, 44.69499999999999, 18
originalcharacter, 25.77, 1
travel, 61.879999999999995, 2
gulliestours, 97.99, 1
song, 96.64200000000001, 5
contest, 61.997142857142855, 7
passionfortravel, 97.99, 1
life, 97.99, 1
culture, 61.879999999999995, 2
art, 97.99, 1
idiotsneverdies, 1.0, 1
glamrock, 82.258, 5
cocainegate, 61.52374999999999, 8
berlusconi, 25.77, 2
english, 99.0, 1
lyrics, 99.0, 1
pulisic, 79.9425, 4
sinovac, 79.9425, 4
dont_fight_the_feeling, 32.42142857142857, 7
london, 63.44357142857142, 14
garethbale, 79.9425, 4
championsleague, 79.9425, 4
tuchel, 79.9425, 4
kyungsoo, 79.9425, 4
kyungsoo_onradar, 79.9425, 4
liverpool, 79.9425, 4
sbseurovision, 68.99733333333332, 15
whosfan_with_treasure, 89.51636363636364, 11
fujimorinuncamas, 99.0, 1
votomasivomorena2021, 99.0, 1
มนต์รักหนองผักกะแยงep6, 99.0, 1
biffcn, 99.0, 1
mcflyetcarlito, 41.121052631578934, 38
ouitalian, 25.77, 1
musicaitaliana, 62.385, 2
ouinarezzo, 25.77, 1
maneskinofficial, 37.975, 6
italian, 57.06133333333333, 15
sanremo, 44.10745098039215, 51
rotterdam2021, 58.711818181818174, 33
italy2022, 78.00307692307692, 13
efentix, 25.77, 1
nococaine, 99.0, 1
asroma, 59.69, 2
rosicare, 25.77, 1
comenel2006, 25.77, 1
daje, 42.83428571428572, 7
pop, 25.77, 1
dance, 25.77, 1
musica, 41.943749999999994, 8
radio, 25.77, 1
rai, 31.88, 6
italianrockers, 94.19, 1
forzaitalia, 73.84333333333333, 3
thomasraggi, 60.75214285714285, 14
23may, 70.57, 1
aidybryant, 25.77, 1
andrewyang, 25.77, 1
cecilystrong, 25.77, 1
cocacola, 25.77, 1
wallpaper, 25.77, 1
eurovison2021, 19.955, 4
eurovisionitaly, 62.76999999999999, 23
benedettapilato, 66.89, 1
italiateam, 82.945, 2
budapest2021, 66.89, 1
aguero, 83.22, 1
familyfeudsa, 83.22, 1
justiceforsenari, 80.705, 2
pentecostsunday, 68.875, 4
pentecost, 83.22, 1
verstappen, 83.22, 1
zoo, 83.22, 1
rockmusic, 76.088, 5
numetal, 99.0, 1
juliuscesar, 25.77, 1
coliseum, 25.77, 1
leonardodavinci, 25.77, 1
scala, 25.77, 1
ferrari, 25.77, 1
escfrance, 99.0, 1
escfra, 39.08875, 8
winneritaly, 99.0, 1
eurovisionwinneritaly, 99.0, 1
eurovisiongr, 61.77066666666667, 75
ecsita, 25.77, 5
23maggio, 17.996666666666666, 6
eurosongcontest, 25.77, 1
bmth, 25.77, 1
eurovisionfan, 97.99, 1
cokegate, 59.44, 7
monokate, 96.29, 1
vamily, 96.29, 1
vampirethemasquerade, 96.29, 1
legiosart, 96.29, 1
ххудожества, 96.29, 1
vampire, 96.29, 1
goa, 55.394999999999996, 4
update, 25.77, 1
rockwillneverdie, 62.385, 2
moneskin, 25.77, 1
parismat, 25.77, 1
hold, 25.77, 1
bitcoin, 17.908888888888885, 9
ethereum, 25.77, 2
pls, 99.0, 1
vaccinated, 13.385, 2
vax, 25.77, 1
vaccine, 25.77, 1
covid19, 43.04066666666667, 15
imscudetto, 25.77, 2
barbarapravi, 62.74416666666665, 36
eurowizja2021, 62.385, 2
eurowizja, 60.75333333333333, 6
youtube, 2.09, 1
escfantv, 2.09, 1
declercqeline, 2.09, 1
declercqelineblog, 2.09, 1
elinedeclercq, 2.09, 1
zitteebuoni, 99.0, 1
bjoernbananeistgeimpft, 25.77, 1
b2305, 38.899210526315784, 38
wtf1, 25.77, 1
sanremofestival, 99.0, 1
thehives, 95.81, 1
futotwittercommunity, 97.58, 1
henryxclusive, 97.58, 1
giro104, 92.39, 2
whosfan_with_straykids, 74.11666666666666, 3
apple, 97.58, 1
efmnews, 86.62666666666667, 3
mondiali, 99.0, 1
melancholia, 81.93, 1
benedetta, 81.93, 1
feyutr, 36.879629629629626, 27
صحار, 51.98, 2
وباء_الفطر_الاسود, 51.98, 2
avlche, 78.19, 1
mercy, 78.19, 1
n100, 78.19, 1
mcyungproh, 78.19, 1
100xcoin, 67.75, 1
bts_butter, 66.96000000000001, 4
euroviisut, 54.0881818181818, 11
euroviisut2021, 38.84400000000001, 5
roma, 62.51444444444444, 9
sanremo2022, 82.94, 2
funkrock, 53.3125, 4
harrystyles, 54.49, 12
mofc, 44.87557142857142, 70
måneskinofficialfanclub, 48.83983333333333, 60
eurovisionfrance, 23.982, 5
italie, 51.92529411764706, 17
hooverphonic, 54.778, 5
bel, 99.0, 2
brexit, 43.22714285714285, 7
nigeria, 74.74, 1
supereagles, 74.74, 1
destinychukunyere, 50.254999999999995, 2
toyeenb, 74.74, 1
tbw, 74.74, 1
chybatozjebałam, 1.0, 1
amici20, 25.77, 2
cyprus, 51.192499999999995, 8
albania, 50.18, 6
new, 25.77, 1
evidence, 25.77, 1
sound, 25.77, 1
using, 25.77, 1
high, 25.77, 1
mothertongue, 96.76, 3
nativelanguage, 96.76, 3
taurus, 25.77, 1
capricorn, 25.77, 1
nftcommunity, 44.0775, 4
festivaldisanremo, 87.525, 2
myeurofreaks, 85.87, 1
alaqsaunderattack, 99.0, 1
fbpe, 95.81, 1
akainterview, 61.675, 2
videoviral, 97.58, 1
official, 97.58, 1
ripmjokes, 61.675, 2
amazingvoicesafrica, 97.58, 1
sherbertdipdab, 91.14, 1
pravi, 60.79, 2
onlylove, 81.93, 1
cro, 81.93, 1
thevatican, 25.77, 1
fiverrgigs, 25.77, 1
photoshopeffects, 25.77, 2
watercolorpainting, 25.77, 1
edit, 25.77, 1
cryptocurrencies, 60.61062499999999, 16
gold, 25.77, 6
doge, 31.230909090909087, 11
delhilockdown, 25.77, 5
niunamas, 39.451428571428565, 7
palestinianlivesmatter, 25.77, 5
queen, 25.77, 6
naim, 25.77, 5
paramountplus, 25.77, 5
podcast, 97.19, 1
realnews, 97.19, 1
reallife, 97.19, 1
reviews, 97.19, 1
debate, 97.19, 1
nofakenews, 97.19, 1
club100, 97.19, 1
nuts, 99.0, 1
bolts, 99.0, 1
checazzo, 99.0, 1
pencilsketch, 25.77, 1
pencildrawing, 25.77, 1
coke, 83.27142857142857, 7
drug, 85.87, 2
rockandroll, 82.60333333333332, 15
caught, 85.87, 2
interviews, 77.785, 2
world, 60.446666666666665, 3
dataentry, 25.77, 3
typing, 25.77, 1
leadgeneration, 44.0775, 4
typescript, 25.77, 1
mexico, 25.77, 1
shibacoin, 25.77, 2
bornthisway10, 25.77, 1
webscraping, 25.77, 2
yp, 25.77, 2
cruella, 70.47333333333334, 3
crudelia, 25.77, 1
méxico, 71.55, 1
israeli, 80.10714285714286, 7
altcoins, 73.315, 8
sincerelyagile, 89.822, 5
giro, 72.59, 11
jjredminote10pro, 80.10714285714286, 7
pmsales, 97.58, 1
televoto, 25.77, 2
tonallyawesome, 99.0, 1
sincerely, 85.87, 1
agile, 85.87, 1
thesims4, 25.77, 1
sundaybestongotv, 99.0, 1
seandamptetopschart, 99.0, 1
kmjs, 99.0, 1
monaco, 50.18, 3
netherlands, 88.6511111111111, 9
igbotic, 99.0, 1
final, 81.05499999999999, 6
60s, 67.75, 1
70s, 81.25, 2
80s, 46.76, 2
irestmycase, 67.75, 1
darkside, 53.9475, 4
darren, 96.76, 1
icantdance, 96.76, 1
beats, 25.77, 1
beatsonsale, 25.77, 1
onlinebeats, 25.77, 1
flstudio, 25.77, 1
amakhosi4life, 25.77, 1
ปุ๊กลุกฝนทิพย์, 36.482857142857135, 28
israel, 34.021333333333324, 30
palestinewins, 35.67159999999999, 25
dishapatani, 35.29076923076922, 26
escitalia, 56.35621621621621, 37
celebrityapprentice, 25.77, 2
adeleornullpoints, 88.52, 1
escunited, 88.52, 1
wiwiblogs, 88.52, 1
adele, 57.144999999999996, 2
bbc1, 88.52, 1
nullpoints, 88.52, 1
bringorchestraagain, 88.52, 1
eirovīzija, 25.77, 2
teluvuyoutuber, 25.77, 1
parismatch, 46.82, 4
boycottparismatch, 1.0, 2
mahmood, 74.59, 3
rocksnotdead, 93.61, 1
ridiculous, 1.0, 1
psychology, 25.77, 1
showbiz, 25.77, 1
makeup, 87.2, 1
beauty, 87.2, 1
mua, 87.2, 1
nstlifestyle, 80.64, 1
lazadaguessit, 98.63499999999999, 2
hadiahguessitsamsungtv, 98.63499999999999, 2
sedatpeker7, 60.08636363636362, 11
whosfan_with_nct, 95.535, 4
cryptocurrency, 66.71999999999998, 3
englishprimer, 99.0, 1
worldjbronzeday, 25.77, 1
onlyfansmom, 25.77, 1
kazbrekker, 25.77, 1
iride, 95.81, 1
arashi, 25.77, 2
btsv, 25.77, 1
bts_twt, 25.77, 1
chanyeol, 54.495, 2
cancelboardexams, 38.584, 5
cancelexamssavestudents, 25.77, 2
doomatyourservice, 25.77, 1
jfcjustinbieber, 25.77, 1
leclerc, 25.77, 1
petrobastaya, 63.35666666666666, 6
vcstrusted, 62.385, 2
casachiesi, 98.27, 1
fashion, 93.75999999999999, 2
evrovision, 25.77, 1
ドラゴン桜, 25.77, 1
青天を衝け, 25.77, 1
التعدد_يقضي_ع_العنوسه, 25.77, 1
ผู้ติดเชื้อโควิด, 25.77, 1
yfsfroadtofinale, 75.49, 4
เบลล่าราณี, 51.98, 2
khansir, 25.77, 1
congrats, 99.0, 1
single, 98.27, 1
diversity, 99.0, 1
eurovisionrtve, 65.03999999999999, 9
maneskincocaina, 88.52, 1
maneskincocaine, 57.144999999999996, 2
eurovisionuk, 90.15, 2
movavi, 99.0, 1
russia, 33.419999999999995, 9
протасевича, 1.91, 1
dogecoin, 13.84, 2
elonmusk, 59.1, 3
манижи, 1.91, 1
лукашенко, 1.91, 1
nexta, 1.91, 1
дамиано, 1.91, 1
фильм, 1.91, 1
красивый, 1.91, 1
чимин, 1.91, 1
minsk, 1.91, 1
белоруссии, 1.91, 1
hourlyvictoria, 25.77, 1
breaking, 90.91333333333334, 3
breakingnews, 80.88333333333333, 6
entertainment, 84.785, 2
cloutnews, 99.0, 1
singer, 83.83, 2
rockband, 68.66, 1
win, 69.708, 5
trophy, 25.77, 2
surajpurcollector, 99.0, 1
musicvideo, 98.27, 1
mv, 98.27, 1
youtuber, 99.0, 1
youtubepremium, 99.0, 1
artists, 99.0, 1
twitter, 50.17000000000001, 6
instagood, 62.385, 2
strongertogether, 99.0, 1
malaysia, 99.0, 1
lockdown, 99.0, 1
pastorkumuyisaid, 99.0, 1
kgfchapter2, 99.0, 1
finale, 60.26, 2
factoftheday, 69.6, 1
rockandrollneverdies, 62.616499999999995, 20
modapk, 78.19, 1
apk, 78.19, 1
androidapk, 78.19, 1
defamation, 25.77, 1
believe, 74.74, 1
upscextraattempt2021, 74.74, 1
taeyong, 74.74, 1
clulambo, 74.74, 1
indiastandswithisrael, 74.74, 1
picrew, 74.74, 1
fastandfurious9, 74.74, 1
lilnasx, 25.77, 2
trump, 1.0, 1
beammeupscotty, 25.77, 1
callmebyyourname, 25.77, 1
retweeetplease, 25.77, 1
imgxnct, 51.385, 2
vevo, 25.77, 1
hollywood, 25.77, 1
reels, 25.77, 1
foryou, 25.77, 2
sharmafame, 25.77, 1
lovelive, 25.77, 1
wonho, 98.27, 1
gioconda, 17.766666666666666, 3
serbia, 52.715714285714284, 7
alexanderrybak, 99.0, 1
enjoy, 87.2, 1
anthonylaszlo, 50.18, 3
musicexport, 25.77, 1
supportyourlocalscene, 25.77, 1
ilpalcononmentemai, 25.77, 1
brits2021, 25.77, 1
littlemix, 25.77, 1
backingtracks, 25.77, 1
factoryband, 25.77, 1
music2021, 99.0, 1
mashup, 96.76, 1
stefania, 54.778, 5
imaginedragons, 1.91, 1
congulation, 99.0, 1
sbs, 99.0, 1
netflix, 62.82, 3
covid19india, 25.77, 1
nrleelsmanly, 25.77, 1
hamasterrorists, 53.205, 2
hamas, 25.77, 1
junzhe, 25.77, 1
myfoodwalla, 25.77, 1
delhi, 25.77, 1
freepalestine, 61.500526315789465, 19
congratulationso, 99.0, 1
jamesarthur, 25.77, 1
italydisqualification, 25.77, 2
keywords, 62.385, 2
contents, 99.0, 1
keywordresearch, 99.0, 2
keywordstrategy, 99.0, 1
fiverrgig, 99.0, 1
seo, 62.385, 2
onlinebusiness, 99.0, 1
sem, 99.0, 1
keywordresearchtools, 99.0, 1
digitalmarketing, 99.0, 1
socialmediamarketing, 99.0, 1
internetmarketing, 99.0, 1
soissageettaistoi, 25.77, 1
theroop, 68.45124999999999, 16
goodmood, 99.0, 1
goodvibez, 99.0, 1
rsc, 1.0, 1
school, 93.61, 1
schoolmemes, 93.61, 1
teachers, 93.61, 1
teachermemes, 93.61, 1
students, 93.61, 1
studentmemes, 93.61, 1
memes, 91.725, 2
memes2021, 91.725, 2
memesdaily, 93.61, 1
teacherlife, 93.61, 1
scuola, 48.38333333333333, 3
12stig, 25.77, 3
youareincluded, 74.74, 1
cocaina, 25.77, 1
broccoli, 38.022000000000006, 10
23mayo, 25.77, 2
uffizirock, 25.77, 1
fake, 1.0, 1
wintersoldier, 96.76, 1
germany, 61.30999999999999, 17
disqualifyitaly, 16.06, 2
collaboration, 99.0, 1
prettyplease, 99.0, 1
harrystylesisagod, 99.0, 1
lagentepurtroppoparla, 1.0, 1
arcticmonkeys, 98.87, 1
pathetic, 25.77, 1
moderna, 80.64, 1
canada, 72.55, 2
medicine, 80.64, 1
zonauang, 80.64, 1
butter_bts, 66.47749999999999, 4
boycottisrael, 80.64, 1
inkigayo, 80.64, 1
manofsteel, 89.18, 1
weekendupdate, 89.18, 1
vote, 63.31299999999999, 10
ngo, 93.61, 1
climateaction, 93.61, 1
worldenvironmentday, 93.61, 1
voicefortheplanet, 71.19, 3
betterworld, 93.61, 1
tilllindemann, 80.64, 1
moldova, 99.0, 2
spain, 64.94941176470587, 17
crackiswhack, 25.77, 1
disqualificationplease, 25.77, 1
dontdodrugsmmmkay, 25.77, 1
jamesnewman, 61.339999999999996, 5
embers, 62.385, 2
duranduran, 99.0, 3
invisible, 99.0, 1
denisepipitone, 45.684999999999995, 36
chiaraferragni, 45.10333333333332, 21
falcone, 14.54, 2
pernondimenticare, 3.31, 1
veritàperdenisepipitone, 49.03, 2
asia, 25.77, 1
nepal, 25.77, 1
mountain, 25.77, 1
nature, 62.385, 2
hiking, 25.77, 1
trekking, 25.77, 1
covidindia, 25.77, 1
modijinoofflineexams, 25.77, 1
macklemore, 25.77, 1
manuelagnelli, 50.0, 2
mafia, 55.36749999999999, 4
capaci, 49.633333333333326, 3
giovannifalcone, 38.165, 2
sansone, 1.59, 1
freebetpmu, 1.59, 1
hotsauce4thwin, 1.59, 1
telefoot, 1.59, 1
bordeauxdansuntitre, 1.59, 1
squeezie, 1.59, 1
bigard, 1.59, 1
nodrugs, 32.21, 6
tornaacasa, 72.57, 1
savesheikhjarrah, 36.89272727272727, 11
sheikhjarrah, 44.08625000000001, 8
palestine, 52.63444444444444, 18
gaza, 44.08625000000001, 8
palestineunderattack, 39.364444444444445, 9
dopa, 50.24142857142858, 7
onepiece, 67.25666666666666, 3
kriptopara, 51.385, 2
bistrodeshinee, 51.385, 2
nyiragongo, 77.0, 1
nctdream_맛_hotsauce, 77.0, 1
motivational, 39.0, 2
motivationalquote, 77.0, 1
inspiration, 77.0, 1
matrix, 25.77, 1
rome2022, 80.366, 5
lostintranslation, 99.0, 1
marchese, 99.0, 1
eatalyans, 99.0, 1
bsc, 99.0, 1
dex, 99.0, 1
farming, 99.0, 1
staking, 99.0, 1
babyswap, 99.0, 1
repost, 50.18, 3
sanremo2021, 39.42571428571427, 49
vittoriastorica, 25.77, 1
numeriuno, 62.385, 2
manchester, 25.77, 1
snl, 25.77, 1
discoteque, 62.019999999999996, 2
tzvip, 50.05833333333334, 6
newyorktimes, 25.77, 1
whitelines, 25.77, 2
glam, 98.935, 2
bowie, 99.0, 1
ethan, 33.65888888888888, 9
loveit, 62.385, 2
mmh, 99.0, 1
aha, 99.0, 1
stressfreeliving, 99.0, 1
stupidpeople, 44.355, 2
rockandrollneverdie, 99.0, 3
ahoy, 79.345, 4
rockandrollfriends, 99.0, 1
denmark, 99.0, 4
fyrogflamme, 99.0, 1
awesome, 98.75666666666666, 3
goodmusic, 99.0, 2
diversemusic, 99.0, 2
paestum, 99.0, 1
googlephotos, 99.0, 1
google, 66.50333333333333, 3
grandnational, 99.0, 1
nationalgeographic, 99.0, 1
roadtrip, 99.0, 1
worldbestgram, 99.0, 1
landscapephotography, 99.0, 1
googlepixel, 99.0, 1
naturephotography, 99.0, 1
beautiful, 99.0, 1
bbcnews, 99.0, 1
wwe, 25.77, 1
jackswagger, 25.77, 1
businesscard, 49.712500000000006, 4
tshirt, 59.56999999999999, 5
flyer, 49.712500000000006, 4
socialmediapost, 49.712500000000006, 4
cassano, 73.655, 2
niunamenos, 73.655, 2
bale, 73.655, 2
amorebieta, 73.655, 2
victoriacabello, 25.77, 1
silvestrin, 25.77, 1
cabello, 25.77, 1
campion, 25.77, 1
finalmente, 66.89, 1
bravi, 66.89, 1
eurovisio2021, 25.77, 1
italianwinners, 25.77, 1
godamiano, 69.6, 1
italy_finland_ukraine, 69.6, 1
damianodavidage, 25.77, 1
damianodavidgay, 25.77, 1
damianodavidgirlfriend, 25.77, 1
damianodavidpartner, 25.77, 1
isupportddamiano, 25.77, 1
foxylady, 93.61, 1
muse, 95.185, 2
rhcp, 93.61, 1
sultry, 99.0, 1
disqualificationitaly, 99.0, 1
zidane, 25.77, 2
childrenlivesmatter, 66.89, 1
savepalestine, 25.77, 1
cultursocialart, 25.77, 1
culturblogger, 25.77, 1
csa, 25.77, 1
musicaeuropea, 25.77, 1
canyaman, 43.87812499999999, 16
sundayservice, 25.77, 1
buhari, 25.77, 1
aflpiespower, 81.728, 5
eldiablo, 62.385, 2
saudiarabia, 52.94, 4
unitedshowbiz, 45.114999999999995, 2
wizkid, 25.77, 1
standby, 99.0, 1
gionstears, 99.0, 2
dadioggagnamagnid, 99.0, 1
destiny, 61.43, 9
manizha, 53.47571428571428, 14
maneskinrds, 65.79857142857142, 7
ansa, 25.77, 1
shakespearesunday, 1.0, 1
digitalart, 99.0, 1
digitalpainting, 99.0, 1
alm, 25.77, 1
escturin2022, 25.77, 1
escita2022, 25.77, 1
italianrock, 99.0, 2
frenchhorn, 99.0, 1
recap, 25.77, 1
rockstars, 88.52, 1
fauxcul, 88.52, 1
escuk, 66.07, 1
girl, 63.69, 1
dont_fight_the_felling, 63.69, 1
pets, 63.69, 1
animal, 63.69, 1
dogs, 63.69, 1
dogsoftwittter, 63.69, 1
animalcrossingnewhorizons, 63.69, 1
musicainternacional, 79.22, 2
gjonstears, 60.15090909090909, 11
yurionice, 25.77, 1
giveuponyourdream, 87.2, 1
rotterdamlivefinal, 25.77, 2
rai1, 39.49, 8
musicproducers, 25.77, 1
songwriter, 62.385, 2
superhumans, 25.77, 1
songs, 63.29599999999999, 5
magneto, 25.77, 1
ard, 62.385, 2
eurovision21, 57.031428571428556, 7
moonlight, 62.385, 2
bassplayer, 25.77, 1
island, 61.675, 2
change, 25.77, 1
algorithm, 25.77, 1
whynot, 25.77, 1
social, 25.77, 1
webapp, 25.77, 1
innovations, 25.77, 1
24hours, 25.77, 1
lion, 25.77, 1
beach, 25.77, 1
summer, 25.77, 1
sea, 25.77, 1
sun, 47.684999999999995, 2
digitaldiplomacy, 94.75, 1
latin, 99.0, 1
italianlanguageadvocate, 99.0, 1
languages, 99.0, 1
languageseducation, 99.0, 1
freelove, 99.0, 1
btsarmy, 2.09, 1
bts, 13.93, 2
hantag, 25.77, 1
clothing, 25.77, 1
label, 25.77, 1
washtag, 25.77, 1
graphicdesign, 25.77, 1
print, 25.77, 1
aklağımpatladı, 25.77, 1
newsしか勝たん, 25.77, 1
collector, 25.77, 1
cancelled, 1.0, 1
johnnydepp, 1.0, 1
sansastark, 1.0, 1
finalfantasyvii, 25.77, 1
pepsi, 25.77, 1
danas, 4.42, 3
missing, 7.745, 6
nofrance, 25.77, 1
onlyrocknroll, 25.77, 1
shameonyou, 1.0, 1
3fm, 92.4, 1
esf21, 55.42357142857143, 14
esf2021, 79.21333333333332, 3
cocaïne, 99.0, 1
europeanvisionsongcontest, 25.77, 1
madeinitaly, 25.77, 1
rocknrollneverdie, 25.77, 1
ilrocknrollnonmuoremai, 25.77, 1
chitarra, 25.77, 1
personalized, 25.77, 1
customized, 25.77, 1
journalist, 53.85, 2
journalism, 25.77, 1
pressfreedom, 25.77, 2
italiaeurovision, 73.48666666666666, 6
myprecious, 74.54666666666667, 3
eurovisioncoke, 74.54666666666667, 3
itl, 62.385, 2
yeappp, 25.77, 1
graphicgibbon, 88.0, 2
teepublic, 99.0, 1
tee, 99.0, 1
popculture, 99.0, 1
eurovisionagain, 84.33333333333333, 3
lizziemcguire, 49.843333333333334, 3
thelizziemcguiremovie, 97.99, 1
hilaryduff, 61.879999999999995, 2
longliverocknroll, 98.87, 1
fin, 67.04875, 16
glamrock4life, 99.0, 1
supersmashbrosultimate, 25.77, 1
finalfantasy, 25.77, 1
w6, 95.81, 2
stereounderground, 74.59, 3
blindchanel, 50.18, 3
congratulations, 85.44153846153846, 13
muradif, 83.22, 1
translation, 83.22, 1
smoothlikebutter, 89.515, 2
القدس_تنتفض, 83.22, 1
الاهلي, 83.22, 1
الأقصى_في_خطر, 83.22, 1
الانتخابات_التكميلية, 83.22, 1
مصر, 83.22, 1
كورونا, 83.22, 1
قانون_العمل_الجديد, 83.22, 1
الحريري, 83.22, 1
lorenzonicitra, 98.87, 1
xfactor, 62.32, 2
007licenzadirecensire, 71.55, 1
frankiefxforexacademy, 77.0, 1
nctdream, 89.314, 5
ramireztaylor, 76.02125, 8
ranbirsharma, 51.385, 2
stargate, 25.77, 1
jendrik, 51.925000000000004, 4
cynical, 1.0, 1
raffaellacarra, 25.77, 1
raffaella, 25.77, 1
raitv, 25.77, 1
tattvata, 81.93, 1
nicolorusso, 81.93, 1
giornalista, 81.93, 1
speaker, 81.93, 1
summertimeanimazioneespettacolo, 81.93, 1
announcer, 81.93, 1
intervista, 81.93, 1
anchorman, 81.93, 1
rocnroll, 81.93, 1
sonymusic, 81.93, 1
pantsdown, 91.14, 1
brexitmeansbrexit, 25.77, 1
brexitbritain, 25.77, 1
brexitvision, 25.77, 1
eurotrash, 25.77, 1
roterdam, 25.77, 1
sheeple, 25.77, 1
giroditalia2021, 56.485, 2
primapagina, 25.77, 1
corrieredellasera, 25.77, 1
invidia, 25.77, 1
herd, 25.77, 2
global, 25.77, 2
man, 25.77, 2
sergio, 25.77, 2
la, 44.06, 9
hanouna, 25.77, 2
youtubers, 25.77, 2
vieira, 25.77, 2
together, 62.385, 2
won, 97.93666666666667, 3
lording, 99.0, 1
lordi, 99.0, 4
fijezaya, 1.0, 1
prelemi, 40.416000000000004, 5
majestasgroup, 99.0, 1
eirovizija, 62.011666666666656, 6
nilpoints, 78.20625, 8
orlandopirates, 99.0, 3
taylorramirez, 95.7175, 4
yuqi, 85.87, 1
zonajajan, 85.87, 1
saynotoracism, 99.0, 1
bbcradio4, 25.77, 1
italianglamrock, 25.77, 1
loveu, 1.0, 1
thisismåneskin, 34.306428571428555, 42
leafsforever, 50.18, 6
sore, 1.0, 1
consumeurope, 99.0, 1
europewins, 99.0, 1
ecs2021, 99.0, 1
euagripromo, 99.0, 1
jimmypage, 99.0, 1
stupid, 2.89, 2
controversy, 2.89, 2
band, 42.459999999999994, 4
saturdaynight, 10.516666666666667, 3
cardano, 95.81, 1
spreadthebutter, 95.81, 1
getitletitroll, 95.81, 1
btsbackwithbutter, 60.79, 2
cryptotrading, 49.11666666666667, 3
afp, 99.0, 1
againstdrugs, 25.77, 1
againsthaters, 25.77, 1
rockers, 25.77, 1
friendsreunion, 50.254999999999995, 2
sencalkapımı, 58.416666666666664, 3
shibainu, 50.254999999999995, 2
ilrumoredellavita, 25.77, 1
salalettura, 25.77, 1
siamofuoriditesta, 50.18, 3
madiversidaloro, 25.77, 1
elemolise, 83.22, 1
escita21, 88.10999999999999, 10
humblebeginnings, 25.77, 1
rairadio2, 34.935, 4
eurovisionmemes, 1.0, 1
hopetogaza, 21.52291666666666, 24
sucate, 25.77, 1
ned, 1.0, 1
binance, 59.66, 3
itzy, 49.169999999999995, 2
afrojack, 99.0, 2
aka7even, 25.77, 1
streamaka7even, 25.77, 1
nowplaying, 49.376, 5
savemacgyver, 92.4, 1
openupagain, 25.77, 1
cokehead, 25.77, 1
italiansdoitbetter, 41.92333333333333, 3
italya, 73.52666666666667, 3
sony, 97.405, 2
frontiers, 97.405, 2
zine, 99.0, 1
magazine, 99.0, 1
metalliville, 99.0, 1
lemmy, 99.0, 1
motorhead, 99.0, 1
magicpowder, 99.0, 1
got_army_behind_us, 76.60499999999999, 2
youthlead, 87.2, 1
youth4climate, 87.2, 1
madonna, 99.0, 1
rocklives, 97.815, 2
cnmimembers, 25.77, 1
facebook, 72.57, 1
management, 72.57, 1
whosfan_with_treasur, 72.57, 1
eurovisionit, 25.77, 2
theywon, 25.77, 1
year, 95.81, 1
thinking, 95.81, 1
forerunners, 95.81, 1
last, 95.81, 1
night, 95.81, 1
baby, 64.46, 1
comedy, 64.46, 1
house, 64.46, 1
cleaning, 64.46, 1
unicunshop, 64.46, 1
california, 73.84, 2
funniesttweets, 64.46, 1
owlphaklowdin, 99.0, 1
ghana, 99.0, 1
smallbiz, 99.0, 1
beads, 99.0, 1
smallbusiness, 99.0, 1
madeinghana, 99.0, 1
handmade, 99.0, 1
sanjavučić, 99.0, 1
nohate, 13.594999999999999, 2
diversityandinclusion, 25.77, 1
everybodyin, 25.77, 1
teamjeangu, 51.306666666666665, 3
sanmarino, 59.44699999999999, 10
bulgaria, 73.17333333333333, 3
azerbaijan, 42.231, 10
croatia, 50.18, 3
greece, 66.67285714285715, 7
lithuania, 68.59727272727272, 11
poland, 51.306666666666665, 3
romania, 25.77, 1
slovenia, 49.55399999999999, 10
pokemonmillennium, 98.27, 1
pokemon, 98.27, 1
thisismaneskin, 60.354, 5
losangeles, 83.22, 1
brooklyn, 83.22, 1
nets, 83.22, 1
newyorkcity, 83.22, 1
nyc, 83.22, 1
brooklyntogether, 83.22, 1
boston, 83.22, 1
celtics, 83.22, 1
newengland, 83.22, 1
nbatwitter, 83.22, 1
newjersey, 83.22, 1
newarknj, 83.22, 1
connecticut, 83.22, 1
roma2022, 73.13, 3
domenica, 25.77, 1
domenicadiprimavera, 25.77, 1
buonadomenica, 25.77, 1
maggio, 25.77, 1
asta, 25.77, 1
ebay, 25.77, 1
affari, 25.77, 1
moneterare, 25.77, 1
euro, 25.77, 1
2euro, 25.77, 1
belgio, 25.77, 1
bbmastopsocial, 25.77, 1
agriesmelisses, 25.77, 1
alnaz, 25.77, 1
kerembuersinenbbva, 25.77, 1
efyam, 25.77, 1
cukur, 25.77, 1
demetoezdemir, 25.77, 1
esc2021gr, 56.133043478260866, 23
elaxamogela, 25.77, 1
starwars, 25.77, 1
disqualification, 31.6925, 4
rockitaliano, 99.0, 1
freespinfriday, 77.0, 1
prfam, 77.0, 1
tvaudience, 69.6, 1
eurovisionsongfestival, 57.48500000000001, 6
maneskinstreamingparty, 99.0, 1
nilpoi, 42.18, 2
rockattitude, 99.0, 1
rosiconi, 25.77, 1
statece, 25.77, 1
fabulousness, 99.0, 1
eurovizija, 87.125, 2
daina, 93.61, 1
fuckfrance, 13.385, 2
travellers, 98.27, 1
trip, 98.27, 1
treasureitaly, 98.27, 1
felizdomingo, 25.77, 1
espiritusanto, 25.77, 1
draghi, 62.385, 2
eurovison, 53.13999999999999, 8
vittoriaeurovision, 25.77, 1
trusttheplanbischero, 25.77, 1
sandokan, 62.385, 2
dececoo, 99.0, 1
luxvide, 62.385, 2
tudors, 99.0, 1
mrwrong, 99.0, 1
marcomengoniapp, 25.77, 1
cardiff, 91.78, 1
usa, 25.77, 1
fakes, 1.0, 1
embarrassing, 1.0, 1
etna, 99.0, 1
climate, 99.0, 1
democracy, 25.77, 1
eurovisionboycot, 25.77, 1
stevepriest, 98.87, 1
sweet, 98.87, 1
danelectro, 98.87, 1
daftpunk, 99.0, 1
sandokantheseries, 25.77, 1
excellent, 99.0, 2
energy, 99.0, 1
system, 99.0, 1
uniqueness, 99.0, 1
exceptional, 99.0, 1
yourock, 99.0, 1
ultimo, 25.77, 1
mamhood, 25.77, 1
elelombardia, 85.87, 1
rockneverdies, 41.92333333333333, 3
eurovisiontrivia, 25.77, 1
instagram, 25.77, 1
dream, 99.0, 1
maneschin, 25.77, 1
risvegli, 25.77, 1
wakemeup, 25.77, 1
auguri, 25.77, 1
laurapausini, 99.0, 1
erosramazzotti, 99.0, 1
eurovisioncy, 55.08, 7
fuoriditesta, 73.52666666666666, 3
euro2020, 99.0, 1
itrocks, 99.0, 1
kickingupmyheelswithdamiano, 94.75, 1
blog, 25.77, 1
songfestival2021, 82.97142857142856, 7
macrooy, 81.93, 1
bhent_india, 1.0, 1
menstruation, 1.0, 1
mentalhealthmonth, 1.0, 1
menstruationmatters, 1.0, 1
pain, 1.0, 1
suspendsurajpurdm, 1.0, 1
oxygen, 1.0, 1
sustainability, 20.816, 5
envivo, 1.0, 1
women, 1.0, 1
myth, 1.0, 1
staystrongindia, 1.0, 1
cancermetabolism, 94.19, 1
mitochondrialbiology, 94.19, 1
romeeprix, 25.77, 1
formulae, 25.77, 1
mickjagger, 25.77, 1
4glivestream, 99.0, 1
show, 88.31333333333333, 3
rockneverdie, 99.0, 1
vincitorieurovision2021, 25.77, 1
stopqanon, 25.77, 1
investigationeurovision2021, 1.0, 1
olypaok, 61.458571428571425, 7
zoyanasir, 89.84, 1
fakevoting, 25.77, 1
fraud, 25.77, 1
evrovisionitalia, 99.0, 1
ufcvegas27, 26.398666666666667, 15
belarus, 50.38, 2
kgb, 1.76, 1
kgbalfa, 1.76, 1
alfa, 1.76, 1
spetsnaz, 1.76, 1
protests, 1.76, 1
specialops, 1.76, 1
sof, 1.76, 1
tacticool, 1.76, 1
ww2, 1.76, 1
tunisia, 43.345, 8
sfm, 1.76, 1
sourcefilmmaker, 1.76, 1
campaign, 13.765, 2
advertisment, 13.765, 2
astrazenecavaccine, 69.6, 1
daðioggagnamagnið, 61.675, 2
victoria, 43.722500000000004, 4
thenetherlands, 83.80666666666666, 6
greatbritain, 97.58, 1
resultateurovision, 25.77, 1
musique, 25.77, 1
strikeforfuture, 25.77, 1
climatestrike, 25.77, 1
fridaysforfuture, 25.77, 1
advertising, 25.77, 1
montaigne, 99.0, 1
fra, 64.955, 4
italiaviva, 25.77, 1
mining, 25.77, 1
btc, 61.88249999999999, 4
cryptonews, 20.05, 4
howtomakemoney, 25.77, 1
howtoperfect, 25.77, 1
ethbtc, 25.77, 1
amc, 25.77, 1
ikatancinta, 25.77, 1
jayb, 25.77, 1
lalisa, 25.77, 1
quotes, 53.419999999999995, 3
soscolombiaddhh, 25.77, 1
ufotwitter, 25.77, 1
winmetawin, 25.77, 1
xboxseriesx, 25.77, 1
yankees, 25.77, 1
zonaba, 25.77, 1
italien, 76.23800000000001, 5
pfingstsonntag, 71.55, 1
punkte, 71.55, 1
finnland, 71.55, 1
lied, 71.55, 1
frohepfingsten, 71.55, 1
fruitsbasket, 92.4, 1
แบมแบม, 92.4, 1
gardening, 92.4, 1
twitternaturecommunity, 92.4, 1
garden, 92.4, 1
naturelover, 92.4, 1
want, 80.64, 1
fantasy, 80.64, 1
stocks, 80.64, 1
newhashtag, 80.64, 1
richifyme, 80.64, 1
maybe, 80.64, 1
cash, 80.64, 1
money, 89.82, 2
elon, 80.64, 1
residentevilvillage, 80.64, 1
insiders, 40.7875, 4
nifty50, 80.64, 1
investing, 80.64, 1
tothemoon, 80.64, 1
healthyfood, 99.0, 1
googleio, 99.0, 1
australia, 99.0, 2
goodmorning, 25.77, 1
eurovisionshame, 78.19, 1
voila, 76.88625, 8
move, 99.0, 1
activehealthmatters, 99.0, 1
perspicuoushealth, 99.0, 1
rt, 62.385, 2
sportingking365, 25.77, 1
gohabsgo, 25.77, 5
mayorkunxchike, 25.77, 1
dreambig, 94.75, 1
stablecoins, 2.89, 1
kucoin, 2.89, 1
nftcollector, 2.89, 1
nftartist, 50.945, 2
ripple, 2.89, 1
bitcoinnews, 2.89, 1
forum, 2.89, 1
workfromhome, 2.89, 1
services, 1.0, 1
isreal, 96.76, 1
style, 96.76, 1
thebal, 96.76, 1
philippines, 96.76, 1
ucl, 96.76, 1
atleticomadrid, 49.43333333333334, 3
god, 83.18, 2
winxclub, 25.77, 1
ophiuchus, 25.77, 1
medusa, 25.77, 1
truesideralastrology, 25.77, 1
astronarrativa, 25.77, 1
maneskineuropedomination, 25.77, 1
technicolour, 25.77, 1
rockaintdead, 74.74, 1
congratulazioni, 92.4, 1
boycotteurovision, 99.0, 1
raccoon, 25.77, 1
ikonxlisaonkingdom, 25.77, 1
jajadingdong, 39.81, 2
engineering, 25.77, 1
operationbornthisway, 25.77, 1
buybornthiswayonitunes, 25.77, 1
streambornthisway, 25.77, 1
10yearsofbornthisway, 25.77, 1
weloveyougaga, 25.77, 1
chile, 53.85, 1
explore, 39.81, 2
troll, 53.85, 1
fuckoffeurovision, 99.0, 1
uae, 99.0, 1
dubai, 99.0, 1
dxb, 99.0, 1
georgia, 99.0, 2
maneskinfamily, 25.77, 2
maneskiedit, 25.77, 1
eurovisionwinner, 48.108000000000004, 5
exo, 1.0, 2
exocomeback, 1.0, 1
brakeaglass, 4.95, 1
carlton, 25.77, 1
eurovisiongreece, 82.75999999999999, 2
eurovisioncyprus, 88.52, 1
foreskin, 97.99, 1
eu, 83.22, 1
umk, 99.0, 1
abba, 99.0, 1
sonofuoriditesta, 25.77, 2
madiversodaloro, 25.77, 1
myescmoment, 99.0, 2
joyesc, 99.0, 1
cyp, 93.61, 1
the, 25.77, 1
liveatworthyfarm, 25.77, 1
vampires, 25.77, 1
otid, 78.19, 1
saturdaynightturnup, 87.68666666666667, 3
drgrandprix, 87.475, 2
tenlee_1001, 82.03, 2
キンプリデビュー3周年, 78.19, 1
it, 68.85799999999999, 5
welldone, 65.39333333333333, 3
22ndmay, 25.77, 1
theitalianwinner, 25.77, 1
hrvatska, 99.0, 1
slovenija, 99.0, 1
київ, 99.0, 1
საქართველო, 99.0, 1
tongueandlips, 99.0, 1
mansekin, 25.77, 1
nbt, 99.0, 1
eur, 25.77, 1
trendsspy, 84.54, 1
torino2022, 99.0, 1
writingcommunity, 25.77, 1
desconjuracao, 28.15857142857143, 14
mffl, 25.770000000000003, 8
仮面ライダーセイバー, 25.770000000000003, 7
หางานออนไลน์, 99.0, 1
salvesequempuder, 25.77, 4
biodiversityday, 25.77, 4
charevelacaobabygg, 25.77, 4
br, 34.536, 5
biodiversidade, 25.77, 4
biothreadbr, 25.77, 4
faraonavive, 25.77, 5
eucalypt, 25.77, 4
puns, 89.84, 1
musicmemes, 89.84, 1
memevision, 89.84, 1
memecontest, 89.84, 1
новыйаватар, 99.0, 1
євробачення, 44.0775, 4
halamadrid, 25.77, 2
iqrarulhassan, 25.77, 1
quackitylore, 25.77, 1
gewinner, 85.87, 1
eurovisionsongcontest2022, 92.435, 2
escfr, 93.61, 1
cancelstudentdebt, 83.22, 1
hotsauce3rdwin, 83.22, 1
precure, 42.49, 2
butter100m, 83.22, 1
usclassic, 83.22, 1
exo_signalreceived, 83.22, 2
lol, 99.0, 1
eurovisionrtv, 96.76, 1
fellowghanaians, 99.0, 1
shattawale, 99.0, 1
sarkodie, 99.0, 1
stonebwoy, 99.0, 1
davido, 99.0, 1
africanrock, 99.0, 1
kings, 1.0, 1
amadeus, 99.0, 1
mcgiyouth, 1.76, 1
savesheikhjarrahh, 1.76, 1
flaxflu, 1.76, 1
nitiasa, 1.76, 1
butterbiggestdebut, 1.76, 1
bidet, 1.0, 1
us, 74.74, 1
евровидение2021, 25.77, 1
loki, 61.03, 2
proud, 99.0, 3
vivaitalia, 99.0, 1
esf, 97.20333333333333, 3
stupidboy, 2.3, 1
stopliars, 2.3, 1
mates, 85.20500000000001, 2
warzone, 69.6, 1
faze, 69.6, 1
faze5, 69.6, 1
highkills, 69.6, 1
demontime, 69.6, 1
grimgang, 69.6, 1
sub2, 69.6, 1
bits, 69.6, 1
affiliate, 69.6, 1
hacks, 69.6, 1
aimbot, 69.6, 1
views, 69.6, 1
streaming, 69.6, 1
demon, 69.6, 1
moon, 69.6, 1
freegaza, 25.77, 1
bds, 25.77, 1
italyisthewinner, 99.0, 1
clippers, 25.77, 6
kawhi, 25.77, 6
luka, 25.77, 6
recoveryfund, 25.77, 2
nextgenerationeu, 25.77, 1
ohno, 25.77, 1
yes, 25.77, 1
justice4italianmusic, 75.49499999999999, 6
stopo, 76.23333333333333, 3
christmas2021, 25.77, 1
stop, 74.75666666666666, 3
akakhulume, 25.77, 1
giannis, 25.77, 1
excited, 99.0, 2
escitaly, 96.875, 2
måneskinofficial, 34.39820512820511, 39
newalbum, 35.11722222222221, 36
ventanni, 34.864594594594585, 37
drugtest, 3.31, 1
linguisticdiversity, 99.0, 1
destiny2, 91.14, 1
10years, 91.14, 1
voilà, 62.385, 2
toutlunivers, 72.79333333333334, 3
retweeet, 88.52, 1
england, 57.144999999999996, 2
pride, 99.0, 1
worldpride, 99.0, 1
davidtrezeguet, 1.0, 1
trezeguet, 1.0, 1
bisou, 98.87, 1
rocks, 25.77, 1
austria, 58.455, 2
vienna, 58.455, 2
whataloadofbollocks, 25.77, 1
italiansout, 25.77, 1
love, 99.0, 2
winaars, 99.0, 1
kissing, 99.0, 1
mood, 99.0, 1
iloveit, 99.0, 1
cuties, 99.0, 1
gagnamagnið, 99.0, 1
unkleaboki, 99.0, 1
franceiscrying, 81.93, 1
jeankirstein, 99.0, 1
shingekinokyojin, 99.0, 1
eurovisionwasteoftime, 99.0, 1
unbacioilluse, 25.77, 1
rosicate, 25.77, 1
rocknrollwillneverdie, 98.87, 1
idontfeelhate, 25.77, 1
wonderful, 99.0, 1
sixinvitational, 99.0, 1
dailysong, 99.0, 1
esccoke, 25.77, 1
wrath, 25.77, 1
rockon, 44.0775, 4
italy44, 25.77, 2
europeandivide, 99.0, 1
mitchtamboeurovision2022, 66.07, 1
lotto, 99.0, 1
jackbruce, 99.0, 1
danelectroguitar, 99.0, 1
femalebassplayerskickarse, 99.0, 1
tix, 81.994, 5
theblindchannel, 25.77, 1
ert, 25.77, 1
foustanela, 54.75, 9
lastdance, 62.385, 2
gre, 25.77, 1
salvinibloccami, 25.77, 1
justasking, 25.77, 1
italywin, 13.385, 2
styledbynickcerioni, 41.465, 2
musicneverdies, 25.77, 1
pr, 99.0, 1
sixties, 99.0, 1
rockstar, 99.0, 1
dope, 99.0, 1
sevoleteseguitemisuinstagram, 25.77, 1
vicdeangelis, 22.231428571428573, 7
rockwins, 99.0, 1
hateeurovision, 85.87, 1
goodnews, 25.77, 1
unapezzadilundini, 25.77, 1
graziemario, 25.77, 1
6newsau, 74.74, 1
ddlzan, 42.96666666666667, 3
esc22, 99.0, 1
louistomlinson, 25.77, 1
eurvision, 99.0, 1
amazing, 99.0, 2
justiceforitaly, 98.87, 1
sui, 99.0, 1
mlt, 69.44571428571429, 7
ukr, 69.424, 5
linkinpark, 94.75, 1
ukraineeurovision, 25.77, 1
norge, 99.0, 1
trashitaliano, 25.77, 1
malgioglio, 50.18, 3
ziamalgy, 25.77, 1
spogliarello, 25.77, 1
vittoria, 25.77, 1
trash, 25.77, 1
ateez, 99.0, 1
immortalsong, 99.0, 1
covid_19, 25.77, 2
metal, 44.0775, 4
motleycrue, 25.77, 1
shoutatthedevil, 25.77, 1
semipreciousweapons, 25.77, 1
coachella, 25.77, 1
metallica, 25.77, 1
ladygaga, 25.77, 1
houseofgucci, 25.77, 1
pompatour, 25.77, 1
chivmia, 78.19, 1
intermiamicf, 78.19, 1
lafamiliaimcf, 78.19, 1
cffc, 78.19, 1
vamosfire, 78.19, 1
eurovisiongays, 92.4, 1
monstax, 25.77, 1
deutschland, 99.0, 1
desconjuração, 25.77, 2
dilettaleotta, 62.385, 2
candil, 25.77, 1
musicproduction, 99.0, 1
eurovisioncontest, 86.535, 2
es2021, 86.535, 2
prouditalian, 62.385, 2
pentagon, 25.77, 1
eurovisão, 80.64, 1
eurovisie, 80.64, 1
евровизия, 80.64, 1
eurovisione, 53.205, 2
eurovisión, 80.64, 1
eurowizji, 80.64, 1
lovefrompoland, 99.0, 1
heavymetal, 62.385, 2
theblackmamba, 96.38, 3
olivetti, 99.0, 1
lettera32, 99.0, 1
storiadiinnovazione, 99.0, 1
ivrea, 99.0, 1
aurevoir, 85.87, 1
artsheal, 99.0, 1
musicheals, 99.0, 1
soldi, 99.0, 1
hunterxhunter, 25.77, 1
maneskinwins, 25.77, 1
blocked, 25.77, 1
esc2021italy, 25.77, 1
ritualdelohabitual, 25.77, 1
hollowlife, 25.77, 1
turnonthejuice, 25.77, 1
getyourgigon, 25.77, 1
revivelive, 25.77, 1
msga, 25.77, 1
cometoslough, 25.77, 1
oland, 25.77, 1
rotterdamlive22m, 25.77, 1
code24, 19.9025, 4
vivalitalia, 99.0, 1
manskin, 99.0, 1
patatoni, 98.27, 1
bestsongever, 99.0, 1
spoilers, 99.0, 1
bigstartrastevere, 25.77, 1
itscominghome, 1.0, 1
yearoftv, 84.54, 1
celebration, 84.54, 1
waytogo, 99.0, 1
in26, 77.0, 1
titina21, 25.77, 1
corsi, 99.0, 1
delicious, 99.0, 1
songfestival21, 99.0, 1
killinginthenameof, 25.77, 1
justiceforeurovision, 1.0, 1
barbarapravo, 25.77, 1
isl, 62.385, 2
escaus, 25.77, 1
eurovisionvotesarerigged, 25.77, 1
eurovisionfullofpolitics, 25.77, 1
goodnighteurope, 99.0, 1
thankyourotterdam, 99.0, 1
gaypanic, 99.0, 1
football, 99.0, 1
firstplace, 99.0, 1
thewinner, 25.77, 2
toptheone, 25.77, 1
numberone, 99.0, 1
elfpirate, 99.0, 1
romacaputmundi, 99.0, 1
jurytype, 25.77, 1
willneverdie, 25.77, 1
sorrynotsorry, 1.0, 1
weloveeurope, 99.0, 1
wearefinland, 99.0, 1
byebyefedez, 99.0, 1
byebyemarrone, 99.0, 1
byrbyeamoroso, 99.0, 1
byebyenegraaamari, 99.0, 1
icelandeurovision, 25.77, 1
yayadingdong, 62.385, 2
leonardodicaprio, 45.919999999999995, 2
vote24, 53.33115384615383, 78
dajeeeee, 25.77, 1
srfesc, 25.77, 1
rockfire, 25.77, 1
nostradamussimon, 25.77, 1
forzamaneskin, 25.77, 1
victory, 25.77, 1
singers, 61.265, 2
live, 61.879999999999995, 2
svizzera, 62.385, 2
epaphotos, 79.72, 2
allora, 25.77, 1
hatari, 13.68, 2
articmonkeys, 25.77, 1
longliverock, 25.77, 1
superleague, 25.77, 1
marlenatornaacasa, 94.75, 1
francewererobbed, 25.77, 1
happy, 99.0, 1
simonjclebon, 25.77, 1
omg, 25.77, 1
schengen, 97.58, 1
hatersgonnahate, 97.58, 1
eucitizens, 99.0, 1
gmm2022, 25.77, 1
hardrock, 25.77, 1
musik, 25.77, 1
bravo, 99.0, 1
rock21, 99.0, 1
efs21, 99.0, 1
shum, 61.089999999999996, 5
thedarkness, 99.0, 1
amolitalia, 99.0, 1
italia2022, 99.0, 1
hellfest, 99.0, 1
grazieregazzi, 99.0, 1
winecolouredleatherdungarees, 25.77, 1
italiacaputmundi, 99.0, 1
italiansrockitbetter, 99.0, 1
badnews, 25.77, 1
netherland, 94.75, 1
unlocking, 94.75, 1
turin2022, 94.75, 1
congratsitalia, 25.77, 1
måneskinrule, 25.77, 1
thefloatingtemplebyextraterrestrialtech, 25.77, 1
closeencounter13, 25.77, 1
disclosureinourtime, 25.77, 1
12points, 25.77, 4
bestofeurovision, 25.77, 1
napolizon, 25.77, 1
euorvision, 25.77, 1
proudofyou, 25.77, 1
habbo, 25.77, 3
habbovision, 25.77, 3
thewinneris, 99.0, 1
italiansong, 99.0, 1
prayforfrance, 1.0, 1
prayforswitzerland, 1.0, 1
prayforportugal, 1.0, 1
rockforever, 99.0, 1
adoro, 99.0, 1
máneskin, 99.0, 1
botswineurovision, 99.0, 1
grazie, 25.77, 1
politics, 85.87, 1
eurofestival, 1.0, 1
esci, 25.77, 1
eurovisió, 98.27, 1
tgnttaeurovisión, 98.27, 1
metalrules, 25.77, 1
publicvote, 98.27, 1
rom2022, 25.77, 1
eriksen, 25.77, 1
si, 25.77, 2
no, 25.77, 2
iheartawards, 60.53, 2
rotterdam2o21, 25.77, 1
florian, 25.77, 1
edsilia, 1.0, 1
switserland, 1.0, 1
tachicardia, 25.77, 1
eurovisionfinal, 86.54, 6
maneskinvictoria, 84.25, 5
måneskinthomas, 84.25, 5
maneskinethan, 84.25, 5
maneskinvincitori, 84.25, 5
goitaly, 25.77, 1
eurovisiocy, 99.0, 1
eurovisiogr, 99.0, 1
mariodraghi, 25.77, 3
staracademy, 25.77, 1
realmadrid, 25.77, 1
atleti, 25.77, 1
paok, 25.77, 1
whosfan_with_ikon, 25.77, 1
dadifreyr, 25.77, 1
savemacgvyer, 94.75, 1
louderthanthedj, 93.61, 1
daðifreyr, 99.0, 1
theroopband, 25.77, 1
russialovesmåneskin, 76.9542857142857, 7
cia, 25.77, 1
fsb, 25.77, 1
aisi, 25.77, 1
mi6, 25.77, 1
mossad, 25.77, 1
nsa, 25.77, 1
vaticano, 99.0, 1
endorsement, 25.77, 1
dieci, 25.77, 1
top5, 99.0, 1
lookalike, 25.77, 1
voteitaly, 50.08357142857142, 14
voteforitaly, 50.18, 3
voteeurovision, 99.0, 1
efendi, 48.76333333333333, 3
senhit, 37.001999999999995, 5
ucraina, 91.14, 1
portogallo, 91.14, 1
simonlebon, 99.0, 3
russians, 25.77, 1
mickronson, 96.76, 1
moleskin, 25.77, 1
voteforukraine, 99.0, 1
trapnest, 25.77, 1
nana, 25.77, 1
blackmamba, 53.85, 2
bul, 25.77, 1
jointhedarkside, 38.93, 3
eresia, 25.77, 1
poetimaledetti, 25.77, 1
italytowin, 99.0, 1
teamdivano, 25.77, 2
fantaeurovision, 98.87, 1
igstories, 99.0, 1
ita24, 25.77, 1
human, 25.77, 1
straykids, 25.77, 1
danemark, 14.33, 2
napoli, 99.0, 1
rus, 97.58, 1
aje, 97.58, 1
jojosbizzareadventure, 99.0, 1
araki, 99.0, 1
gentlereminder, 25.77, 1
bouygues, 25.77, 1
emphaty, 25.77, 1
defwinners, 25.77, 1
hottiealert, 25.77, 1
skin, 25.77, 1
maneskjn, 25.77, 1
24foritaly, 25.77, 2
tzvil, 92.4, 1
musicliveagain, 25.77, 1
buoniecattivi, 25.77, 1
armenia, 25.77, 1
europeans, 1.0, 1
forza, 99.0, 1
svezia, 25.77, 1
greatdeal, 25.77, 1
suspect, 25.77, 1
dirty, 25.77, 1
unspoken, 25.77, 1
trust, 25.77, 1
gut, 25.77, 1
eurovisiontve, 96.76, 1
eurovisionspain, 96.76, 1
vincentcasel, 25.77, 1
unreliable, 92.4, 1
theft, 92.4, 1
fraude, 92.4, 1
bookingcomneveragain, 92.4, 1
worldgothday, 99.0, 1
cpi2020, 99.0, 1
bass, 99.0, 1
22maggio, 98.27, 1
italianmetal, 25.77, 1
saftas, 77.0, 1
modeling, 77.0, 1
sindidlathu, 77.0, 1
ferragnez, 25.77, 1
theroot, 98.87, 1
den, 99.0, 1
escfin, 25.77, 2
moldavia, 99.0, 1
sugar, 99.0, 1
24maneskin, 25.77, 1
anxhelaperisteri, 99.0, 1
esc2011, 99.0, 1
escalb, 99.0, 1
italiani, 25.77, 1
estero, 25.77, 1
missingperson, 84.965, 2
destinedforgreatness, 96.76, 1
votemaneskin, 57.45250000000001, 4
osolemio, 95.29, 1
pimlico, 95.29, 1
srb, 25.77, 1
basicincome, 25.77, 1
pandemic, 25.77, 1
rotterdamlive, 25.77, 1
22m, 25.77, 1
ubi, 25.77, 1
revenue, 25.77, 1
rentabasica, 25.77, 1
italianiallestero, 25.77, 1
onfire, 25.77, 1
albanian, 94.75, 1
escit, 92.4, 1
europeanunion, 99.0, 1
support, 98.75666666666666, 3
felicitá, 25.77, 1
antifascista_sempre, 99.0, 1
free_palestine, 99.0, 1
freenazanin, 99.0, 1
bekind, 99.0, 1
ilvolo, 25.77, 1
inboccaallupo, 25.77, 1
ilvolovers, 25.77, 1
handeercel, 25.77, 1
sangiulia, 25.77, 1
sangiullarixverissimo, 25.77, 1
lasizwesaftas2021, 25.77, 1
verizon5gallchat, 25.77, 1
hodl, 25.77, 1
offtopic, 25.77, 1
nrkmgp, 96.76, 1
saturdayvibes, 25.77, 3
funkock, 25.77, 1
eurovisionchallenge, 25.77, 3
newwave, 36.97, 4
grandfinal, 53.9475, 4
domenicomodugno, 25.77, 1
puglia, 25.77, 1
eurivision, 62.385, 2
elenatsagrinou, 25.77, 1
florida, 53.85, 2
gjon, 25.77, 1
newmusic, 48.169999999999995, 2
popmusic, 25.77, 1
futuristic, 48.169999999999995, 2
blackgrad, 25.77, 1
blacktwitter, 25.77, 1
dublinga, 25.77, 1
shamrockstadium, 25.77, 1
mountvernon, 25.77, 1
savannahga, 25.77, 1
atlanta, 25.77, 1
explorepage, 25.77, 1
tiktokfamous, 25.77, 1
followergains, 25.77, 1
tiktokchallenge, 25.77, 1
videos, 25.77, 1
storytimethreads, 25.77, 1
nickiminaj, 25.77, 1
nickcannon, 25.77, 1
onehorserace, 25.77, 1
italianstallion, 25.77, 1
asmr, 59.69, 2
eurovisionvillage, 59.69, 2
eurovisiesongfestival2021, 59.69, 2
arrestquackramdev, 25.77, 1
migrants, 25.77, 1
cellulite, 25.77, 1
boycottsafarilink, 25.77, 1
nrlraidersstorm, 25.77, 1
ميشال_عون, 25.77, 1
upperhunter, 25.77, 1
nor, 99.0, 1
dodicipunt, 99.0, 1
dovreiscriverlituttimagnafo, 25.77, 1
vate24, 25.77, 1
byvitamind, 99.0, 2
vitamind, 99.0, 2
манескин, 99.0, 2
aesthetic, 99.0, 2
slowed, 99.0, 2
slowedsong, 99.0, 2
dajeeee, 99.0, 1
zuttiebuoni, 99.0, 1
eurovisionday, 50.18, 3
history, 70.57, 1
freedom, 91.14, 1
standwithuganda, 91.14, 1
umk22, 25.77, 1
maneskinforthewin, 25.77, 1
twentyfour, 25.77, 1
jeangumacrooy, 59.69, 2
fyp, 93.61, 1
fabriziomoro, 25.77, 1
ermalmeta, 25.77, 1
metamoro, 25.77, 1
мгчд, 1.0, 1
сероволк, 1.0, 1
майоргром, 1.0, 1
np, 65.25, 1
lgbti, 65.25, 1
mywayofpropaganda, 98.56, 1
adrenalina, 62.385, 2
theitalianjob, 84.54, 1
juryshow, 99.0, 1
voteitalia, 25.77, 1
topten, 25.77, 1
topofthemusic, 25.77, 1
album, 25.77, 1
deddy, 25.77, 1
rkomi, 25.77, 1
iosonuncane, 25.77, 1
djharsh, 25.77, 1
wiwijam, 64.83666666666666, 6
oscars, 66.07, 1
fmf, 25.77, 1
gamigang, 25.77, 1
prog, 99.0, 1
cover, 92.4, 1
concert, 97.99, 1
gig, 97.99, 1
newband, 97.99, 1
newcover, 97.99, 1
letsgooooooooo, 99.0, 1
ebu, 25.77, 1
eurovision2020, 25.77, 1
mellos, 25.77, 1
lovevictor, 25.77, 1
amorecriminale, 25.77, 1
helenapaparizou, 99.0, 1
veritaperdenisepipitone, 98.27, 1
wegotenoughofrobbery, 99.0, 1
eurosemi2, 97.19, 1
musicconnect, 98.87, 1
eschalley, 25.77, 1
thomas, 25.77, 1
måneskinofficialitaly, 25.77, 4
moi, 25.77, 1
castlepointfm, 81.93, 1
vincentbueno, 81.93, 1
rafał, 81.93, 1
tumblrpost, 99.0, 1
månszelmerlöw, 99.0, 1
eurovision2021italy, 99.0, 1
maneskinsupremacy, 99.0, 1
sangiocaputmundi, 49.285714285714285, 7
brasil, 49.285714285714285, 7
eurosemi1, 46.34625, 8
lituania, 49.285714285714285, 7
migranti, 49.285714285714285, 7
missingpersons, 49.285714285714285, 7
japan, 49.285714285714285, 7
miami, 49.285714285714285, 7
valencia, 49.285714285714285, 7
liveline, 71.55, 1
israelunderattack, 97.99, 1
gazaunderattackk, 97.99, 1
foreverforte, 77.0, 1
partnersincrime, 25.77, 1
eusovision, 99.0, 1
jemecasse, 99.0, 1
photography, 94.75, 1
danseimåneskin, 25.77, 1
trinedyrholm, 25.77, 1
dmgp1987, 25.77, 1
missingdenisemp, 99.0, 1
teamitaly, 25.77, 1
euro2021, 25.77, 1
butter, 4.35, 2
electric, 25.77, 1
lettheeurovisionsongcontestbegin, 25.77, 1
audience, 70.57, 1
gngraphicnews, 77.0, 1
infographics, 77.0, 1
turquoisecarpet, 73.64, 1
mazaradelvallo, 96.29, 1
whatsapp, 96.29, 1
animalcrossing, 96.29, 1
catsoftwitter, 96.29, 1
thomasraggiedit, 25.77, 1
thomasraggi__, 25.77, 1
ercobbra, 25.77, 1
accessories, 91.14, 1
tornikekipiani, 25.77, 1
ahoyarena, 1.0, 1
radio105, 25.77, 2
105micasalive, 25.77, 1
bonus, 64.07499999999999, 2
eth, 64.07499999999999, 2
ireland, 64.07499999999999, 2
idahobit2021, 92.4, 1
freebritney, 96.76, 1
thomasragi, 99.0, 1
locoloco, 25.77, 1
missuniverse2020, 25.77, 1
missmexico, 25.77, 1
mtvawards, 25.77, 1
juventus, 25.77, 1
eurovisionathon, 25.77, 1
