maneskin, 46.65922878069826, 2321
bts, 33.906666666666666, 18
bts_butter, 68.4775, 8
lanadelrey, 25.77, 1
damianodavid, 49.277680000000196, 375
måneskin, 49.293644067796826, 590
sketch, 61.074999999999996, 6
maaneskin, 45.88682539682549, 126
eurovision, 51.090154479917274, 971
heartbreakanthem, 1.0, 2
zittiebuoni, 54.093113772455204, 167
teatrodira, 42.55953488372092, 43
ethantorchio, 47.55307692307692, 65
kpop, 98.56, 1
spotify, 78.21000000000001, 9
02knews, 98.56, 1
milkshake, 99.0, 1
healthylifestyle, 99.0, 1
healing, 99.0, 1
coconut, 99.0, 1
mileycyrus, 99.0, 1
tiktok, 50.108, 5
obsessed, 47.305, 2
cruella, 51.4390909090909, 11
crudelia, 52.72749999999999, 8
cruelladevil, 66.72, 3
thisismåneskin, 52.29791666666666, 24
måneskinofficial, 34.81083333333333, 12
måneskinofficialfanclub, 37.444666666666656, 15
newalbum, 44.80714285714286, 7
ventanni, 37.82444444444444, 9
sanremo, 52.54176470588235, 17
sanremo2021, 59.151578947368414, 19
eurovisionsongcontest, 45.85156626506023, 83
eurovision2021, 50.45150326797402, 612
esc2021, 54.2228484848486, 165
disney, 59.085, 2
mofc, 33.00266666666666, 15
iwannabeyourdog, 25.77, 2
escita, 44.44216494845361, 97
rockmusic, 89.725, 4
hires, 81.93, 1
music, 61.81590909090908, 22
top40, 53.85, 2
oliviarodrigo, 30.227058823529404, 17
streamteatrodira, 99.0, 1
damiano, 39.510948905109565, 137
victoriadeangelis, 52.587586206896546, 58
thomasraggi, 47.192340425531896, 47
bowie, 78.465, 2
lou, 89.18, 1
iggy, 89.18, 1
mickj, 89.18, 1
agnelli, 89.18, 1
digitaldrawing, 25.77, 1
дамианодавид, 25.77, 1
eurovisongr, 1.0, 1
maneskinart, 1.0, 1
oursong, 52.705, 4
thereal_ateez, 25.77, 1
에이티즈, 25.77, 1
ateez, 37.885, 4
victoria, 33.792857142857144, 7
mäneskin, 25.77, 2
rock, 61.10962962962963, 27
edit, 33.77875, 8
rockband, 25.77, 1
iwannabeyourslave, 36.23142857142857, 7
beggin, 25.77, 1
ironmaiden, 25.77, 1
bielorrusia, 1.91, 1
𝓶𝓸𝓸𝓭, 25.77, 1
meme, 35.3, 2
memeskin, 1.0, 1
btsarmy, 87.86, 1
italy, 54.2061574074075, 216
paulmccartney, 25.77, 1
merch, 13.385, 2
art, 47.89545454545455, 11
girlpower, 77.0, 1
womenwhorock, 77.0, 1
radiopresenter, 77.0, 1
irishradio, 77.0, 1
blindchannel, 43.954210526315784, 19
finland, 59.853333333333325, 9
youtube, 38.714000000000006, 5
ot4, 80.64, 1
lista, 25.77, 1
chart, 25.77, 1
list, 25.77, 1
newvideo, 25.77, 1
selfie, 1.0, 1
mirror, 1.0, 1
badbitch, 1.0, 1
blonde, 1.0, 1
oldschool, 1.0, 1
katya, 1.0, 1
bigtop40, 1.0, 1
deafrekening, 71.55, 1
vicdeangelis, 41.543529411764695, 17
pencilportrait, 25.77, 1
digitalart, 55.694374999999994, 16
digitalpainting, 75.85, 1
portraitart, 75.85, 1
surrealism, 75.85, 1
surrealportrait, 75.85, 1
contemporaryart, 75.85, 1
serendipity, 80.64, 1
artist, 56.56, 6
artistontwitter, 58.89444444444444, 9
rocknroll, 67.16, 7
portrait, 99.0, 1
artwork, 69.76200000000001, 5
creativity, 99.0, 2
eurovisionuk, 32.45294117647059, 17
eurovisionitaly, 40.06923076923077, 26
eurovisiongr, 30.212, 20
uk, 25.769999999999996, 16
nulpoints, 24.221874999999997, 16
italyeurovision, 47.14232558139535, 43
france, 30.751269841269835, 63
switzerland, 27.14421052631579, 19
kissthis, 99.0, 1
russialovesmåneskin, 96.00999999999999, 2
btc, 62.385, 2
airdrop, 99.0, 1
dogecoin, 59.455000000000005, 6
crypto, 47.66727272727272, 11
eurovisionsongcelebration, 63.9365, 20
fashion, 25.77, 2
photography, 48.943333333333335, 3
stylish, 25.77, 1
editorial, 25.77, 1
bbc, 80.64, 1
esc, 61.0460465116279, 43
conchitawurst, 80.64, 1
charts, 89.82, 2
singlecharts, 80.64, 1
rotterdam2021, 21.641666666666666, 6
voting, 99.0, 1
eurovison, 46.237142857142864, 7
goodjobiamheresolo, 96.76, 1
sundaysession, 99.0, 2
ilballodellavita, 25.77, 2
mermay, 48.66, 2
mermay2021, 71.55, 1
merpeople, 71.55, 1
mermaid, 71.55, 1
water, 71.55, 1
moonlight, 71.55, 1
chiarodiluna, 71.55, 1
procreate, 36.275, 2
wattpad, 1.0, 1
denisepipitone, 56.09708333333333, 24
farcry6, 98.27, 1
chelsea, 98.27, 1
manchestercity, 81.228, 5
jennie, 25.77, 1
rockneverdies, 43.878, 5
lilyrosedepp, 25.77, 1
go_a, 47.32826086956521, 23
gjonstears, 42.548, 5
thomas, 35.13, 6
ethan, 60.11714285714286, 7
katerynapavlenko, 45.803333333333335, 3
ukraine, 40.99399999999999, 10
lovingit, 99.0, 1
asyetuntitledrockshow, 92.435, 2
awesome, 93.7975, 4
italy2022, 50.18, 3
mancitychelsea, 98.56, 1
chelseafc, 94.03333333333335, 3
championsleaguefinal, 91.00750000000001, 4
guardiola, 98.56, 1
soccer, 91.55000000000001, 2
mancity, 50.03333333333333, 3
championsleague, 98.78, 2
leafsforever, 98.56, 1
happybirthdaytonystark, 69.62333333333335, 3
hiphop, 98.56, 1
rocknrollneverdies, 50.89173913043478, 23
duolingo, 25.77, 3
palayeroyale, 47.42777777777778, 9
thebastards, 99.0, 1
royalcouncil, 99.0, 1
tour, 50.18, 3
glamrock, 83.375, 2
shum, 70.21333333333332, 3
escukr, 55.82, 2
editing, 57.805, 2
editor, 89.84, 1
photoedit, 57.805, 2
givinitlarge, 85.87, 1
live, 92.435, 2
loud, 85.87, 1
happy, 99.0, 3
marasli, 84.54, 1
maturita2021, 84.54, 1
madrid, 55.155, 2
finalchampions, 84.54, 1
uefa, 84.54, 1
debruyneday, 84.54, 1
debruyne, 84.54, 1
ligachampion, 84.54, 1
taste, 62.385, 2
lovestruck, 95.81, 1
lcfc, 25.77, 1
ladygaga, 25.77, 1
laliga, 25.77, 1
laantorchadelosimposibles, 25.77, 1
lacasadepapel, 25.77, 1
larrystylinson, 25.77, 2
larry, 25.77, 3
mufc, 25.77, 1
myheroacademia, 25.77, 1
mtvawards, 62.32, 2
muratyildirim, 25.77, 1
musicfair, 25.77, 1
mellos, 25.77, 1
mihajlovic, 25.77, 1
missuniverse, 25.77, 1
mina, 25.77, 1
euro2020, 35.88, 11
eurosong, 25.77, 1
uclfinal, 69.77, 3
handeercel, 62.385, 2
efyam, 62.385, 2
edser, 99.0, 1
fortnite, 70.315, 4
foodie, 99.0, 1
champions, 99.0, 1
colombia, 99.0, 1
streamiride, 62.385, 2
eurovision2022, 45.88714285714285, 77
illustration, 60.301999999999985, 5
fedez, 51.98, 2
dreams, 99.0, 1
saturdayvibes, 99.0, 1
klaus, 25.77, 1
mikaelson, 25.77, 1
klausmikaelson, 25.77, 1
thevampirediaries, 25.77, 1
tvd, 25.77, 1
theoriginals, 25.77, 1
to, 25.77, 1
fancam, 25.77, 1
tvtalk, 25.77, 1
raigiro, 25.77, 1
giroditalia, 25.77, 1
damianocaruso, 25.77, 1
yoongi, 25.77, 1
taehyung, 25.77, 1
covid19, 42.95555555555555, 18
skytg24, 25.77, 1
yoona, 25.77, 1
giro2021, 25.77, 2
canada, 25.77, 3
manchestercitychelsea, 25.77, 1
brightwin, 25.77, 1
quote, 60.51333333333333, 12
supermoon, 57.805, 2
butterhotterremix, 25.77, 1
catchmeontheplanetoitaly, 25.77, 1
ocart, 69.6, 1
gorillaz, 84.54, 1
thisismaneskin, 33.093, 10
onedirection, 65.282, 5
miraculousladybug, 77.0, 1
strangerthings, 77.0, 1
lucifernetflix, 77.0, 1
harrystyles, 39.91535714285713, 28
moots, 77.0, 2
rt, 68.95599999999999, 5
fiverr, 25.77, 1
amcstrong, 25.77, 1
criticalrolespoilers, 25.77, 1
quotes, 60.75333333333333, 3
effzeh, 25.77, 1
taemin, 25.77, 1
screenshotsaturday, 25.77, 1
services, 25.77, 1
ipl2021, 25.77, 1
1d, 25.77, 1
coraline, 31.38222222222223, 9
lisa, 62.385, 2
måneskinedit, 25.77, 2
samanthacristoforetti, 79.41, 1
italia, 65.4596, 25
annoitaliano, 79.41, 1
prouditalian, 79.41, 1
anxiety, 4.13, 1
agoraphobia, 4.13, 1
gntm, 1.0, 1
baby, 1.0, 1
nastybory, 1.0, 1
alicepagani, 1.0, 1
fanart, 55.049, 10
medicine, 25.77, 2
backingtrack, 89.84, 1
midi, 89.84, 1
theweeknd, 38.584, 5
elvis, 89.84, 1
wip, 25.77, 5
itsinthename, 25.77, 1
dabi, 95.81, 1
bnha, 95.81, 1
dabifanart, 95.81, 1
francia, 56.73666666666666, 9
b99, 98.27, 1
iconic, 60.26, 2
charismatic, 81.93, 1
electrifying, 81.93, 1
winners, 77.17, 6
fakeaccounts, 99.0, 1
fakeprofiles, 99.0, 1
maneskinescplus, 34.923750000000005, 8
theoedipusproject, 25.77, 1
gucci, 25.77, 1
etro, 25.77, 4
fuoriditesta, 25.77, 1
29maggio, 25.77, 1
ilvocio, 25.77, 1
pillon, 25.77, 1
sessismo, 25.77, 1
maschilismo, 25.77, 1
ddlzan, 62.019999999999996, 2
joecephusandthegeorgejonestownmassacre, 25.77, 1
stilljamming, 99.0, 1
jonnydepp, 25.77, 1
wokeuplikethis, 25.77, 1
ilvolo, 25.77, 1
mahmood, 25.77, 1
ermalmeta, 25.77, 1
fabriziomoro, 25.77, 1
francescogabbani, 25.77, 1
masterpiece, 99.0, 1
yungblud, 62.019999999999996, 2
mannkibaat, 1.91, 1
narendermodi, 1.91, 1
justiceforsushantsinghrajput, 1.91, 1
justiceforrahulkhan, 1.91, 1
cancelcbse12thboardexams2021, 1.91, 1
rockandrollneverdies, 48.42666666666667, 9
foryourlove, 96.875, 2
openup, 56.67529411764706, 17
folkmusic, 25.77, 1
tamburello, 25.77, 1
italianfolk, 25.77, 1
percussion, 25.77, 1
newreleases, 25.77, 1
rockshow, 25.77, 1
medienbc, 53.85, 2
nedediyseyapti, 25.77, 1
palestine, 42.846666666666664, 3
paronacional, 25.77, 1
safemoon, 61.879999999999995, 2
soscolombianosestanmatando, 25.77, 1
covid19gesetz, 81.93, 1
lockdown, 90.465, 2
shy, 1.42, 1
boobs, 1.42, 1
curvy, 1.42, 1
curvygirl, 1.42, 1
mistress, 1.42, 1
footfetish, 1.42, 1
oggicosi, 1.42, 1
mypixeldiary, 1.42, 1
onlyfans, 30.746666666666666, 3
fetishphotography, 1.42, 1
fetish, 1.42, 1
bustywoman, 1.42, 1
bustynaturals, 1.42, 1
bustycosplay, 1.42, 1
curvywoman, 1.42, 1
curvystyle, 1.42, 1
curvymodel, 1.42, 1
bdsm, 1.42, 1
bbw, 1.42, 1
linkinbio, 1.42, 1
saturdaymorning, 13.594999999999999, 2
saturdaythoughts, 1.42, 1
poetry, 93.02, 1
poetrycommunity, 93.02, 1
poem, 93.02, 1
eurovisionfanart, 99.0, 1
maneskinfanart, 41.92333333333333, 3
måneskinfanart, 99.0, 1
eurivisionitaly, 99.0, 1
eurovisionukraine, 99.0, 1
шум, 99.0, 1
ґоу_ей, 99.0, 1
italian, 57.31625, 8
learnitalian, 25.77, 1
jimin, 25.77, 2
btsfanart, 25.77, 1
tassadisuccessione, 25.77, 1
alexanderrybak, 25.77, 1
eurovisionchallenge, 25.77, 1
iceland, 85.3, 2
esc2022, 76.514, 5
saturday, 25.77, 1
abujatwittercommunity, 25.77, 1
nigeria, 25.77, 1
hope, 25.77, 1
wap, 1.0, 1
carolina, 25.77, 1
italianrock, 85.42999999999999, 3
wiwijam, 25.77, 4
banger, 25.77, 1
btsxrollingstone, 99.0, 1
chile, 99.0, 1
kimtaehyung, 25.77, 1
clarkgable, 25.77, 1
reuters, 25.77, 1
newscomimages, 25.77, 1
newscom, 25.77, 1
photosoftheweek, 25.77, 1
ncedpics, 25.77, 1
israel, 25.77, 1
greece, 25.77, 2
fire, 25.77, 1
eurovisison, 25.77, 1
rockstar, 93.40333333333332, 3
rockamring, 25.77, 1
germany, 25.77, 1
hottiesformåneskin, 45.71999999999999, 7
atx, 99.0, 1
livemusic, 99.0, 1
bands, 99.0, 1
eurovisionrtve, 66.105, 4
eurovisionsongcontest2021, 30.625999999999998, 5
propagandalive, 25.77, 2
hodl, 76.3675, 4
lareinadelflow2, 25.77, 1
milan, 50.18, 3
camargue, 25.77, 1
santasara, 25.77, 1
sinti, 25.77, 1
romanesc, 25.77, 1
nomadland, 25.77, 1
friendsreunion, 44.0775, 4
childrensday2021, 25.77, 1
missingperson, 25.77, 1
berlin2021, 25.77, 1
monacogp, 25.770000000000003, 9
onepiece1014, 55.155, 2
chicagopd, 25.77, 1
officialuk, 25.77, 1
europe, 68.60249999999999, 4
italianspeaker, 25.77, 1
iihfworlds, 25.77, 1
mls4spoilers, 55.155, 2
viral, 54.825, 4
ffxiv, 25.77, 1
loki, 25.77, 1
tiktokviral, 25.77, 1
tiktokchallenge, 25.77, 1
youtuber, 25.77, 1
kardashians, 25.77, 1
anastacia, 25.77, 1
vendredisein, 84.54, 1
wolfgang, 84.54, 2
luciferseason5b, 84.54, 1
welcomealaba, 84.54, 1
gendarmes, 84.54, 1
ไบร์ทวิน, 84.54, 1
qatar2022, 84.54, 1
emmys2019, 84.54, 1
queen, 25.77, 2
daddyissues, 25.77, 1
hyprtribes, 25.77, 1
allguitarnetwork, 25.77, 1
top, 25.77, 1
cover, 25.77, 1
maneskinsong, 25.77, 1
guitar, 62.32, 2
rockandroll, 35.75125, 8
todayimwearing, 25.77, 1
70s, 25.77, 1
maneskinofficial, 35.866249999999994, 16
maneskinedit, 25.77, 1
stream, 25.77, 1
poop, 72.92666666666666, 3
pop, 77.84599999999999, 5
bucksfizz, 72.92666666666666, 3
abba, 60.708571428571425, 7
boomchicago, 72.92666666666666, 3
harrypotter, 98.27, 1
severussnape, 98.27, 1
xfactor, 60.678, 10
crush, 96.76, 1
edits, 25.77, 1
photoshop, 25.77, 1
coverart, 25.77, 1
mattlongandtherevenantones, 98.27, 1
streammåneskin, 25.77, 1
soscolombia, 25.77, 1
kaeya, 98.27, 1
原神, 98.27, 1
genshinimpact, 86.52, 8
redraw, 98.27, 1
chiaraferragni, 25.77, 1
sidharthmalhotra, 44.0775, 4
tccandler, 36.445, 12
100faces2021, 25.770000000000003, 8
nowplaying️, 98.87, 1
tix, 99.0, 3
amici20, 25.77, 1
ameamici20, 25.77, 1
giuliastabile, 25.77, 1
top10, 25.77, 1
album, 25.77, 3
sangiovanni, 25.77, 2
ernia, 25.77, 1
aka7even, 25.77, 2
deddy, 25.77, 3
playmobil, 99.0, 1
officialcharts, 99.0, 1
topten, 25.77, 2
topofthemusic, 25.77, 2
singoli, 25.77, 2
rkomi, 25.77, 3
juniork, 25.77, 1
damikate, 25.77, 1
drawing, 88.65142857142857, 7
pinkpop, 25.77, 1
mojoconcerts, 25.77, 1
itsabanger, 95.81, 1
malibù, 25.77, 1
lady, 25.77, 1
slovakia, 71.13499999999999, 4
newmusic, 53.85, 2
newmusicdaily, 25.77, 1
newrelease, 25.77, 1
vic, 99.0, 1
mianiversariodetwitter, 99.0, 1
100mostbeautifulfaces2021, 25.77, 6
100mosthandsomemen2021, 44.06, 3
tbworld2021, 33.60857142857143, 7
japan, 46.68666666666667, 3
belgique, 25.77, 1
china, 76.3675, 4
jungkook, 31.861666666666668, 12
freebts, 25.77, 1
elmo, 25.77, 1
najila, 25.77, 1
pink, 29.085454545454546, 11
adele, 37.92666666666667, 3
twentyonepilots, 37.92666666666667, 3
coldplay, 25.77, 2
theblackkeys, 37.92666666666667, 3
daftpunk, 25.77, 1
100mosfaces2021, 25.77, 2
clemeskin, 25.77, 1
justinbieber, 25.770000000000003, 9
maskedwolf, 25.77, 5
riton, 25.77, 3
silksonic, 25.77, 5
arianagrande, 57.805, 2
tiesto, 25.77, 3
lapauradelbuio, 25.77, 1
maneskindamiano, 38.853225806451604, 31
michaelfassbender, 99.0, 1
felipefernándezlaser, 99.0, 1
harries, 25.77, 1
dressuptimeprincess, 25.77, 1
timeprincess, 25.77, 1
maneskinxateez, 99.0, 1
eccentric, 1.0, 1
unique, 1.0, 1
beyourself, 1.0, 1
motivation, 1.0, 1
friendsthereunion, 25.770000000000003, 8
criticalrole, 25.77, 1
wolfgangoutnow, 25.77, 1
seriea, 25.77, 1
escitalia, 66.988, 5
barbarapravi, 57.21571428571428, 14
straykids, 35.565000000000005, 6
sidhartmalhotra, 25.77, 1
girlsbiteback, 25.77, 1
ped, 99.0, 1
loveallkindsofmusic, 99.0, 1
eurovisionfan, 99.0, 1
pokemongo, 69.72666666666667, 3
class, 25.77, 1
memesdaily, 25.77, 1
newmusicfriday, 1.42, 1
utopiaavenue, 99.0, 1
happylongweekend, 99.0, 1
halfterm, 99.0, 1
noschooltoday, 99.0, 1
belarusians, 99.0, 1
28maggio, 99.0, 1
hijacking, 99.0, 1
oppositionactivists, 99.0, 1
matrix, 25.77, 1
goa, 25.77, 3
montecarlo, 25.77, 1
luxurylifestyle, 25.77, 1
lazio, 25.77, 1
fashionweek, 25.77, 1
vaccinated, 25.77, 1
married, 25.77, 1
bride, 25.77, 1
modafeminina, 25.77, 1
america, 25.77, 1
poledance, 99.0, 1
teamzoom, 99.0, 1
diversity, 64.17333333333333, 3
teamwork, 99.0, 1
culturechamps, 99.0, 1
burakdeniz, 25.77, 1
yearsandyears, 25.77, 1
jeonjungkook, 25.77, 1
southkorea, 25.77, 1
100mosthandsomefaces2021, 25.77, 1
azerbaijanis, 1.0, 1
armenia, 1.0, 1
beyou, 66.89, 1
zodiacs, 91.14, 1
creative, 95.29, 1
creativefuel, 95.29, 1
soobin, 25.77, 1
수빈, 25.77, 1
the100mosthandsomfaces2021, 25.77, 1
tomorrow_x_together, 25.77, 1
txt, 25.77, 2
투모로우바이투게더, 25.77, 1
funny, 87.255, 2
cool, 98.66, 1
languages, 98.66, 1
lyrics, 93.02, 1
support, 93.02, 1
insight, 93.02, 1
mentalhealth, 93.02, 1
ita, 42.66111111111112, 9
tz101, 25.770000000000003, 7
upas, 25.770000000000003, 7
help, 25.770000000000003, 7
whatsapp, 49.46083333333333, 12
friendsreunionparty, 25.770000000000003, 7
contest, 41.169999999999995, 9
allegri, 25.770000000000003, 7
shiba, 53.42759999999999, 25
ucl, 41.769999999999996, 10
kimetsunoyaiba, 25.770000000000003, 7
kimseokjin, 25.770000000000003, 8
theresident, 25.770000000000003, 7
kardeslerim, 35.18928571428572, 14
israeli, 25.770000000000003, 7
villarrealmanutd, 25.77, 5
daddy, 25.77, 1
zainimam, 25.77, 5
tccandler2021, 25.77, 5
mosthandsomemen2021, 36.744, 5
handsome, 99.0, 1
damianothirsttweets, 25.77, 1
fangirling, 93.61, 1
pride, 82.945, 2
oc, 13.385, 2
zitte_e_buoni, 94.75, 1
whatamisaying, 97.58, 1
jakesim, 80.64, 1
jake, 81.15285714285713, 7
enhypen_jake, 80.64, 1
arminarlert, 25.77, 1
animetwt, 25.77, 1
selcaday, 25.77, 1
attackontitan, 25.77, 1
maheshbabu, 25.77, 2
keats, 25.77, 1
방탄소년단, 43.722500000000004, 4
jcole, 25.77, 3
dualipa, 25.77, 3
brunomars, 25.77, 4
taylorswift, 25.77, 4
sunkissed, 99.0, 1
sk8, 25.77, 2
ainosukeshindo, 25.77, 1
sk8エスケーエイト, 25.77, 2
sk8theinfinity, 25.77, 2
sk8edit, 25.77, 1
エスケーエイト, 25.77, 1
sk8adam, 25.77, 1
lilnasx, 57.805, 2
snl, 89.84, 1
snlfinale, 89.84, 1
princessdiana, 25.77, 1
27maggio, 25.77, 1
bangchan, 62.385, 2
chan, 25.77, 1
lamialiguria, 25.77, 1
sençalkapimi, 63.69, 1
hanker, 30.153333333333332, 3
kerembürsin, 63.69, 1
handeerçel, 63.69, 1
doctorwho, 25.77, 2
манескин, 58.455, 2
монескин, 58.455, 2
thanx, 99.0, 1
thegazette, 25.77, 1
sukuna, 93.61, 1
sukunaryomen, 93.61, 1
jjkfanart, 93.61, 1
jujutsukaisen, 93.61, 1
jujutsukaisenfanart, 93.61, 1
daviddamiano, 96.50999999999999, 2
newme, 25.77, 1
ezramiller, 99.0, 2
eurovison2021, 78.825, 2
shibarmy, 72.53999999999999, 17
shibacoin, 60.874999999999986, 14
shibaswap, 69.675, 10
days, 75.46312499999999, 16
kishuinu, 78.9576923076923, 13
warzone, 60.3391304347826, 23
amcarmy, 72.53999999999999, 17
petrobastaya, 82.56214285714285, 14
taekook, 83.38999999999999, 12
winmetawin, 85.494, 5
win, 82.56214285714285, 14
anime, 54.21999999999999, 15
wwfc, 81.35799999999999, 5
books, 44.563333333333325, 12
cardano, 70.874, 5
republicofvenice, 75.85, 1
unboxingextinguishedcountries, 75.85, 1
partymood, 75.85, 1
packingparty, 75.85, 1
eirovīzija, 25.77, 1
collab, 25.77, 1
thecruelprince, 50.18, 3
maneskin_tour_greece, 62.385, 2
lettonia, 99.0, 1
letta, 99.0, 1
ladydimitrescu, 89.82, 2
louistomlinson, 62.385, 2
francesi, 48.699999999999996, 12
masterchefgr, 37.03615384615384, 13
manutd, 62.385, 2
donmatteo, 99.0, 1
danielcaesar, 25.77, 4
giveon, 25.77, 4
escita2021, 46.763749999999995, 16
italiaeurovision2021, 25.77, 1
obssessed, 25.77, 1
ballaallaluna, 25.77, 1
turin, 25.77, 1
milano, 25.77, 1
jaehyun, 25.77, 1
johnnydepp, 25.77, 3
bielorussia, 25.77, 1
belarus, 46.43666666666667, 6
tomhiddleston, 25.77, 1
smackmyasslikeadrum, 25.77, 1
italiaèconvoi, 25.77, 1
gagnamagnid, 75.85, 1
conangray, 97.58, 1
shawnmendes, 99.0, 1
sale, 89.84, 1
discounts, 89.84, 1
btsxmcdonalds, 89.84, 1
renkligoezchallenge, 89.84, 1
lookfantastic, 89.84, 1
beauty, 89.84, 1
skincare, 89.84, 1
makeup, 92.825, 2
repost, 83.22, 1
justinhawkins, 83.22, 1
thedarkness, 83.22, 1
catsuit, 83.22, 1
latexcatsuit, 83.22, 1
tdkjusettes, 83.22, 1
tbworld2021i, 25.77, 1
barber, 25.77, 1
manchesterunited, 25.77, 3
tbt, 25.77, 1
europaleaguefinal, 25.77, 2
thebtsmeal, 25.77, 1
homophobic, 3.31, 1
newfie, 25.77, 1
news, 31.965, 4
newfoundland, 25.77, 1
dogs, 25.77, 1
dogsoftwittter, 25.77, 1
puppy, 25.77, 1
globaldigitalartistrank, 71.55, 1
europeanitunessongchart, 71.55, 1
worldwideitunessongchart, 71.55, 1
globalspotifychart, 71.55, 1
etsy, 99.0, 1
safemoonarmy, 80.31199999999998, 5
saveprodigalson, 77.49, 3
unmododi, 25.77, 1
kardesleri̇m, 64.95875, 16
xbox, 63.74133333333332, 15
barmy, 69.58307692307692, 13
trx, 83.92222222222222, 9
astrazeneca, 85.46999999999998, 3
amcforlife, 79.41499999999999, 2
cardanoada, 83.22, 1
cryptocurrencies, 83.22, 1
band, 25.77, 1
dnd, 25.77, 2
dndart, 25.77, 1
crossover, 25.77, 1
goldenravencrew, 25.77, 1
damianodavide, 61.675, 2
manvil, 25.77, 1
mareofeasttown, 49.843333333333334, 3
nftgate, 60.31999999999999, 3
villareal, 25.77, 1
vet, 25.77, 2
conte, 25.77, 1
cfc, 25.77, 1
lufc, 25.77, 1
livestream, 25.77, 1
lawschool, 25.77, 1
knockoutcity, 25.77, 1
amcsqueeze, 36.13499999999999, 10
yoveosalvame, 25.77, 1
rockandrollbaby, 25.77, 1
metalera, 95.81, 1
victoriamaneskin, 25.77, 1
eurowizja2021, 25.77, 1
reaction, 99.0, 1
dojacat, 25.77, 1
sza, 25.77, 3
olivia, 25.77, 1
bathroom, 94.75, 1
joke, 94.75, 1
leonardo, 1.0, 1
domina, 1.0, 1
wednesdayfun, 99.0, 1
likeoppini, 25.77, 1
tzvip, 25.77, 1
damianodavidfanart, 1.0, 1
congratulations, 90.31, 8
libri, 87.19, 2
edizionefrancese, 87.19, 2
biografie, 87.19, 2
autobiografie, 87.19, 2
attori, 87.19, 2
artisti, 87.19, 2
australia, 92.4, 1
23maggio, 85.87, 4
dalida, 85.87, 2
tenco, 85.87, 2
luigitenco, 85.87, 2
sanremo2022, 85.87, 2
italiaeurovision, 85.87, 2
sanmarino, 89.21750000000002, 4
escita21, 92.565, 2
pravi, 62.04333333333333, 3
rotterdam, 47.534000000000006, 5
23maggio1992, 85.87, 2
giovannifalcone, 85.87, 2
buonadomenica, 85.87, 2
sansone, 85.87, 2
spirito, 85.87, 2
spiritosanto, 85.87, 2
gioconda, 65.83666666666667, 3
ricordando, 85.87, 2
askolivia, 25.77, 1
glam, 25.77, 1
voicefortheplanet, 73.64, 2
wwf, 73.64, 1
shibaarmy, 74.05882352941178, 17
shib, 67.79545454545455, 11
jayb, 54.662499999999994, 16
zehser, 71.998, 10
kingdom_legendarywar, 71.998, 10
drug, 65.44000000000001, 3
frontman, 71.55, 1
italianrockband, 71.55, 1
drugtest, 61.375, 6
thenewyorktimes, 71.55, 1
artistontherise, 72.06, 2
maneskintourineurope, 25.77, 1
maneskinlithuania, 25.77, 1
acdc, 1.0, 1
aerosmith, 1.0, 1
axlrose, 1.0, 1
blues, 1.0, 1
gunsnroses, 1.0, 1
joshhomme, 1.0, 1
ledzeppelin, 1.0, 1
mo, 1.0, 1
doodle, 48.88, 2
iihfworlds2021, 25.77, 1
thomasraggi_, 25.77, 1
thomasraggimaneskin, 25.77, 1
thomasraggivictoriadeangelis, 25.77, 1
marylinmanson, 71.55, 1
ethantorchiomaneskin, 25.77, 1
straykidsworlddomination, 25.77, 1
youmakestraykidsstay, 25.77, 1
lovestay, 25.77, 1
maneskincometotheuk, 25.77, 1
eurovisionwinners, 25.77, 1
artistsontwitter, 49.732, 5
focumeu, 25.77, 1
history, 99.0, 1
architecture, 99.0, 1
travels, 99.0, 1
outstandig, 78.19, 1
endless, 25.77, 1
darkside, 35.617999999999995, 5
andersonpaak, 25.77, 1
everglow, 25.77, 1
perfection, 50.0, 2
negative, 71.37666666666668, 3
wins, 99.0, 1
spotifycharts, 83.61666666666666, 3
killmymind, 1.0, 1
kmmproject, 1.0, 1
kmm, 1.0, 1
sourolivia, 40.82, 2
adv, 25.77, 1
cryptoart, 99.0, 1
kworb, 1.59, 1
disneycruella, 25.77, 1
cruellasong, 25.77, 1
cruellasoundtrack, 25.77, 1
emmastone, 25.77, 1
soundtrack, 25.77, 1
escfin, 56.1525, 4
евровидение, 49.70666666666667, 3
waltdisneyworld, 45.51, 2
sekyu, 25.77, 1
trendingnow, 55.155, 2
videoviral, 25.77, 1
vc, 25.77, 1
manila, 25.77, 1
12pointsfromme, 99.0, 1
discrimination, 2.09, 1
prejudice, 34.03, 3
moreorless, 25.77, 1
brettsey, 99.0, 1
bekind, 99.0, 1
fullmoon, 78.19, 1
shibainu, 40.57714285714286, 7
google, 35.19272727272727, 11
cukur, 67.43333333333332, 6
kishu, 41.75818181818182, 11
ni_ki, 35.19272727272727, 11
job, 40.57714285714286, 7
thismorning, 52.06333333333333, 3
ryanair, 99.0, 2
doomatyourservice, 50.0, 2
internationalteaday, 99.0, 1
ithinkyoushouldknowthis, 25.77, 1
middlefingerwednesday, 25.77, 1
mittelfingermittwoch, 25.77, 1
jacobelordi, 25.77, 1
trending, 42.846666666666664, 3
kingdom, 37.57000000000001, 10
dogearmy, 25.77, 6
deprem, 25.77, 6
soysuzmuhalefet, 25.77, 6
newsnight, 25.77, 3
aespa, 25.77, 1
aklağımpatladı, 25.77, 1
akınakınoezue, 25.77, 1
bonfire, 62.98333333333333, 3
leonardodavinci, 72.57, 1
radio, 65.44, 3
melbourne, 5.37, 1
kicksass, 81.93, 1
musica, 54.495, 2
musik, 83.22, 1
musique, 83.22, 1
musicarock, 83.22, 2
show, 95.29, 1
songs, 95.29, 1
wow, 91.14, 1
imawaytoitaly, 91.14, 1
originalcharacter, 46.07, 2
rosiconi, 25.77, 1
rockitaliano, 25.77, 1
tessavirtue, 83.22, 1
scottmoir, 83.22, 1
virtuemoir, 83.22, 1
icedance, 83.22, 1
iceskating, 83.22, 1
figureskating, 83.22, 1
teamcanada, 83.22, 1
partners, 83.22, 1
olympics, 83.22, 1
olympicchampions, 83.22, 1
goldmedalists, 83.22, 1
sympathyforthedevil, 83.22, 1
foryou, 83.22, 1
fyp, 83.22, 1
heseverything, 94.75, 1
talentalert, 94.75, 1
isaywow, 94.75, 1
discovery, 94.75, 1
newband, 94.75, 1
keeprockalive, 94.75, 1
line, 62.385, 2
business, 53.205, 2
cancel12thboardexam2021, 80.64, 1
hicetnunc, 80.64, 1
nftcommunity, 78.245, 2
onepiece, 80.64, 1
roblox, 80.64, 1
5secondsofsummer, 99.0, 1
painting, 89.84, 1
georgefloydrestinpower, 96.76, 1
blm, 96.76, 1
acceptanceaccettazione, 96.76, 1
kojironanjo, 25.77, 1
kaorusakurayashiki, 25.77, 1
matchablossom, 25.77, 1
sk8fanart, 25.77, 1
booktwt, 25.77, 1
researchisrocknroll, 99.0, 1
thedarkside, 85.87, 1
tuesdayvibe, 25.77, 1
math, 25.77, 1
kiwi, 62.385, 2
garticphone, 1.0, 1
5sos, 62.385, 2
cyprus, 25.77, 1
logo, 25.77, 2
logodesigner, 25.77, 1
businesscard, 25.77, 1
banners, 25.77, 1
webbanner, 25.77, 1
cards, 25.77, 1
uelfinal, 25.77, 1
lexy, 25.77, 1
socialmediamarketing, 25.77, 1
businessgoal, 25.77, 1
minimallogo, 25.77, 1
joebiden, 25.77, 1
googleads, 25.77, 1
bannerdesign, 25.77, 1
hanjisung, 25.77, 1
han, 25.77, 1
måneskinethan, 25.77, 1
hongjoong, 25.77, 1
survivorgr, 99.0, 1
paparizou, 99.0, 1
houseoffamegr, 62.385, 2
research, 25.77, 1
asinochevola, 25.77, 1
rockchick, 84.54, 1
shoshin, 25.77, 3
banned, 62.32, 2
sedatpeker8, 62.32, 2
bambam1stminialbum, 98.87, 1
ribbon, 62.32, 2
liveline, 98.87, 1
englandsquad, 98.87, 1
مسقط_تتضامن, 98.87, 1
bbmas, 40.39, 5
bobdylan, 69.72666666666667, 3
nbaplayoffs, 98.87, 1
lille, 62.32, 2
palestinianslivesmatter, 62.32, 2
angelinajolie, 98.87, 1
fifa21, 95.06750000000001, 4
måneskinworlddomination, 25.77, 1
naruto, 87.2, 1
asocasgv, 1.0, 1
nodrugs, 25.77, 1
epl, 61.879999999999995, 2
aldogiovanniegacomo, 25.77, 1
maidiregol, 25.77, 1
victoriadeangelismaneskin, 25.77, 1
victoriadeangelisbirthday, 25.77, 1
newfavouriteband, 99.0, 1
damianodavidmaneskin, 25.77, 1
creatives, 95.29, 1
drugs, 83.39111111111112, 9
fighting, 1.0, 1
workworkwork, 25.77, 1
ebu, 62.109999999999985, 13
rai, 25.77, 1
ouraceyejiday, 25.77, 1
6yearsoflovewithseventeen, 25.77, 1
sehun, 25.77, 2
chanyeol, 25.77, 1
contigochv, 25.77, 1
england, 25.77, 1
digitalmarketing, 25.77, 1
advertising, 25.77, 1
alejandraazcarate, 25.77, 1
streamingbutter, 25.77, 1
thomasraggiday, 25.77, 1
chitarrista, 25.77, 1
guitarist, 25.77, 1
leparolelontane, 25.77, 1
youtrend, 99.0, 1
jjba, 91.78, 1
gazaunderattack, 25.77, 1
freepalastine, 36.016000000000005, 5
savesheikhjarrah, 51.385, 2
israeliterrorism, 13.385, 2
auroraleone, 61.675, 2
tokopediawib, 25.77, 1
bantwitterinindia, 25.77, 1
insta, 25.77, 1
diadelapatria, 25.77, 1
usa, 25.77, 2
london, 25.77, 1
coronavirus, 61.675, 2
facebook, 50.809999999999995, 2
gaza, 34.589999999999996, 3
hotasfuck, 25.77, 1
partitadelcuore, 97.58, 1
25maggio, 61.675, 2
erosramazzotti, 97.58, 1
missingchildren, 97.58, 1
dezerbi, 97.58, 1
emanet, 97.58, 1
no1, 25.77, 1
rockandrollwillneverdie, 25.77, 1
theblackmamba, 93.61, 1
iloveitaly, 99.0, 1
segsy, 54.495, 2
husbandandwife, 83.22, 1
husbandmaterial, 83.22, 1
seánfinn, 72.57, 1
avafaith, 72.57, 1
elizabethii, 72.57, 1
campbellandjohnston, 72.57, 1
catalyst, 72.57, 1
jamesnewman, 61.675, 2
daðifreyr, 62.24, 1
escitaly, 25.77, 2
investment, 1.0, 1
presidency, 1.0, 1
buharihaido, 1.0, 1
italianwearingteam, 91.14, 1
winner, 85.38166666666666, 12
worldstar, 99.0, 1
bottomgay, 25.77, 1
gay, 25.77, 1
gayhot, 25.77, 1
naked, 25.77, 1
iphone, 25.77, 1
tattoogay, 25.77, 1
gayman, 25.77, 1
gayboy, 25.77, 1
gaysingle, 25.77, 1
gaylokal, 25.77, 1
gaynaked, 25.77, 1
gaycontent, 25.77, 1
ass, 25.77, 1
gayass, 25.77, 1
gaybutt, 25.77, 1
yuzuruhanyu, 25.77, 1
tuesdaymotivations, 70.57, 1
joysms, 70.57, 1
kewenaproblem, 70.57, 1
africaday, 70.57, 1
cryptocurrency, 43.585, 4
stresamottarone, 1.0, 2
telepherique, 1.0, 2
crainsdégun, 1.0, 2
esf21, 37.25666666666667, 3
lor, 99.0, 1
lifeofrichadams, 99.0, 1
mango, 99.0, 1
nysc, 99.0, 1
personecosìsuperficiali, 25.77, 1
sorrynotsorry, 41.17666666666667, 3
traditionalart, 25.77, 1
ffxivfanfest, 25.77, 4
blogger, 25.77, 1
heterosexuality, 25.77, 1
bravoitalia, 73.64, 1
reeceday, 99.0, 1
song, 95.07, 2
musicmagazine, 99.0, 1
kunst, 84.54, 1
italya, 84.54, 1
paintings, 84.54, 1
nftart, 85.73, 4
nfts, 84.54, 1
nftcollector, 84.54, 1
artcollector, 84.54, 1
digital, 84.54, 1
goedemorgen, 84.54, 1
innovation, 84.54, 1
sedatpeker, 25.77, 2
butter_bts, 25.77, 2
congratulationitaly, 25.77, 1
2021eurovisionwinner, 25.77, 1
yellowfungus, 25.77, 1
whistlepodu, 25.77, 1
likeanecho, 25.77, 1
blackpink, 42.46333333333333, 3
lalisamanoban, 25.77, 1
twitterindia, 25.77, 1
india_with_ramdev, 25.77, 1
got_army_behind_us, 25.77, 1
jaipur, 25.77, 1
variants, 25.77, 1
bihar_needs_teachers, 25.77, 1
dangal, 25.77, 1
rockon, 46.76, 2
flamboyant, 94.75, 1
rockers, 94.75, 1
euco, 1.0, 1
losingsucks, 77.0, 1
miguelherran, 25.77, 1
ocs, 25.77, 1
rosato, 25.77, 1
renzi, 25.77, 1
italiaviva, 25.77, 1
nazionalecantanti, 25.77, 1
licenziamenti, 25.77, 1
governo, 25.77, 1
openarms, 25.77, 1
libia, 25.77, 1
naufragi, 25.77, 1
dimartedì, 25.77, 1
ventaglidiparole, 25.77, 1
lead, 25.77, 1
singer, 62.385, 2
cleared, 25.77, 1
festival, 99.0, 1
cocainegate, 55.22, 8
loureed, 99.0, 1
cute, 89.84, 1
donttouchourguys, 1.0, 1
giveusabreak, 1.0, 1
frenchjournalistsaretheworst, 99.0, 1
musicshop, 67.75, 1
bass, 67.75, 1
bassguitar, 67.75, 1
guitarshop, 67.75, 1
shoplocal, 67.75, 1
supportsmallbusiness, 67.75, 1
vincenzo, 99.0, 1
lagenteparla, 25.77, 1
labellavita, 25.77, 1
propertyforsale, 25.77, 1
tuscany, 25.77, 1
umbria, 25.77, 1
holidayhome, 25.77, 1
changeyourlife, 25.77, 1
rome, 84.354, 5
wonho, 25.77, 1
lgbtcommunity, 25.77, 1
lgbtqia, 25.77, 1
journalism, 78.19, 1
eu, 78.19, 1
bravo, 1.0, 1
eurovisio, 25.77, 1
metime, 25.77, 1
clearyourhead, 25.77, 1
tabs, 98.87, 1
payback, 2.7, 1
buzz, 2.7, 1
fegtoken, 25.77, 1
drugstest, 25.77, 1
eurovisonsongcontest, 2.09, 1
good4u, 99.0, 1
lavitaebella, 97.58, 1
mypoliceman, 25.77, 1
dontworrydarling, 25.77, 1
testsdruguse, 25.77, 1
greta, 70.57, 1
node, 70.57, 1
eeegee, 70.57, 1
hurricane, 34.730000000000004, 5
nataliagordienko, 70.57, 1
dadifreyr, 70.57, 1
jung, 70.57, 1
voila, 25.77, 2
droga, 25.77, 1
otuttionessuno, 25.77, 1
gjon, 99.0, 1
sommerray, 25.77, 2
britney, 25.77, 2
bikini, 25.77, 2
malfunction, 25.77, 2
freebritney, 25.77, 2
gossip, 25.77, 2
britneyspears, 25.77, 2
dek64, 43.613076923076925, 13
wakeup, 88.52, 1
stereotypes, 88.52, 1
assholes, 88.52, 1
maneskin1stwin, 41.4575, 4
eurovisiesongfestival, 77.225, 6
maneskincocaine, 82.575, 2
maneskintest, 83.22, 1
nstlifestyle, 75.85, 1
now, 25.77, 1
goals, 99.0, 1
inspiration, 99.0, 1
dreambig, 99.0, 1
mondayvibes, 86.87, 2
artists, 50.809999999999995, 2
theyearbritainstopped, 25.77, 1
sidnaaz, 25.77, 1
doge, 25.77, 1
masumiyet, 50.809999999999995, 2
masumiyetfinal, 56.5975, 4
xiumin, 50.809999999999995, 2
ashaangi, 75.85, 1
planb, 75.85, 1
twitterraid, 75.85, 1
hanbin, 75.85, 1
zacksnyder, 75.85, 1
heartuerkistan, 25.77, 1
tommasozorzi, 25.77, 1
egzaminosmoklasisty2021, 54.94555555555556, 9
صحار_تنتفض, 25.77, 6
dhdl, 44.0775, 4
عبري_تستجيب, 25.77, 4
صحار_الآن, 25.77, 1
forafelipemelo, 25.77, 1
masksinger, 62.385, 2
beau, 25.77, 1
sbseurovision, 99.0, 1
crazyexgirlfriend, 79.41, 1
halsey, 25.77, 1
mascot, 25.77, 1
gaming, 25.77, 1
esports, 25.77, 1
tatort, 25.77, 1
twitchtv, 25.77, 1
twitchstreamers, 25.77, 1
logodesign, 25.77, 1
logomaker, 25.77, 1
logocreation, 25.77, 1
graphicdesign, 25.77, 1
youtubegaming, 25.77, 1
soyluyasoruyorum, 25.77, 1
masksinger1, 25.77, 1
fueramolano, 25.77, 1
açıkvenetözel, 25.77, 1
logos, 25.77, 1
graphicdesigner, 25.77, 1
eurovisionitalia, 61.88999999999999, 8
efyamwedding, 99.0, 1
eternals, 62.385, 2
happybrothersdayvijay, 69.77000000000001, 3
sgxdeejay, 99.0, 1
imgxnct, 99.0, 1
amitshah, 99.0, 1
fakenews, 51.77, 6
newfan, 25.77, 1
french, 35.595, 4
batteria, 99.0, 1
adriaticpreparty, 81.93, 1
toloselikeafrench, 1.0, 1
justiceforpeep, 41.730810810810794, 37
psbb, 61.972857142857144, 7
macflyetcarlito, 49.31399999999999, 15
savelakshadweep, 38.61733333333333, 30
aajtak, 41.53499999999999, 32
صلالة_تتضامن, 25.77, 2
isola, 25.77, 1
biffcn, 74.4325, 4
해찬이와시즈니, 32.355714285714285, 7
سعوديون_ندعم_عاطلين_عمان, 25.77, 2
세훈버블, 25.77, 1
نواف_المعنفه, 25.77, 2
thebiggayhour, 94.75, 1
italians, 25.77, 3
data, 25.77, 1
cars, 25.77, 1
noob, 25.77, 1
inprogress, 25.77, 1
wuhan, 25.77, 2
excuses, 25.77, 1
eldiablo, 93.61, 1
norway, 99.0, 1
niallhoran, 74.74, 1
annemarie, 74.74, 1
join, 25.77, 1
parismatch, 27.7475, 4
forzaitalia, 25.77, 1
maleskin, 25.77, 1
bitcoin, 62.385, 2
uominiedonne, 90.68666666666667, 3
isolitiignoti, 88.52, 1
cadutalibera, 88.52, 1
isolaparty, 88.52, 1
animalstoriesshop, 88.52, 1
akamuoviticonsticapelli, 88.52, 1
viteallimite, 88.52, 1
animalstories, 88.52, 1
bad, 88.52, 1
el, 88.52, 1
backstreet, 88.52, 1
friends, 88.52, 1
harrystylestattoo, 25.77, 1
animalalphabets, 25.77, 1
jaguar, 25.77, 1
illustrationartists, 25.77, 1
kidlitart, 25.77, 1
characterdesign, 25.77, 1
trends, 99.0, 1
liampayne, 25.77, 1
brits, 25.77, 1
tv, 25.77, 1
조이노래_나오나봐_꿈은아니겠지, 66.71666666666667, 3
letsdebuthanbin, 90.65333333333332, 3
hotelparadise, 87.19, 2
diegomolanosequeda, 87.19, 2
seeturkistan, 77.0, 1
saveuyghurs, 77.0, 1
freepalestine, 77.0, 1
sheikhjarrah, 77.0, 1
giro, 36.274333333333324, 30
palestineunderattack, 77.0, 1
sldk, 84.54, 1
trance, 98.56, 1
trancefamily, 98.56, 1
francesaysorry, 25.77, 1
tshirt, 25.77, 1
tshirts, 25.77, 1
articles, 25.77, 1
article, 25.77, 1
tshirtdesign, 25.77, 1
eurovisionfrance, 66.02000000000001, 5
voilà, 46.9125, 4
moztradamus, 88.52, 1
imintheband, 99.0, 1
octane, 99.0, 1
rockwillneverdie, 96.76, 1
євробачення2021, 25.77, 1
monokatee, 25.77, 1
monokate, 25.77, 1
hamas, 91.14, 1
worldbeeday, 91.14, 1
truetoatlanta, 91.14, 1
pleasefeelateasemrling, 91.14, 1
helpvedprakash, 91.14, 1
portraitphotography, 91.14, 1
nodrugsrocks, 99.0, 1
italie, 1.0, 1
dont_fight_the_feeling, 1.0, 1
eurovision2021winners, 25.77, 1
therelentless, 62.3525, 4
tamino, 99.0, 1
louisgarrel, 99.0, 1
francesirosiconi, 61.265, 2
mondayinspiration, 99.0, 1
toutetrien, 25.77, 1
antonellafans, 25.77, 1
model, 25.77, 1
americanidol, 13.385, 2
lunesdeganarseguidores, 60.79, 2
motivationmonday, 25.77, 1
latinaonlyfans, 25.77, 1
topbeautyworld2021, 25.77, 1
contentcreators, 25.77, 1
photooftheday, 25.77, 2
fotoscalientes, 25.77, 1
funivia, 1.0, 1
stresa, 50.0, 2
ten, 88.52, 1
subscribers, 88.52, 1
free, 88.52, 1
pussy, 88.52, 1
sexwork, 88.52, 1
freedom, 88.52, 1
ines, 25.77, 1
musician, 85.225, 2
lineart, 25.77, 1
kurodai, 72.57, 1
greysanatomy, 25.77, 2
ma, 25.77, 1
moneyheistseason5, 35.19499999999999, 28
haechan, 35.02964912280701, 57
arrestramdev, 34.310357142857136, 28
psbbschool, 35.54407407407407, 27
modihaitohmumkinhai, 25.77, 1
rockisntdead, 25.77, 1
newbeginning, 99.0, 1
wewantanapologyfrance, 99.0, 1
frenchlosers, 25.77, 1
justsaying, 25.77, 1
stacce, 98.87, 1
rockandrollisnotdead, 79.41, 1
italianrockgroup, 94.75, 1
musicainternacional, 94.75, 1
southend, 94.75, 1
byvitamind, 1.0, 1
vitamind, 1.0, 1
sexonastage, 25.77, 1
maneskinworlddomination, 25.77, 1
streamzittiebuoni, 25.77, 1
poprock, 95.81, 1
finnland, 99.0, 1
amemici20, 1.545, 2
joshfight, 1.0, 1
zoomjakol, 1.0, 1
contestalert, 1.0, 1
giveaways, 1.0, 1
pgachamp, 1.0, 1
parlapri, 25.77, 1
sweden, 25.77, 1
cocaine, 48.88333333333333, 6
pressconference, 25.77, 1
notconvinced, 25.77, 1
dbr, 2.09, 1
psicoterapia, 2.09, 1
trauma, 2.09, 1
salute, 2.09, 1
sanità, 2.09, 1
como, 2.09, 1
olgiatecomasco, 2.09, 1
formula1, 66.962, 5
podcast, 2.09, 1
forzajuve, 2.09, 1
culture, 2.09, 1
healthyfood, 2.09, 1
lgbt, 2.09, 1
report, 2.09, 1
lukashenko, 99.0, 1
statehijacking, 99.0, 1
getcruxoneurovision, 80.64, 1
cruxforeuro, 80.64, 1
cokegate, 50.809999999999995, 2
songfestival, 56.5975, 4
måneskin1stwin, 75.85, 1
fightmissinformation, 2.89, 1
escargot, 1.0, 1
esf, 1.0, 1
miraydaner, 25.77, 1
borankuzum, 25.77, 1
helsav, 25.77, 1
travala, 25.77, 1
australiansafeshepherd, 25.77, 1
asstoken, 25.77, 1
asscoin, 25.77, 1
assfinance, 25.77, 1
binancesmartchain, 25.77, 1
binance, 25.77, 2
lluvia, 66.35, 6
final, 99.0, 1
sorelosers, 99.0, 1
palayeroyal, 25.77, 1
staypositive, 97.58, 1
b2405, 60.55285714285714, 7
وين_تبي_ترقد_الليله, 25.77, 2
inaccurate, 2.3, 1
unfairly, 2.3, 1
festivaldisanremo, 88.52, 1
myeurofreaks, 88.52, 1
mondaymotivation, 74.58999999999999, 3
gasparri, 25.77, 1
اقالة_وزير_الاعلام, 25.77, 1
sogood, 25.77, 1
memories, 99.0, 1
nodrug, 1.0, 1
escfrance, 25.77, 1
coke, 25.77, 1
popopopopopopo, 94.75, 1
manesclean, 25.77, 1
sometimesyouloose, 65.25, 1
ykaaar, 97.58, 1
disqualifyitaly, 47.305, 2
bild, 66.89, 1
frenchpress, 69.33, 3
negativedrugtest, 1.0, 1
malta, 25.77, 2
moneyheist5, 25.77, 2
freealiwazirmna, 25.77, 1
moneyheist, 25.77, 1
esf2021, 62.32, 2
makemoneyrun, 25.77, 1
escfra, 84.565, 2
escfr, 81.93, 1
esc21, 79.89999999999999, 3
esc22, 81.93, 1
giorgiasoleri, 25.77, 1
offended, 4.13, 1
waitingfor48hrs, 4.13, 1
breaking, 86.7025, 4
david, 95.81, 1
offenceofdefamation, 1.0, 1
slander, 1.0, 1
frenchgovernment, 75.85, 1
nowplaying, 61.675, 2
damian, 92.4, 1
controversy, 25.77, 1
sniffgate, 25.77, 1
frencharesorelosers, 25.77, 1
suckit, 25.77, 1
afp, 78.19, 1
breakingnews, 78.19, 1
results, 95.81, 1
investigations, 95.81, 1
blatantlydidnotdoit, 25.77, 1
franzferdinand, 25.77, 1
arcticmonkeys, 25.77, 1
photo, 25.77, 1
metal, 62.385, 2
balckmood, 25.77, 1
ritratto, 25.77, 1
imperia, 25.77, 1
nioon, 25.77, 1
pic, 25.77, 1
socialmedia, 95.81, 1
socialnetworks, 95.81, 1
siguemeytesigo, 95.81, 1
eurofans, 95.81, 1
maaneskinofficialfanclub, 60.26, 2
maaneskinstan, 25.77, 1
franceapologizetoitaly, 25.77, 1
therockneverdies, 25.770000000000003, 10
therock, 96.76, 1
thefastlane, 96.76, 1
cancelexamssavestudents, 40.462500000000006, 4
daterush, 25.77, 1
fanbaselessntr, 25.77, 1
giro104, 25.77, 2
happybrothersday, 25.77, 1
into1, 25.77, 1
jinyoung, 25.77, 1
leeseunggi, 39.565999999999995, 5
travel, 25.77, 1
tsa, 25.77, 1
mandzioisoverparty, 25.77, 1
menajerimiara, 69.72666666666667, 3
me, 99.0, 1
soprano, 99.0, 1
greek, 99.0, 1
playitloud, 99.0, 1
theneighborhood, 25.77, 1
eurowizja, 25.77, 1
hannigram, 99.0, 2
fannibals, 99.0, 2
trapnest, 57.144999999999996, 2
karma, 99.0, 1
sarahfraisou, 50.2811111111111, 9
cancelallboardexams, 44.452, 5
cancelboardexams, 66.35, 6
makamu, 53.34499999999999, 8
mondaythoughts, 90.952, 5
badboytimz, 87.33999999999999, 3
theturks, 1.59, 1
reno, 1.59, 1
rude, 1.59, 1
elena, 1.59, 1
tseng, 1.59, 1
イリーナ, 1.59, 1
レノ, 1.59, 1
ルード, 1.59, 1
ツォン, 1.59, 1
ff7, 1.59, 1
ff7r, 1.59, 1
finalfantasyviiremake, 1.59, 1
manonmankissmonday, 98.27, 1
india, 25.77, 1
indianidol2021, 25.77, 1
twitterforgood, 25.77, 1
twitchstream, 48.66, 2
copenhell, 99.0, 1
mondaymotivaton, 84.54, 1
mareofeastown, 84.54, 1
hastagmagic, 84.54, 1
ifb, 84.54, 1
hi, 84.54, 1
imjosh, 84.54, 1
haha, 84.54, 1
setup, 84.54, 1
rtitbot, 84.54, 1
moonshine, 89.84, 1
tormenta, 25.77, 1
caosvima, 25.77, 1
srb, 25.77, 1
dishonored, 25.77, 1
italia90, 1.0, 1
giroditalia2021, 25.77, 2
ramzine, 92.4, 1
evrovision, 25.77, 1
oezdemir, 25.77, 1
บีน้ําทิพย์, 25.77, 1
drakedecade, 14.035, 2
หยุดเหยียดไม่เกลียดกัน, 25.77, 3
emailmarketing, 25.77, 1
emails, 25.77, 1
emailsecurity, 25.77, 1
digitalmarketingservices, 25.77, 1
digitalmarketer, 25.77, 1
deserved, 99.0, 1
paradisecity, 98.935, 2
benedettapilato, 99.0, 1
ladolcevita, 25.77, 1
tiamoitalia, 25.77, 1
s, 2.3, 1
nudes, 2.3, 1
leaked, 2.3, 1
feet, 2.3, 1
nsfwvid, 2.3, 1
nsfwgifs, 2.3, 1
cumvideos, 2.3, 1
sugarbaby, 2.3, 1
kink, 2.3, 1
فخر_العرب_الحقيقي, 25.77, 1
hatari, 79.99000000000001, 2
press, 25.77, 1
conspiracy, 25.77, 1
summervibes, 25.77, 1
vocation, 25.77, 1
teen, 25.77, 1
diakopes, 25.77, 1
loveit, 60.26, 2
τσιπρας, 25.77, 1
survivor2021, 25.77, 1
survivor, 25.77, 1
summer2021, 25.77, 1
summer, 25.77, 1
السناب, 25.77, 1
vamoslau, 25.77, 1
kanairofear, 25.77, 1
txt_lovesight, 60.26, 2
therockyhorrorshow, 1.0, 1
enoughalready, 25.77, 1
victory, 25.77, 2
missingchild, 94.75, 1
brothersday, 94.75, 1
leedain, 94.75, 1
luismiguellaserie, 94.75, 1
강다니엘, 94.75, 1
justb, 94.75, 1
hytale, 91.14, 1
hytaleitalia, 91.14, 1
hytalefanart, 91.14, 1
djonstears, 99.0, 1
drugsi_drugno, 1.0, 8
eurovision21, 1.0, 8
frenchstopit, 1.0, 1
br, 1.0, 1
terrorists, 1.0, 1
portalachoris, 25.77, 1
freddiemercury, 25.77, 1
euros, 99.0, 1
trumpisanationaldisgrace, 1.0, 1
rockisnotdead, 75.85, 1
sarah_dessen, 74.74, 1
nana, 25.77, 2
lovinmalta, 25.77, 1
shitstorm, 1.0, 1
hate, 1.0, 1
envy, 1.0, 1
newspaper, 1.0, 1
journalists, 42.11, 2
fake, 1.0, 1
twitter, 1.0, 1
littlemix, 25.77, 1
manesking, 99.0, 1
amesterdam, 99.0, 1
2021euroviso, 99.0, 1
gorock, 99.0, 1
np, 25.77, 1
atsushisakurai, 25.77, 1
cocagate, 25.77, 1
british, 25.77, 1
sportsmanship, 87.2, 1
bbcnews, 92.4, 1
compilation, 93.02, 1
vascorossi, 25.77, 1
vasco, 25.77, 1
lies, 1.0, 1
newprofilepic, 25.77, 1
followme, 25.77, 1
grandi, 25.77, 1
radiobruno, 25.77, 1
rai1, 99.0, 1
nococaine, 83.22, 1
zeroclass, 25.77, 1
blue, 25.77, 1
matic, 61.879999999999995, 2
stars, 99.0, 1
israelkoyak, 97.99, 1
livcry, 97.99, 1
liverpool, 97.99, 1
occupationhood, 97.99, 1
onew, 97.99, 1
one_of_a_kind, 97.14, 2
solana, 97.99, 1
bbcbreakfast, 99.0, 4
forsa, 99.0, 1
auguri, 99.0, 1
complimenti, 99.0, 1
kummeli, 99.0, 1
euroviisut, 99.0, 1
italiansdoitbetter, 99.0, 1
prejudices, 1.0, 9
belarushijacking, 99.0, 1
romanprotasevich, 99.0, 1
medicaldetectiondogs, 99.0, 1
snifferdogs, 99.0, 1
nhs, 99.0, 1
newsbriefing, 99.0, 1
newsmedia, 99.0, 1
onenewspage, 99.0, 1
novacancy, 25.77, 1
paradisecityshow, 99.0, 1
brokenglass, 25.77, 1
garbage, 25.77, 1
may, 99.0, 1
rockisdead, 25.77, 1
bestsong, 99.0, 1
awards, 99.0, 1
africanow, 71.55, 1
dogsoftwitter, 71.55, 1
yankees, 71.55, 1
zeboisoverparty, 71.55, 1
doggy, 71.55, 1
doubletrouble, 99.0, 1
buidl, 91.70500000000001, 2
bonfiretoken, 91.70500000000001, 2
armyofthedead, 86.64750000000001, 4
cryptonews, 76.3675, 4
cryptocrash, 91.70500000000001, 2
querdenken, 84.54, 1
querdenker, 84.54, 1
cannabiscommunity, 84.54, 1
cannabis, 84.54, 1
trump, 98.87, 1
yooshi, 98.87, 1
rockbands, 98.27, 1
poll, 98.27, 1
polls, 98.27, 1
fpl, 81.59, 2
biblia, 25.77, 4
jesus, 25.77, 4
ricardoclaurepeñaloza, 25.77, 4
sinfoniascelestiales, 25.77, 4
profecias, 25.77, 4
33añosdeministerio, 25.77, 4
salvarelalmahastadelultimohombre, 25.77, 4
telecincomanipuladores, 25.77, 4
มนต์รักหนองผักกะแยงep6, 25.77, 4
askhaikyuu, 25.77, 4
palestinewillbefree, 96.29, 1
eth, 25.77, 1
erc20, 25.77, 2
altcoin, 25.77, 1
cryptocurrencynews, 25.77, 1
xrp, 25.77, 1
ltc, 25.77, 1
ether, 25.77, 1
defi, 25.77, 1
