Source,Target,Weight
support,intensely,1
support,week,1
support,know,1
support,country,1
support,aka,1
support,win,1
support,fellow,1
support,national,1
support,final,1
support,looking,1
support,take,1
support,place,1
support,may,1
support,year,1
intensely,week,1
week,thanks,1
week,join,1
week,today,1
week,waterline,1
week,decide,1
week,next,3
week,new,1
week,find,1
week,soon,3
week,glorious,1
week,pencil,3
week,case,3
week,wonder,3
week,come,2
week,brilliant,2
week,entry,2
week,feel,2
week,hate,2
week,u,2
week,later,2
week,cover,2
week,one,1
week,best,1
week,time,1
week,good,1
week,luck,1
week,sure,1
week,amazing,1
week,win,2
week,follow,1
week,rehearsal,1
week,yesterday,1
week,genuinely,1
week,cry,1
week,absolutely,1
week,love,2
week,song,1
week,much,1
week,beautiful,1
week,really,2
week,hope,1
week,definitely,1
week,vote,1
week,thank,1
week,comfort,1
week,whilst,1
week,gem,1
wonderful,winner,1
wonderful,would,1
winner,would,1
winner,whenever,1
winner,listen,1
winner,song,2
winner,get,1
winner,know,1
winner,beautiful,1
winner,turkey,1
winner,hope,2
winner,second,1
winner,rehearsal,1
winner,everything,1
winner,remain,1
winner,already,1
winner,perfect,2
winner,cry,1
winner,feel,1
winner,definitely,1
winner,real,1
winner,face,1
winner,give,1
winner,secret,1
winner,really,1
winner,first,1
winner,since,1
winner,ago,1
winner,must,1
winner,got,1
winner,problem,1
winner,next,1
would,great,1
would,try,1
would,keep,1
would,maybe,1
would,give,2
would,qualifier,1
would,love,1
would,see,1
would,number,1
would,imagine,1
would,end,1
would,pure,1
would,art,1
would,song,1
would,wow,1
l,song,1
l,contest,1
l,ahoy,1
song,contest,3
song,ahoy,1
song,whenever,1
song,listen,1
song,get,2
song,know,2
song,beautiful,2
song,turkey,1
song,hope,3
song,go,2
song,happen,1
song,next,2
song,idea,1
song,pretty,1
song,wide,1
song,open,2
song,almost,1
song,never,1
song,right,1
song,fervently,1
song,every,3
song,year,1
song,may,1
song,best,2
song,win,3
song,like,1
song,say,2
song,different,1
song,either,1
song,ultra,1
song,emotional,1
song,super,1
song,old,1
song,school,1
song,chanson,1
song,swagger,1
song,face,1
song,glam,1
song,rock,1
song,beauty,1
song,something,1
song,taste,1
song,contradictory,1
song,absolutely,2
song,ever,1
song,love,3
song,indescribable,1
song,vote,2
song,good,2
song,luck,2
song,though,1
song,really,5
song,need,1
song,talent,1
song,charisma,1
song,shine,1
song,finally,1
song,meet,1
song,magnificent,1
song,today,2
song,make,1
song,tear,1
song,time,2
song,sang,1
song,certainly,1
song,slow,1
song,see,2
song,number,1
song,imagine,1
song,end,1
song,pure,1
song,art,1
song,wow,1
song,second,1
song,rehearsal,2
song,everything,1
song,remain,1
song,already,1
song,perfect,2
song,cry,2
song,feel,1
song,definitely,2
song,whole,1
song,one,2
song,image,1
song,follow,2
song,link,1
song,check,1
song,yesterday,1
song,genuinely,1
song,much,1
song,day,1
song,big,1
song,five,1
song,plus,1
song,first,1
song,official,1
song,live,1
song,hello,1
song,non,1
song,estimate,1
song,hopefully,1
song,think,1
song,walk,1
song,beyond,1
song,amaze,1
song,stop,1
song,type,2
song,brave,1
song,appreciate,1
song,lot,1
song,originality,1
song,fact,1
song,take,1
song,universe,1
song,actually,1
song,disrespectful,1
song,kind,1
song,music,1
song,gurl,1
song,better,1
song,nothing,1
song,new,1
song,generic,1
contest,ahoy,1
contest,day,1
contest,today,1
contest,see,1
contest,big,1
contest,five,1
contest,plus,1
contest,first,1
contest,time,1
contest,official,1
contest,live,1
contest,open,1
contest,say,1
contest,hello,1
contest,non,1
contest,win,1
contest,estimate,1
contest,one,1
contest,hopefully,1
ahoy,make,1
ahoy,everybody,1
ahoy,silent,1
love,tho,1
love,fall,4
love,little,4
love,take,4
love,gift,4
love,give,4
love,even,4
love,though,5
love,may,4
love,cook,4
love,try,4
love,hear,4
love,insane,4
love,next,6
love,matter,2
love,final,1
love,result,1
love,super,1
love,absolutely,3
love,best,1
love,ever,1
love,indescribable,1
love,vote,2
love,good,1
love,luck,1
love,know,1
love,really,3
love,need,1
love,talent,1
love,charisma,1
love,shine,1
love,deserve,1
love,win,3
love,much,3
love,chance,1
love,watching,1
love,see,1
love,number,1
love,imagine,1
love,end,1
love,pure,1
love,art,1
love,wow,1
love,follow,1
love,rehearsal,1
love,yesterday,1
love,genuinely,1
love,cry,1
love,beautiful,1
love,hope,1
love,definitely,1
love,amazing,1
love,spectacular,1
love,outstanding,1
love,looking,1
love,forward,1
love,many,1
love,great,1
love,year,1
love,cheeky,1
love,sax,1
love,make,2
love,smile,1
love,uplifting,1
love,earworm,1
love,dad,2
love,dance,2
love,level,1
love,quality,1
love,go,1
love,smoke,1
love,get,1
love,thank,1
love,comfort,1
love,whilst,1
love,gem,1
dance,version,1
dance,remix,1
dance,looking,2
dance,forward,2
dance,many,2
dance,great,2
dance,year,2
dance,cheeky,2
dance,sax,2
dance,make,4
dance,smile,2
dance,uplifting,2
dance,earworm,2
dance,dad,4
dance,next,2
dance,level,2
dance,quality,2
dance,go,2
dance,win,2
version,remix,1
version,one,1
version,win,1
version,exquisite,1
version,interpretation,1
version,intimate,1
version,elegant,1
version,powerful,1
version,proposal,1
version,leave,1
version,karaoke,1
best,win,3
best,following,1
best,second,1
best,automatic,2
best,may,3
best,one,3
best,via,2
best,go,2
best,happen,1
best,next,2
best,idea,1
best,pretty,1
best,wide,1
best,open,1
best,almost,1
best,never,1
best,right,1
best,fervently,1
best,hope,1
best,every,1
best,year,2
best,list,1
best,full,1
best,repeat,1
best,top,1
best,two,2
best,back,1
best,forth,1
best,like,1
best,even,1
best,though,2
best,maybe,1
best,dissimilar,1
best,call,1
best,absolutely,1
best,ever,2
best,indescribable,1
best,vote,1
best,good,2
best,luck,4
best,know,1
best,really,1
best,need,1
best,talent,1
best,charisma,1
best,shine,1
best,time,1
best,sure,1
best,amazing,1
best,loving,1
best,passion,1
best,get,1
best,six,1
best,first,1
best,believe,1
best,show,1
win,go,3
win,happen,1
win,next,4
win,idea,1
win,pretty,1
win,wide,1
win,open,1
win,almost,1
win,never,1
win,right,1
win,fervently,1
win,hope,2
win,every,1
win,year,2
win,may,1
win,know,1
win,country,1
win,aka,1
win,absolutely,2
win,deserve,1
win,matter,1
win,much,2
win,chance,1
win,one,3
win,time,1
win,good,1
win,luck,1
win,sure,1
win,amazing,1
win,follow,1
win,rehearsal,1
win,yesterday,1
win,genuinely,1
win,cry,1
win,beautiful,1
win,really,2
win,definitely,1
win,vote,1
win,let,1
win,think,2
win,nightmare,2
win,keep,2
win,welcome,2
win,hell,2
win,end,2
win,stop,2
win,junior,2
win,back,4
win,write,2
win,person,2
win,queen,2
win,non,1
win,estimate,1
win,hopefully,1
win,exquisite,1
win,interpretation,1
win,intimate,1
win,elegant,1
win,powerful,1
win,proposal,1
win,leave,1
win,karaoke,1
win,looking,1
win,forward,1
win,many,1
win,great,1
win,cheeky,1
win,sax,1
win,make,2
win,smile,1
win,uplifting,1
win,earworm,1
win,dad,2
win,level,1
win,quality,1
whenever,listen,1
whenever,get,1
whenever,know,1
whenever,beautiful,1
whenever,turkey,1
whenever,hope,1
whenever,need,2
whenever,go,1
whenever,isolation,1
whenever,live,1
whenever,performance,1
listen,get,1
listen,know,1
listen,beautiful,1
listen,turkey,1
listen,hope,1
listen,thank,1
listen,goodness,1
listen,demand,1
get,know,2
get,beautiful,1
get,turkey,1
get,hope,1
get,finally,1
get,meet,1
get,magnificent,1
get,today,1
get,make,1
get,tear,1
get,every,1
get,time,1
get,sang,1
get,j,1
get,eat,1
get,hello,1
get,year,1
get,old,1
get,permanently,1
get,literally,1
get,reason,1
get,upset,1
get,read,1
get,didnt,1
get,violate,1
get,anything,1
get,content,1
get,proof,1
get,real,1
get,please,1
get,loving,1
get,passion,1
get,luck,1
get,either,1
get,think,1
get,speak,1
get,pretty,1
get,sure,1
get,way,1
get,dress,1
get,remember,1
get,smoke,1
know,beautiful,1
know,turkey,1
know,hope,1
know,country,1
know,aka,1
know,absolutely,1
know,ever,1
know,indescribable,1
know,vote,1
know,good,1
know,luck,1
know,though,1
know,really,1
know,need,1
know,talent,1
know,charisma,1
know,shine,1
know,non,1
know,mi,1
know,banger,1
know,make,2
know,people,1
know,call,1
know,ask,1
know,outfit,1
know,already,1
know,either,1
know,think,1
know,speak,1
know,pretty,1
know,sure,1
know,way,1
know,dress,1
know,remember,1
beautiful,turkey,1
beautiful,hope,2
beautiful,also,1
beautiful,really,3
beautiful,see,1
beautiful,light,1
beautiful,show,1
beautiful,close,1
beautiful,unlike,1
beautiful,performance,1
beautiful,sweet,1
beautiful,follow,1
beautiful,rehearsal,1
beautiful,yesterday,1
beautiful,genuinely,1
beautiful,cry,1
beautiful,absolutely,1
beautiful,much,1
beautiful,definitely,1
beautiful,vote,1
beautiful,next,1
beautiful,day,2
beautiful,even,2
beautiful,sun,2
beautiful,glass,2
beautiful,wine,2
beautiful,balcony,2
beautiful,brand,2
beautiful,new,2
beautiful,vinyl,2
beautiful,personal,2
beautiful,note,2
beautiful,matchless,2
beautiful,view,2
beautiful,city,2
turkey,hope,1
hope,go,1
hope,happen,1
hope,next,2
hope,idea,1
hope,pretty,1
hope,wide,1
hope,open,1
hope,almost,1
hope,never,1
hope,right,1
hope,fervently,1
hope,every,1
hope,year,1
hope,may,1
hope,qualify,1
hope,follow,1
hope,rehearsal,1
hope,yesterday,1
hope,genuinely,1
hope,cry,1
hope,absolutely,1
hope,much,1
hope,really,3
hope,definitely,1
hope,vote,1
hope,first,1
hope,since,1
hope,ago,1
watch,turquoise,1
watch,carpet,1
watch,open,1
watch,shady,1
watch,disrespectful,1
watch,begin,1
watch,even,1
watch,say,1
turquoise,carpet,2
turquoise,open,1
turquoise,sing,1
turquoise,think,1
turquoise,say,1
turquoise,feel,1
carpet,open,1
carpet,sing,1
carpet,think,1
carpet,say,1
carpet,feel,1
open,go,1
open,happen,1
open,next,1
open,idea,1
open,pretty,1
open,wide,1
open,almost,1
open,never,1
open,right,1
open,fervently,1
open,every,1
open,year,1
open,may,1
open,loading,1
open,let,1
open,sorry,1
open,day,1
open,today,1
open,see,1
open,big,1
open,five,1
open,plus,1
open,first,1
open,time,1
open,official,1
open,live,1
open,say,1
open,hello,1
sing,think,1
sing,say,1
sing,feel,1
sing,people,1
sing,end,1
sing,performance,1
think,say,1
think,feel,1
think,second,1
think,rehearsal,1
think,clip,1
think,check,1
think,even,1
think,w,1
think,voting,1
think,post,1
think,style,1
think,justice,1
think,also,2
think,possible,1
think,variation,1
think,banger,1
think,previous,1
think,miller,1
think,first,1
think,time,1
think,care,1
think,take,1
think,place,1
think,country,1
think,city,1
think,row,1
think,finish,2
think,grand,2
think,final,2
think,opinion,2
think,top,2
think,tell,2
think,u,2
think,either,1
think,speak,1
think,pretty,1
think,sure,1
think,way,1
think,dress,1
think,remember,1
think,nightmare,1
think,keep,1
think,welcome,1
think,hell,1
think,end,1
think,stop,1
think,junior,1
think,back,2
think,write,1
think,person,1
think,queen,1
think,go,1
think,walk,1
think,beyond,1
think,amaze,1
think,good,1
think,luck,1
say,feel,1
say,like,1
say,different,1
say,either,1
say,ultra,1
say,emotional,1
say,super,1
say,old,1
say,school,1
say,chanson,1
say,swagger,1
say,face,1
say,glam,1
say,rock,1
say,beauty,1
say,something,1
say,every,1
say,taste,1
say,contradictory,1
say,day,1
say,today,1
say,see,1
say,big,1
say,five,1
say,plus,1
say,first,1
say,time,1
say,official,1
say,live,1
say,hello,1
say,shady,1
say,disrespectful,1
say,begin,1
say,even,1
say,understand,1
say,write,1
say,vote,1
say,point,1
feel,come,2
feel,brilliant,2
feel,entry,2
feel,hate,2
feel,u,2
feel,later,2
feel,cover,2
feel,soon,2
feel,pencil,2
feel,case,2
feel,wonder,2
feel,even,1
feel,banger,1
feel,always,1
feel,like,1
feel,go,1
feel,second,1
feel,rehearsal,1
feel,everything,1
feel,remain,1
feel,already,1
feel,perfect,2
feel,cry,1
feel,definitely,1
want,dress,1
want,wear,1
dress,wear,1
dress,either,1
dress,speak,1
dress,pretty,1
dress,sure,1
dress,way,1
dress,remember,1
need,go,2
need,isolation,2
need,live,2
need,performance,2
need,absolutely,1
need,ever,1
need,indescribable,1
need,vote,1
need,good,1
need,luck,1
need,though,1
need,really,1
need,talent,1
need,charisma,1
need,shine,1
need,clean,1
need,cameraman,1
need,shadow,1
go,isolation,1
go,live,1
go,performance,1
go,happen,1
go,next,2
go,idea,1
go,pretty,1
go,wide,1
go,almost,1
go,never,1
go,right,1
go,fervently,1
go,every,1
go,year,3
go,may,1
go,list,1
go,full,1
go,repeat,1
go,top,1
go,two,2
go,back,1
go,forth,1
go,one,1
go,like,2
go,even,2
go,though,1
go,maybe,1
go,dissimilar,1
go,call,1
go,girl,1
go,wait,1
go,please,1
go,sell,1
go,vinyl,1
go,banger,1
go,always,1
go,good,2
go,news,1
go,guess,1
go,let,1
go,walk,1
go,beyond,1
go,amaze,1
go,luck,1
go,looking,1
go,forward,1
go,many,1
go,great,1
go,cheeky,1
go,sax,1
go,make,2
go,smile,1
go,uplifting,1
go,earworm,1
go,dad,2
go,level,1
go,quality,1
isolation,live,1
isolation,performance,1
live,performance,1
live,top,1
live,show,1
live,day,1
live,today,1
live,see,1
live,big,1
live,five,1
live,plus,1
live,first,1
live,time,1
live,official,1
live,hello,1
live,new,1
live,cover,1
live,front,1
live,might,1
live,cheekily,1
live,stick,1
performance,ready,1
performance,life,1
performance,also,1
performance,really,1
performance,see,1
performance,light,1
performance,show,1
performance,close,1
performance,unlike,1
performance,people,1
performance,end,1
amazing,show,1
amazing,today,1
amazing,session,1
amazing,pencil,1
amazing,case,1
amazing,wonder,1
amazing,interview,1
amazing,x,1
amazing,one,1
amazing,time,1
amazing,good,1
amazing,luck,1
amazing,next,1
amazing,sure,1
amazing,really,1
amazing,voice,1
amazing,awesome,1
amazing,spectacular,1
amazing,outstanding,1
show,today,1
show,session,1
show,pencil,1
show,case,1
show,wonder,1
show,interview,1
show,x,1
show,also,1
show,really,1
show,see,2
show,light,1
show,close,1
show,unlike,1
show,top,1
show,pull,1
show,lot,1
show,ever,1
today,session,1
today,pencil,5
today,case,5
today,wonder,5
today,interview,1
today,x,2
today,thanks,1
today,join,1
today,waterline,1
today,decide,1
today,next,3
today,braving,2
today,truly,2
today,lovely,2
today,entry,2
today,come,2
today,good,1
today,morning,1
today,look,1
today,forward,1
today,special,1
today,finally,1
today,meet,1
today,magnificent,1
today,make,1
today,tear,1
today,every,1
today,time,2
today,sang,1
today,day,1
today,see,1
today,big,1
today,five,1
today,plus,1
today,first,1
today,official,1
today,hello,1
session,pencil,2
session,case,2
session,wonder,2
session,interview,1
session,x,1
session,girl,1
session,special,1
session,brave,1
session,v,1
pencil,case,13
pencil,wonder,13
pencil,interview,1
pencil,x,1
pencil,braving,4
pencil,truly,4
pencil,lovely,4
pencil,entry,6
pencil,next,4
pencil,come,6
pencil,new,1
pencil,find,1
pencil,soon,3
pencil,glorious,1
pencil,brilliant,2
pencil,hate,2
pencil,u,2
pencil,later,2
pencil,cover,2
pencil,girl,1
pencil,special,1
pencil,brave,1
pencil,v,1
case,wonder,13
case,interview,1
case,x,1
case,braving,4
case,truly,4
case,lovely,4
case,entry,6
case,next,4
case,come,6
case,new,1
case,find,1
case,soon,3
case,glorious,1
case,brilliant,2
case,hate,2
case,u,2
case,later,2
case,cover,2
case,girl,1
case,special,1
case,brave,1
case,v,1
wonder,interview,1
wonder,x,1
wonder,braving,4
wonder,truly,4
wonder,lovely,4
wonder,entry,6
wonder,next,4
wonder,come,6
wonder,new,1
wonder,find,1
wonder,soon,3
wonder,glorious,1
wonder,brilliant,2
wonder,hate,2
wonder,u,2
wonder,later,2
wonder,cover,2
wonder,girl,1
wonder,special,1
wonder,brave,1
wonder,v,1
interview,x,1
interview,make,1
x,good,1
x,morning,1
x,look,1
x,forward,1
x,special,1
x,mon,1
x,glad,1
x,fun,1
x,stage,1
x,awesome,1
x,yesterday,1
thanks,join,1
thanks,waterline,1
thanks,decide,1
thanks,next,1
join,waterline,1
join,decide,1
join,next,1
waterline,decide,1
waterline,next,1
decide,next,1
next,fall,1
next,little,1
next,take,1
next,gift,1
next,give,1
next,even,1
next,though,1
next,may,2
next,cook,1
next,try,1
next,hear,1
next,insane,1
next,braving,2
next,truly,2
next,lovely,2
next,entry,2
next,come,2
next,happen,1
next,idea,1
next,pretty,1
next,wide,1
next,almost,1
next,never,1
next,right,1
next,fervently,1
next,every,1
next,year,2
next,one,1
next,time,1
next,good,1
next,luck,1
next,sure,1
next,also,1
next,perform,1
next,half,1
next,grand,1
next,final,1
next,follow,1
next,rehearsal,1
next,yesterday,1
next,genuinely,1
next,cry,1
next,absolutely,1
next,much,1
next,really,2
next,definitely,1
next,vote,1
next,looking,1
next,forward,1
next,many,1
next,great,1
next,cheeky,1
next,sax,1
next,make,2
next,smile,1
next,uplifting,1
next,earworm,1
next,dad,2
next,level,1
next,quality,1
next,got,1
next,problem,1
ready,life,1
ready,special,2
ready,tomorrow,1
ready,lot,1
ready,first,1
ready,rehearsal,1
ready,chance,1
fall,little,1
fall,take,1
fall,gift,1
fall,give,1
fall,even,1
fall,though,1
fall,may,1
fall,cook,1
fall,try,1
fall,hear,1
fall,insane,1
little,take,1
little,gift,1
little,give,1
little,even,1
little,though,1
little,may,1
little,cook,1
little,try,1
little,hear,1
little,insane,1
take,gift,1
take,give,1
take,even,1
take,though,1
take,may,2
take,cook,1
take,try,1
take,hear,1
take,insane,1
take,first,1
take,time,1
take,care,1
take,place,2
take,country,1
take,city,1
take,row,1
take,type,1
take,originality,1
take,fact,1
take,universe,1
take,looking,1
take,year,1
gift,give,1
gift,even,1
gift,though,1
gift,may,1
gift,cook,1
gift,try,1
gift,hear,1
gift,insane,1
give,even,1
give,though,1
give,may,1
give,cook,1
give,try,2
give,hear,1
give,insane,1
give,great,1
give,keep,1
give,maybe,1
give,qualifier,1
give,girl,1
give,right,1
give,nationality,1
give,real,1
give,face,1
even,though,2
even,may,1
even,cook,1
even,try,1
even,hear,1
even,insane,1
even,list,1
even,full,1
even,repeat,1
even,top,1
even,two,2
even,back,1
even,forth,1
even,one,1
even,like,2
even,maybe,1
even,dissimilar,1
even,year,1
even,call,1
even,w,1
even,voting,1
even,post,1
even,style,1
even,justice,1
even,banger,1
even,always,1
even,shady,1
even,disrespectful,1
even,begin,1
even,day,1
even,sun,1
even,glass,1
even,wine,1
even,balcony,1
even,brand,1
even,new,1
even,vinyl,1
even,personal,1
even,note,1
even,matchless,1
even,view,1
even,city,1
though,may,1
though,cook,1
though,try,1
though,hear,1
though,insane,1
though,list,1
though,full,1
though,repeat,1
though,top,1
though,two,2
though,back,1
though,forth,1
though,one,1
though,like,1
though,maybe,1
though,dissimilar,1
though,year,1
though,call,1
though,absolutely,1
though,ever,1
though,indescribable,1
though,vote,1
though,good,1
though,luck,1
though,really,2
though,talent,1
though,charisma,1
though,shine,1
though,well,1
though,rounded,1
though,second,3
though,rehearsal,3
though,able,1
though,see,1
though,interesting,1
though,stage,1
though,find,1
though,review,1
may,cook,1
may,try,1
may,hear,1
may,insane,1
may,following,1
may,second,1
may,automatic,2
may,one,1
may,via,2
may,happen,1
may,idea,1
may,pretty,1
may,wide,1
may,almost,1
may,never,1
may,right,1
may,fervently,1
may,every,1
may,year,2
may,six,1
may,first,1
may,believe,1
may,looking,1
may,place,1
cook,try,1
cook,hear,1
cook,insane,1
try,hear,1
try,insane,1
try,great,1
try,keep,1
try,maybe,1
try,qualifier,1
hear,insane,1
thank,goodness,1
thank,demand,1
thank,comfort,1
thank,whilst,1
thank,gem,1
goodness,demand,1
name,sensuous,1
braving,truly,2
braving,lovely,2
braving,entry,2
braving,come,2
truly,lovely,2
truly,entry,2
truly,come,2
lovely,entry,2
lovely,come,2
entry,come,4
entry,brilliant,2
entry,hate,2
entry,u,2
entry,later,2
entry,cover,2
entry,soon,2
entry,also,1
entry,prefer,1
entry,electric,1
entry,country,1
come,brilliant,2
come,hate,2
come,u,2
come,later,2
come,cover,2
come,soon,2
come,well,1
come,fire,1
new,find,1
new,soon,1
new,glorious,1
new,cover,1
new,front,1
new,might,1
new,cheekily,1
new,stick,1
new,day,1
new,sun,1
new,glass,1
new,wine,1
new,balcony,1
new,brand,1
new,vinyl,1
new,personal,1
new,note,1
new,matchless,1
new,view,1
new,city,1
new,actually,1
new,disrespectful,1
new,kind,1
new,music,1
new,really,1
new,gurl,1
new,better,1
new,nothing,1
new,generic,1
find,soon,1
find,glorious,1
find,well,1
find,rounded,1
find,second,3
find,rehearsal,3
find,able,1
find,see,1
find,really,1
find,interesting,1
find,stage,1
find,review,1
soon,glorious,1
soon,brilliant,2
soon,hate,2
soon,u,2
soon,later,2
soon,cover,2
brilliant,hate,2
brilliant,u,2
brilliant,later,2
brilliant,cover,2
hate,u,2
hate,later,2
hate,cover,2
u,later,2
u,cover,2
u,finish,1
u,grand,1
u,final,1
u,opinion,1
u,top,1
u,tell,1
u,treating,1
u,every,1
u,day,1
later,cover,2
cover,front,1
cover,might,1
cover,cheekily,1
cover,stick,1
girl,special,1
girl,brave,1
girl,v,1
girl,wait,1
girl,please,1
girl,sell,1
girl,vinyl,1
girl,right,1
girl,nationality,1
girl,release,1
girl,co,1
girl,awesome,1
special,brave,1
special,v,1
special,good,1
special,morning,1
special,look,1
special,forward,1
special,tomorrow,1
special,lot,1
brave,v,1
brave,stop,1
brave,type,1
brave,really,1
brave,appreciate,1
brave,lot,1
good,morning,2
good,look,1
good,forward,1
good,absolutely,1
good,ever,1
good,indescribable,1
good,vote,1
good,luck,4
good,really,1
good,talent,1
good,charisma,1
good,shine,1
good,one,1
good,time,1
good,sure,1
good,news,1
good,guess,1
good,walk,1
good,beyond,1
good,amaze,1
morning,look,1
morning,forward,1
look,forward,1
forward,looking,1
forward,many,1
forward,great,1
forward,year,1
forward,cheeky,1
forward,sax,1
forward,make,2
forward,smile,1
forward,uplifting,1
forward,earworm,1
forward,dad,2
forward,level,1
forward,quality,1
excite,currently,1
excite,thrill,1
excite,day,1
excite,rehearsal,1
excite,dream,1
excite,team,1
excite,draw,1
excite,press,1
excite,conference,1
excite,remain,1
excite,full,1
excite,energy,1
second,rehearsal,13
second,clip,1
second,check,1
second,following,1
second,automatic,1
second,one,1
second,via,1
second,shimmer,1
second,light,1
second,amongst,1
second,darkness,1
second,well,3
second,rounded,3
second,able,3
second,see,3
second,really,3
second,interesting,3
second,stage,3
second,review,3
second,everything,1
second,remain,1
second,already,1
second,perfect,2
second,cry,1
second,definitely,1
rehearsal,clip,2
rehearsal,check,1
rehearsal,thrill,1
rehearsal,day,1
rehearsal,dream,1
rehearsal,team,1
rehearsal,draw,1
rehearsal,press,1
rehearsal,conference,1
rehearsal,remain,2
rehearsal,full,1
rehearsal,energy,1
rehearsal,shimmer,1
rehearsal,light,1
rehearsal,amongst,1
rehearsal,darkness,1
rehearsal,well,3
rehearsal,rounded,3
rehearsal,able,3
rehearsal,see,3
rehearsal,really,5
rehearsal,interesting,3
rehearsal,stage,3
rehearsal,review,3
rehearsal,everything,1
rehearsal,already,1
rehearsal,perfect,2
rehearsal,cry,2
rehearsal,definitely,2
rehearsal,saw,1
rehearsal,stun,1
rehearsal,follow,1
rehearsal,yesterday,1
rehearsal,genuinely,1
rehearsal,absolutely,1
rehearsal,much,1
rehearsal,vote,1
rehearsal,low,1
rehearsal,key,1
rehearsal,top,1
rehearsal,first,3
rehearsal,chance,1
clip,check,1
clip,saw,1
clip,stun,1
check,whole,1
check,one,1
check,image,1
check,follow,1
check,link,1
wow,third,1
wow,see,1
wow,number,1
wow,imagine,1
wow,end,1
wow,pure,1
wow,art,1
following,automatic,1
following,one,1
following,via,1
automatic,one,1
automatic,via,2
automatic,six,1
automatic,first,1
automatic,believe,1
one,via,1
one,list,1
one,full,1
one,repeat,1
one,top,1
one,two,3
one,back,1
one,forth,1
one,like,1
one,maybe,1
one,dissimilar,1
one,year,1
one,call,1
one,time,1
one,luck,1
one,sure,2
one,wish,1
one,semi,1
one,whole,1
one,image,1
one,follow,1
one,link,1
one,clever,1
one,stage,2
one,fact,1
one,much,1
one,well,1
one,fully,1
one,dedicate,1
one,ourself,1
one,voice,1
one,non,1
one,estimate,1
one,hopefully,1
one,exquisite,1
one,interpretation,1
one,intimate,1
one,elegant,1
one,powerful,1
one,proposal,1
one,leave,1
one,karaoke,1
one,fit,1
one,studio,1
one,conversation,1
one,minute,1
one,change,1
one,artistic,1
one,career,1
via,six,1
via,first,1
via,believe,1
happen,idea,1
happen,pretty,1
happen,wide,1
happen,almost,1
happen,never,1
happen,right,1
happen,fervently,1
happen,every,1
happen,year,1
happen,chance,1
happen,make,1
idea,pretty,1
idea,wide,1
idea,almost,1
idea,never,1
idea,right,1
idea,fervently,1
idea,every,1
idea,year,1
pretty,wide,1
pretty,almost,1
pretty,never,1
pretty,right,1
pretty,fervently,1
pretty,every,1
pretty,year,1
pretty,either,1
pretty,speak,1
pretty,sure,1
pretty,way,1
pretty,remember,1
wide,almost,1
wide,never,1
wide,right,1
wide,fervently,1
wide,every,1
wide,year,1
almost,never,1
almost,right,1
almost,fervently,1
almost,every,1
almost,year,1
never,right,1
never,fervently,1
never,every,1
never,year,1
right,fervently,1
right,every,1
right,year,1
right,nationality,1
fervently,every,1
fervently,year,1
every,year,1
every,like,1
every,different,1
every,either,1
every,ultra,1
every,emotional,1
every,super,1
every,old,1
every,school,1
every,chanson,1
every,swagger,1
every,face,1
every,glam,1
every,rock,1
every,beauty,1
every,something,1
every,taste,1
every,contradictory,1
every,finally,1
every,meet,1
every,magnificent,1
every,make,1
every,tear,1
every,time,1
every,sang,1
every,treating,1
every,day,1
year,list,1
year,full,1
year,repeat,1
year,top,1
year,two,2
year,back,1
year,forth,1
year,like,1
year,maybe,1
year,dissimilar,1
year,call,1
year,hello,1
year,old,1
year,permanently,1
year,literally,1
year,reason,1
year,upset,1
year,read,1
year,didnt,1
year,violate,1
year,anything,1
year,content,1
year,proof,1
year,real,1
year,please,1
year,totally,1
year,cheer,1
year,voting,1
year,looking,2
year,many,1
year,great,1
year,cheeky,1
year,sax,1
year,make,2
year,smile,1
year,uplifting,1
year,earworm,1
year,dad,2
year,level,1
year,quality,1
year,place,1
like,different,1
like,either,1
like,ultra,1
like,emotional,1
like,super,1
like,old,1
like,school,1
like,chanson,1
like,swagger,1
like,face,1
like,glam,1
like,rock,1
like,beauty,1
like,something,1
like,taste,1
like,contradictory,1
like,list,1
like,full,1
like,repeat,1
like,top,1
like,two,2
like,back,1
like,forth,1
like,maybe,1
like,dissimilar,1
like,call,1
like,banger,1
like,always,1
different,either,1
different,ultra,1
different,emotional,1
different,super,1
different,old,1
different,school,1
different,chanson,1
different,swagger,1
different,face,1
different,glam,1
different,rock,1
different,beauty,1
different,something,1
different,taste,1
different,contradictory,1
either,ultra,1
either,emotional,1
either,super,1
either,old,1
either,school,1
either,chanson,1
either,swagger,1
either,face,1
either,glam,1
either,rock,1
either,beauty,1
either,something,1
either,taste,1
either,contradictory,1
either,speak,1
either,sure,1
either,way,1
either,remember,1
ultra,emotional,1
ultra,super,1
ultra,old,1
ultra,school,1
ultra,chanson,1
ultra,swagger,1
ultra,face,1
ultra,glam,1
ultra,rock,1
ultra,beauty,1
ultra,something,1
ultra,taste,1
ultra,contradictory,1
emotional,super,1
emotional,old,1
emotional,school,1
emotional,chanson,1
emotional,swagger,1
emotional,face,1
emotional,glam,1
emotional,rock,1
emotional,beauty,1
emotional,something,1
emotional,taste,1
emotional,contradictory,1
super,old,1
super,school,1
super,chanson,1
super,swagger,1
super,face,1
super,glam,1
super,rock,1
super,beauty,1
super,something,1
super,taste,1
super,contradictory,1
super,matter,1
super,final,1
super,result,1
old,school,1
old,chanson,1
old,swagger,1
old,face,1
old,glam,1
old,rock,1
old,beauty,1
old,something,1
old,taste,1
old,contradictory,1
old,hello,1
old,permanently,1
old,literally,1
old,reason,1
old,upset,1
old,read,1
old,didnt,1
old,violate,1
old,anything,1
old,content,1
old,proof,1
old,real,1
old,please,1
school,chanson,1
school,swagger,1
school,face,1
school,glam,1
school,rock,1
school,beauty,1
school,something,1
school,taste,1
school,contradictory,1
chanson,swagger,1
chanson,face,1
chanson,glam,1
chanson,rock,1
chanson,beauty,1
chanson,something,1
chanson,taste,1
chanson,contradictory,1
swagger,face,1
swagger,glam,1
swagger,rock,1
swagger,beauty,1
swagger,something,1
swagger,taste,1
swagger,contradictory,1
face,glam,1
face,rock,1
face,beauty,1
face,something,1
face,taste,1
face,contradictory,1
face,real,1
glam,rock,1
glam,beauty,1
glam,something,1
glam,taste,1
glam,contradictory,1
rock,beauty,1
rock,something,1
rock,taste,1
rock,contradictory,1
beauty,something,1
beauty,taste,1
beauty,contradictory,1
something,taste,1
something,contradictory,1
taste,contradictory,1
list,full,1
list,repeat,1
list,top,1
list,two,2
list,back,1
list,forth,1
list,maybe,1
list,dissimilar,1
list,call,1
full,repeat,1
full,top,1
full,two,2
full,back,1
full,forth,1
full,maybe,1
full,dissimilar,1
full,call,1
full,thrill,1
full,day,1
full,dream,1
full,team,1
full,draw,1
full,press,1
full,conference,1
full,remain,1
full,energy,1
repeat,top,1
repeat,two,2
repeat,back,1
repeat,forth,1
repeat,maybe,1
repeat,dissimilar,1
repeat,call,1
top,two,2
top,back,1
top,forth,1
top,maybe,1
top,dissimilar,1
top,call,1
top,finish,1
top,grand,1
top,final,1
top,opinion,1
top,tell,1
top,low,1
top,key,1
top,first,1
two,back,2
two,forth,2
two,maybe,2
two,dissimilar,2
two,call,2
two,sure,1
two,fit,1
back,forth,1
back,maybe,1
back,dissimilar,1
back,call,1
back,first,1
back,place,1
back,nightmare,2
back,keep,2
back,welcome,2
back,hell,2
back,end,2
back,stop,2
back,junior,2
back,write,2
back,person,2
back,queen,2
forth,maybe,1
forth,dissimilar,1
forth,call,1
maybe,dissimilar,1
maybe,call,1
maybe,great,1
maybe,keep,1
maybe,qualifier,1
maybe,ah,1
maybe,yeah,1
maybe,forget,1
maybe,place,1
maybe,shift,1
dissimilar,call,1
call,since,1
call,make,2
call,people,1
call,ask,1
call,outfit,1
call,already,1
w,voting,1
w,post,1
w,style,1
w,justice,1
voting,post,1
voting,style,1
voting,justice,1
voting,totally,1
voting,cheer,1
post,style,1
post,justice,1
style,justice,1
thrill,day,1
thrill,dream,1
thrill,team,1
thrill,draw,1
thrill,press,1
thrill,conference,1
thrill,remain,1
thrill,energy,1
day,dream,1
day,team,1
day,draw,1
day,press,1
day,conference,1
day,remain,1
day,energy,1
day,treating,1
day,see,1
day,big,1
day,five,1
day,plus,1
day,first,1
day,time,1
day,official,1
day,hello,1
day,sun,1
day,glass,1
day,wine,1
day,balcony,1
day,brand,1
day,vinyl,1
day,personal,1
day,note,1
day,matchless,1
day,view,1
day,city,1
dream,team,1
dream,draw,1
dream,press,1
dream,conference,1
dream,remain,1
dream,energy,1
team,draw,1
team,press,1
team,conference,1
team,remain,1
team,energy,1
draw,press,1
draw,conference,1
draw,remain,1
draw,energy,1
press,conference,1
press,remain,1
press,energy,1
conference,remain,1
conference,energy,1
remain,energy,1
remain,everything,1
remain,already,1
remain,perfect,2
remain,cry,1
remain,definitely,1
matter,final,1
matter,result,1
matter,absolutely,1
matter,deserve,1
matter,much,1
matter,chance,1
final,result,1
final,also,2
final,perform,2
final,half,2
final,grand,3
final,finish,1
final,opinion,1
final,tell,1
final,cant,1
final,wait,1
final,see,1
final,necessarily,1
final,country,1
final,perry,1
final,fan,1
final,electric,1
final,big,1
final,moment,1
final,fellow,1
final,national,1
country,aka,1
country,first,1
country,time,1
country,care,1
country,place,1
country,city,1
country,row,1
country,also,1
country,prefer,1
country,electric,2
country,necessarily,1
country,perry,1
country,fan,1
country,big,1
country,moment,1
absolutely,ever,1
absolutely,indescribable,1
absolutely,vote,2
absolutely,luck,1
absolutely,really,3
absolutely,talent,1
absolutely,charisma,1
absolutely,shine,1
absolutely,deserve,1
absolutely,much,2
absolutely,chance,1
absolutely,follow,1
absolutely,yesterday,1
absolutely,genuinely,1
absolutely,cry,1
absolutely,definitely,1
ever,indescribable,1
ever,vote,1
ever,luck,1
ever,really,1
ever,talent,1
ever,charisma,1
ever,shine,1
indescribable,vote,1
indescribable,luck,1
indescribable,really,1
indescribable,talent,1
indescribable,charisma,1
indescribable,shine,1
vote,luck,1
vote,really,3
vote,talent,1
vote,charisma,1
vote,shine,1
vote,follow,1
vote,yesterday,1
vote,genuinely,1
vote,cry,1
vote,much,1
vote,definitely,1
vote,understand,1
vote,write,1
vote,point,1
luck,really,1
luck,talent,1
luck,charisma,1
luck,shine,1
luck,time,1
luck,sure,1
luck,loving,1
luck,passion,1
luck,walk,1
luck,beyond,1
luck,amaze,1
really,talent,1
really,charisma,1
really,shine,1
really,also,1
really,see,2
really,light,1
really,close,1
really,unlike,1
really,well,1
really,rounded,1
really,able,1
really,interesting,1
really,stage,1
really,review,1
really,voice,1
really,awesome,1
really,follow,2
really,yesterday,2
really,genuinely,2
really,cry,2
really,much,2
really,definitely,2
really,first,1
really,since,1
really,ago,1
really,stop,1
really,type,1
really,appreciate,1
really,lot,1
really,actually,1
really,disrespectful,1
really,kind,1
really,music,1
really,gurl,1
really,better,1
really,nothing,1
really,generic,1
talent,charisma,1
talent,shine,1
charisma,shine,1
also,see,1
also,light,1
also,close,1
also,unlike,1
also,possible,2
also,variation,2
also,banger,2
also,previous,2
also,miller,2
also,perform,2
also,half,2
also,grand,1
also,prefer,1
also,electric,1
see,light,1
see,close,1
see,unlike,1
see,number,1
see,imagine,1
see,end,1
see,pure,1
see,art,1
see,well,1
see,rounded,1
see,able,1
see,interesting,1
see,stage,1
see,review,1
see,cant,1
see,wait,1
see,grand,1
see,pull,1
see,lot,1
see,big,1
see,five,1
see,plus,1
see,first,1
see,time,1
see,official,1
see,hello,1
light,close,1
light,unlike,1
light,shimmer,1
light,amongst,1
light,darkness,1
close,unlike,1
clean,cameraman,1
clean,shadow,1
cameraman,shadow,1
people,end,1
people,make,2
people,ask,1
people,outfit,1
people,already,1
end,number,1
end,imagine,1
end,pure,1
end,art,1
end,nightmare,1
end,keep,1
end,welcome,1
end,hell,1
end,stop,1
end,junior,1
end,write,1
end,person,1
end,queen,1
shimmer,amongst,1
shimmer,darkness,1
amongst,darkness,1
deserve,much,1
deserve,chance,1
much,chance,1
much,follow,1
much,yesterday,1
much,genuinely,1
much,cry,1
much,definitely,1
much,clever,1
much,stage,2
much,fact,1
much,well,1
much,fully,1
much,dedicate,1
much,ourself,1
much,voice,1
chance,make,1
chance,first,1
time,sure,1
time,finally,1
time,meet,1
time,magnificent,1
time,make,1
time,tear,1
time,sang,1
time,first,2
time,care,1
time,place,1
time,city,1
time,row,1
time,big,1
time,five,1
time,plus,1
time,official,1
time,hello,1
sure,impressive,1
sure,whatever,1
sure,speak,1
sure,way,1
sure,remember,1
sure,fit,1
wait,please,1
wait,sell,1
wait,vinyl,1
wait,cant,1
wait,grand,1
please,sell,1
please,vinyl,1
please,release,3
please,everything,3
please,hello,1
please,permanently,1
please,literally,1
please,reason,1
please,upset,1
please,read,1
please,didnt,1
please,violate,1
please,anything,1
please,content,1
please,proof,1
please,real,1
sell,vinyl,1
vinyl,sun,1
vinyl,glass,1
vinyl,wine,1
vinyl,balcony,1
vinyl,brand,1
vinyl,personal,1
vinyl,note,1
vinyl,matchless,1
vinyl,view,1
vinyl,city,1
finally,meet,1
finally,magnificent,1
finally,make,1
finally,tear,1
finally,sang,1
meet,magnificent,1
meet,make,1
meet,tear,1
meet,sang,1
magnificent,make,1
magnificent,tear,1
magnificent,sang,1
make,tear,1
make,sang,1
make,everybody,1
make,silent,1
make,ask,2
make,outfit,2
make,already,2
make,looking,2
make,many,2
make,great,2
make,cheeky,2
make,sax,2
make,smile,2
make,uplifting,2
make,earworm,2
make,dad,4
make,level,2
make,quality,2
tear,sang,1
sang,since,1
sang,lipstick,1
let,perform,1
let,loading,1
let,sorry,1
perform,half,2
perform,grand,1
certainly,slow,1
great,keep,1
great,qualifier,1
great,looking,1
great,many,1
great,cheeky,1
great,sax,1
great,smile,1
great,uplifting,1
great,earworm,1
great,dad,2
great,level,1
great,quality,1
keep,qualifier,1
keep,nightmare,1
keep,welcome,1
keep,hell,1
keep,stop,1
keep,junior,1
keep,write,1
keep,person,1
keep,queen,1
since,lipstick,1
since,first,1
since,ago,1
non,mi,1
non,banger,1
non,estimate,1
non,hopefully,1
mi,banger,1
banger,possible,1
banger,variation,1
banger,previous,1
banger,miller,1
banger,always,1
half,queen,1
half,grand,1
queen,nightmare,1
queen,welcome,1
queen,hell,1
queen,stop,1
queen,junior,1
queen,write,1
queen,person,1
queen,range,1
queen,ugh,1
opinion,could,1
opinion,benefit,1
opinion,finish,1
opinion,grand,1
opinion,tell,1
could,benefit,1
possible,variation,1
possible,previous,1
possible,miller,1
variation,previous,1
variation,miller,1
previous,miller,1
oh,tense,1
oh,finish,1
tense,finish,1
finish,grand,1
finish,tell,1
ah,yeah,1
ah,forget,1
ah,place,1
ah,shift,1
yeah,forget,1
yeah,place,1
yeah,shift,1
forget,place,1
forget,shift,1
place,shift,1
place,first,2
place,care,1
place,city,1
place,row,1
place,looking,1
first,care,1
first,city,1
first,row,1
first,six,1
first,believe,1
first,low,1
first,key,1
first,ago,1
first,big,1
first,five,1
first,plus,1
first,official,1
first,hello,1
care,city,1
care,row,1
city,row,1
city,sun,1
city,glass,1
city,wine,1
city,balcony,1
city,brand,1
city,personal,1
city,note,1
city,matchless,1
city,view,1
impressive,whatever,1
number,imagine,1
number,pure,1
number,art,1
imagine,pure,1
imagine,art,1
pure,art,1
well,fire,1
well,rounded,1
well,able,1
well,interesting,1
well,stage,3
well,review,1
well,clever,1
well,fact,1
well,fully,1
well,dedicate,1
well,ourself,1
well,voice,1
news,guess,1
grand,tell,1
grand,cant,1
release,everything,1
release,co,1
release,awesome,1
everything,already,1
everything,perfect,2
everything,cry,1
everything,definitely,1
photo,credit,1
incredible,finishing,1
incredible,high,1
finishing,high,1
rounded,able,1
rounded,interesting,1
rounded,stage,1
rounded,review,1
able,interesting,1
able,stage,1
able,review,1
interesting,stage,1
interesting,review,1
stage,review,1
stage,glad,1
stage,fun,1
stage,awesome,1
stage,yesterday,1
stage,clever,2
stage,fact,2
stage,fully,2
stage,dedicate,2
stage,ourself,2
stage,voice,2
already,perfect,2
already,cry,1
already,definitely,1
already,ask,1
already,outfit,1
perfect,cry,2
perfect,definitely,2
cry,definitely,2
cry,follow,1
cry,yesterday,1
cry,genuinely,1
definitely,follow,1
definitely,yesterday,1
definitely,genuinely,1
everybody,silent,1
lot,experienced,1
lot,racism,1
lot,believe,1
lot,san,1
lot,pull,1
lot,stop,1
lot,type,1
lot,appreciate,1
wish,semi,1
voice,awesome,1
voice,woman,1
voice,cat,1
voice,clever,1
voice,fact,1
voice,fully,1
voice,dedicate,1
voice,ourself,1
awesome,co,1
awesome,glad,1
awesome,fun,1
awesome,yesterday,1
ask,outfit,1
hello,permanently,1
hello,literally,1
hello,reason,1
hello,upset,1
hello,read,1
hello,didnt,1
hello,violate,1
hello,anything,1
hello,content,1
hello,proof,1
hello,real,1
hello,big,1
hello,five,1
hello,plus,1
hello,official,1
permanently,literally,1
permanently,reason,1
permanently,upset,1
permanently,read,1
permanently,didnt,1
permanently,violate,1
permanently,anything,1
permanently,content,1
permanently,proof,1
permanently,real,1
literally,reason,1
literally,upset,1
literally,read,1
literally,didnt,1
literally,violate,1
literally,anything,1
literally,content,1
literally,proof,1
literally,real,1
reason,upset,1
reason,read,1
reason,didnt,1
reason,violate,1
reason,anything,1
reason,content,1
reason,proof,1
reason,real,1
upset,read,1
upset,didnt,1
upset,violate,1
upset,anything,1
upset,content,1
upset,proof,1
upset,real,1
read,didnt,1
read,violate,1
read,anything,1
read,content,1
read,proof,1
read,real,1
read,battle,1
didnt,violate,1
didnt,anything,1
didnt,content,1
didnt,proof,1
didnt,real,1
violate,anything,1
violate,content,1
violate,proof,1
violate,real,1
anything,content,1
anything,proof,1
anything,real,1
content,proof,1
content,real,1
proof,real,1
glad,fun,1
glad,yesterday,1
fun,yesterday,1
yesterday,follow,1
yesterday,genuinely,1
whole,image,1
whole,follow,1
whole,link,1
image,follow,1
image,link,1
follow,link,1
follow,genuinely,1
saw,stun,1
loving,passion,1
totally,cheer,1
spectacular,outstanding,1
loading,sorry,1
six,believe,1
believe,experienced,1
believe,racism,1
believe,san,1
speak,way,1
speak,remember,1
way,remember,1
experienced,racism,1
experienced,san,1
racism,san,1
low,key,1
woman,cat,1
clever,fact,1
clever,fully,1
clever,dedicate,1
clever,ourself,1
fact,fully,1
fact,dedicate,1
fact,ourself,1
fact,type,1
fact,originality,1
fact,universe,1
fully,dedicate,1
fully,ourself,1
dedicate,ourself,1
prefer,electric,1
electric,necessarily,1
electric,perry,1
electric,fan,1
electric,big,1
electric,moment,1
necessarily,perry,1
necessarily,fan,1
necessarily,big,1
necessarily,moment,1
perry,fan,1
perry,big,1
perry,moment,1
fan,big,1
fan,moment,1
big,moment,1
big,five,1
big,plus,1
big,official,1
fellow,national,1
five,plus,1
five,official,1
plus,official,1
official,iconic,1
official,video,1
official,channel,1
nightmare,welcome,1
nightmare,hell,1
nightmare,stop,1
nightmare,junior,1
nightmare,write,1
nightmare,person,1
welcome,hell,1
welcome,stop,1
welcome,junior,1
welcome,write,1
welcome,person,1
hell,stop,1
hell,junior,1
hell,write,1
hell,person,1
stop,junior,1
stop,write,1
stop,person,1
stop,type,1
stop,appreciate,1
stop,streaming,1
junior,write,1
junior,person,1
write,person,1
write,understand,1
write,point,1
estimate,hopefully,1
iconic,video,1
iconic,channel,1
video,channel,1
exquisite,interpretation,1
exquisite,intimate,1
exquisite,elegant,1
exquisite,powerful,1
exquisite,proposal,1
exquisite,leave,1
exquisite,karaoke,1
interpretation,intimate,1
interpretation,elegant,1
interpretation,powerful,1
interpretation,proposal,1
interpretation,leave,1
interpretation,karaoke,1
intimate,elegant,1
intimate,powerful,1
intimate,proposal,1
intimate,leave,1
intimate,karaoke,1
elegant,powerful,1
elegant,proposal,1
elegant,leave,1
elegant,karaoke,1
powerful,proposal,1
powerful,leave,1
powerful,karaoke,1
proposal,leave,1
proposal,karaoke,1
leave,karaoke,1
range,ugh,1
walk,beyond,1
walk,amaze,1
beyond,amaze,1
looking,many,1
looking,cheeky,1
looking,sax,1
looking,smile,1
looking,uplifting,1
looking,earworm,1
looking,dad,2
looking,level,1
looking,quality,1
many,cheeky,1
many,sax,1
many,smile,1
many,uplifting,1
many,earworm,1
many,dad,2
many,level,1
many,quality,1
cheeky,sax,1
cheeky,smile,1
cheeky,uplifting,1
cheeky,earworm,1
cheeky,dad,2
cheeky,level,1
cheeky,quality,1
sax,smile,1
sax,uplifting,1
sax,earworm,1
sax,dad,2
sax,level,1
sax,quality,1
smile,uplifting,1
smile,earworm,1
smile,dad,2
smile,level,1
smile,quality,1
uplifting,earworm,1
uplifting,dad,2
uplifting,level,1
uplifting,quality,1
earworm,dad,2
earworm,level,1
earworm,quality,1
dad,level,2
dad,quality,2
level,quality,1
front,might,1
front,cheekily,1
front,stick,1
might,cheekily,1
might,stick,1
cheekily,stick,1
shady,disrespectful,1
shady,begin,1
disrespectful,begin,1
disrespectful,actually,1
disrespectful,kind,1
disrespectful,music,1
disrespectful,gurl,1
disrespectful,better,1
disrespectful,nothing,1
disrespectful,generic,1
type,appreciate,1
type,originality,1
type,universe,1
originality,universe,1
sun,glass,1
sun,wine,1
sun,balcony,1
sun,brand,1
sun,personal,1
sun,note,1
sun,matchless,1
sun,view,1
glass,wine,1
glass,balcony,1
glass,brand,1
glass,personal,1
glass,note,1
glass,matchless,1
glass,view,1
wine,balcony,1
wine,brand,1
wine,personal,1
wine,note,1
wine,matchless,1
wine,view,1
balcony,brand,1
balcony,personal,1
balcony,note,1
balcony,matchless,1
balcony,view,1
brand,personal,1
brand,note,1
brand,matchless,1
brand,view,1
personal,note,1
personal,matchless,1
personal,view,1
note,matchless,1
note,view,1
matchless,view,1
actually,kind,1
actually,music,1
actually,gurl,1
actually,better,1
actually,nothing,1
actually,generic,1
kind,music,1
kind,gurl,1
kind,better,1
kind,nothing,1
kind,generic,1
music,gurl,1
music,better,1
music,nothing,1
music,generic,1
gurl,better,1
gurl,nothing,1
gurl,generic,1
better,nothing,1
better,generic,1
nothing,generic,1
friend,bad,1
understand,point,1
got,problem,1
comfort,whilst,1
comfort,gem,1
whilst,gem,1
studio,conversation,1
studio,minute,1
studio,change,1
studio,artistic,1
studio,career,1
conversation,minute,1
conversation,change,1
conversation,artistic,1
conversation,career,1
minute,change,1
minute,artistic,1
minute,career,1
change,artistic,1
change,career,1
artistic,career,1
