Id,Label,Count
come,come,9
thank,thank,21
yes,yes,12
button,button,1
ready,ready,1
spend,spend,1
money,money,6
please,please,12
release,release,1
merch,merch,1
give,give,8
super,super,2
someone,someone,3
else,else,4
say,say,20
three,three,2
top,top,16
like,like,22
ryder,ryder,1
different,different,1
career,career,3
ridiculous,ridiculous,3
realize,realize,1
year,year,10
entry,entry,8
also,also,12
write,write,2
official,official,2
legend,legend,1
really,really,14
love,love,30
high,high,3
shutter,shutter,1
shot,shot,4
win,win,15
much,much,11
know,know,15
enemy,enemy,1
trust,trust,1
major,major,1
vampire,vampire,1
video,video,4
game,game,2
art,art,4
look,look,11
beautiful,beautiful,10
piece,piece,1
essence,essence,1
aura,aura,1
well,well,11
good,good,22
wonderful,wonderful,5
one,one,18
week,week,3
later,later,1
still,still,6
feel,feel,5
sad,sad,4
emotion,emotion,1
voice,voice,6
listen,listen,5
song,song,43
bravo,bravo,2
help,help,6
artist,artist,5
live,live,7
tape,tape,1
pretty,pretty,2
national,national,2
final,final,5
performance,performance,12
kudos,kudos,1
stick,stick,2
stag,stag,1
concept,concept,1
work,work,9
beautifully,beautifully,2
blocked,blocked,1
take,take,13
let,let,6
free,free,7
respond,respond,2
vive,vive,2
want,want,18
share,share,1
valse,valse,2
make,make,16
best,best,9
adult,adult,1
pour,pour,2
toi,toi,1
dark,dark,2
mode,mode,1
visit,visit,2
title,title,1
era,era,1
never,never,6
saw,saw,3
strawberry,strawberry,5
sandwich,sandwich,3
next,next,8
sing,sing,6
program,program,1
thought,thought,3
see,see,17
everything,everything,4
world,world,10
think,think,15
late,late,2
yet,yet,4
get,get,32
lot,lot,7
spill,spill,1
si,si,1
nice,nice,2
sweet,sweet,1
wow,wow,4
wait,wait,5
hair,hair,2
pussy,pussy,1
genial,genial,1
thing,thing,2
weird,weird,2
need,need,9
long,long,2
universe,universe,2
june,june,1
domination,domination,1
viral,viral,1
chart,chart,7
great,great,18
winner,winner,8
twenty,twenty,1
fifty,fifty,1
reach,reach,1
number,number,3
plus,plus,2
sun,sun,1
shine,shine,1
opinion,opinion,2
mine,mine,1
soldi,soldi,1
euphoria,euphoria,1
sound,sound,1
silence,silence,1
could,could,10
casse,casse,1
got,got,2
music,music,9
concert,concert,7
life,life,3
find,find,5
summer,summer,2
stream,stream,1
turn,turn,1
finish,finish,4
original,original,1
growing,growing,1
old,old,2
tout,tout,1
l,l,3
e,e,1
enter,enter,1
german,german,1
position,position,1
since,since,5
speaking,speaking,1
faith,faith,1
authentically,authentically,1
always,always,4
leave,leave,1
happy,happy,9
luck,luck,1
pretend,pretend,1
anything,anything,2
even,even,9
side,side,4
history,history,2
book,book,2
shelf,shelf,1
almost,almost,2
credit,credit,1
learning,learning,1
preparation,preparation,1
show,show,10
difficulty,difficulty,1
far,far,6
masculine,masculine,1
feminine,feminine,1
girl,girl,4
cute,cute,1
cursed,cursed,1
day,day,7
first,first,8
people,people,23
minimum,minimum,1
investment,investment,1
remember,remember,3
profit,profit,2
commission,commission,1
ask,ask,5
via,via,4
note,note,2
interested,interested,1
sure,sure,5
time,time,7
cry,cry,8
huge,huge,2
bus,bus,1
full,full,1
read,read,3
grandpa,grandpa,1
communicate,communicate,1
dolphin,dolphin,1
project,project,1
short,short,1
less,less,1
crazy,crazy,1
contest,contest,9
perfect,perfect,5
definitely,definitely,4
deserve,deserve,10
stage,stage,4
understand,understand,2
way,way,8
new,new,5
fan,fan,4
mate,mate,1
dance,dance,2
second,second,5
half,half,1
special,special,1
jinx,jinx,1
already,already,5
flirt,flirt,2
waste,waste,1
tinder,tinder,1
ticket,ticket,1
talk,talk,3
bullet,bullet,1
excite,excite,1
u,u,18
accidentally,accidentally,1
go,go,19
stop,stop,7
flirting,flirting,1
every,every,6
bad,bad,6
front,front,2
thanks,thanks,11
appreciation,appreciation,1
tweet,tweet,3
ur,ur,1
right,right,9
poor,poor,4
buy,buy,2
villa,villa,1
act,act,1
dream,dream,1
mean,mean,3
class,class,3
flight,flight,1
extra,extra,1
butter,butter,7
aw,aw,1
absolutely,absolutely,5
brilliant,brilliant,2
everywhere,everywhere,8
learn,learn,8
macron,macron,7
search,search,1
dell,dell,1
sorry,sorry,5
forget,forget,1
send,send,4
mona,mona,1
repost,repost,2
glad,glad,3
account,account,3
story,story,2
according,according,1
musical,musical,2
morality,morality,1
jagger,jagger,1
often,often,1
flour,flour,1
pizza,pizza,1
connection,connection,1
hi,hi,1
would,would,17
cup,cup,1
player,player,1
name,name,2
z,z,1
everyone,everyone,3
b,b,1
exactly,exactly,2
beauty,beauty,1
aloof,aloof,1
eldest,eldest,1
wild,wild,1
child,child,3
underneath,underneath,1
young,young,2
woman,woman,1
hell,hell,1
prize,prize,1
alive,alive,2
result,result,1
tribute,tribute,1
tried,tried,1
smash,smash,1
chill,chill,1
j,j,3
adore,adore,2
literally,literally,3
swear,swear,1
keep,keep,2
spare,spare,2
sibling,sibling,1
angelic,angelic,1
family,family,1
oh,oh,4
hope,hope,3
do,do,3
ahead,ahead,1
lose,lose,14
amazing,amazing,8
attention,attention,3
pic,pic,1
inspired,inspired,1
submission,submission,1
last,last,2
train,train,1
winning,winning,2
draw,draw,3
start,start,3
bank,bank,1
soy,soy,1
single,single,1
hey,hey,1
human,human,3
part,part,1
mother,mother,3
little,little,3
break,break,1
whose,whose,2
competition,competition,1
elegant,elegant,1
hold,hold,1
glass,glass,2
wine,wine,1
delirium,delirium,1
seriously,seriously,1
though,though,6
gorgeous,gorgeous,4
amaze,amaze,7
welcome,welcome,1
probably,probably,2
either,either,3
yeah,yeah,4
behind,behind,1
interest,interest,2
excellent,excellent,1
set,set,1
another,another,4
movie,movie,1
sleep,sleep,2
par,par,1
certainly,certainly,2
zero,zero,1
stun,stun,1
pop,pop,2
back,back,4
country,country,7
completely,completely,1
language,language,5
today,today,8
repeat,repeat,2
hate,hate,3
sweetheart,sweetheart,1
honestly,honestly,4
fantastic,fantastic,4
stunning,stunning,1
posh,posh,1
secret,secret,1
actually,actually,3
currently,currently,2
speak,speak,5
honest,honest,2
glance,glance,1
tabloid,tabloid,1
fit,fit,1
wrap,wrap,1
fish,fish,1
chip,chip,1
able,able,1
agree,agree,2
whatever,whatever,2
excited,excited,1
holy,holy,1
cover,cover,2
answer,answer,3
pose,pose,1
security,security,1
car,car,1
cam,cam,1
collect,collect,1
informative,informative,1
restrict,restrict,1
use,use,4
condemn,condemn,1
administration,administration,2
withhold,withhold,1
billion,billion,1
vaccine,vaccine,1
political,political,1
million,million,2
shame,shame,3
gosh,gosh,1
real,real,3
la,la,2
cinematography,cinematography,1
outstanding,outstanding,1
complain,complain,1
pay,pay,4
translate,translate,2
maybe,maybe,3
peace,peace,1
warning,warning,1
attack,attack,4
peaceful,peaceful,1
de,de,9
better,better,4
production,production,1
modification,modification,1
night,night,4
legislation,legislation,1
freedom,freedom,1
play,play,1
street,street,1
x,x,1
license,license,1
democratization,democratization,1
direction,direction,1
popular,popular,1
toxic,toxic,2
person,person,3
defeat,defeat,2
blame,blame,2
saltiness,saltiness,1
didnt,didnt,1
test,test,6
negative,negative,4
duo,duo,1
strain,strain,3
covid,covid,3
virus,virus,15
tell,tell,3
happen,happen,3
china,china,7
spread,spread,3
grow,grow,3
economy,economy,3
kill,kill,3
together,together,2
looser,looser,1
loco,loco,2
awful,awful,1
conquer,conquer,1
global,global,4
belle,belle,1
promotion,promotion,1
put,put,2
something,something,6
viola,viola,1
minister,minister,2
ever,ever,4
enjoy,enjoy,6
place,place,7
without,without,3
trash,trash,1
century,century,1
voting,voting,1
system,system,1
instead,instead,1
current,current,2
apologize,apologize,2
defamation,defamation,2
creator,creator,1
lord,lord,1
drug,drug,3
definitive,definitive,1
controversy,controversy,1
stellar,stellar,1
unique,unique,1
believe,believe,5
bake,bake,1
citrus,citrus,1
election,election,2
loss,loss,1
evidence,evidence,2
strong,strong,1
suit,suit,1
may,may,3
proof,proof,2
illegal,illegal,1
lady,lady,2
glory,glory,2
polemic,polemic,1
admit,admit,2
bring,bring,3
snuffy,snuffy,1
celebration,celebration,1
us,us,2
defend,defend,2
integrity,integrity,1
save,save,1
russia,russia,2
gas,gas,1
belong,belong,1
humanity,humanity,2
bless,bless,1
laugh,laugh,1
end,end,4
job,job,5
performer,performer,1
question,question,2
many,many,4
rejoice,rejoice,3
death,death,1
entire,entire,2
accident,accident,1
shut,shut,5
source,source,1
victim,victim,1
dirty,dirty,1
kind,kind,2
daily,daily,1
contributor,contributor,1
sod,sod,2
wiz,wiz,1
journalist,journalist,2
information,information,2
news,news,2
create,create,1
gossip,gossip,1
accusation,accusation,1
speculation,speculation,1
apology,apology,6
sir,sir,1
moment,moment,4
journalism,journalism,1
gif,gif,1
support,support,2
campaign,campaign,1
men,men,2
safe,safe,1
possible,possible,1
powerful,powerful,1
outfit,outfit,2
sweetie,sweetie,1
mass,mass,1
immigration,immigration,1
third,third,2
homeland,homeland,2
nope,nope,1
cardigan,cardigan,1
hoodie,hoodie,1
ce,ce,1
frog,frog,1
brain,brain,2
sold,sold,1
sense,sense,1
son,son,1
born,born,1
minute,minute,2
date,date,1
lucky,lucky,1
meet,meet,1
magical,magical,1
evening,evening,1
dear,dear,1
thrill,thrill,1
flag,flag,1
cheer,cheer,1
talented,talented,1
wish,wish,1
surprise,surprise,1
favorite,favorite,3
intense,intense,1
contestant,contestant,1
prove,prove,1
singer,singer,4
plate,plate,2
man,man,2
sniff,sniff,1
cocaine,cocaine,2
pardon,pardon,1
falling,falling,1
unacceptable,unacceptable,2
addicted,addicted,1
mad,mad,4
enough,enough,4
non,non,1
di,di,1
un,un,2
stupid,stupid,5
stay,stay,2
delusional,delusional,1
anyways,anyways,1
hello,hello,2
goose,goose,1
hearing,hearing,1
obvious,obvious,2
entirety,entirety,1
hand,hand,2
gesture,gesture,1
monster,monster,1
beloved,beloved,1
nothing,nothing,3
profile,profile,2
accuse,accuse,2
care,care,6
underwear,underwear,1
wrong,wrong,5
cause,cause,1
jury,jury,1
public,public,3
simple,simple,1
urgently,urgently,1
beg,beg,1
daughter,daughter,1
hospital,hospital,1
tired,tired,1
busy,busy,1
fact,fact,1
small,small,1
whole,whole,2
middle,middle,1
eastern,eastern,1
begin,begin,1
legacy,legacy,1
add,add,2
nose,nose,1
clearly,clearly,1
anyone,anyone,3
loop,loop,1
bloody,bloody,1
accept,accept,4
truth,truth,1
react,react,1
delight,delight,1
positive,positive,2
false,false,3
choose,choose,1
awesome,awesome,1
marco,marco,1
become,become,1
dissociate,dissociate,1
charge,charge,1
directly,directly,1
inform,inform,1
coke,coke,1
ruin,ruin,1
point,point,3
compare,compare,1
delegation,delegation,1
wont,wont,2
lo,lo,1
el,el,1
towards,towards,2
talent,talent,1
dignity,dignity,2
petit,petit,1
embarrassment,embarrassment,1
figure,figure,1
view,view,1
ease,ease,1
honey,honey,1
popcorn,popcorn,1
queen,queen,2
deserved,deserved,2
course,course,2
embarrass,embarrass,2
post,post,2
fall,fall,3
tomorrow,tomorrow,2
flop,flop,1
getting,getting,1
hot,hot,2
electric,electric,1
classic,classic,2
tanked,tanked,1
boring,boring,1
worst,worst,1
possibly,possibly,1
decade,decade,1
army,army,1
insult,insult,1
retire,retire,1
harry,harry,1
whether,whether,1
call,call,4
quite,quite,2
torture,torture,1
except,except,1
bit,bit,3
band,band,1
baguette,baguette,1
marriage,marriage,1
move,move,1
pure,pure,1
eat,eat,4
case,case,1
close,close,2
waiting,waiting,1
per,per,1
follower,follower,1
lover,lover,1
magnificent,magnificent,1
prefer,prefer,2
rock,rock,1
damn,damn,1
authentic,authentic,1
feeling,feeling,1
power,power,2
bet,bet,1
stand,stand,1
documental,documental,1
house,house,1
hear,hear,2
amen,amen,1
lost,lost,1
eu,eu,1
plane,plane,1
important,important,1
content,content,1
chanter,chanter,1
study,study,1
stole,stole,1
heart,heart,1
funny,funny,1
discover,discover,1
gracious,gracious,1
burn,burn,1
march,march,1
cant,cant,1
en,en,2
marvelous,marvelous,1
especially,especially,1
discovery,discovery,1
nervous,nervous,1
blas,blas,1
dress,dress,1
room,room,1
comfort,comfort,1
compulsory,compulsory,1
north,north,3
stoke,stoke,1
racist,racist,1
delve,delve,1
taste,taste,2
selection,selection,1
tune,tune,1
listening,listening,1
victory,victory,4
knew,knew,3
celebrate,celebrate,3
shortly,shortly,1
grand,grand,1
impromptu,impromptu,1
appearance,appearance,1
press,press,1
experience,experience,1
scary,scary,1
incredible,incredible,1
suicide,suicide,1
hang,hang,1
father,father,2
remove,remove,1
away,away,1
near,near,1
chitose,chitose,1
airport,airport,1
japan,japan,1
inhumane,inhumane,1
removal,removal,1
refer,refer,1
attached,attached,1
report,report,1
sky,sky,1
highlight,highlight,1
dancing,dancing,1
vinyl,vinyl,1
sander,sander,1
background,background,1
noise,noise,1
obviously,obviously,1
opener,opener,1
interlude,interlude,1
exact,exact,2
hull,hull,1
spellbind,spellbind,1
two,two,1
sublime,sublime,1
dont,dont,1
word,word,3
understood,understood,1
somehow,somehow,1
impenetrable,impenetrable,1
shield,shield,1
touch,touch,1
soul,soul,1
obscene,obscene,1
shell,shell,1
sausage,sausage,1
roll,roll,1
maintenance,maintenance,1
surname,surname,1
hard,hard,1
war,war,1
careful,careful,1
might,might,3
angry,angry,1
comment,comment,1
spring,spring,1
darling,darling,1
splash,splash,1
cash,cash,1
tight,tight,1
arse,arse,1
properly,properly,1
hump,hump,1
throw,throw,1
along,along,1
deliver,deliver,1
promise,promise,2
buddy,buddy,1
tonight,tonight,2
treat,treat,1
bold,bold,1
bluster,bluster,1
tenner,tenner,1
worth,worth,1
hotel,hotel,1
putty,putty,1
supporting,supporting,2
terrorism,terrorism,2
timing,timing,1
masterpiece,masterpiece,1
forever,forever,1
idea,idea,1
dutch,dutch,2
emma,emma,1
brought,brought,1
hysteric,hysteric,1
level,level,1
choice,choice,1
everyday,everyday,1
idiot,idiot,1
iceland,iceland,3
reaction,reaction,2
superb,superb,1
gibberish,gibberish,1
holden,holden,1
painful,painful,1
embarrassing,embarrassing,1
watch,watch,2
fancy,fancy,1
arrogant,arrogant,1
git,git,1
debate,debate,1
square,square,1
series,series,1
past,past,1
topic,topic,1
religion,religion,1
fake,fake,1
typical,typical,1
arrogance,arrogance,1
big,big,1
ego,ego,1
drama,drama,1
normally,normally,1
dramatic,dramatic,1
miss,miss,1
terry,terry,1
brother,brother,1
graham,graham,1
inside,inside,1
hall,hall,1
black,black,2
face,face,1
finger,finger,1
chain,chain,1
wonder,wonder,1
try,try,1
spectacular,spectacular,2
perfection,perfection,1
congratulation,congratulation,1
forward,forward,1
party,party,1
style,style,1
felt,felt,1
passion,passion,1
undeniable,undeniable,1
salty,salty,1
fair,fair,1
medium,medium,1
respect,respect,1
writer,writer,1
famous,famous,1
calligrapher,calligrapher,1
clip,clip,1
pathetic,pathetic,1
disgust,disgust,2
catastrophe,catastrophe,2
horrible,horrible,2
previous,previous,1
rocky,rocky,1
film,film,1
taxi,taxi,1
driver,driver,1
network,network,1
president,president,1
fou,fou,1
ai,ai,1
collaboration,collaboration,1
beautifulness,beautifulness,1
god,god,1
junior,junior,1
cringe,cringe,1
totally,totally,1
attitude,attitude,1
pro,pro,2
protest,protest,2
outside,outside,2
consulate,consulate,2
ca,ca,2
matter,matter,1
personal,personal,1
babe,babe,1
crawl,crawl,1
mug,mug,1
saboteur,saboteur,1
basta,basta,1
liar,liar,1
decided,decided,1
check,check,1
accord,accord,1
te,te,1
ama,ama,1
impress,impress,1
address,address,1
personification,personification,1
alone,alone,1
incredibly,incredibly,1
head,head,1
politician,politician,1
bride,bride,1
trap,trap,1
trade,trade,1
hurt,hurt,1
rather,rather,1
bow,bow,1
shameful,shameful,1
exceptionally,exceptionally,1
hopefully,hopefully,1
sexy,sexy,1
cancellation,cancellation,1
designer,designer,1
jacket,jacket,1
wore,wore,1
afterwards,afterwards,1
ya,ya,1
ballad,ballad,1
congratulate,congratulate,1
team,team,1
memorial,memorial,1
veteran,veteran,2
benefit,benefit,1
giveaway,giveaway,1
proceeds,proceeds,1
must,must,1
follow,follow,1
twitter,twitter,1
twitch,twitch,1
