Id,Label,Count
shame,shame,11
let,let,15
stupid,stupid,2
controversy,controversy,5
continue,continue,4
expose,expose,1
like,like,48
imagine,imagine,5
first,first,20
question,question,1
come,come,36
back,back,16
best,best,72
since,since,13
think,think,39
sore,sore,4
sensational,sensational,2
stunning,stunning,2
superb,superb,5
beautiful,beautiful,58
voice,voice,22
song,song,171
amazing,amazing,23
production,production,1
fire,fire,4
supporting,supporting,1
cause,cause,5
queen,queen,14
edit,edit,1
cheater,cheater,2
hypocrite,hypocrite,1
support,support,20
classify,classify,1
version,version,2
loser,loser,7
know,know,39
lose,lose,15
dignity,dignity,2
clear,clear,3
one,one,44
cheat,cheat,1
lie,lie,2
get,get,43
victory,victory,19
fake,fake,10
show,show,24
video,video,9
frame,frame,1
see,see,45
sniff,sniff,8
live,live,11
probably,probably,6
would,would,24
book,book,1
ought,ought,2
last,last,20
night,night,33
however,however,3
second,second,35
end,end,9
world,world,13
battle,battle,1
war,war,3
great,great,52
winner,winner,101
even,even,14
without,without,6
trophy,trophy,5
love,love,75
prepare,prepare,4
denounce,denounce,4
slander,slander,4
falsehood,falsehood,3
criminal,criminal,3
offense,offense,3
please,please,37
purchase,purchase,1
buy,buy,4
clothes,clothes,1
doesnt,doesnt,1
drug,drug,7
test,test,11
negative,negative,5
good,good,69
burn,burn,1
berlin,berlin,2
dame,dame,1
discover,discover,5
select,select,2
immediately,immediately,1
music,music,22
time,time,31
watch,watch,24
old,old,6
friend,friend,4
definitely,definitely,11
stalk,stalk,1
matter,matter,7
fit,fit,1
follow,follow,8
rule,rule,1
still,still,19
within,within,1
unfollowed,unfollowed,1
guess,guess,8
go,go,98
crawl,crawl,1
finish,finish,8
big,big,12
competition,competition,5
highlight,highlight,1
wholehearted,wholehearted,1
embrace,embrace,1
score,score,5
legend,legend,4
care,care,6
win,win,98
rock,rock,16
hard,hard,5
hallelujah,hallelujah,1
lambert,lambert,1
represent,represent,1
u,u,40
lovely,lovely,5
singer,singer,21
start,start,6
today,today,14
sorry,sorry,11
journal,journal,1
say,say,30
bad,bad,20
cocaine,cocaine,7
unfair,unfair,2
glad,glad,7
experience,experience,2
much,much,37
classy,classy,2
enchant,enchant,1
adventure,adventure,2
six,six,1
evening,evening,5
every,every,12
leave,leave,2
brilliant,brilliant,7
performance,performance,56
grand,grand,17
final,final,30
yes,yes,15
least,least,8
dream,dream,6
look,look,19
sky,sky,2
donkey,donkey,1
fly,fly,2
sleep,sleep,6
tight,tight,2
bit,bit,3
place,place,49
always,always,13
listen,listen,15
pretty,pretty,10
understand,understand,12
people,people,29
really,really,41
tell,tell,9
story,story,6
mille,mille,1
amaze,amaze,22
perfect,perfect,8
gif,gif,1
flora,flora,1
jab,jab,1
ultimate,ultimate,3
move,move,2
sweet,sweet,5
x,x,5
elegant,elegant,1
ensemble,ensemble,1
contest,contest,38
ahoy,ahoy,2
wow,wow,15
totally,totally,6
thanks,thanks,16
link,link,5
thank,thank,36
another,another,6
man,man,7
tonight,tonight,63
deserve,deserve,36
oh,oh,14
jacket,jacket,1
state,state,4
damn,damn,3
call,call,4
grandfather,grandfather,2
anything,anything,3
resist,resist,1
ha,ha,1
input,input,1
could,could,14
thing,thing,9
well,well,63
complexity,complexity,1
simplicity,simplicity,4
union,union,2
technical,technical,1
part,part,3
fantastic,fantastic,18
ladies,ladies,1
check,check,10
put,put,5
shop,shop,1
wife,wife,1
l,l,7
write,write,5
never,never,17
sure,sure,12
many,many,18
new,new,7
do,do,17
soul,soul,2
screen,screen,1
completely,completely,3
long,long,6
absolutely,absolutely,11
outstanding,outstanding,2
literally,literally,5
give,give,26
natural,natural,1
emotional,emotional,8
real,real,10
wonderful,wonderful,12
sublime,sublime,9
someone,someone,4
take,take,14
step,step,2
away,away,5
everything,everything,13
ridiculous,ridiculous,2
brazil,brazil,1
country,country,22
map,map,1
dear,dear,12
super,super,8
true,true,9
guy,guy,4
terrible,terrible,2
voluntary,voluntary,1
anyway,anyway,5
appal,appal,1
disgust,disgust,2
individual,individual,1
master,master,1
young,young,4
job,job,8
entertainment,entertainment,1
value,value,1
bring,bring,8
right,right,15
center,center,3
president,president,2
jean,jean,2
excessive,excessive,1
reaction,reaction,2
intervention,intervention,1
fuel,fuel,1
anti,anti,4
nationalism,nationalism,3
usually,usually,2
year,year,50
mental,mental,1
health,health,2
help,help,10
ah,ah,3
busy,busy,2
cat,cat,1
dog,dog,1
countless,countless,1
adult,adult,1
admit,admit,2
expect,expect,6
use,use,7
little,little,12
friendly,friendly,1
together,together,9
compete,compete,1
musically,musically,1
wish,wish,8
make,make,31
past,past,3
keep,keep,4
mention,mention,2
incredible,incredible,9
fan,fan,6
appearance,appearance,1
custom,custom,2
maria,maria,3
visit,visit,4
heritage,heritage,2
learn,learn,5
house,house,1
gain,gain,1
insight,insight,1
creative,creative,1
process,process,1
behind,behind,8
outfit,outfit,2
nothing,nothing,5
two,two,15
karma,karma,1
seriously,seriously,4
heart,heart,19
artist,artist,10
team,team,11
pride,pride,3
dedicate,dedicate,1
magnificent,magnificent,2
possible,possible,5
apartheid,apartheid,1
around,around,5
also,also,29
cheer,cheer,7
fabulous,fabulous,4
testament,testament,1
failure,failure,1
accepted,accepted,1
feel,feel,8
hate,hate,6
need,need,23
news,news,9
word,word,7
horrible,horrible,3
storm,storm,3
serious,serious,7
crazy,crazy,7
sad,sad,13
behavior,behavior,3
junior,junior,4
composer,composer,3
press,press,6
award,award,9
artistic,artistic,3
return,return,2
taking,taking,1
proof,proof,1
wrong,wrong,2
talk,talk,4
language,language,16
moment,moment,3
receive,receive,3
name,name,5
brother,brother,3
rang,rang,1
yesterday,yesterday,4
favorite,favorite,15
rubbish,rubbish,1
felt,felt,3
euphoric,euphoric,1
way,way,10
hello,hello,7
pay,pay,2
attention,attention,1
simple,simple,3
mother,mother,1
russia,russia,1
urgently,urgently,1
beg,beg,1
daughter,daughter,1
hospital,hospital,1
fact,fact,4
jury,jury,9
public,public,8
us,us,6
friendship,friendship,1
remain,remain,4
undefeat,undefeat,1
send,send,6
tweet,tweet,3
want,want,20
n,n,7
roll,roll,4
die,die,2
excitement,excitement,1
miss,miss,5
lot,lot,10
explanation,explanation,1
table,table,4
far,far,11
whan,whan,1
nose,nose,2
million,million,2
mix,mix,2
crybaby,crybaby,1
absolute,absolute,5
silver,silver,1
medal,medal,1
gold,gold,2
lining,lining,1
later,later,2
cup,cup,1
fair,fair,5
transparent,transparent,2
awesome,awesome,3
day,day,11
told,told,1
age,age,1
child,child,4
course,course,6
text,text,2
special,special,10
edition,edition,3
radio,radio,3
international,international,5
may,may,8
available,available,2
bay,bay,1
gee,gee,1
poor,poor,9
dummy,dummy,2
luxurious,luxurious,1
powerful,powerful,6
inspiring,inspiring,1
seeing,seeing,2
flag,flag,1
happy,happy,20
bite,bite,1
especially,especially,4
hubby,hubby,1
easily,easily,2
spread,spread,2
result,result,4
bravo,bravo,34
pure,pure,5
magic,magic,3
opinion,opinion,3
half,half,4
naked,naked,1
iceland,iceland,7
corset,corset,3
catch,catch,2
eye,eye,1
saw,saw,5
memory,memory,1
refresh,refresh,1
scoreboard,scoreboard,1
three,three,6
speak,speak,8
properly,properly,1
ask,ask,3
disrespectful,disrespectful,1
chick,chick,1
though,though,10
deserved,deserved,5
design,design,6
wear,wear,3
layer,layer,1
tulle,tulle,2
airy,airy,1
bone,bone,1
top,top,34
enhance,enhance,1
sinuous,sinuous,1
black,black,4
velvet,velvet,1
dont,dont,4
sing,sing,13
viola,viola,1
repeat,repeat,2
already,already,8
brand,brand,7
criticize,criticize,2
money,money,2
kind,kind,4
living,living,3
model,model,2
company,company,3
didnt,didnt,2
cynical,cynical,1
beauty,beauty,5
pluralism,pluralism,1
contestant,contestant,3
bear,bear,2
funny,funny,2
unadulterated,unadulterated,1
chic,chic,2
entry,entry,18
hot,hot,1
chip,chip,1
band,band,7
everyone,everyone,12
finally,finally,7
shut,shut,3
cheap,cheap,1
nobody,nobody,1
embarrassment,embarrassment,1
formally,formally,1
apologize,apologize,1
unreal,unreal,1
actual,actual,1
head,head,1
fall,fall,3
glass,glass,6
difficult,difficult,4
manage,manage,2
envy,envy,1
person,person,9
front,front,6
girl,girl,13
urgent,urgent,1
heady,heady,1
envious,envious,1
hide,hide,1
holden,holden,3
whole,whole,2
continent,continent,1
cringe,cringe,1
self,self,4
awesomeness,awesomeness,1
clearly,clearly,9
vibrate,vibrate,2
nationalistically,nationalistically,1
apparently,apparently,1
nonetheless,nonetheless,1
wait,wait,9
cardigan,cardigan,1
picture,picture,2
easy,easy,3
judge,judge,2
assume,assume,4
e,e,4
defeat,defeat,7
something,something,12
high,high,4
pas,pas,1
gallingly,gallingly,1
arrogant,arrogant,1
ignorant,ignorant,2
lots,lots,2
different,different,7
ever,ever,15
truly,truly,5
add,add,1
library,library,1
discovered,discovered,1
treasure,treasure,1
event,event,3
simply,simply,4
jealous,jealous,3
maybe,maybe,12
inadmissible,inadmissible,1
doubt,doubt,3
number,number,16
spot,spot,3
god,god,5
admire,admire,1
bingo,bingo,1
cry,cry,16
terrorist,terrorist,3
order,order,4
report,report,2
plane,plane,2
editor,editor,1
opposition,opposition,1
channel,channel,1
land,land,1
death,death,3
hope,hope,19
sanction,sanction,2
talent,talent,7
charm,charm,2
china,china,1
luck,luck,21
vote,vote,95
future,future,2
coke,coke,4
reason,reason,1
twitter,twitter,8
bore,bore,2
hey,hey,5
surprise,surprise,2
single,single,6
cheating,cheating,1
morning,morning,5
everybody,everybody,1
unbearable,unbearable,1
disqualify,disqualify,3
green,green,3
room,room,3
red,red,7
white,white,6
blue,blue,6
style,style,3
air,air,1
convey,convey,1
ur,ur,5
audience,audience,2
edge,edge,1
entire,entire,3
discography,discography,1
star,star,2
born,born,2
sung,sung,3
passionately,passionately,1
straight,straight,2
must,must,4
affect,affect,1
overtly,overtly,1
political,political,2
statement,statement,1
almost,almost,6
compose,compose,1
wool,wool,1
silk,silk,1
trouser,trouser,1
message,message,4
phone,phone,2
lady,lady,3
contestation,contestation,1
change,change,7
significant,significant,1
guignol,guignol,1
se,se,1
rode,rode,1
unlike,unlike,1
vocal,vocal,1
range,range,1
dad,dad,1
dance,dance,1
merch,merch,1
optional,optional,1
restore,restore,1
peace,peace,1
among,among,1
eu,eu,4
propose,propose,1
react,react,2
non,non,5
mi,mi,1
upmost,upmost,1
passion,passion,4
lifetime,lifetime,1
massive,massive,1
social,social,1
tire,tire,2
plate,plate,1
cried,cried,2
tune,tune,2
rethink,rethink,1
strategy,strategy,1
lazy,lazy,1
staging,staging,3
work,work,9
ball,ball,1
glory,glory,1
late,late,1
situation,situation,1
ambiguous,ambiguous,1
boy,boy,3
pathetic,pathetic,2
respect,respect,3
cock,cock,1
encore,encore,2
vakil,vakil,1
anyone,anyone,5
sumptuous,sumptuous,1
ache,ache,1
wonder,wonder,2
post,post,2
depression,depression,1
pour,pour,6
tout,tout,1
broken,broken,1
mouth,mouth,2
beside,beside,1
nice,nice,8
general,general,2
chill,chill,1
stop,stop,5
bitter,bitter,1
childish,childish,1
flashy,flashy,2
effect,effect,1
power,power,4
excellent,excellent,6
exact,exact,1
got,got,2
native,native,3
speaking,speaking,1
often,often,2
border,border,1
congratulation,congratulation,1
marine,marine,3
combined,combined,2
husband,husband,1
accord,accord,2
freeze,freeze,2
mister,mister,1
success,success,2
perfectly,perfectly,2
near,near,2
quite,quite,5
total,total,1
decency,decency,1
accept,accept,10
celebrate,celebrate,3
overall,overall,1
acoustic,acoustic,1
via,via,9
unfortunately,unfortunately,4
behave,behave,1
phenomenal,phenomenal,2
blown,blown,1
agree,agree,12
heavily,heavily,1
life,life,4
origin,origin,1
apology,apology,1
east,east,1
subjected,subjected,1
cultural,cultural,1
genocide,genocide,2
brutally,brutally,1
torture,torture,1
minute,minute,3
sound,sound,4
struggle,struggle,1
survive,survive,1
inhumane,inhumane,1
digest,digest,1
brilliance,brilliance,1
honestly,honestly,7
intensity,intensity,1
spectacle,spectacle,1
listening,listening,1
cant,cant,2
aunt,aunt,1
elle,elle,3
la,la,20
fancy,fancy,1
dress,dress,4
overdone,overdone,1
stage,stage,4
instrument,instrument,1
interpretation,interpretation,2
emotion,emotion,3
alone,alone,1
spirit,spirit,2
pace,pace,2
mind,mind,4
imitation,imitation,1
form,form,1
flattery,flattery,1
en,en,8
obviously,obviously,1
fix,fix,2
iron,iron,1
dome,dome,1
refuel,refuel,1
refill,refill,1
weapon,weapon,1
curse,curse,1
whatever,whatever,5
play,play,2
decide,decide,2
punish,punish,1
business,business,1
uninspired,uninspired,1
particularly,particularly,1
nul,nul,1
brainless,brainless,1
shirt,shirt,5
angry,angry,1
tiger,tiger,1
baby,baby,2
arcade,arcade,1
ballad,ballad,1
fairly,fairly,1
recently,recently,1
ago,ago,3
believe,believe,5
kudos,kudos,1
career,career,2
ahead,ahead,2
wisdom,wisdom,1
grotto,grotto,1
era,era,1
acceptance,acceptance,1
background,background,1
domestic,domestic,1
tribute,tribute,1
woman,woman,3
father,father,1
opera,opera,2
doppia,doppia,1
per,per,1
certain,certain,1
resourcefulness,resourcefulness,1
humanity,humanity,1
achievable,achievable,1
save,save,3
apt,apt,1
bloc,bloc,1
greedy,greedy,1
mayor,mayor,2
construction,construction,1
worst,worst,1
able,able,3
fot,fot,1
hug,hug,1
humble,humble,1
politely,politely,1
reveal,reveal,1
coming,coming,2
forget,forget,5
ratio,ratio,3
couch,couch,1
four,four,1
enough,enough,5
space,space,2
prove,prove,2
nonsense,nonsense,2
humbly,humbly,1
feed,feed,2
troll,troll,2
remark,remark,1
might,might,3
bargain,bargain,1
j,j,9
across,across,1
rhythm,rhythm,1
c,c,4
vive,vive,6
going,going,1
bed,bed,1
broke,broke,1
open,open,4
case,case,2
brain,brain,2
enjoyable,enjoyable,1
excite,excite,1
climax,climax,1
fell,fell,2
nous,nous,4
wild,wild,2
west,west,1
tried,tried,1
yeah,yeah,5
un,un,1
relax,relax,1
rather,rather,1
swap,swap,1
prefer,prefer,1
rare,rare,1
personal,personal,3
snatch,snatch,1
prestation,prestation,3
walk,walk,1
side,side,2
de,de,9
reed,reed,1
messe,messe,1
dite,dite,1
warm,warm,2
whatsoever,whatsoever,1
contribution,contribution,1
close,close,14
balance,balance,1
point,point,7
view,view,1
according,according,1
term,term,1
wake,wake,2
unstripped,unstripped,1
subconscious,subconscious,1
inter,inter,1
tomorrow,tomorrow,5
tasted,tasted,2
salt,salt,1
pepper,pepper,1
dash,dash,1
cummin,cummin,1
shot,shot,3
tequila,tequila,1
taste,taste,3
waste,waste,1
amber,amber,1
explain,explain,2
although,although,3
month,month,1
medium,medium,1
watched,watched,2
voting,voting,3
league,league,1
setup,setup,1
campaign,campaign,4
home,home,4
pizza,pizza,2
bidet,bidet,2
quality,quality,5
revive,revive,1
forgotten,forgotten,1
reputation,reputation,1
clean,clean,1
ruin,ruin,1
si,si,4
welcome,welcome,4
food,food,1
party,party,3
possibly,possibly,1
alright,alright,1
nit,nit,2
cognac,cognac,1
jay,jay,1
murderer,murderer,2
blood,blood,1
murder,murder,1
strange,strange,2
set,set,2
decent,decent,1
standard,standard,1
behaviour,behaviour,1
objectively,objectively,1
subjectively,subjectively,1
angel,angel,1
sang,sang,1
somehow,somehow,2
hear,hear,10
making,making,1
compulsive,compulsive,1
tension,tension,1
winning,winning,2
act,act,3
seem,seem,1
successful,successful,1
needs,needs,1
fellow,fellow,1
government,government,1
broadcaster,broadcaster,1
pseudo,pseudo,2
squeaky,squeaky,1
sugary,sugary,1
marry,marry,2
earn,earn,1
rant,rant,1
hold,hold,1
sign,sign,1
confidence,confidence,1
idiot,idiot,2
sport,sport,1
chanson,chanson,9
remember,remember,10
wo,wo,1
incredibly,incredibly,3
expression,expression,2
closely,closely,4
camera,camera,5
operator,operator,2
fist,fist,2
killer,killer,2
cover,cover,2
discrimination,discrimination,1
hatred,hatred,1
divided,divided,1
worthless,worthless,1
capital,capital,1
dark,dark,2
memorable,memorable,1
selection,selection,4
stream,stream,2
find,find,6
nowadays,nowadays,1
recognize,recognize,4
share,share,4
twelve,twelve,5
hearts,hearts,1
r,r,1
w,w,2
manifest,manifest,1
as,as,3
burning,burning,1
necessary,necessary,1
exult,exult,2
donate,donate,1
surgery,surgery,1
critical,critical,1
vision,vision,4
amplify,amplify,1
flourish,flourish,1
uplift,uplift,1
commendable,commendable,1
legendary,legendary,1
problem,problem,4
macron,macron,2
deadly,deadly,1
ne,ne,2
rail,rail,1
marvelous,marvelous,2
third,third,3
intense,intense,2
lost,lost,1
convince,convince,2
vie,vie,1
duck,duck,1
consolation,consolation,1
famous,famous,2
bocca,bocca,1
kindly,kindly,6
click,click,6
links,links,6
masterpiece,masterpiece,3
certainly,certainly,5
radar,radar,1
excuse,excuse,2
thought,thought,1
provoke,provoke,1
enjoy,enjoy,11
hand,hand,2
impact,impact,1
rip,rip,2
speed,speed,1
impossible,impossible,1
snort,snort,4
exist,exist,1
silent,silent,1
shouting,shouting,1
tongue,tongue,2
touch,touch,2
shoulder,shoulder,1
warn,warn,2
obvious,obvious,1
exploring,exploring,1
inspire,inspire,1
scream,scream,3
vacuum,vacuum,1
try,try,5
existent,existent,1
fou,fou,1
game,game,2
turn,turn,1
wave,wave,2
dumb,dumb,1
actually,actually,8
astonishing,astonishing,1
entirely,entirely,1
appalling,appalling,1
nude,nude,1
conference,conference,1
hardly,hardly,2
k,k,2
gorgeous,gorgeous,2
ridicule,ridicule,1
par,par,2
babe,babe,1
follower,follower,1
mate,mate,1
lucky,lucky,2
shake,shake,1
blind,blind,1
match,match,1
glam,glam,1
heal,heal,1
mobile,mobile,2
rapport,rapport,1
sincere,sincere,1
source,source,1
break,break,1
better,better,3
stag,stag,6
baba,baba,1
force,force,1
disqualification,disqualification,1
musician,musician,1
rank,rank,2
button,button,1
translate,translate,1
roar,roar,1
mad,mad,5
applause,applause,2
openly,openly,1
legal,legal,1
worthy,worthy,1
forever,forever,2
beautifully,beautifully,3
baguette,baguette,1
squad,squad,1
hop,hop,1
either,either,1
melt,melt,1
read,read,1
cool,cool,2
privileged,privileged,1
adore,adore,3
admiration,admiration,1
nowhere,nowhere,1
stay,stay,1
mile,mile,1
chapeau,chapeau,1
ba,ba,1
direct,direct,1
hit,hit,2
hearth,hearth,1
maternal,maternal,1
painter,painter,1
calligrapher,calligrapher,1
ta,ta,1
strong,strong,5
remind,remind,2
crush,crush,2
worried,worried,1
worth,worth,2
intention,intention,1
possession,possession,1
await,await,1
reply,reply,1
covid,covid,3
suspect,suspect,1
rich,rich,1
montant,montant,1
extremely,extremely,1
stellar,stellar,1
line,line,1
bien,bien,3
snowflake,snowflake,1
podium,podium,2
present,present,2
official,official,8
concert,concert,2
drogue,drogue,1
period,period,3
tech,tech,1
generous,generous,1
shine,shine,3
cutie,cutie,2
authenticity,authenticity,1
toi,toi,2
specialty,specialty,1
citizen,citizen,1
common,common,1
tho,tho,1
artiste,artiste,1
forbid,forbid,1
title,title,1
rightful,rightful,1
aka,aka,1
politics,politics,2
profile,profile,1
pic,pic,1
gimp,gimp,1
yo,yo,1
whip,whip,1
maximum,maximum,1
suggest,suggest,1
stand,stand,2
prize,prize,1
blow,blow,1
bottom,bottom,3
five,five,1
fun,fun,1
looking,looking,2
forward,forward,3
wasnt,wasnt,1
done,done,2
benny,benny,1
b,b,1
embarrass,embarrass,1
travesty,travesty,1
mu,mu,1
fils,fils,1
reckon,reckon,1
singing,singing,6
century,century,1
huge,huge,3
aesthetic,aesthetic,1
musical,musical,1
dutch,dutch,1
gap,gap,1
champagne,champagne,1
reminder,reminder,1
assuming,assuming,1
difference,difference,1
push,push,1
base,base,1
mine,mine,1
fine,fine,1
runner,runner,3
viva,viva,1
pile,pile,1
mentality,mentality,1
hi,hi,2
next,next,10
choose,choose,3
coupe,coupe,1
seconde,seconde,1
breath,breath,1
franc,franc,1
f,f,1
g,g,1
disgrace,disgrace,1
achievement,achievement,1
resort,resort,1
factually,factually,1
correct,correct,2
create,create,1
hell,hell,1
false,false,1
information,information,2
disappointed,disappointed,1
spoke,spoke,1
besides,besides,1
darling,darling,1
festival,festival,1
purely,purely,1
stole,stole,1
attend,attend,2
ton,ton,1
album,album,1
sa,sa,1
smile,smile,1
explosion,explosion,1
else,else,4
cute,cute,7
dungeon,dungeon,1
awful,awful,1
noise,noise,1
bet,bet,3
group,group,1
alas,alas,1
personally,personally,5
genuinely,genuinely,1
tough,tough,1
embarrassed,embarrassed,1
regardless,regardless,1
predict,predict,1
amen,amen,1
beating,beating,1
eme,eme,2
despite,despite,1
dare,dare,1
duo,duo,1
closed,closed,1
plenty,plenty,2
discovery,discovery,1
gotten,gotten,1
moral,moral,1
free,free,2
bless,bless,1
glamour,glamour,1
stress,stress,1
zip,zip,1
hoodie,hoodie,1
slip,slip,1
commentary,commentary,1
shocking,shocking,1
praying,praying,1
system,system,1
issue,issue,1
joy,joy,1
spit,spit,1
towards,towards,1
skin,skin,1
routine,routine,1
ryder,ryder,2
exit,exit,1
account,account,4
run,run,3
beyond,beyond,2
humming,humming,1
lune,lune,1
crossed,crossed,1
fraud,fraud,2
financial,financial,1
crime,crime,1
breathy,breathy,1
answer,answer,3
crap,crap,1
cross,cross,3
joke,joke,1
goat,goat,1
yas,yas,1
enjoying,enjoying,1
begin,begin,4
gig,gig,5
modeling,modeling,1
manufacture,manufacture,1
fight,fight,1
mood,mood,1
main,main,1
lead,lead,2
deep,deep,3
tradition,tradition,4
sending,sending,2
eat,eat,1
bah,bah,1
normal,normal,1
thats,thats,1
redesign,redesign,4
responsive,responsive,1
template,template,1
perfection,perfection,2
art,art,2
petite,petite,1
outmost,outmost,1
former,former,1
positive,positive,3
kiss,kiss,1
finland,finland,2
kill,kill,1
gogo,gogo,1
opportunity,opportunity,2
uncanny,uncanny,1
shade,shade,1
twin,twin,2
sent,sent,1
bank,bank,1
crowd,crowd,1
mon,mon,3
corruption,corruption,1
twenty,twenty,1
honey,honey,1
aura,aura,1
quirky,quirky,1
slightly,slightly,1
timeless,timeless,1
keen,keen,1
duet,duet,1
pa,pa,2
honest,honest,1
mean,mean,2
extraordinary,extraordinary,1
switch,switch,1
golf,golf,1
allow,allow,1
bloody,bloody,7
happen,happen,2
graham,graham,2
catchy,catchy,1
bump,bump,1
backing,backing,1
code,code,1
grece,grece,1
united,united,1
kingdom,kingdom,1
grab,grab,3
copy,copy,2
phrase,phrase,1
market,market,2
leader,leader,1
stereotypical,stereotypical,1
historically,historically,1
suburb,suburb,1
risk,risk,1
complaint,complaint,1
formidable,formidable,2
consistently,consistently,2
illegal,illegal,1
original,original,2
arena,arena,1
couple,couple,1
yet,yet,2
typically,typically,1
brit,brit,1
short,short,1
utter,utter,1
wonderfully,wonderfully,2
quickly,quickly,1
stun,stun,2
stomper,stomper,1
elegance,elegance,2
pray,pray,1
dit,dit,1
clown,clown,1
admirable,admirable,1
omelet,omelet,1
aside,aside,1
class,class,2
serving,serving,1
modern,modern,1
epic,epic,2
ya,ya,1
sufficient,sufficient,1
global,global,1
appeal,appeal,1
classically,classically,1
holy,holy,1
auto,auto,1
ignore,ignore,3
trick,trick,1
chance,chance,3
wa,wa,1
charisma,charisma,1
uniqueness,uniqueness,1
nerve,nerve,1
belle,belle,1
boom,boom,1
whilst,whilst,1
adorable,adorable,1
golden,golden,1
emotive,emotive,2
intelligent,intelligent,1
classic,classic,2
dramatic,dramatic,1
honesty,honesty,1
relearn,relearn,1
reward,reward,1
aller,aller,1
ready,ready,10
family,family,1
champion,champion,1
hungry,hungry,1
happiness,happiness,1
watching,watching,2
shout,shout,1
glimpse,glimpse,1
josh,josh,1
teach,teach,1
hair,hair,1
settle,settle,1
gloriously,gloriously,1
patriotism,patriotism,1
york,york,1
round,round,1
gra,gra,6
marcel,marcel,4
guilty,guilty,1
pleasure,pleasure,1
guilt,guilt,1
questionable,questionable,1
smitten,smitten,1
school,school,1
dinner,dinner,1
wine,wine,1
printable,printable,1
visible,visible,1
replay,replay,1
h,h,1
count,count,2
faith,faith,1
club,club,1
inside,inside,2
wishing,wishing,1
join,join,4
list,list,1
doit,doit,1
supporter,supporter,1
childhood,childhood,1
son,son,1
pardon,pardon,1
enter,enter,1
classical,classical,1
category,category,1
previous,previous,1
madame,madame,1
v,v,1
outside,outside,1
candidate,candidate,1
protest,protest,3
dictator,dictator,3
lock,lock,3
fund,fund,3
brutal,brutal,3
spare,spare,2
preview,preview,2
pick,pick,3
bas,bas,1
freedom,freedom,1
park,park,1
san,san,2
dial,dial,1
type,type,1
persist,persist,1
closer,closer,1
flop,flop,2
similar,similar,1
odds,odds,6
tortured,tortured,1
load,load,1
tonite,tonite,1
poise,poise,1
season,season,2
el,el,2
position,position,1
provide,provide,1
accurate,accurate,1
correctly,correctly,1
creation,creation,1
package,package,1
melancholy,melancholy,1
enchanting,enchanting,1
recent,recent,1
net,net,2
eternal,eternal,1
perhaps,perhaps,1
performer,performer,1
potential,potential,2
exclusive,exclusive,1
cest,cest,1
poll,poll,1
station,station,1
magical,magical,1
seven,seven,1
calculate,calculate,1
horoscope,horoscope,1
full,full,1
exactly,exactly,1
coronation,coronation,1
shall,shall,1
p,p,1
technically,technically,1
tie,tie,1
throwback,throwback,1
national,national,1
produce,produce,1
perform,perform,2
soon,soon,1
normally,normally,1
horse,horse,2
race,race,2
brave,brave,1
raw,raw,1
sincerity,sincerity,1
hauntingly,hauntingly,1
semi,semi,2
pony,pony,1
presentation,presentation,1
massacre,massacre,1
oil,oil,2
grown,grown,1
hemp,hemp,1
supplement,supplement,1
body,body,1
batch,batch,1
refine,refine,1
broad,broad,1
spectrum,spectrum,1
extract,extract,1
doubtful,doubtful,1
sneak,sneak,1
peek,peek,1
hurt,hurt,1
goddess,goddess,1
tag,tag,1
longs,longs,1
otherwise,otherwise,1
throw,throw,1
double,double,1
contention,contention,1
meet,meet,2
speedy,speedy,1
recovery,recovery,1
rain,rain,1
hour,hour,2
clip,clip,1
rehearsal,rehearsal,1
annual,annual,1
van,van,1
light,light,1
current,current,1
rid,rid,1
fully,fully,1
hurricane,hurricane,1
qualify,qualify,1
demi,demi,1
finale,finale,1
turquoise,turquoise,1
carpet,carpet,1
dual,dual,1
rise,rise,1
phoenix,phoenix,1
along,along,1
suppose,suppose,1
spin,spin,1
lesson,lesson,1
early,early,1
retire,retire,1
teacher,teacher,1
incoming,incoming,1
whether,whether,1
sue,sue,1
week,week,1
contender,contender,1
microphone,microphone,1
