Id,Label,Count
support,support,4
intensely,intensely,1
week,week,8
wonderful,wonderful,1
winner,winner,10
would,would,4
vision,vision,1
l,l,1
song,song,17
contest,contest,3
ahoy,ahoy,2
love,love,17
tho,tho,1
dance,dance,3
version,version,2
remix,remix,1
best,best,10
win,win,14
whenever,whenever,2
listen,listen,2
get,get,8
know,know,6
beautiful,beautiful,6
turkey,turkey,1
hope,hope,5
queen,queen,5
interested,interested,1
watch,watch,2
turquoise,turquoise,2
carpet,carpet,2
open,open,4
sing,sing,2
think,think,10
say,say,5
feel,feel,5
want,want,1
dress,dress,2
wear,wear,1
need,need,4
go,go,9
isolation,isolation,1
live,live,4
performance,performance,4
amazing,amazing,5
show,show,5
today,today,7
session,session,2
pencil,pencil,9
case,case,9
wonder,wonder,9
interview,interview,2
x,x,4
thanks,thanks,1
join,join,1
waterline,waterline,1
decide,decide,1
next,next,10
ready,ready,4
life,life,1
mission,mission,1
fall,fall,1
little,little,1
take,take,4
gift,gift,1
give,give,5
even,even,6
though,though,4
may,may,5
cook,cook,1
try,try,2
hear,hear,1
insane,insane,1
thank,thank,3
goodness,goodness,1
demand,demand,1
name,name,1
sensuous,sensuous,1
braving,braving,2
truly,truly,2
lovely,lovely,2
entry,entry,5
come,come,5
new,new,4
find,find,2
soon,soon,3
glorious,glorious,1
brilliant,brilliant,2
hate,hate,2
u,u,5
later,later,2
cover,cover,3
girl,girl,4
special,special,4
brave,brave,2
v,v,1
good,good,8
morning,morning,2
look,look,1
forward,forward,2
excite,excite,2
currently,currently,1
second,second,8
rehearsal,rehearsal,13
clip,clip,2
check,check,2
wow,wow,2
third,third,1
following,following,1
automatic,automatic,2
one,one,10
via,via,2
happen,happen,2
idea,idea,1
pretty,pretty,2
wide,wide,1
almost,almost,1
never,never,1
right,right,3
fervently,fervently,1
every,every,4
year,year,6
like,like,3
different,different,1
either,either,2
ultra,ultra,1
emotional,emotional,1
super,super,2
old,old,2
school,school,1
chanson,chanson,1
swagger,swagger,1
face,face,2
glam,glam,1
rock,rock,1
beauty,beauty,1
something,something,1
taste,taste,1
contradictory,contradictory,1
list,list,1
full,full,2
repeat,repeat,1
top,top,4
two,two,3
back,back,4
forth,forth,1
maybe,maybe,3
dissimilar,dissimilar,1
call,call,3
w,w,1
voting,voting,2
post,post,1
style,style,1
justice,justice,1
thrill,thrill,1
day,day,4
dream,dream,1
team,team,1
draw,draw,1
press,press,1
conference,conference,1
remain,remain,2
energy,energy,1
mon,mon,2
matter,matter,2
final,final,7
result,result,1
country,country,4
aka,aka,1
absolutely,absolutely,3
ever,ever,2
indescribable,indescribable,1
vote,vote,3
luck,luck,6
really,really,9
talent,talent,1
charisma,charisma,1
shine,shine,1
also,also,6
see,see,6
light,light,2
close,close,1
unlike,unlike,1
clean,clean,1
cameraman,cameraman,1
shadow,shadow,1
people,people,2
end,end,3
shimmer,shimmer,1
amongst,amongst,1
darkness,darkness,1
deserve,deserve,1
much,much,4
chance,chance,3
kill,kill,1
time,time,4
sure,sure,4
wait,wait,2
please,please,5
sell,sell,1
vinyl,vinyl,2
watching,watching,1
finally,finally,1
meet,meet,1
magnificent,magnificent,1
make,make,8
tear,tear,1
sang,sang,2
somewhere,somewhere,1
j,j,1
let,let,4
perform,perform,3
certainly,certainly,1
slow,slow,1
great,great,2
keep,keep,2
qualifier,qualifier,1
since,since,3
lipstick,lipstick,1
non,non,2
mi,mi,1
banger,banger,3
half,half,3
opinion,opinion,2
could,could,1
benefit,benefit,1
yeah,yeah,2
possible,possible,1
variation,variation,1
previous,previous,1
miller,miller,1
tomorrow,tomorrow,1
oh,oh,1
tense,tense,1
finish,finish,2
ah,ah,1
forget,forget,1
place,place,4
shift,shift,1
first,first,8
care,care,1
city,city,2
row,row,1
impressive,impressive,1
whatever,whatever,1
always,always,1
eat,eat,1
imagine,imagine,2
number,number,1
pure,pure,1
art,art,1
sweet,sweet,1
well,well,3
fire,fire,1
news,news,1
guess,guess,1
grand,grand,3
release,release,2
everything,everything,2
photo,photo,1
credit,credit,1
incredible,incredible,1
finishing,finishing,1
high,high,1
tell,tell,1
rounded,rounded,1
able,able,1
interesting,interesting,1
stage,stage,4
review,review,1
already,already,2
perfect,perfect,3
cry,cry,2
definitely,definitely,2
everybody,everybody,1
silent,silent,1
lot,lot,4
wish,wish,1
semi,semi,1
cant,cant,1
qualify,qualify,1
nationality,nationality,1
voice,voice,3
awesome,awesome,3
co,co,1
treating,treating,1
amaze,amaze,2
speak,speak,2
cool,cool,1
ask,ask,1
outfit,outfit,1
hello,hello,2
permanently,permanently,1
literally,literally,1
reason,reason,1
upset,upset,1
read,read,2
didnt,didnt,1
violate,violate,1
anything,anything,1
content,content,1
proof,proof,1
real,real,2
glad,glad,1
fun,fun,1
yesterday,yesterday,2
secret,secret,1
whole,whole,1
image,image,1
follow,follow,2
link,link,1
saw,saw,1
stun,stun,1
loving,loving,1
passion,passion,1
genuinely,genuinely,1
totally,totally,1
cheer,cheer,1
spectacular,spectacular,1
outstanding,outstanding,1
loading,loading,1
sorry,sorry,1
six,six,1
believe,believe,2
way,way,1
remember,remember,1
experienced,experienced,1
racism,racism,1
san,san,1
pull,pull,1
low,low,1
key,key,1
battle,battle,2
woman,woman,1
cat,cat,1
clever,clever,1
fact,fact,2
fully,fully,1
dedicate,dedicate,1
ourself,ourself,1
must,must,2
prefer,prefer,1
electric,electric,2
necessarily,necessarily,1
perry,perry,1
fan,fan,1
big,big,2
moment,moment,1
fellow,fellow,1
national,national,1
ago,ago,1
five,five,1
plus,plus,1
official,official,2
nightmare,nightmare,1
welcome,welcome,1
hell,hell,1
stop,stop,3
junior,junior,1
write,write,2
person,person,1
estimate,estimate,1
hopefully,hopefully,1
iconic,iconic,1
video,video,1
channel,channel,1
exquisite,exquisite,1
interpretation,interpretation,1
intimate,intimate,1
elegant,elegant,1
powerful,powerful,1
proposal,proposal,1
leave,leave,1
karaoke,karaoke,1
range,range,1
ugh,ugh,1
walk,walk,1
beyond,beyond,1
looking,looking,2
many,many,1
cheeky,cheeky,1
sax,sax,1
smile,smile,1
uplifting,uplifting,1
earworm,earworm,1
dad,dad,2
level,level,1
quality,quality,1
front,front,1
might,might,1
cheekily,cheekily,1
stick,stick,1
disrespectful,disrespectful,4
smoke,smoke,1
shady,shady,1
begin,begin,1
appreciate,appreciate,2
type,type,2
originality,originality,1
universe,universe,1
sun,sun,1
glass,glass,1
wine,wine,1
balcony,balcony,1
brand,brand,1
personal,personal,1
note,note,1
matchless,matchless,1
view,view,1
actually,actually,1
kind,kind,1
music,music,2
gurl,gurl,1
better,better,1
nothing,nothing,1
generic,generic,1
fit,fit,1
friend,friend,1
bad,bad,1
understand,understand,1
point,point,1
mince,mince,1
tout,tout,1
streaming,streaming,1
got,got,1
problem,problem,1
comfort,comfort,1
whilst,whilst,1
gem,gem,1
studio,studio,1
conversation,conversation,1
minute,minute,1
change,change,1
artistic,artistic,1
career,career,1
