Source,Target,Weight
new,girl,1
new,crush,1
new,unlock,1
new,may,1
new,best,1
girl,crush,1
girl,unlock,1
crush,unlock,1
blocking,twitter,2
blocking,advertising,1
blocking,censorship,1
blocking,block,1
blocking,join,1
blocking,fight,1
twitter,advertising,2
twitter,censorship,2
twitter,block,2
twitter,join,2
twitter,fight,2
advertising,censorship,1
advertising,block,1
advertising,join,1
advertising,fight,1
censorship,block,1
censorship,join,1
censorship,fight,1
block,join,1
block,fight,1
join,fight,1
join,hi,1
join,everyone,1
join,please,2
join,discord,1
join,contact,1
join,via,1
join,mail,1
absolute,class,1
class,tho,1
well,watch,1
well,get,4
well,soon,4
well,queen,1
well,x,1
well,ah,1
well,do,1
well,bit,1
well,price,1
well,range,1
well,sending,1
well,love,1
well,thanks,1
well,show,1
well,support,1
well,talented,1
well,sweet,1
watch,essence,1
watch,engagement,1
watch,heart,1
watch,head,1
watch,passionately,1
watch,work,1
watch,unison,1
watch,fully,1
watch,purpose,1
watch,nothing,1
watch,audience,1
watch,customer,1
watch,loyalty,1
watch,beautiful,1
watch,dynamic,1
think,sing,1
think,would,1
think,iconic,1
sing,would,1
sing,iconic,1
would,iconic,1
fun,make,1
fun,w,1
make,w,1
make,review,1
make,go,1
make,react,1
make,top,1
make,year,1
make,catch,1
make,song,1
make,resist,1
make,version,1
make,full,1
want,old,1
want,voting,1
want,system,1
want,back,1
old,voting,1
old,system,1
old,back,1
voting,system,1
voting,back,1
system,back,1
fell,love,1
love,sending,1
love,get,1
love,soon,1
love,see,1
national,final,1
national,check,1
final,check,1
check,cute,1
check,missing,1
marry,question,1
get,soon,4
get,queen,1
get,x,1
get,sending,1
get,thanks,1
get,show,1
get,support,1
get,talented,1
get,sweet,1
soon,queen,1
soon,x,1
soon,sending,1
soon,thanks,1
soon,show,1
soon,support,1
soon,talented,1
soon,sweet,1
every,single,1
every,song,1
every,amazing,1
every,wow,1
single,song,1
single,amazing,1
single,wow,1
song,amazing,1
song,wow,1
song,resist,1
song,version,1
song,full,1
amazing,wow,1
essence,engagement,1
essence,heart,1
essence,head,1
essence,passionately,1
essence,work,1
essence,unison,1
essence,fully,1
essence,purpose,1
essence,nothing,1
essence,audience,1
essence,customer,1
essence,loyalty,1
essence,beautiful,1
essence,dynamic,1
engagement,heart,1
engagement,head,1
engagement,passionately,1
engagement,work,1
engagement,unison,1
engagement,fully,1
engagement,purpose,1
engagement,nothing,1
engagement,audience,1
engagement,customer,1
engagement,loyalty,1
engagement,beautiful,1
engagement,dynamic,1
heart,head,1
heart,passionately,1
heart,work,1
heart,unison,1
heart,fully,1
heart,purpose,1
heart,nothing,1
heart,audience,1
heart,customer,1
heart,loyalty,1
heart,beautiful,1
heart,dynamic,1
head,passionately,1
head,work,1
head,unison,1
head,fully,1
head,purpose,1
head,nothing,1
head,audience,1
head,customer,1
head,loyalty,1
head,beautiful,1
head,dynamic,1
passionately,work,1
passionately,unison,1
passionately,fully,1
passionately,purpose,1
passionately,nothing,1
passionately,audience,1
passionately,customer,1
passionately,loyalty,1
passionately,beautiful,1
passionately,dynamic,1
work,unison,1
work,fully,1
work,purpose,1
work,nothing,1
work,audience,1
work,customer,1
work,loyalty,1
work,beautiful,1
work,dynamic,1
unison,fully,1
unison,purpose,1
unison,nothing,1
unison,audience,1
unison,customer,1
unison,loyalty,1
unison,beautiful,1
unison,dynamic,1
fully,purpose,1
fully,nothing,1
fully,audience,1
fully,customer,1
fully,loyalty,1
fully,beautiful,1
fully,dynamic,1
purpose,nothing,1
purpose,audience,1
purpose,customer,1
purpose,loyalty,1
purpose,beautiful,1
purpose,dynamic,1
nothing,audience,1
nothing,customer,1
nothing,loyalty,1
nothing,beautiful,1
nothing,dynamic,1
audience,customer,1
audience,loyalty,1
audience,beautiful,1
audience,dynamic,1
customer,loyalty,1
customer,beautiful,1
customer,dynamic,1
loyalty,beautiful,1
loyalty,dynamic,1
beautiful,dynamic,1
ah,do,1
ah,bit,1
ah,price,1
ah,range,1
do,bit,1
do,price,1
do,range,1
bit,price,1
bit,range,1
price,range,1
test,positive,1
test,wish,1
test,swift,1
test,recovery,1
positive,wish,1
positive,swift,1
positive,recovery,1
wish,swift,1
wish,recovery,1
wish,probably,1
wish,person,1
wish,give,1
wish,learn,1
wish,someday,1
wish,understand,1
wish,good,1
wish,fogo,1
swift,recovery,1
crack,top,1
crack,global,1
crack,chart,1
crack,actually,1
crack,two,1
crack,list,1
crack,via,1
top,global,1
top,chart,1
top,actually,1
top,two,1
top,list,1
top,via,1
top,review,1
top,go,1
top,react,1
top,year,1
top,catch,1
global,chart,1
global,actually,1
global,two,1
global,list,1
global,via,1
chart,actually,1
chart,two,1
chart,list,1
chart,via,1
actually,two,1
actually,list,1
actually,via,1
two,list,1
two,via,1
list,via,1
via,hi,1
via,everyone,1
via,please,2
via,discord,1
via,contact,1
via,mail,1
still,music,1
music,hey,1
music,hope,1
music,extraordinary,1
music,trip,1
music,video,1
thanks,show,1
thanks,support,1
thanks,talented,1
thanks,sweet,1
show,support,1
show,talented,1
show,sweet,1
show,must,1
show,go,1
support,talented,1
support,sweet,1
talented,sweet,1
review,go,1
review,react,1
review,year,1
review,catch,1
go,react,1
go,year,1
go,catch,1
go,must,1
react,year,1
react,catch,1
year,catch,1
resist,version,1
resist,full,1
version,full,1
lo,han,1
lo,en,1
han,en,1
v,simple,1
v,short,1
v,stream,1
simple,short,1
simple,stream,1
short,stream,1
may,best,1
probably,person,1
probably,give,1
probably,learn,1
probably,someday,1
probably,understand,1
probably,good,1
person,give,1
person,learn,1
person,someday,1
person,understand,1
person,good,1
give,learn,1
give,someday,1
give,understand,1
give,good,1
learn,someday,1
learn,understand,1
learn,good,1
someday,understand,1
someday,good,1
understand,good,1
hey,hope,1
hey,extraordinary,1
hey,trip,1
hey,video,1
hope,extraordinary,1
hope,trip,1
hope,video,1
extraordinary,trip,1
extraordinary,video,1
trip,video,1
cute,missing,1
site,deserve,1
anyone,preferably,1
night,quote,1
night,life,1
night,infinitely,1
night,stranger,1
night,anything,1
night,mind,1
night,man,1
night,could,1
night,invent,1
night,sir,1
night,case,1
night,identity,1
quote,life,1
quote,infinitely,1
quote,stranger,1
quote,anything,1
quote,mind,1
quote,man,1
quote,could,1
quote,invent,1
quote,sir,1
quote,case,1
quote,identity,1
life,infinitely,1
life,stranger,1
life,anything,1
life,mind,1
life,man,1
life,could,1
life,invent,1
life,sir,1
life,case,1
life,identity,1
infinitely,stranger,1
infinitely,anything,1
infinitely,mind,1
infinitely,man,1
infinitely,could,1
infinitely,invent,1
infinitely,sir,1
infinitely,case,1
infinitely,identity,1
stranger,anything,1
stranger,mind,1
stranger,man,1
stranger,could,1
stranger,invent,1
stranger,sir,1
stranger,case,1
stranger,identity,1
anything,mind,1
anything,man,1
anything,could,1
anything,invent,1
anything,sir,1
anything,case,1
anything,identity,1
mind,man,1
mind,could,1
mind,invent,1
mind,sir,1
mind,case,1
mind,identity,1
man,could,1
man,invent,1
man,sir,1
man,case,1
man,identity,1
could,invent,1
could,sir,1
could,case,1
could,identity,1
invent,sir,1
invent,case,1
invent,identity,1
sir,case,1
sir,identity,1
case,identity,1
r,u,1
hi,everyone,1
hi,please,2
hi,discord,1
hi,contact,1
hi,mail,1
everyone,please,2
everyone,discord,1
everyone,contact,1
everyone,mail,1
please,discord,2
please,contact,2
please,mail,2
discord,contact,1
discord,mail,1
contact,mail,1
amuse,mal,1
amuse,la,1
amuse,green,1
amuse,room,1
mal,la,1
mal,green,1
mal,room,1
la,green,1
la,room,1
green,room,1
cool,carry,1
cool,since,1
cool,harm,1
carry,since,1
carry,harm,1
since,harm,1
