Id,Label,Count
love,love,4
new,new,2
girl,girl,1
crush,crush,1
unlock,unlock,1
blocking,blocking,1
twitter,twitter,2
advertising,advertising,1
censorship,censorship,1
block,block,1
join,join,2
fight,fight,1
absolute,absolute,1
class,class,2
well,well,6
watch,watch,2
think,think,1
sing,sing,1
would,would,1
iconic,iconic,1
fun,fun,1
make,make,3
w,w,1
want,want,1
old,old,1
voting,voting,1
system,system,1
back,back,1
fell,fell,1
need,need,1
national,national,1
final,final,1
check,check,2
marry,marry,1
question,question,1
get,get,4
soon,soon,4
queen,queen,2
every,every,1
single,single,1
song,song,2
amazing,amazing,1
wow,wow,1
x,x,1
essence,essence,1
engagement,engagement,1
heart,heart,1
head,head,1
passionately,passionately,1
work,work,1
unison,unison,1
fully,fully,1
purpose,purpose,1
nothing,nothing,1
audience,audience,1
customer,customer,1
loyalty,loyalty,1
beautiful,beautiful,1
dynamic,dynamic,1
ah,ah,1
do,do,1
bit,bit,2
price,price,1
range,range,1
test,test,1
positive,positive,1
wish,wish,3
swift,swift,1
recovery,recovery,1
sending,sending,1
crack,crack,1
top,top,2
global,global,1
chart,chart,1
actually,actually,1
two,two,1
list,list,1
via,via,2
still,still,1
music,music,2
thanks,thanks,1
show,show,2
support,support,1
talented,talented,1
sweet,sweet,1
forever,forever,1
review,review,1
go,go,2
react,react,1
year,year,1
catch,catch,1
resist,resist,1
version,version,1
full,full,1
lo,lo,1
han,han,1
en,en,1
must,must,1
v,v,1
simple,simple,1
short,short,1
stream,stream,1
may,may,1
best,best,1
probably,probably,1
person,person,1
give,give,1
learn,learn,1
someday,someday,1
understand,understand,1
good,good,1
hey,hey,1
hope,hope,1
extraordinary,extraordinary,1
trip,trip,1
video,video,1
accord,accord,1
cool,cool,2
gorgeous,gorgeous,1
place,place,1
cute,cute,1
missing,missing,1
site,site,1
deserve,deserve,1
anyone,anyone,1
preferably,preferably,1
night,night,1
quote,quote,1
life,life,1
infinitely,infinitely,1
stranger,stranger,1
anything,anything,1
mind,mind,1
man,man,1
could,could,1
invent,invent,1
sir,sir,1
case,case,1
identity,identity,1
tho,tho,1
r,r,1
u,u,1
see,see,1
hi,hi,1
everyone,everyone,1
please,please,2
discord,discord,1
contact,contact,1
mail,mail,1
fogo,fogo,1
merch,merch,1
amuse,amuse,1
mal,mal,1
la,la,1
green,green,1
room,room,1
carry,carry,1
since,since,1
harm,harm,1
