Id,Label,Count
anyone,anyone,1
else,else,1
see,see,10
similarity,similarity,1
people,people,6
one,one,9
legendary,legendary,2
musician,musician,2
jack,jack,1
white,white,1
young,young,1
rise,rise,1
look,look,5
like,like,8
father,father,1
son,son,1
wait,wait,5
translation,translation,2
interview,interview,3
stop,stop,3
give,give,2
want,want,4
blind,blind,29
channel,channel,29
glow,glow,1
make,make,7
account,account,2
watch,watch,7
site,site,1
point,point,2
someone,someone,3
unhealthy,unhealthy,1
obsession,obsession,1
love,love,10
number,number,1
really,really,5
well,well,4
contest,contest,4
sell,sell,3
soul,soul,1
w,w,2
let,let,5
go,go,9
great,great,8
leader,leader,1
wow,wow,1
moment,moment,2
forget,forget,1
specify,specify,1
seriously,seriously,2
time,time,4
incredibly,incredibly,1
world,world,2
tune,tune,5
listen,listen,11
dark,dark,23
side,side,20
finland,finland,9
hope,hope,3
wonderful,wonderful,1
day,day,5
x,x,2
three,three,1
apocalypse,apocalypse,1
put,put,2
wallpaper,wallpaper,1
right,right,4
thanks,thanks,1
u,u,6
afternoon,afternoon,1
show,show,10
start,start,2
music,music,9
live,live,9
speak,speak,3
public,public,1
angelic,angelic,1
deserve,deserve,8
please,please,9
translate,translate,2
tomorrow,tomorrow,1
thank,thank,5
still,still,5
late,late,4
simply,simply,1
click,click,2
link,link,2
rock,rock,10
weekend,weekend,1
chic,chic,1
choose,choose,1
diamond,diamond,1
heart,heart,3
hell,hell,1
week,week,4
cry,cry,1
corner,corner,1
beautiful,beautiful,2
two,two,2
local,local,1
official,official,3
explosion,explosion,1
district,district,1
territory,territory,1
ethnic,ethnic,1
king,king,2
help,help,5
town,town,1
happiness,happiness,1
perfect,perfect,1
elephant,elephant,1
room,room,1
supremacy,supremacy,1
good,good,9
blood,blood,2
vinyl,vinyl,2
finally,finally,1
fix,fix,1
posting,posting,1
much,much,3
need,need,4
study,study,1
random,random,1
inner,inner,1
another,another,2
say,say,5
get,get,5
recognition,recognition,1
true,true,2
fandom,fandom,3
talk,talk,3
unreal,unreal,1
woohoo,woohoo,1
hardy,hardy,1
eat,eat,1
come,come,6
june,june,1
already,already,3
skid,skid,1
house,house,1
loud,loud,1
new,new,9
absolutely,absolutely,1
smash,smash,2
deserved,deserved,1
miss,miss,2
everything,everything,3
hello,hello,3
wonder,wonder,1
community,community,1
could,could,2
follow,follow,6
everyone,everyone,1
gain,gain,1
mutual,mutual,1
thing,thing,2
maybe,maybe,1
comment,comment,1
aswell,aswell,1
find,find,3
diva,diva,1
check,check,2
capital,capital,2
culture,culture,2
finished,finished,1
always,always,1
inspire,inspire,1
band,band,4
progress,progress,1
struggle,struggle,1
break,break,1
lifetime,lifetime,1
post,post,3
gig,gig,1
stuff,stuff,1
pretty,pretty,2
sure,sure,3
source,source,1
hi,hi,4
take,take,4
bedroom,bedroom,1
sessions,sessions,1
series,series,2
sing,sing,4
together,together,1
activate,activate,1
notification,notification,1
back,back,2
c,c,2
entry,entry,2
metal,metal,6
track,track,2
cute,cute,1
song,song,11
around,around,1
chart,chart,1
iceland,iceland,1
twitter,twitter,1
canada,canada,2
engagement,engagement,1
first,first,3
whatever,whatever,1
duo,duo,1
oh,oh,1
god,god,2
must,must,1
holy,holy,2
going,going,1
iconic,iconic,1
patiently,patiently,1
rest,rest,1
year,year,3
mood,mood,2
life,life,5
hot,hot,1
yeah,yeah,2
know,know,2
read,read,1
hide,hide,1
us,us,1
studio,studio,1
voice,voice,2
next,next,1
album,album,3
suing,suing,1
hear,hear,1
amazing,amazing,3
debut,debut,1
billboard,billboard,1
global,global,2
place,place,1
curious,curious,1
honestly,honestly,1
nomination,nomination,1
anyway,anyway,1
happy,happy,3
whore,whore,1
edge,edge,1
knock,knock,1
calm,calm,1
nation,nation,1
imagine,imagine,1
posted,posted,1
lose,lose,1
interviewer,interviewer,1
handle,handle,1
fact,fact,1
radio,radio,5
buy,buy,4
add,add,3
big,big,3
relate,relate,1
international,international,1
pic,pic,1
move,move,1
b,b,2
list,list,1
accurate,accurate,1
video,video,3
dive,dive,1
discography,discography,2
join,join,2
crazy,crazy,1
idea,idea,1
comic,comic,1
think,think,3
art,art,1
small,small,1
city,city,2
select,select,1
content,content,2
easy,easy,2
pick,pick,1
top,top,4
cannot,cannot,1
recommend,recommend,1
highly,highly,1
enough,enough,2
totally,totally,1
addict,addict,1
shirt,shirt,1
middle,middle,1
shot,shot,1
throw,throw,2
living,living,4
roll,roll,2
praying,praying,1
circle,circle,1
wake,wake,1
talented,talented,1
teach,teach,1
way,way,2
favorite,favorite,1
duality,duality,1
slipknot,slipknot,1
especially,especially,1
coffee,coffee,1
fan,fan,1
pont,pont,1
rouge,rouge,1
battle,battle,1
wacken,wacken,1
open,open,1
air,air,1
full,full,1
would,would,4
picture,picture,1
literally,literally,2
night,night,2
left,left,1
outside,outside,1
alone,alone,1
saw,saw,1
hour,hour,1
last,last,2
story,story,1
update,update,1
hard,hard,1
insane,insane,1
shout,shout,2
course,course,1
may,may,1
publicly,publicly,1
acknowledge,acknowledge,1
mean,mean,1
mon,mon,1
credit,credit,1
due,due,1
lie,lie,1
wear,wear,2
tennis,tennis,1
message,message,1
die,die,1
remember,remember,1
less,less,1
awesome,awesome,2
amaze,amaze,3
honest,honest,1
opinion,opinion,1
far,far,2
sick,sick,1
dumb,dumb,1
pop,pop,4
nonsense,nonsense,1
aside,aside,1
represent,represent,1
positive,positive,1
direction,direction,1
record,record,2
deal,deal,1
position,position,1
lead,lead,1
result,result,1
hit,hit,2
stream,stream,1
even,even,1
certainly,certainly,1
busy,busy,1
spring,spring,1
season,season,1
via,via,1
damn,damn,1
excellent,excellent,1
summer,summer,1
festival,festival,1
vasa,vasa,1
thankful,thankful,1
away,away,2
sometime,sometime,1
soon,soon,2
feel,feel,1
atmosphere,atmosphere,1
twilight,twilight,1
vampire,vampire,1
movie,movie,1
excuse,excuse,1
party,party,1
cool,cool,2
shredder,shredder,1
six,six,1
subterranean,subterranean,1
masquerade,masquerade,1
enjoy,enjoy,2
n,n,1
felt,felt,1
also,also,3
yes,yes,2
addiction,addiction,1
mix,mix,1
singles,singles,1
never,never,1
domination,domination,1
quite,quite,1
old,old,1
do,do,1
de,de,1
draw,draw,2
stay,stay,1
safe,safe,1
anything,anything,1
bring,bring,1
best,best,2
banger,banger,1
hey,hey,1
cope,cope,1
tough,tough,1
lately,lately,1
many,many,3
little,little,1
bit,bit,1
glad,glad,1
discover,discover,1
p,p,1
l,l,1
e,e,1
tour,tour,3
possible,possible,1
forward,forward,1
corona,corona,1
evil,evil,1
violent,violent,3
revolution,revolution,1
invite,invite,1
lot,lot,1
ago,ago,1
la,la,1
testa,testa,1
theyre,theyre,1
alive,alive,1
sea,sea,1
pool,pool,1
extra,extra,1
expect,expect,1
kind,kind,1
demand,demand,1
sorry,sorry,1
whole,whole,1
bad,bad,1
supposed,supposed,1
hold,hold,1
usually,usually,1
ever,ever,1
decide,decide,1
country,country,1
job,job,1
emotional,emotional,1
revolutioner,revolutioner,1
single,single,1
dead,dead,1
body,body,1
regular,regular,1
main,main,1
influence,influence,1
tell,tell,1
attack,attack,1
tonight,tonight,1
midnight,midnight,1
light,light,1
exam,exam,1
