Id,Label,Count
watched,watched,1
last,last,47
night,night,39
honestly,honestly,9
best,best,110
group,group,7
yet,yet,7
say,say,34
probably,probably,7
top,top,36
two,two,12
stuck,stuck,3
head,head,7
day,day,33
en,en,4
world,world,29
people,people,19
like,like,77
un,un,3
di,di,1
come,come,54
reaction,reaction,3
deserve,deserve,31
look,look,23
enjoy,enjoy,8
e,e,7
love,love,159
funny,funny,4
one,one,75
live,live,33
table,table,1
friend,friend,4
thank,thank,61
finland,finland,435
write,write,4
ur,ur,4
name,name,4
u,u,70
addict,addict,2
song,song,155
hearing,hearing,6
band,band,55
could,could,19
please,please,40
collaboration,collaboration,2
together,together,18
would,would,35
tack,tack,1
dank,dank,1
go,go,234
naturally,naturally,1
imagine,imagine,4
tour,tour,28
blind,blind,131
channel,channel,136
open,open,7
act,act,8
clips,clips,1
insane,insane,2
obsession,obsession,1
hello,hello,9
drop,drop,1
inspire,inspire,2
mean,mean,8
middle,middle,75
good,good,171
non,non,4
stop,stop,27
since,since,22
yesterday,yesterday,9
awesome,awesome,42
need,need,36
ever,ever,23
new,new,41
fan,fan,31
cry,cry,8
marvelous,marvelous,1
listening,listening,8
great,great,96
job,job,19
professional,professional,3
jury,jury,8
leave,leave,10
entirely,entirely,1
without,without,6
luckily,luckily,2
know,know,42
want,want,20
thanks,thanks,37
rock,rock,150
n,n,22
roll,roll,22
victory,victory,15
course,course,11
competition,competition,8
audience,audience,19
heart,heart,23
half,half,4
million,million,3
dark,dark,148
side,side,144
stick,stick,3
already,already,22
dope,dope,1
la,la,4
sound,sound,7
talk,talk,9
absolutely,absolutely,25
performance,performance,58
opinion,opinion,5
decide,decide,4
react,react,1
explosive,explosive,1
check,check,12
prove,prove,1
win,win,124
pop,pop,13
contest,contest,61
lot,lot,15
well,well,88
tweet,tweet,6
whenever,whenever,2
back,back,22
eu,eu,3
take,take,43
support,support,40
advance,advance,1
happy,happy,49
country,country,32
globally,globally,1
might,might,10
also,also,57
amount,amount,1
heavy,heavy,16
metal,metal,54
nu,nu,11
alternative,alternative,2
per,per,4
today,today,49
much,much,45
talented,talented,5
flip,flip,2
paint,paint,5
red,red,8
instead,instead,5
gif,gif,4
week,week,13
epic,epic,8
moment,moment,17
feel,feel,15
brand,brand,3
radio,radio,6
show,show,69
available,available,5
plus,plus,2
session,session,2
share,share,6
watch,watch,41
storm,storm,1
twitter,twitter,7
hearts,hearts,1
give,give,22
enough,enough,8
incredible,incredible,11
totally,totally,10
music,music,61
russia,russia,6
mine,mine,3
cover,cover,12
left,left,5
outside,outside,7
alone,alone,6
yeah,yeah,31
god,god,11
different,different,7
deny,deny,1
compliment,compliment,1
year,year,67
forward,forward,13
listen,listen,33
future,future,9
album,album,6
let,let,87
kick,kick,2
yas,yas,1
ding,ding,20
dong,dong,20
grow,grow,5
wide,wide,3
long,long,15
think,think,37
become,become,3
do,do,38
grand,grand,29
final,final,99
follow,follow,11
prefer,prefer,1
entry,entry,36
special,special,5
edition,edition,2
international,international,2
may,may,10
link,link,2
discovery,discovery,1
month,month,2
recommend,recommend,1
guy,guy,5
part,part,7
stage,stage,27
total,total,2
definitely,definitely,16
resonate,resonate,1
sure,sure,18
though,though,12
internationally,internationally,1
brought,brought,1
game,game,5
even,even,42
send,send,9
vote,vote,265
subjective,subjective,1
time,time,71
next,next,19
expect,expect,2
result,result,18
crap,crap,3
worthy,worthy,3
nice,nice,12
see,see,82
get,get,109
along,along,4
watching,watching,9
replay,replay,2
still,still,24
glad,glad,12
odds,odds,3
everything,everything,13
edit,edit,2
believe,believe,7
especially,especially,4
supremacy,supremacy,1
holy,holy,9
company,company,2
really,really,45
wake,wake,6
news,news,6
important,important,3
amazingly,amazingly,2
lots,lots,2
fun,fun,6
fire,fire,6
slowly,slowly,1
city,city,5
age,age,2
currently,currently,2
find,find,14
figure,figure,1
life,life,15
literally,literally,11
amaze,amaze,26
never,never,30
otherwise,otherwise,1
many,many,16
wish,wish,18
absolute,absolute,9
video,video,9
story,story,2
mind,mind,8
place,place,36
second,second,33
hope,hope,36
admittedly,admittedly,1
another,another,13
banging,banging,1
put,put,60
wise,wise,1
man,man,7
always,always,23
wait,wait,31
around,around,6
corner,corner,4
ready,ready,41
make,make,79
way,way,28
sludge,sludge,1
smash,smash,4
glass,glass,2
ceiling,ceiling,2
interested,interested,3
lose,lose,4
appreciate,appreciate,6
cute,cute,2
deserved,deserved,1
cool,cool,12
appreciation,appreciation,1
high,high,9
placement,placement,5
unique,unique,2
eventual,eventual,1
sixth,sixth,11
nothing,nothing,7
else,else,8
fantastic,fantastic,8
fill,fill,3
color,color,1
smoking,smoking,1
sign,sign,10
resurgence,resurgence,1
angry,angry,4
brilliant,brilliant,10
rubbish,rubbish,2
public,public,11
accordingly,accordingly,1
void,void,1
yes,yes,61
wasting,wasting,1
enter,enter,3
shearing,shearing,1
behalf,behalf,1
nil,nil,2
award,award,2
real,real,11
platinum,platinum,1
discover,discover,7
actually,actually,15
first,first,20
point,point,10
view,view,1
joke,joke,1
right,right,23
tongue,tongue,1
hear,hear,16
completely,completely,4
waking,waking,1
morning,morning,12
feeling,feeling,6
wee,wee,3
bit,bit,14
sad,sad,4
journey,journey,5
keep,keep,19
rest,rest,3
work,work,18
miss,miss,9
musical,musical,2
ability,ability,2
repeat,repeat,5
cause,cause,7
arrival,arrival,2
press,press,2
conference,conference,2
airport,airport,2
wonderful,wonderful,4
wow,wow,16
tonight,tonight,124
track,track,8
far,far,13
scrap,scrap,1
politics,politics,3
better,better,6
decision,decision,1
directly,directly,3
parliament,parliament,1
often,often,2
indirect,indirect,1
fin,fin,1
park,park,16
solidarity,solidarity,1
class,class,2
winner,winner,28
bring,bring,12
shout,shout,13
dancer,dancer,1
mood,mood,8
stream,stream,3
crazy,crazy,3
unlike,unlike,1
genuinely,genuinely,1
station,station,1
unfortunately,unfortunately,3
gig,gig,4
co,co,3
end,end,10
continue,continue,3
path,path,1
pit,pit,2
known,known,1
account,account,4
viral,viral,1
respectable,respectable,1
beautiful,beautiful,10
death,death,1
note,note,1
perfect,perfect,8
pair,pair,1
quick,quick,3
got,got,9
confirmation,confirmation,3
text,text,3
phone,phone,2
every,every,19
single,single,5
thats,thats,1
wrong,wrong,3
maybe,maybe,14
start,start,10
die,die,5
x,x,5
yep,yep,4
bye,bye,1
agree,agree,7
sweetie,sweetie,1
answer,answer,3
buddy,buddy,2
delusion,delusion,1
grandeur,grandeur,1
overflow,overflow,1
silly,silly,1
little,little,10
reply,reply,1
salty,salty,3
arrange,arrange,1
kind,kind,7
party,party,7
summer,summer,2
play,play,22
score,score,7
struggle,struggle,1
pretty,pretty,9
something,something,16
insignificant,insignificant,5
bitterness,bitterness,1
elsewhere,elsewhere,1
certainly,certainly,2
effort,effort,2
big,big,23
headline,headline,1
considering,considering,1
poor,poor,2
quality,quality,2
loss,loss,2
forgot,forgot,1
iceland,iceland,14
fund,fund,1
money,money,5
finish,finish,6
photo,photo,5
must,must,7
hard,hard,14
laugh,laugh,2
stupid,stupid,2
consider,consider,2
hurt,hurt,2
land,land,2
least,least,10
accord,accord,2
history,history,6
lunch,lunch,1
toodle,toodle,1
pip,pip,1
sense,sense,4
ease,ease,1
pain,pain,1
full,full,6
sorry,sorry,10
bad,bad,6
outrageous,outrageous,1
proof,proof,1
prime,prime,2
minister,minister,2
mostly,mostly,1
count,count,5
flex,flex,1
normal,normal,3
intelligence,intelligence,2
rolling,rolling,1
led,led,3
zeppelin,zeppelin,3
deep,deep,1
purple,purple,1
black,black,5
sabbath,sabbath,1
form,form,1
super,super,11
guess,guess,6
whose,whose,2
whole,whole,16
feed,feed,1
football,football,1
seat,seat,1
sir,sir,2
added,added,6
thing,thing,12
applicator,applicator,1
use,use,5
finger,finger,34
afraid,afraid,2
behind,behind,3
fall,fall,3
light,light,2
piece,piece,1
cake,cake,1
chart,chart,1
number,number,24
artist,artist,1
load,load,1
garbage,garbage,3
anyone,anyone,8
sit,sit,2
beyond,beyond,1
mainly,mainly,1
spend,spend,2
join,join,72
tribute,tribute,4
chester,chester,4
pass,pass,1
numb,numb,2
via,via,10
someone,someone,6
hurricane,hurricane,2
excited,excited,5
rate,rate,3
sing,sing,7
third,third,1
happen,happen,7
fell,fell,4
asleep,asleep,4
begin,begin,2
close,close,1
possible,possible,4
impact,impact,1
roof,roof,2
former,former,1
normally,normally,1
joy,joy,5
talent,talent,2
warm,warm,1
loving,loving,8
matrix,matrix,2
homeland,homeland,3
knew,knew,2
everyone,everyone,22
involve,involve,2
celebrate,celebrate,4
actual,actual,4
dead,dead,4
june,june,1
elephant,elephant,1
magnet,magnet,1
respect,respect,1
board,board,1
three,three,11
contestant,contestant,3
omen,omen,1
trend,trend,2
consecutive,consecutive,1
l,l,2
awful,awful,1
anything,anything,4
going,going,2
lyric,lyric,2
sick,sick,7
dangerous,dangerous,3
reference,reference,1
childhood,childhood,1
nostalgia,nostalgia,1
nabs,nabs,1
festival,festival,4
serious,serious,1
remember,remember,13
raise,raise,2
level,level,4
dude,dude,2
girl,girl,2
mode,mode,1
seriously,seriously,3
idea,idea,6
double,double,2
bill,bill,2
clearly,clearly,2
surely,surely,2
welcome,welcome,5
success,success,10
voting,voting,19
system,system,2
cannot,cannot,8
compare,compare,1
cutter,cutter,1
lady,lady,1
copy,copy,1
trash,trash,1
entire,entire,2
alive,alive,3
fellow,fellow,2
men,men,1
potential,potential,2
buy,buy,4
almost,almost,13
sleep,sleep,4
post,post,13
hey,hey,14
drink,drink,2
interaction,interaction,1
worth,worth,5
natural,natural,1
read,read,6
late,late,6
sake,sake,2
help,help,5
nowadays,nowadays,1
recognize,recognize,2
report,report,1
ville,ville,1
pic,pic,1
experience,experience,1
revival,revival,1
defense,defense,1
truly,truly,3
call,call,3
delusional,delusional,1
true,true,6
amazing,amazing,42
stuff,stuff,5
nearly,nearly,4
front,front,1
jump,jump,2
brief,brief,1
energetic,energetic,5
compelling,compelling,1
official,official,3
unlucky,unlucky,1
shirk,shirk,1
grim,grim,1
reality,reality,2
anarchy,anarchy,1
cave,cave,1
misery,misery,1
digging,digging,1
grave,grave,1
waste,waste,2
taste,taste,2
neighborhood,neighborhood,1
awake,awake,2
happiness,happiness,2
adrenaline,adrenaline,2
unreal,unreal,1
petition,petition,1
semi,semi,35
ugh,ugh,2
loud,loud,3
voice,voice,5
shadow,shadow,1
doubt,doubt,1
guest,guest,1
position,position,4
shot,shot,20
turn,turn,7
anyway,anyway,7
stand,stand,2
unite,unite,1
cheerful,cheerful,1
aspect,aspect,1
favorite,favorite,9
industry,industry,2
magnificent,magnificent,1
surprise,surprise,3
scene,scene,6
representation,representation,3
remind,remind,1
chemical,chemical,1
romance,romance,1
grace,grace,1
lead,lead,5
robbery,robbery,1
beat,beat,2
recognition,recognition,3
popular,popular,2
forget,forget,10
fighter,fighter,2
deal,deal,9
ask,ask,5
record,record,8
hand,hand,3
hold,hold,3
receive,receive,1
near,near,2
hit,hit,3
cook,cook,1
clean,clean,2
dog,dog,1
tail,tail,2
riddance,riddance,1
highlight,highlight,2
global,global,5
altho,altho,1
waiting,waiting,6
nerve,nerve,2
whoever,whoever,1
concert,concert,7
yearly,yearly,1
excellent,excellent,3
book,book,4
sending,sending,2
restate,restate,1
home,home,19
kicking,kicking,1
curious,curious,1
list,list,2
wave,wave,1
dingdong,dingdong,1
recent,recent,3
violent,violent,6
astound,astound,1
personal,personal,6
disturb,disturb,1
bang,bang,2
huge,huge,9
pyro,pyro,3
include,include,3
saw,saw,6
entertain,entertain,2
excite,excite,15
sax,sax,2
papa,papa,1
roach,roach,1
matter,matter,6
cope,cope,1
distribution,distribution,1
intense,intense,3
date,date,3
suggest,suggest,1
overall,overall,1
row,row,2
strong,strong,8
break,break,3
hopefully,hopefully,5
anyways,anyways,3
learn,learn,1
dear,dear,3
upon,upon,1
ago,ago,9
rocking,rocking,2
darkness,darkness,1
hayz,hayz,1
bravo,bravo,2
add,add,3
seize,seize,1
however,however,1
short,short,1
pity,pity,1
although,although,3
finally,finally,12
ya,ya,5
pick,pick,3
tremendous,tremendous,1
counting,counting,1
contract,contract,2
killing,killing,2
felt,felt,1
vocalist,vocalist,1
whilst,whilst,1
luck,luck,80
getting,getting,3
set,set,5
bar,bar,1
acknowledge,acknowledge,1
wasnt,wasnt,1
chat,chat,8
correct,correct,2
rating,rating,1
tire,tire,2
basically,basically,2
royal,royal,1
blood,blood,2
bunch,bunch,6
walk,walk,1
reign,reign,1
soon,soon,8
power,power,1
yo,yo,6
rank,rank,1
didnt,didnt,2
achievement,achievement,1
fact,fact,6
hatred,hatred,1
towards,towards,3
havent,havent,2
pro,pro,1
material,material,2
kudos,kudos,2
sent,sent,1
listener,listener,1
forever,forever,4
soul,soul,2
survive,survive,1
longer,longer,1
current,current,1
situation,situation,2
shall,shall,2
thrive,thrive,1
version,version,4
sweet,sweet,3
damn,damn,5
tanti,tanti,1
oh,oh,11
forgotten,forgotten,1
eventually,eventually,1
collective,collective,1
goes,goes,2
vau,vau,1
gave,gave,2
huh,huh,5
boom,boom,4
retard,retard,1
speak,speak,1
done,done,1
eye,eye,2
zero,zero,2
honest,honest,1
fine,fine,1
somebody,somebody,2
alumnus,alumnus,1
broadcast,broadcast,1
thus,thus,2
tune,tune,7
pandemic,pandemic,2
travel,travel,2
base,base,1
salmon,salmon,1
covid,covid,4
self,self,1
begone,begone,1
recap,recap,2
culture,culture,1
due,due,3
tactical,tactical,1
round,round,2
stole,stole,1
powerful,powerful,2
soft,soft,2
oasis,oasis,1
sell,sell,1
till,till,2
nit,nit,1
petite,petite,1
elle,elle,1
bien,bien,1
chanson,chanson,1
origin,origin,1
naughty,naughty,1
care,care,5
nonsense,nonsense,1
across,across,2
early,early,3
eat,eat,4
bet,bet,4
blink,blink,1
preference,preference,1
hardly,hardly,1
spending,spending,1
within,within,3
context,context,1
cross,cross,7
interval,interval,1
minute,minute,2
push,push,2
solid,solid,1
particular,particular,1
order,order,6
officially,officially,2
ear,ear,1
political,political,1
overview,overview,1
family,family,6
accidentally,accidentally,1
holly,holly,1
bless,bless,3
machine,machine,1
c,c,5
mon,mon,3
five,five,1
cheer,cheer,11
perform,perform,7
small,small,2
venue,venue,2
k,k,2
punk,punk,1
dream,dream,2
fault,fault,1
hot,hot,1
meanwhile,meanwhile,5
tomorrow,tomorrow,18
try,try,6
escape,escape,1
everywhere,everywhere,2
cast,cast,1
less,less,1
artistic,artistic,1
vision,vision,3
joint,joint,1
wont,wont,3
expose,expose,1
whereas,whereas,1
jam,jam,2
riot,riot,4
praise,praise,1
free,free,5
anywhere,anywhere,1
energy,energy,16
gulp,gulp,1
penny,penny,2
move,move,2
cut,cut,1
slack,slack,1
rush,rush,1
inject,inject,1
finished,finished,1
general,general,1
ted,ted,1
ball,ball,3
buzzing,buzzing,2
save,save,4
til,til,2
v,v,1
growth,growth,1
went,went,1
san,san,5
mix,mix,2
old,old,3
mixed,mixed,1
switch,switch,2
manifestation,manifestation,1
works,works,1
fourth,fourth,1
multiple,multiple,1
dance,dance,2
graham,graham,1
curt,curt,1
rang,rang,1
troll,troll,3
friendly,friendly,3
original,original,3
unbelievable,unbelievable,2
index,index,1
prayer,prayer,1
circle,circle,2
sexuality,sexuality,1
trying,trying,1
engage,engage,1
straight,straight,2
spirit,spirit,2
fever,fever,1
meant,meant,1
major,major,1
prop,prop,1
green,green,5
room,room,6
dun,dun,1
met,met,1
remains,remains,1
dang,dang,2
quadruple,quadruple,1
throw,throw,17
sexy,sexy,1
as,as,3
hell,hell,14
grandmother,grandmother,1
ich,ich,1
dich,dich,1
sixteen,sixteen,2
shut,shut,3
wear,wear,1
white,white,3
ring,ring,3
nicely,nicely,1
several,several,1
sarcastic,sarcastic,1
jealous,jealous,1
traditional,traditional,3
visibility,visibility,1
ice,ice,2
hockey,hockey,2
utterly,utterly,1
ah,ah,4
reason,reason,7
rotten,rotten,1
food,food,1
chose,chose,1
organizer,organizer,1
profanity,profanity,2
process,process,1
production,production,1
method,method,2
combine,combine,1
raw,raw,1
formula,formula,1
recipe,recipe,1
estimate,estimate,1
decorate,decorate,1
evening,evening,4
hole,hole,1
veto,veto,2
commentator,commentator,1
sneak,sneak,1
background,background,2
segment,segment,1
arena,arena,3
simply,simply,4
yees,yees,1
brother,brother,3
beloved,beloved,1
quite,quite,6
indeed,indeed,1
gain,gain,2
da,da,3
bomb,bomb,1
inner,inner,2
upbeat,upbeat,1
recorder,recorder,2
solo,solo,1
em,em,1
offer,offer,1
travesty,travesty,1
hungry,hungry,1
wolf,wolf,1
forbidden,forbidden,2
seem,seem,3
twelve,twelve,3
randomly,randomly,2
catch,catch,2
tear,tear,2
melancholy,melancholy,1
r,r,2
g,g,2
mac,mac,1
fandom,fandom,1
pure,pure,3
message,message,2
happily,happily,2
pay,pay,2
ace,ace,1
blue,blue,3
f,f,4
boat,boat,1
studio,studio,2
buzz,buzz,2
torn,torn,1
genre,genre,5
exist,exist,1
seldom,seldom,1
trajectory,trajectory,1
stay,stay,2
face,face,2
alt,alt,1
person,person,2
hate,hate,3
possibly,possibly,1
trophy,trophy,1
tho,tho,4
whit,whit,1
neck,neck,1
channeling,channeling,1
club,club,2
chance,chance,9
glitter,glitter,1
attitude,attitude,2
breakthrough,breakthrough,1
teeny,teeny,1
derivative,derivative,1
kill,kill,4
reminder,reminder,3
wild,wild,1
obvious,obvious,2
trample,trample,1
rid,rid,1
moose,moose,2
meet,meet,4
thought,thought,1
horizon,horizon,1
slipknot,slipknot,1
ahoy,ahoy,4
sides,sides,1
gesture,gesture,1
understood,understood,1
drinking,drinking,1
dynamic,dynamic,1
scantily,scantily,1
clothe,clothe,1
candy,candy,1
breath,breath,1
fresh,fresh,1
air,air,4
wat,wat,1
private,private,1
marriage,marriage,1
apt,apt,1
planet,planet,1
proper,proper,1
art,art,1
touring,touring,1
living,living,5
ignore,ignore,2
singing,singing,1
child,child,1
crying,crying,1
polish,polish,2
obviously,obviously,3
lie,lie,1
serve,serve,1
admit,admit,1
choice,choice,2
grown,grown,2
loop,loop,1
j,j,3
rage,rage,1
coffee,coffee,2
found,found,1
looking,looking,3
fancy,fancy,1
chile,chile,1
linking,linking,1
adore,adore,1
car,car,1
transition,transition,1
county,county,1
limp,limp,2
biscuit,biscuit,1
scandal,scandal,1
giant,giant,2
tick,tick,1
spoil,spoil,1
later,later,6
bear,bear,2
butt,butt,1
team,team,7
genuine,genuine,1
ruin,ruin,1
happening,happening,1
giddy,giddy,1
toast,toast,1
tuned,tuned,1
bloody,bloody,1
blast,blast,2
main,main,1
house,house,5
luke,luke,1
son,son,1
hi,hi,2
gigantic,gigantic,2
burn,burn,1
usual,usual,1
perhaps,perhaps,2
thread,thread,1
topic,topic,2
screen,screen,2
suit,suit,1
dress,dress,4
capital,capital,1
gradually,gradually,1
cant,cant,4
mate,mate,1
wet,wet,1
hair,hair,2
cheese,cheese,1
pizza,pizza,2
destroy,destroy,1
outcome,outcome,1
raising,raising,1
busy,busy,1
slice,slice,1
thick,thick,1
lemon,lemon,1
soda,soda,1
blackout,blackout,1
weekend,weekend,3
mug,mug,1
midnight,midnight,1
boring,boring,2
defence,defence,2
finale,finale,11
japan,japan,1
translation,translation,1
godson,godson,1
nephew,nephew,1
either,either,1
opening,opening,1
finalist,finalist,1
unknown,unknown,2
ahead,ahead,6
computer,computer,1
knit,knit,1
rhythm,rhythm,1
leg,leg,1
thankful,thankful,1
crew,crew,2
waving,waving,1
flag,flag,3
appropriate,appropriate,1
cider,cider,1
rebellious,rebellious,2
nail,nail,1
rebellion,rebellion,1
slay,slay,1
sheep,sheep,1
dip,dip,1
w,w,5
picture,picture,2
sauna,sauna,2
gold,gold,1
grateful,grateful,2
favor,favor,3
sandstorm,sandstorm,1
somehow,somehow,2
feat,feat,1
crossed,crossed,2
shame,shame,1
problem,problem,1
coz,coz,1
titanic,titanic,1
spent,spent,1
fit,fit,1
supporting,supporting,2
tonite,tonite,1
tradition,tradition,1
goo,goo,2
rather,rather,2
tell,tell,3
concerning,concerning,1
normality,normality,1
teach,teach,1
exactly,exactly,1
weird,weird,1
inside,inside,1
fake,fake,1
ten,ten,1
temperature,temperature,1
rise,rise,2
window,window,1
replace,replace,1
guilty,guilty,1
pleasure,pleasure,2
premiere,premiere,1
united,united,1
kingdom,kingdom,1
hubby,hubby,1
wishing,wishing,1
rehearsal,rehearsal,2
us,us,1
heck,heck,1
strengthen,strengthen,1
status,status,1
usually,usually,2
spot,spot,2
suppose,suppose,1
therefore,therefore,1
national,national,2
apparently,apparently,2
bleb,bleb,1
appearance,appearance,2
growing,growing,1
beer,beer,4
amongst,amongst,1
alumni,alumni,1
semifinal,semifinal,9
episode,episode,2
series,series,1
cup,cup,1
depress,depress,2
barely,barely,2
smile,smile,2
street,street,1
flying,flying,1
founding,founding,1
geek,geek,1
outlet,outlet,1
mother,mother,1
indulge,indulge,1
truth,truth,1
incase,incase,1
horrible,horrible,1
promote,promote,1
suspiciously,suspiciously,1
similar,similar,1
step,step,2
closer,closer,1
greatly,greatly,1
sincerely,sincerely,1
comment,comment,1
german,german,1
understand,understand,2
climate,climate,1
secret,secret,1
community,community,1
afternoon,afternoon,1
hoy,hoy,1
es,es,1
el,el,1
mobile,mobile,2
issue,issue,1
warn,warn,1
praying,praying,1
notice,notice,1
dont,dont,3
century,century,5
media,media,5
harder,harder,1
stalk,stalk,1
frack,frack,1
match,match,2
fabulous,fabulous,1
host,host,1
tampon,tampon,1
si,si,1
cracking,cracking,1
practically,practically,2
past,past,2
domination,domination,1
secretly,secretly,1
reverse,reverse,1
accept,accept,1
beauty,beauty,2
delighted,delighted,1
amazed,amazed,1
representative,representative,1
bright,bright,1
feature,feature,1
discography,discography,1
idiot,idiot,1
bout,bout,1
plot,plot,1
twist,twist,1
losing,losing,1
awkward,awkward,1
event,event,1
peak,peak,1
prevail,prevail,1
woke,woke,1
site,site,1
lovely,lovely,2
quiet,quiet,1
wonder,wonder,3
captain,captain,1
targeted,targeted,1
stalker,stalker,1
visit,visit,1
dutch,dutch,2
alcohol,alcohol,1
acoustic,acoustic,1
statement,statement,3
backing,backing,1
catchy,catchy,2
north,north,1
tad,tad,1
shirt,shirt,2
beverage,beverage,1
al,al,1
de,de,3
hele,hele,1
kop,kop,1
away,away,1
alright,alright,1
vota,vota,1
spread,spread,2
word,word,2
anthem,anthem,1
business,business,1
mash,mash,1
encore,encore,1
mad,mad,3
social,social,1
extremely,extremely,2
splendidly,splendidly,1
resist,resist,1
attraction,attraction,1
skip,skip,1
dub,dub,1
content,content,1
strange,strange,1
wiggle,wiggle,2
violation,violation,1
painting,painting,1
chief,chief,1
caught,caught,1
immediately,immediately,1
able,able,5
identify,identify,1
couple,couple,1
tablet,tablet,1
visible,visible,1
region,region,1
bite,bite,1
woohoo,woohoo,1
necessarily,necessarily,1
climb,climb,1
drew,drew,1
chopped,chopped,1
liver,liver,1
explain,explain,1
crave,crave,1
lit,lit,1
qualify,qualify,4
singer,singer,1
clone,clone,1
massive,massive,1
announce,announce,1
legendary,legendary,1
draw,draw,2
billion,billion,2
catalogue,catalogue,1
consistent,consistent,1
daylight,daylight,1
tattoo,tattoo,1
temporary,temporary,1
attention,attention,1
rarely,rarely,1
reach,reach,3
banger,banger,3
mysteriously,mysteriously,1
develop,develop,1
aggressive,aggressive,1
neither,neither,2
making,making,1
touch,touch,1
nervous,nervous,7
qualifier,qualifier,1
shake,shake,1
made,made,2
daughter,daughter,1
shouting,shouting,1
announcement,announcement,4
whoop,whoop,2
stellar,stellar,1
interesting,interesting,2
erase,erase,1
evidence,evidence,1
medium,medium,1
file,file,1
nominate,nominate,1
deletion,deletion,1
explaining,explaining,1
thousand,thousand,2
suddenly,suddenly,1
realize,realize,1
pastel,pastel,1
someday,someday,1
crowd,crowd,4
happier,happier,1
hang,hang,1
patriotic,patriotic,1
qualified,qualified,1
undead,undead,1
needle,needle,1
attack,attack,1
chant,chant,1
loudly,loudly,1
permanent,permanent,1
sole,sole,1
condition,condition,1
anti,anti,1
scream,scream,1
jess,jess,1
disappoint,disappoint,1
suffer,suffer,1
cheering,cheering,1
screaming,screaming,1
describe,describe,2
hoped,hoped,1
dirty,dirty,1
magic,magic,1
camera,camera,2
genius,genius,1
paper,paper,1
rule,rule,1
semis,semis,1
humor,humor,1
yaya,yaya,1
island,island,1
seeing,seeing,1
unbelievably,unbelievably,1
kindly,kindly,1
reckon,reckon,1
nevertheless,nevertheless,1
movement,movement,1
root,root,1
tag,tag,2
crush,crush,1
brainer,brainer,1
melt,melt,1
challenge,challenge,1
pleasantly,pleasantly,1
bias,bias,1
broke,broke,1
flawless,flawless,1
polite,polite,1
pitch,pitch,1
paradise,paradise,1
explore,explore,1
proceed,proceed,1
builder,builder,1
offense,offense,1
assume,assume,1
slow,slow,1
partner,partner,1
common,common,1
differently,differently,1
classic,classic,1
entrant,entrant,1
bed,bed,1
brake,brake,1
spoiler,spoiler,1
alert,alert,1
tried,tried,1
muscle,muscle,1
tee,tee,1
swift,swift,1
tay,tay,1
honorable,honorable,1
ping,ping,1
incredibly,incredibly,2
garden,garden,1
b,b,1
h,h,1
run,run,2
lucky,lucky,2
peacock,peacock,1
baseball,baseball,1
following,following,1
clothes,clothes,1
numerous,numerous,1
hung,hung,1
hotter,hotter,1
keeping,keeping,1
dare,dare,1
concerned,concerned,1
wearing,wearing,1
outfit,outfit,2
decided,decided,1
distorted,distorted,1
tread,tread,1
traditionally,traditionally,1
mark,mark,1
stag,stag,2
costume,costume,1
excitement,excitement,1
likely,likely,1
commentary,commentary,1
thinking,thinking,1
coverage,coverage,1
curve,curve,1
somewhat,somewhat,1
dig,dig,1
earth,earth,1
shatter,shatter,1
unforgettable,unforgettable,1
thematic,thematic,1
continuation,continuation,1
mention,mention,1
os,os,1
lately,lately,1
reveal,reveal,1
participation,participation,1
pump,pump,2
primordial,primordial,1
tough,tough,1
con,con,1
tax,tax,1
represent,represent,1
compete,compete,1
recording,recording,1
spotlight,spotlight,1
interview,interview,3
spin,spin,1
enormous,enormous,1
worked,worked,1
empire,empire,1
choose,choose,1
sharp,sharp,1
stylish,stylish,1
select,select,1
applicant,applicant,1
complete,complete,1
complex,complex,1
sometime,sometime,1
drain,drain,1
sadly,sadly,1
needs,needs,1
supportive,supportive,1
feedback,feedback,1
calling,calling,1
everybody,everybody,1
emotional,emotional,1
six,six,1
steal,steal,1
similarity,similarity,1
water,water,2
jacket,jacket,1
weirdness,weirdness,1
article,article,1
mamba,mamba,1
anchor,anchor,1
stone,stone,1
tug,tug,1
suicide,suicide,1
ideation,ideation,1
rocker,rocker,1
hotel,hotel,1
translate,translate,1
hilarious,hilarious,1
dual,dual,1
stunning,stunning,1
angel,angel,1
preview,preview,1
turquoise,turquoise,1
carpet,carpet,1
