Id,Label,Count
interview,interview,4
metal,metal,28
radio,radio,11
right,right,18
dark,dark,61
side,side,60
tune,tune,13
buy,buy,14
song,song,54
discover,discover,5
immense,immense,1
album,album,18
violent,violent,12
pop,pop,17
hearing,hearing,3
best,best,17
thank,thank,29
listen,listen,30
hope,hope,16
forget,forget,3
check,check,10
feature,feature,1
banger,banger,2
good,good,16
may,may,6
also,also,17
blast,blast,2
work,work,4
past,past,6
day,day,14
sori,sori,1
great,great,27
imagine,imagine,5
remix,remix,1
cracking,cracking,1
finland,finland,26
yes,yes,27
nice,nice,2
deserve,deserve,27
world,world,12
going,going,1
cry,cry,1
yeah,yeah,8
get,get,27
wallpaper,wallpaper,1
beat,beat,2
hour,hour,5
metamorphosis,metamorphosis,1
broken,broken,1
give,give,8
game,game,2
lone,lone,1
wolf,wolf,1
pack,pack,1
truly,truly,4
peaked,peaked,1
life,life,11
moment,moment,5
make,make,36
laugh,laugh,1
need,need,26
full,full,7
acoustic,acoustic,1
version,version,2
masterpiece,masterpiece,2
love,love,75
mood,mood,1
vinyl,vinyl,1
today,today,7
new,new,38
music,music,45
always,always,7
talk,talk,4
stand,stand,1
pretty,pretty,3
x,x,8
che,che,1
rock,rock,41
n,n,8
roll,roll,8
never,never,11
hair,hair,5
year,year,17
old,old,4
quickly,quickly,2
go,go,25
mode,mode,1
totally,totally,6
awesome,awesome,14
think,think,12
positive,positive,1
stay,stay,4
safe,safe,1
b,b,1
insomnia,insomnia,1
follow,follow,17
say,say,28
ho,ho,4
top,top,26
victory,victory,3
live,live,11
sleep,sleep,1
platinum,platinum,1
disc,disc,1
source,source,6
story,story,3
meet,meet,1
legendary,legendary,2
cute,cute,2
real,real,2
damage,damage,1
help,help,9
sad,sad,4
much,much,26
band,band,33
except,except,2
one,one,23
know,know,18
bought,bought,2
jacket,jacket,1
shock,shock,1
damn,damn,1
grinding,grinding,1
way,way,9
long,long,5
see,see,32
red,red,2
flag,flag,1
flex,flex,1
legend,legend,2
blind,blind,52
channel,channel,51
back,back,13
model,model,1
gracefully,gracefully,1
naturally,naturally,1
possible,possible,4
indeed,indeed,1
found,found,1
lots,lots,1
turkey,turkey,1
belated,belated,1
finish,finish,3
certainly,certainly,1
another,another,7
thing,thing,3
thread,thread,6
actual,actual,2
poetry,poetry,1
really,really,14
dog,dog,1
sit,sit,2
put,put,12
air,air,5
sang,sang,3
every,every,10
scene,scene,3
definitely,definitely,10
pizza,pizza,1
everything,everything,3
want,want,15
swear,swear,2
person,person,1
drunk,drunk,2
without,without,1
alcohol,alcohol,1
honestly,honestly,3
stop,stop,13
fall,fall,3
men,men,1
mine,mine,1
tho,tho,1
look,look,14
honey,honey,1
later,later,4
entire,entire,2
phone,phone,1
base,base,1
send,send,7
save,save,2
wish,wish,4
like,like,37
understand,understand,6
oh,oh,12
could,could,7
join,join,6
bathroom,bathroom,1
backstage,backstage,1
record,record,3
label,label,1
obsession,obsession,2
tell,tell,4
u,u,30
ladies,ladies,1
hello,hello,3
supremacy,supremacy,2
celebration,celebration,1
seeing,seeing,1
official,official,4
german,german,2
happy,happy,13
anyone,anyone,5
platform,platform,1
feel,feel,6
free,free,7
account,account,3
image,image,1
ungodly,ungodly,1
amount,amount,1
happiness,happiness,1
spending,spending,2
time,time,17
tour,tour,34
manager,manager,1
watch,watch,17
last,last,7
week,week,12
chart,chart,10
singles,singles,4
list,list,4
favorite,favorite,4
enemy,enemy,3
trigger,trigger,1
revolution,revolution,3
calling,calling,1
fu,fu,3
left,left,6
outside,outside,8
alone,alone,8
town,town,1
black,black,2
f,f,1
cant,cant,4
hold,hold,2
heart,heart,3
hurricane,hurricane,1
unforgiving,unforgiving,1
absolutely,absolutely,8
saw,saw,6
performance,performance,18
car,car,1
morning,morning,3
singing,singing,1
loud,loud,1
anything,anything,4
kill,kill,1
content,content,4
wake,wake,2
lightning,lightning,1
leave,leave,3
quietly,quietly,1
nothing,nothing,5
mike,mike,3
reason,reason,2
park,park,5
ship,ship,3
do,do,7
already,already,11
agree,agree,8
different,different,2
sound,sound,7
dont,dont,4
someone,someone,3
felt,felt,1
cause,cause,2
perfection,perfection,1
perfectly,perfectly,2
build,build,1
amaze,amaze,15
kind,kind,2
mum,mum,1
win,win,4
incredible,incredible,4
achievement,achievement,1
track,track,7
keep,keep,5
gallery,gallery,1
people,people,9
sure,sure,7
mon,mon,1
aw,aw,1
fantastic,fantastic,2
via,via,4
share,share,1
news,news,2
please,please,30
describe,describe,1
snake,snake,2
would,would,30
canada,canada,1
somebody,somebody,1
cover,cover,13
ago,ago,2
turn,turn,3
weekend,weekend,5
play,play,5
maybe,maybe,4
hey,hey,2
miss,miss,6
even,even,18
worth,worth,2
link,link,3
dead,dead,1
bod,bod,1
wait,wait,17
till,till,1
hear,hear,10
final,final,6
end,end,4
hot,hot,4
well,well,18
first,first,9
place,place,4
whole,whole,2
still,still,11
expect,expect,3
soon,soon,9
pass,pass,4
queen,queen,4
concert,concert,8
friend,friend,3
lot,lot,11
party,party,3
bad,bad,4
guy,guy,3
amazing,amazing,16
overall,overall,1
god,god,4
two,two,6
since,since,12
talentless,talentless,1
aspire,aspire,1
photo,photo,1
beautiful,beautiful,1
draw,draw,2
aware,aware,1
hand,hand,1
big,big,6
anyway,anyway,2
domination,domination,1
viral,viral,2
living,living,1
breathe,breathe,2
til,til,4
die,die,5
show,show,7
suggest,suggest,1
together,together,18
come,come,25
true,true,4
winner,winner,5
twenty,twenty,1
fifty,fifty,1
reach,reach,1
number,number,3
plus,plus,3
bright,bright,1
early,early,1
chaos,chaos,1
super,super,3
home,home,3
taking,taking,1
opportunity,opportunity,1
relive,relive,1
youth,youth,1
entry,entry,6
loudly,loudly,1
accomplishment,accomplishment,1
name,name,3
glad,glad,5
genuinely,genuinely,1
iconic,iconic,2
ask,ask,1
order,order,2
yo,yo,3
whatever,whatever,2
finally,finally,3
king,king,3
enter,enter,1
high,high,5
position,position,3
thanks,thanks,26
huge,huge,2
deal,deal,3
lead,lead,1
contest,contest,5
result,result,4
global,global,2
smash,smash,1
hit,hit,2
stream,stream,3
june,june,1
yet,yet,1
read,read,6
brilliant,brilliant,4
welcome,welcome,3
tip,tip,1
twitter,twitter,9
crazy,crazy,2
someday,someday,1
date,date,1
find,find,9
sell,sell,4
got,got,1
become,become,2
aggressive,aggressive,1
light,light,1
force,force,1
soul,soul,2
recognition,recognition,2
hard,hard,5
eclectic,eclectic,1
range,range,1
linger,linger,1
longer,longer,1
deserved,deserved,2
discography,discography,2
replay,replay,1
thats,thats,3
cool,cool,9
spot,spot,1
listening,listening,5
mind,mind,3
waiting,waiting,1
announce,announce,2
sweet,sweet,2
release,release,3
teacher,teacher,1
eat,eat,1
drink,drink,2
class,class,4
cook,cook,1
clean,clean,1
yea,yea,2
fix,fix,1
pandemic,pandemic,2
stick,stick,4
lucky,lucky,1
take,take,17
wheel,wheel,1
ease,ease,1
recent,recent,1
creativity,creativity,1
sale,sale,1
thrash,thrash,1
mix,mix,5
sick,sick,1
ill,ill,1
art,art,1
artist,artist,6
middle,middle,8
shot,shot,5
throw,throw,3
point,point,2
view,view,1
recommend,recommend,1
hunting,hunting,1
might,might,3
heavy,heavy,1
admit,admit,1
lose,lose,3
believe,believe,3
create,create,1
evolve,evolve,1
however,however,3
genuine,genuine,2
wasnt,wasnt,1
mistake,mistake,2
man,man,4
somehow,somehow,1
school,school,1
allow,allow,1
alike,alike,2
guess,guess,2
misunderstood,misunderstood,1
apologize,apologize,1
wow,wow,5
folklore,folklore,1
care,care,2
hate,hate,2
chill,chill,1
according,according,2
style,style,2
quite,quite,2
difficult,difficult,1
grasp,grasp,2
reference,reference,1
onwards,onwards,1
lay,lay,1
remember,remember,5
cross,cross,2
piece,piece,1
meant,meant,1
took,took,1
suppose,suppose,1
perform,perform,3
papa,papa,1
roach,roach,1
dope,dope,2
scream,scream,2
melody,melody,1
set,set,2
fire,fire,1
massive,massive,4
support,support,8
vote,vote,6
history,history,2
house,house,1
course,course,3
happen,happen,3
arena,arena,1
little,little,2
whoop,whoop,1
react,react,1
accent,accent,1
petition,petition,1
clearly,clearly,1
doesnt,doesnt,1
use,use,2
stunning,stunning,1
original,original,2
death,death,1
gif,gif,1
maker,maker,1
available,available,1
dockyard,dockyard,1
nobody,nobody,1
nu,nu,8
wonder,wonder,2
q,q,1
hopefully,hopefully,2
government,government,1
lift,lift,1
ban,ban,1
let,let,10
travel,travel,1
exactly,exactly,1
ever,ever,5
city,city,3
open,open,1
celebrate,celebrate,3
success,success,4
event,event,3
august,august,2
forward,forward,8
legit,legit,1
fly,fly,1
across,across,3
country,country,3
inspire,inspire,1
spark,spark,1
wave,wave,1
wrong,wrong,3
especially,especially,2
part,part,3
break,break,2
glass,glass,1
visit,visit,1
p,p,1
major,major,1
second,second,2
w,w,3
yesterday,yesterday,3
knew,knew,1
huh,huh,3
episode,episode,2
wear,wear,1
classic,classic,1
absolute,absolute,4
belter,belter,1
sold,sold,1
epic,epic,7
journey,journey,5
highlight,highlight,1
grand,grand,2
video,video,6
fuel,fuel,1
normally,normally,2
stuff,stuff,2
told,told,2
twice,twice,1
wardrobe,wardrobe,1
stylus,stylus,1
next,next,7
dear,dear,1
hug,hug,1
many,many,8
enjoy,enjoy,5
introduce,introduce,1
marry,marry,1
study,study,2
test,test,1
prefer,prefer,2
text,text,1
offer,offer,1
spirit,spirit,2
brotherhood,brotherhood,1
union,union,2
fun,fun,2
bring,bring,6
ya,ya,1
kindly,kindly,1
surprising,surprising,1
idea,idea,2
radar,radar,1
strong,strong,2
fan,fan,7
disappointed,disappointed,1
fin,fin,1
tomorrow,tomorrow,1
post,post,5
explore,explore,1
nonstop,nonstop,1
otherwise,otherwise,1
appearance,appearance,1
zodiac,zodiac,1
courier,courier,1
arrive,arrive,1
reaction,reaction,1
analysis,analysis,1
bye,bye,1
lewis,lewis,1
dumb,dumb,1
co,co,1
argument,argument,1
yawn,yawn,1
delete,delete,1
buddy,buddy,1
non,non,1
hop,hop,1
as,as,1
embarrass,embarrass,1
literally,literally,2
fact,fact,1
though,though,7
withdraw,withdraw,1
competition,competition,2
regular,regular,1
disappear,disappear,1
choice,choice,1
genre,genre,2
sentiment,sentiment,1
behind,behind,1
sympathy,sympathy,1
situation,situation,1
nope,nope,1
moral,moral,1
quote,quote,1
interest,interest,1
sorry,sorry,1
russia,russia,2
shy,shy,1
collaborate,collaborate,1
stage,stage,3
cut,cut,1
feat,feat,1
although,although,1
undead,undead,2
horizon,horizon,1
engineer,engineer,1
similar,similar,4
personal,personal,2
language,language,3
lazy,lazy,1
due,due,1
limp,limp,1
sned,sned,1
crab,crab,1
sadly,sadly,1
usually,usually,1
pay,pay,1
attention,attention,1
start,start,6
learn,learn,1
bit,bit,3
often,often,1
international,international,2
three,three,1
four,four,2
excite,excite,2
career,career,1
guilty,guilty,1
vocally,vocally,1
lyrically,lyrically,1
small,small,1
group,group,1
sing,sing,3
industry,industry,1
comparison,comparison,1
clue,clue,1
hence,hence,1
review,review,1
site,site,1
talent,talent,3
cannot,cannot,2
insane,insane,1
market,market,2
insult,insult,1
insulting,insulting,1
money,money,1
entertainment,entertainment,1
destiny,destiny,1
avoid,avoid,1
darkness,darkness,1
everyone,everyone,2
compare,compare,2
constantly,constantly,3
probably,probably,1
unique,unique,1
stamp,stamp,1
general,general,1
weird,weird,1
unless,unless,1
try,try,1
evoke,evoke,1
certain,certain,1
collaboration,collaboration,5
face,face,1
talking,talking,1
hell,hell,4
night,night,3
ranger,ranger,1
adrift,adrift,1
bless,bless,1
famous,famous,1
dance,dance,1
perfect,perfect,3
opinion,opinion,2
push,push,2
button,button,1
everyday,everyday,1
powerful,powerful,2
monthly,monthly,1
empire,empire,1
enough,enough,1
toller,toller,1
honest,honest,1
fake,fake,1
poseur,poseur,1
heck,heck,1
betty,betty,1
rocking,rocking,1
late,late,1
community,community,1
poll,poll,1
depression,depression,1
congratulation,congratulation,3
add,add,8
primordial,primordial,2
theme,theme,2
service,service,1
near,near,2
bloody,bloody,1
pure,pure,2
chaotic,chaotic,1
mess,mess,1
important,important,2
fandom,fandom,1
merch,merch,2
shipping,shipping,1
confirm,confirm,2
return,return,1
trow,trow,1
madness,madness,1
beer,beer,2
case,case,1
else,else,1
guitar,guitar,3
spin,spin,1
kick,kick,2
looking,looking,3
floating,floating,1
space,space,1
waving,waving,1
white,white,2
room,room,1
lie,lie,2
motionless,motionless,1
c,c,2
sign,sign,1
century,century,2
media,media,2
interpretation,interpretation,1
dutch,dutch,1
dream,dream,3
family,family,2
underway,underway,1
editorial,editorial,1
musical,musical,3
depend,depend,1
table,table,2
breakthrough,breakthrough,1
shall,shall,1
benefit,benefit,1
million,million,1
successful,successful,1
something,something,3
collapse,collapse,1
medium,medium,1
delighted,delighted,1
repeat,repeat,4
special,special,6
guest,guest,6
worry,worry,1
somewhat,somewhat,1
less,less,1
inspiring,inspiring,1
holy,holy,2
fudge,fudge,1
decimal,decimal,1
move,move,1
watched,watched,1
couple,couple,1
crack,crack,1
public,public,3
willing,willing,1
compromise,compromise,1
least,least,1
discovered,discovered,2
dig,dig,1
ashes,ashes,1
prevail,prevail,1
satisfy,satisfy,1
hat,hat,1
mir,mir,1
watching,watching,2
gold,gold,1
power,power,2
cult,cult,1
addict,addict,1
anthem,anthem,1
finale,finale,1
chance,chance,3
ant,ant,1
continuously,continuously,1
collection,collection,1
upcoming,upcoming,1
away,away,3
happily,happily,1
joint,joint,1
crush,crush,1
yees,yees,1
payment,payment,1
sticker,sticker,1
girl,girl,1
wholesome,wholesome,1
fancy,fancy,1
member,member,1
instant,instant,1
spoil,spoil,1
josh,josh,1
ur,ur,2
either,either,1
random,random,1
hymn,hymn,1
ness,ness,1
decent,decent,1
instantly,instantly,1
pleasant,pleasant,1
surprise,surprise,2
actually,actually,1
tribute,tribute,1
tape,tape,1
lyric,lyric,1
e,e,1
commit,commit,1
arson,arson,1
spent,spent,1
afternoon,afternoon,1
tweet,tweet,2
ob,ob,1
hi,hi,1
sixth,sixth,1
unreal,unreal,1
havent,havent,1
dust,dust,1
crown,crown,1
alongside,alongside,1
nostalgia,nostalgia,1
existence,existence,1
article,article,1
road,road,1
mad,mad,1
starter,starter,1
taste,taste,2
lesser,lesser,1
worst,worst,1
message,message,1
finger,finger,1
slew,slew,1
melodic,melodic,1
aggressively,aggressively,1
along,along,3
beefy,beefy,1
electronic,electronic,1
background,background,1
noise,noise,1
obviously,obviously,1
opener,opener,1
interlude,interlude,1
storm,storm,3
hearts,hearts,3
hidden,hidden,1
gem,gem,2
filled,filled,1
adrenaline,adrenaline,1
joy,joy,1
dad,dad,1
duel,duel,1
particular,particular,1
invite,invite,1
made,made,1
tonight,tonight,1
single,single,1
flame,flame,1
everywhere,everywhere,1
bomb,bomb,1
simp,simp,1
id,id,1
simply,simply,1
rest,rest,1
ball,ball,1
majority,majority,1
luckily,luckily,1
octane,octane,1
vary,vary,1
balance,balance,1
wonderful,wonderful,1
reduce,reduce,1
ready,ready,1
funny,funny,1
barricade,barricade,1
rare,rare,1
podium,podium,1
clear,clear,1
thousand,thousand,1
teach,teach,1
unforgettable,unforgettable,2
around,around,1
praise,praise,1
selection,selection,1
head,head,2
bang,bang,1
appreciate,appreciate,1
comment,comment,1
sending,sending,2
respect,respect,1
received,received,1
wishing,wishing,1
future,future,2
horse,horse,1
whoever,whoever,1
currently,currently,1
run,run,1
roughshod,roughshod,1
process,process,1
cockroach,cockroach,1
nuclear,nuclear,1
holocaust,holocaust,1
anywhere,anywhere,1
sexy,sexy,1
loving,loving,1
supporting,supporting,1
touring,touring,1
picnic,picnic,1
festival,festival,1
performer,performer,1
culture,culture,1
variety,variety,1
wild,wild,1
luck,luck,1
