Source,Target,Weight
blind,rocking,2
blind,channel,17
blind,kill,1
blind,u,2
blind,everyone,2
blind,talk,2
blind,ultimate,2
blind,urgently,2
blind,need,2
blind,tomorrow,2
blind,live,1
blind,session,1
blind,come,1
blind,band,1
blind,hear,1
blind,late,1
blind,news,1
blind,poll,1
blind,time,2
blind,fan,1
blind,fiction,1
blind,write,2
blind,volume,1
blind,contestant,1
blind,make,2
blind,appearance,1
blind,full,1
blind,speed,1
blind,work,1
blind,never,1
blind,do,1
blind,watch,1
blind,video,1
blind,interview,2
blind,alert,1
blind,like,1
blind,ask,1
blind,sure,1
blind,tell,1
blind,might,1
blind,get,1
blind,answer,1
blind,whole,1
blind,song,1
blind,one,1
blind,image,1
blind,finland,3
blind,dark,2
blind,side,2
blind,follow,1
blind,link,1
blind,check,1
blind,press,1
blind,conference,1
blind,coming,1
blind,underground,1
blind,scene,1
blind,right,1
blind,bring,1
blind,violent,1
blind,pop,1
blind,global,1
blind,stage,1
blind,take,1
blind,look,1
blind,first,1
blind,rehearsal,3
blind,great,1
blind,happy,1
blind,tha,1
blind,jump,1
rocking,channel,2
rocking,rehearsal,2
channel,kill,1
channel,u,2
channel,everyone,2
channel,talk,2
channel,ultimate,2
channel,urgently,2
channel,need,2
channel,tomorrow,3
channel,live,2
channel,session,2
channel,come,2
channel,band,2
channel,hear,2
channel,late,2
channel,news,2
channel,poll,1
channel,time,2
channel,fan,1
channel,fiction,1
channel,write,2
channel,volume,1
channel,contestant,1
channel,make,2
channel,appearance,1
channel,full,1
channel,speed,1
channel,work,1
channel,never,1
channel,do,1
channel,watch,1
channel,video,1
channel,interview,2
channel,alert,1
channel,like,1
channel,ask,1
channel,sure,1
channel,tell,1
channel,might,1
channel,get,1
channel,answer,1
channel,whole,1
channel,song,1
channel,one,1
channel,image,1
channel,finland,3
channel,dark,2
channel,side,2
channel,follow,1
channel,link,1
channel,check,1
channel,press,1
channel,conference,1
channel,coming,1
channel,underground,1
channel,scene,1
channel,right,1
channel,bring,1
channel,violent,1
channel,pop,1
channel,global,1
channel,stage,1
channel,take,1
channel,look,1
channel,first,1
channel,rehearsal,3
channel,great,1
channel,happy,1
channel,tha,1
channel,jump,1
finland,bring,3
finland,taste,2
finland,dark,5
finland,side,5
finland,turquoise,1
finland,carpet,1
finland,time,3
finland,week,2
finland,officially,1
finland,begin,1
finland,wait,1
finland,see,1
finland,especially,1
finland,particular,1
finland,order,1
finland,oh,1
finland,send,1
finland,rock,2
finland,band,1
finland,represent,1
finland,next,1
finland,quite,1
finland,good,1
finland,top,1
finland,sure,1
finland,preview,1
finland,radio,1
finland,home,1
finland,listen,1
finland,live,1
finland,grab,1
finland,follow,2
finland,mona,1
finland,give,2
finland,get,1
finland,someone,1
finland,roll,1
finland,talk,1
finland,press,1
finland,conference,1
finland,non,1
finland,punti,1
finland,close,1
finland,alliance,1
finland,forget,1
finland,whole,1
finland,song,2
finland,one,1
finland,image,1
finland,link,1
finland,check,2
finland,second,1
finland,rehearsal,3
finland,say,1
finland,quick,1
finland,twitter,1
finland,like,2
finland,might,1
finland,year,1
finland,hope,1
finland,make,1
finland,final,1
finland,know,1
finland,full,1
finland,well,1
finland,fully,1
finland,bat,1
finland,iceland,2
finland,mean,1
finland,practically,1
finland,really,1
finland,begrudge,1
finland,always,1
finland,except,1
finland,saving,1
finland,night,1
finland,support,1
finland,dead,1
finland,coming,1
finland,underground,1
finland,scene,1
finland,right,1
finland,violent,1
finland,pop,1
finland,global,1
finland,stage,1
finland,take,1
finland,look,1
finland,first,2
finland,great,1
finland,happy,1
finland,tha,1
finland,jump,1
bring,taste,2
bring,dark,3
bring,side,3
bring,support,1
bring,rock,1
bring,back,1
bring,hope,1
bring,well,1
bring,coming,1
bring,underground,1
bring,scene,1
bring,time,1
bring,right,1
bring,violent,1
bring,pop,1
bring,global,1
bring,stage,1
taste,dark,2
taste,side,2
dark,side,11
dark,awesome,1
dark,song,2
dark,hope,1
dark,best,1
dark,rock,2
dark,roll,2
dark,music,1
dark,attitude,1
dark,party,1
dark,well,1
dark,preview,1
dark,radio,1
dark,home,1
dark,listen,1
dark,live,1
dark,grab,1
dark,follow,2
dark,mona,1
dark,ever,1
dark,spirit,1
dark,sky,1
dark,year,1
dark,mode,1
dark,much,1
dark,loco,2
dark,whole,1
dark,one,1
dark,image,1
dark,link,2
dark,check,1
dark,watch,1
dark,official,1
dark,video,1
dark,coming,1
dark,underground,1
dark,scene,1
dark,time,1
dark,right,1
dark,violent,1
dark,pop,1
dark,global,1
dark,stage,1
dark,another,1
dark,big,1
dark,thank,1
dark,alternate,1
dark,week,1
side,awesome,1
side,song,2
side,hope,1
side,best,1
side,hear,1
side,rock,2
side,cannot,1
side,tell,1
side,entry,1
side,amaze,1
side,love,1
side,bit,1
side,good,1
side,luck,1
side,go,1
side,slay,1
side,preview,1
side,radio,1
side,home,1
side,listen,1
side,live,1
side,grab,1
side,follow,2
side,mona,1
side,ever,1
side,spirit,1
side,sky,1
side,year,1
side,mode,1
side,much,1
side,loco,2
side,whole,1
side,one,1
side,image,1
side,link,2
side,check,1
side,watch,1
side,official,1
side,video,1
side,coming,1
side,underground,1
side,scene,1
side,time,1
side,right,1
side,violent,1
side,pop,1
side,global,1
side,stage,1
side,another,1
side,big,1
side,thank,1
side,alternate,1
side,week,1
kill,u,1
u,else,1
u,really,1
u,think,3
u,may,1
u,give,1
u,rocky,1
u,top,1
u,interview,2
u,alert,1
u,like,1
u,ask,1
u,make,1
u,sure,1
u,tell,2
u,might,1
u,get,1
u,answer,1
u,tomorrow,1
u,two,1
u,qualification,1
u,opinion,1
u,yes,1
may,force,1
may,else,1
may,really,1
may,think,1
may,give,1
may,rocky,1
may,top,1
love,see,4
love,music,4
love,artist,1
love,different,1
love,talk,2
love,really,1
love,nice,1
love,enjoyable,1
love,end,1
love,thanks,1
love,go,2
love,rock,4
love,today,2
love,song,2
love,shine,2
love,light,2
love,come,2
love,hear,1
love,cannot,1
love,tell,1
love,entry,1
love,amaze,1
love,bit,3
love,good,1
love,luck,1
love,slay,1
love,band,2
love,already,1
love,people,2
love,think,2
love,bad,1
love,rehearsal,1
love,obviously,1
love,difference,1
love,pyro,1
love,actually,1
love,advantage,1
love,performance,1
love,concert,1
love,usually,1
love,mess,1
love,lightning,1
love,everywhere,1
love,iceland,1
love,join,2
love,please,1
love,change,1
love,red,2
love,another,1
love,colour,1
love,luke,1
love,photo,1
love,middle,1
love,cover,1
love,paint,1
love,ya,1
love,listen,1
see,music,2
see,artist,1
see,different,1
see,talk,2
see,really,2
see,nice,1
see,enjoyable,1
see,end,1
see,thanks,1
see,turquoise,1
see,carpet,1
see,time,3
see,week,1
see,officially,1
see,begin,1
see,wait,2
see,especially,1
see,particular,1
see,order,1
see,live,1
see,good,2
see,would,1
see,together,1
see,band,1
see,already,2
see,people,4
see,think,4
see,bit,2
see,bad,2
see,rehearsal,2
see,obviously,2
see,difference,2
see,pyro,2
see,actually,3
see,advantage,2
see,performance,2
see,rock,2
see,concert,2
see,usually,2
see,mess,2
see,lightning,2
see,everywhere,2
see,six,1
see,eleven,1
see,nevertheless,1
see,go,2
see,break,1
see,leg,1
see,year,2
see,vote,1
see,someone,1
see,luck,1
see,hopefully,1
see,next,1
see,attitude,1
see,win,1
see,excited,1
see,take,1
see,stage,1
see,first,1
see,afternoon,1
see,amaze,1
see,stag,1
see,morning,1
see,far,1
see,black,1
see,mamba,1
see,shortly,1
see,stun,1
see,cannot,1
see,ahoy,1
see,join,1
see,huh,3
music,artist,2
music,different,2
music,talk,4
music,really,2
music,nice,2
music,enjoyable,2
music,end,2
music,thanks,2
music,today,2
music,song,2
music,shine,2
music,light,2
music,come,2
music,finally,1
music,rock,2
music,roll,2
music,attitude,1
music,party,1
music,well,1
music,afternoon,1
music,show,2
music,start,2
music,morning,1
music,bright,1
music,early,1
music,listen,2
artist,different,1
artist,talk,2
artist,really,1
artist,nice,1
artist,enjoyable,1
artist,end,1
artist,thanks,1
different,talk,2
different,really,1
different,nice,1
different,enjoyable,1
different,end,1
different,thanks,1
different,nothing,1
different,like,1
different,two,1
different,style,1
different,rock,1
talk,really,2
talk,nice,2
talk,enjoyable,2
talk,end,2
talk,thanks,2
talk,everyone,1
talk,ultimate,1
talk,urgently,1
talk,need,1
talk,time,1
talk,give,2
talk,get,1
talk,someone,1
talk,rock,1
talk,roll,1
talk,press,1
talk,conference,1
really,nice,1
really,enjoyable,1
really,end,1
really,thanks,1
really,live,1
really,else,1
really,think,1
really,give,1
really,rocky,1
really,top,1
really,like,1
really,loco,2
really,good,1
really,quick,1
really,dash,1
really,round,1
really,entry,1
really,yes,1
really,new,1
really,one,1
really,know,1
really,full,1
really,well,1
really,fully,1
really,bat,1
really,iceland,2
really,mean,1
really,practically,1
really,begrudge,1
really,always,1
really,song,1
really,except,1
really,saving,1
really,night,1
nice,enjoyable,1
nice,end,1
nice,thanks,1
enjoyable,end,1
enjoyable,thanks,1
end,thanks,1
thanks,bloody,1
thanks,champion,1
thanks,hope,1
thanks,well,1
thanks,brother,1
thanks,man,1
everyone,ultimate,1
everyone,urgently,1
everyone,need,1
everyone,check,1
everyone,incredible,1
ultimate,urgently,1
ultimate,need,1
urgently,need,1
need,rock,3
need,bit,1
need,although,1
need,performance,1
need,iconic,1
need,opinion,1
need,pay,1
need,attention,1
need,sorry,1
need,think,1
need,meant,1
need,ago,1
entertain,two,1
entertain,year,1
entertain,good,1
entertain,luck,1
two,year,4
two,good,1
two,luck,1
two,nothing,1
two,like,1
two,style,1
two,rock,1
two,want,2
two,know,2
two,young,2
two,combine,4
two,age,4
two,ten,2
two,together,2
two,still,2
two,less,2
two,four,2
two,piece,2
two,band,2
two,bloody,2
two,fabulous,2
two,must,1
two,come,1
two,perform,1
two,think,2
two,qualification,1
two,opinion,1
two,yes,1
two,tell,1
year,good,3
year,luck,3
year,want,1
year,know,1
year,young,1
year,combine,2
year,age,2
year,ten,1
year,together,1
year,still,1
year,less,1
year,four,1
year,piece,1
year,band,1
year,bloody,1
year,fabulous,1
year,ever,1
year,spirit,1
year,sky,1
year,say,1
year,quick,1
year,check,1
year,twitter,1
year,like,2
year,might,1
year,hope,2
year,make,1
year,final,1
year,throw,1
year,way,1
year,win,2
year,time,2
year,actually,2
year,vote,2
year,someone,2
year,hopefully,2
year,next,2
year,think,1
year,race,1
year,trophy,1
good,luck,5
good,style,1
good,get,1
good,better,1
good,oh,1
good,send,1
good,rock,3
good,band,1
good,represent,1
good,next,2
good,week,1
good,quite,1
good,top,1
good,sure,1
good,hear,1
good,cannot,1
good,tell,1
good,entry,2
good,amaze,2
good,bit,1
good,go,1
good,slay,1
good,like,1
good,loco,2
good,would,1
good,together,1
good,extremely,1
good,photo,1
good,incredible,1
good,madness,1
good,time,1
good,actually,1
good,vote,2
good,someone,1
good,hopefully,1
good,wow,1
good,never,1
good,catch,1
good,cover,1
good,left,1
good,outside,1
good,alone,1
luck,hear,1
luck,rock,2
luck,cannot,1
luck,tell,1
luck,entry,2
luck,amaze,2
luck,bit,1
luck,go,1
luck,slay,1
luck,time,1
luck,actually,1
luck,vote,2
luck,someone,1
luck,hopefully,1
luck,next,1
luck,wow,1
luck,never,1
luck,catch,1
luck,cover,1
luck,left,1
luck,outside,1
luck,alone,1
go,rock,3
go,hear,1
go,cannot,1
go,tell,1
go,entry,1
go,amaze,1
go,bit,1
go,slay,1
go,enough,2
go,fall,1
go,apart,1
go,give,2
go,get,3
go,do,1
go,mend,1
go,broken,1
go,heart,1
go,cause,1
go,long,1
go,perform,1
go,shirtless,1
go,everything,1
go,six,1
go,eleven,1
go,nevertheless,1
go,break,1
go,leg,1
go,stage,2
go,one,1
go,rehearsal,1
go,imagine,1
go,live,1
go,ahoy,1
go,arena,1
go,ready,1
go,attitude,1
go,win,1
go,excited,1
go,take,2
go,first,1
go,time,1
go,afternoon,1
go,interview,1
go,appearance,1
go,also,1
go,background,1
go,read,1
rock,bit,4
rock,although,1
rock,performance,2
rock,iconic,1
rock,opinion,1
rock,oh,1
rock,send,1
rock,band,1
rock,represent,1
rock,next,1
rock,week,1
rock,quite,1
rock,top,1
rock,sure,1
rock,nothing,1
rock,like,1
rock,style,1
rock,hear,2
rock,cannot,2
rock,tell,2
rock,entry,2
rock,amaze,2
rock,slay,2
rock,roll,8
rock,attitude,2
rock,party,2
rock,well,3
rock,e,2
rock,hybrid,2
rock,country,2
rock,glam,2
rock,song,2
rock,support,1
rock,back,1
rock,hope,1
rock,future,1
rock,time,1
rock,give,2
rock,get,1
rock,someone,1
rock,press,1
rock,conference,1
rock,people,2
rock,think,2
rock,bad,1
rock,rehearsal,1
rock,obviously,1
rock,difference,1
rock,pyro,1
rock,actually,1
rock,advantage,1
rock,concert,1
rock,usually,1
rock,mess,1
rock,lightning,1
rock,everywhere,1
rock,n,3
rock,stage,1
rock,x,1
awesome,song,1
awesome,hope,1
awesome,best,1
song,hope,1
song,best,1
song,today,3
song,shine,2
song,light,2
song,come,2
song,e,1
song,hybrid,1
song,country,1
song,glam,1
song,whole,1
song,one,1
song,image,1
song,follow,1
song,link,1
song,check,1
song,know,2
song,full,1
song,well,1
song,fully,1
song,bat,1
song,iceland,2
song,mean,1
song,practically,1
song,begrudge,1
song,always,1
song,except,1
song,saving,1
song,night,1
song,didnt,1
song,much,1
song,ever,1
song,video,1
song,tell,1
song,travel,1
song,saw,1
song,watching,1
song,story,1
song,acoustic,1
song,version,1
song,pleasure,1
hope,best,1
hope,support,1
hope,back,1
hope,well,2
hope,say,1
hope,quick,1
hope,check,1
hope,twitter,1
hope,like,2
hope,might,1
hope,make,1
hope,final,1
hope,bloody,1
hope,champion,1
hope,brother,1
hope,man,1
hope,throw,1
hope,way,1
hope,win,1
hope,let,1
hope,pray,1
best,future,1
best,present,1
best,long,1
best,live,1
best,talent,1
style,get,1
style,better,1
style,nothing,1
style,like,1
get,better,1
get,enough,4
get,fall,2
get,apart,2
get,give,6
get,do,2
get,mend,2
get,broken,2
get,heart,2
get,cause,2
get,interview,3
get,alert,1
get,like,1
get,ask,1
get,make,1
get,sure,1
get,tell,1
get,might,1
get,answer,1
get,tomorrow,1
get,time,1
get,someone,1
get,roll,1
get,press,1
get,conference,1
get,appearance,1
get,also,1
get,background,1
get,take,1
get,read,1
give,fire,1
give,bender,1
give,else,1
give,think,1
give,rocky,1
give,top,1
give,enough,4
give,fall,2
give,apart,2
give,do,2
give,mend,2
give,broken,2
give,heart,2
give,cause,2
give,time,2
give,someone,2
give,roll,2
give,press,2
give,conference,2
fire,bender,1
fire,set,1
fire,stage,1
fire,today,1
tomorrow,live,1
tomorrow,session,1
tomorrow,come,1
tomorrow,band,1
tomorrow,hear,1
tomorrow,late,1
tomorrow,news,1
tomorrow,ready,1
tomorrow,special,1
tomorrow,interview,2
tomorrow,alert,1
tomorrow,like,1
tomorrow,ask,1
tomorrow,make,1
tomorrow,sure,1
tomorrow,tell,1
tomorrow,might,1
tomorrow,answer,1
live,session,1
live,come,1
live,band,1
live,hear,1
live,late,1
live,news,1
live,preview,1
live,radio,1
live,home,1
live,listen,1
live,grab,1
live,follow,1
live,mona,1
live,every,1
live,time,1
live,part,1
live,future,1
live,present,1
live,long,1
live,talent,1
live,like,1
live,blue,2
live,red,2
live,black,2
live,white,2
live,pyro,2
live,die,2
live,explain,1
live,middle,1
live,stag,1
live,stream,1
live,stage,1
live,one,1
live,rehearsal,1
live,imagine,1
session,come,1
session,band,1
session,hear,1
session,late,1
session,news,1
come,band,1
come,hear,1
come,late,1
come,news,1
come,today,2
come,shine,2
come,light,2
come,must,2
come,tour,1
come,perform,1
come,time,1
band,hear,1
band,late,1
band,news,1
band,oh,1
band,send,1
band,represent,1
band,next,1
band,week,1
band,quite,1
band,top,1
band,sure,1
band,want,1
band,know,1
band,young,1
band,combine,2
band,age,2
band,ten,1
band,together,1
band,still,1
band,less,1
band,four,1
band,piece,1
band,bloody,1
band,fabulous,1
band,already,1
band,super,1
band,impressive,1
band,first,1
band,rehearsal,1
band,listen,1
hear,late,1
hear,news,1
hear,cannot,1
hear,tell,1
hear,entry,1
hear,amaze,1
hear,bit,1
hear,slay,1
late,news,1
turquoise,carpet,1
turquoise,time,1
turquoise,week,1
turquoise,officially,1
turquoise,begin,1
turquoise,wait,1
turquoise,especially,1
turquoise,particular,1
turquoise,order,1
carpet,time,1
carpet,week,1
carpet,officially,1
carpet,begin,1
carpet,wait,1
carpet,especially,1
carpet,particular,1
carpet,order,1
carpet,could,1
carpet,sick,1
carpet,one,1
carpet,would,1
carpet,notice,1
carpet,interest,1
carpet,design,1
carpet,statement,1
carpet,amaze,1
carpet,dutch,1
carpet,flower,1
carpet,paint,1
carpet,take,1
carpet,want,1
carpet,room,1
carpet,much,1
time,week,1
time,officially,1
time,begin,1
time,wait,1
time,especially,1
time,particular,1
time,order,1
time,poll,1
time,fan,1
time,fiction,1
time,write,2
time,volume,1
time,contestant,1
time,make,1
time,appearance,1
time,many,4
time,family,2
time,safe,2
time,stop,2
time,open,2
time,every,1
time,part,1
time,someone,2
time,roll,1
time,press,1
time,conference,1
time,coming,1
time,underground,1
time,scene,1
time,right,1
time,violent,1
time,pop,1
time,global,1
time,stage,2
time,waiting,1
time,take,2
time,head,1
time,watch,1
time,video,1
time,actually,1
time,vote,1
time,hopefully,1
time,next,1
time,attitude,1
time,win,1
time,excited,1
time,first,1
time,afternoon,1
week,officially,1
week,begin,1
week,wait,1
week,especially,1
week,particular,1
week,order,1
week,oh,1
week,send,1
week,represent,1
week,next,1
week,quite,1
week,top,1
week,sure,1
week,another,1
week,big,1
week,thank,1
week,alternate,1
officially,begin,1
officially,wait,1
officially,especially,1
officially,particular,1
officially,order,1
begin,wait,1
begin,especially,1
begin,particular,1
begin,order,1
wait,especially,1
wait,particular,1
wait,order,1
wait,stun,1
wait,cannot,1
wait,ahoy,1
wait,join,1
wait,huh,3
especially,particular,1
especially,order,1
particular,order,1
bit,although,1
bit,performance,2
bit,iconic,1
bit,opinion,1
bit,cannot,1
bit,tell,1
bit,entry,1
bit,amaze,1
bit,slay,1
bit,speak,1
bit,actually,2
bit,understood,1
bit,little,1
bit,mind,1
bit,people,2
bit,think,2
bit,bad,1
bit,rehearsal,1
bit,obviously,1
bit,difference,1
bit,pyro,1
bit,advantage,1
bit,concert,1
bit,usually,1
bit,mess,1
bit,lightning,1
bit,everywhere,1
bit,iceland,1
bit,join,1
although,performance,1
although,iconic,1
although,opinion,1
performance,iconic,1
performance,opinion,1
performance,people,2
performance,think,2
performance,bad,1
performance,rehearsal,1
performance,obviously,1
performance,difference,1
performance,pyro,1
performance,actually,1
performance,advantage,1
performance,concert,1
performance,usually,1
performance,mess,1
performance,lightning,1
performance,everywhere,1
iconic,opinion,1
iconic,everything,1
opinion,think,2
opinion,qualification,1
opinion,yes,1
opinion,tell,1
else,think,1
else,rocky,1
else,top,1
think,rocky,1
think,top,1
think,pay,1
think,attention,1
think,sorry,1
think,meant,1
think,ago,1
think,people,4
think,bad,2
think,rehearsal,2
think,obviously,2
think,difference,2
think,pyro,2
think,actually,2
think,advantage,2
think,concert,2
think,usually,2
think,mess,2
think,lightning,2
think,everywhere,2
think,qualification,2
think,yes,2
think,tell,2
think,race,1
think,win,1
think,trophy,1
rocky,top,1
top,oh,1
top,send,1
top,represent,1
top,next,1
top,quite,1
top,sure,1
today,shine,2
today,light,2
today,didnt,1
today,know,1
today,much,1
today,ever,1
today,video,1
today,tell,1
today,travel,1
today,saw,1
today,watching,1
today,story,1
today,acoustic,1
today,version,1
today,pleasure,1
today,set,1
today,stage,1
shine,light,2
oh,send,1
oh,represent,1
oh,next,1
oh,quite,1
oh,sure,1
send,represent,1
send,next,1
send,quite,1
send,sure,1
represent,next,1
represent,quite,1
represent,sure,1
next,quite,1
next,sure,1
next,noise,1
next,room,1
next,door,1
next,record,1
next,album,1
next,hotel,1
next,actually,1
next,vote,1
next,someone,1
next,hopefully,1
quite,sure,1
sure,interview,2
sure,alert,1
sure,like,1
sure,ask,1
sure,make,1
sure,tell,1
sure,might,1
sure,answer,1
pay,attention,1
pay,sorry,1
pay,meant,1
pay,ago,1
attention,sorry,1
attention,meant,1
attention,ago,1
sorry,meant,1
sorry,ago,1
meant,ago,1
nothing,like,1
like,loco,2
like,club,1
like,dont,1
like,grow,1
like,interview,2
like,alert,1
like,ask,1
like,make,3
like,tell,1
like,might,3
like,answer,1
like,say,2
like,quick,2
like,check,2
like,twitter,2
like,final,2
cannot,tell,1
cannot,entry,1
cannot,amaze,1
cannot,slay,1
cannot,show,1
cannot,middle,1
cannot,stun,1
cannot,ahoy,1
cannot,join,1
cannot,huh,3
tell,entry,1
tell,amaze,1
tell,slay,1
tell,interview,2
tell,alert,1
tell,ask,1
tell,make,1
tell,might,1
tell,answer,1
tell,qualification,1
tell,yes,1
tell,didnt,1
tell,know,1
tell,much,1
tell,ever,1
tell,video,1
tell,travel,1
tell,saw,1
tell,watching,1
tell,story,1
tell,acoustic,1
tell,version,1
tell,pleasure,1
entry,amaze,2
entry,slay,1
entry,quick,1
entry,dash,1
entry,round,1
entry,yes,1
entry,new,1
entry,one,1
entry,wow,1
entry,never,1
entry,catch,1
entry,cover,1
entry,left,1
entry,outside,1
entry,alone,1
entry,vote,1
amaze,slay,1
amaze,stag,1
amaze,already,1
amaze,morning,1
amaze,far,1
amaze,black,1
amaze,mamba,1
amaze,shortly,1
amaze,wow,1
amaze,never,1
amaze,catch,1
amaze,cover,1
amaze,left,1
amaze,outside,1
amaze,alone,1
amaze,vote,1
amaze,sleep,1
amaze,simply,1
amaze,dutch,1
amaze,flower,1
amaze,paint,1
amaze,take,1
enough,fall,2
enough,apart,2
enough,do,2
enough,mend,2
enough,broken,2
enough,heart,2
enough,cause,2
fall,apart,1
fall,do,1
fall,mend,1
fall,broken,1
fall,heart,1
fall,cause,1
apart,do,1
apart,mend,1
apart,broken,1
apart,heart,1
apart,cause,1
do,mend,1
do,broken,1
do,heart,1
do,cause,1
do,full,1
do,speed,1
do,work,1
do,never,1
do,watch,1
do,video,1
do,already,1
mend,broken,1
mend,heart,1
mend,cause,1
broken,heart,1
broken,cause,1
heart,cause,1
loco,mode,2
loco,much,2
want,know,1
want,young,1
want,combine,2
want,age,2
want,ten,1
want,together,1
want,still,1
want,less,1
want,four,1
want,piece,1
want,bloody,1
want,fabulous,1
want,room,1
want,much,1
know,young,1
know,combine,2
know,age,2
know,ten,1
know,together,1
know,still,1
know,less,1
know,four,1
know,piece,1
know,bloody,1
know,fabulous,1
know,full,1
know,well,1
know,fully,1
know,bat,1
know,iceland,2
know,mean,1
know,practically,1
know,begrudge,1
know,always,1
know,except,1
know,saving,1
know,night,1
know,didnt,1
know,much,1
know,ever,1
know,video,1
know,travel,1
know,saw,1
know,watching,1
know,story,1
know,acoustic,1
know,version,1
know,pleasure,1
young,combine,2
young,age,2
young,ten,1
young,together,1
young,still,1
young,less,1
young,four,1
young,piece,1
young,bloody,1
young,fabulous,1
combine,age,4
combine,ten,2
combine,together,2
combine,still,2
combine,less,2
combine,four,2
combine,piece,2
combine,bloody,2
combine,fabulous,2
age,ten,2
age,together,2
age,still,2
age,less,2
age,four,2
age,piece,2
age,bloody,2
age,fabulous,2
ten,together,1
ten,still,1
ten,less,1
ten,four,1
ten,piece,1
ten,bloody,1
ten,fabulous,1
together,still,1
together,less,1
together,four,1
together,piece,1
together,bloody,1
together,fabulous,1
together,would,1
still,less,1
still,four,1
still,piece,1
still,bloody,1
still,fabulous,1
less,four,1
less,piece,1
less,bloody,1
less,fabulous,1
four,piece,1
four,bloody,1
four,fabulous,1
piece,bloody,1
piece,fabulous,1
bloody,fabulous,1
bloody,champion,1
bloody,well,1
bloody,brother,1
bloody,man,1
club,dont,1
club,grow,1
dont,grow,1
quick,dash,1
quick,round,1
quick,yes,1
quick,new,1
quick,one,1
quick,say,1
quick,check,1
quick,twitter,1
quick,might,1
quick,make,1
quick,final,1
dash,round,1
dash,yes,1
dash,new,1
dash,one,1
round,yes,1
round,new,1
round,one,1
yes,new,1
yes,one,1
yes,big,1
yes,qualification,1
new,one,2
new,watch,1
new,yet,1
new,amazing,1
new,afternoon,1
one,watch,1
one,yet,1
one,amazing,1
one,afternoon,1
one,whole,1
one,image,1
one,follow,1
one,link,1
one,check,1
one,stage,1
one,rehearsal,1
one,imagine,1
one,could,1
one,sick,1
one,would,1
one,notice,1
roll,attitude,2
roll,party,2
roll,well,2
roll,someone,1
roll,press,1
roll,conference,1
roll,n,3
attitude,party,1
attitude,well,1
attitude,win,1
attitude,excited,1
attitude,take,1
attitude,stage,1
attitude,first,1
attitude,afternoon,1
party,well,1
well,support,1
well,back,1
well,full,1
well,fully,1
well,bat,1
well,iceland,2
well,mean,1
well,practically,1
well,begrudge,1
well,always,1
well,except,1
well,saving,1
well,night,1
well,champion,1
well,brother,1
well,man,1
since,sang,1
since,lipstick,1
sang,lipstick,1
ready,special,1
ready,ahoy,1
ready,arena,1
watch,yet,1
watch,amazing,1
watch,afternoon,1
watch,full,1
watch,speed,1
watch,work,1
watch,never,1
watch,video,3
watch,official,1
watch,link,1
watch,waiting,1
watch,take,1
watch,head,1
yet,amazing,1
yet,afternoon,1
amazing,afternoon,1
afternoon,show,1
afternoon,start,1
afternoon,win,1
afternoon,excited,1
afternoon,take,1
afternoon,stage,1
afternoon,first,1
show,start,2
show,listen,1
show,middle,1
start,listen,1
poll,fan,1
poll,fiction,1
poll,write,2
poll,volume,1
poll,contestant,1
poll,make,1
poll,appearance,1
fan,fiction,1
fan,write,2
fan,volume,1
fan,contestant,1
fan,make,1
fan,appearance,1
fiction,write,2
fiction,volume,1
fiction,contestant,1
fiction,make,1
fiction,appearance,1
write,volume,2
write,contestant,2
write,make,2
write,appearance,2
volume,contestant,1
volume,make,1
volume,appearance,1
contestant,make,1
contestant,appearance,1
make,appearance,1
make,interview,2
make,alert,1
make,ask,1
make,might,2
make,answer,1
make,say,1
make,check,1
make,twitter,1
make,final,1
appearance,interview,1
appearance,also,1
appearance,background,1
appearance,take,1
appearance,read,1
preview,radio,1
preview,home,1
preview,listen,1
preview,grab,1
preview,follow,1
preview,mona,1
radio,home,1
radio,listen,1
radio,grab,1
radio,follow,1
radio,mona,1
home,listen,1
home,grab,1
home,follow,1
home,mona,1
listen,grab,1
listen,follow,1
listen,mona,1
listen,morning,1
listen,bright,1
listen,early,1
listen,talented,1
grab,follow,1
grab,mona,1
follow,mona,1
follow,whole,1
follow,image,1
follow,link,1
follow,check,1
full,speed,1
full,work,1
full,never,1
full,video,1
full,fully,1
full,bat,1
full,iceland,2
full,mean,1
full,practically,1
full,begrudge,1
full,always,1
full,except,1
full,saving,1
full,night,1
speed,work,1
speed,never,1
speed,video,1
work,never,1
work,video,1
never,video,1
never,wow,1
never,catch,1
never,cover,1
never,left,1
never,outside,1
never,alone,1
never,vote,1
video,didnt,1
video,much,1
video,ever,1
video,travel,1
video,saw,1
video,watching,1
video,story,1
video,acoustic,1
video,version,1
video,pleasure,1
video,official,1
video,link,1
video,waiting,1
video,take,1
video,head,1
would,could,1
would,sick,1
would,notice,1
many,family,2
many,safe,2
many,stop,2
many,open,2
family,safe,1
family,stop,1
family,open,1
safe,stop,1
safe,open,1
stop,open,1
every,part,1
speak,actually,1
speak,understood,1
speak,little,1
speak,mind,1
actually,understood,1
actually,little,1
actually,mind,1
actually,people,2
actually,bad,1
actually,rehearsal,1
actually,obviously,1
actually,difference,1
actually,pyro,1
actually,advantage,1
actually,concert,1
actually,usually,1
actually,mess,1
actually,lightning,1
actually,everywhere,1
actually,vote,1
actually,someone,1
actually,hopefully,1
understood,little,1
understood,mind,1
little,mind,1
ever,spirit,1
ever,sky,1
ever,didnt,1
ever,much,1
ever,travel,1
ever,saw,1
ever,watching,1
ever,story,1
ever,acoustic,1
ever,version,1
ever,pleasure,1
spirit,sky,1
long,perform,1
long,shirtless,1
long,everything,1
long,future,1
long,present,1
long,talent,1
perform,shirtless,1
perform,everything,1
perform,must,1
shirtless,everything,1
mode,much,1
much,didnt,1
much,travel,1
much,saw,1
much,watching,1
much,story,1
much,acoustic,1
much,version,1
much,pleasure,1
much,room,1
interview,alert,2
interview,ask,2
interview,might,2
interview,answer,2
interview,also,1
interview,background,1
interview,take,1
interview,read,1
alert,ask,1
alert,might,1
alert,answer,1
ask,might,1
ask,answer,1
might,answer,1
might,say,1
might,check,1
might,twitter,1
might,final,1
must,tour,1
future,present,1
future,talent,1
present,talent,1
morning,bright,1
morning,early,1
morning,stag,1
morning,already,1
morning,far,1
morning,black,1
morning,mamba,1
morning,shortly,1
bright,early,1
e,hybrid,1
e,country,1
e,glam,1
hybrid,country,1
hybrid,glam,1
country,glam,1
extremely,photo,1
photo,luke,1
photo,join,1
support,back,1
support,kind,1
support,content,1
support,dead,1
back,empire,1
already,stag,1
already,far,1
already,black,1
already,mamba,1
already,shortly,1
someone,press,1
someone,conference,1
someone,vote,1
someone,hopefully,1
press,conference,2
press,day,1
people,bad,2
people,rehearsal,2
people,obviously,2
people,difference,2
people,pyro,2
people,advantage,2
people,concert,2
people,usually,2
people,mess,2
people,lightning,2
people,everywhere,2
bad,rehearsal,1
bad,obviously,1
bad,difference,1
bad,pyro,1
bad,advantage,1
bad,concert,1
bad,usually,1
bad,mess,1
bad,lightning,1
bad,everywhere,1
rehearsal,obviously,1
rehearsal,difference,1
rehearsal,pyro,1
rehearsal,advantage,1
rehearsal,concert,1
rehearsal,usually,1
rehearsal,mess,1
rehearsal,lightning,1
rehearsal,everywhere,1
rehearsal,second,1
rehearsal,super,1
rehearsal,impressive,1
rehearsal,first,3
rehearsal,stage,1
rehearsal,imagine,1
rehearsal,take,1
rehearsal,look,1
rehearsal,great,1
rehearsal,happy,1
rehearsal,tha,1
rehearsal,jump,1
obviously,difference,1
obviously,pyro,1
obviously,advantage,1
obviously,concert,1
obviously,usually,1
obviously,mess,1
obviously,lightning,1
obviously,everywhere,1
difference,pyro,1
difference,advantage,1
difference,concert,1
difference,usually,1
difference,mess,1
difference,lightning,1
difference,everywhere,1
pyro,advantage,1
pyro,concert,1
pyro,usually,1
pyro,mess,1
pyro,lightning,1
pyro,everywhere,1
pyro,blue,1
pyro,red,1
pyro,black,1
pyro,white,1
pyro,die,1
pyro,musical,1
pyro,career,1
pyro,road,1
pyro,stay,1
pyro,true,1
pyro,funny,1
pyro,story,1
pyro,regard,1
advantage,concert,1
advantage,usually,1
advantage,mess,1
advantage,lightning,1
advantage,everywhere,1
concert,usually,1
concert,mess,1
concert,lightning,1
concert,everywhere,1
usually,mess,1
usually,lightning,1
usually,everywhere,1
mess,lightning,1
mess,everywhere,1
lightning,everywhere,1
kind,content,1
non,punti,1
non,close,1
non,alliance,1
non,forget,1
punti,close,1
punti,alliance,1
punti,forget,1
close,alliance,1
close,forget,1
alliance,forget,1
big,another,1
big,thank,1
big,alternate,1
whole,image,1
whole,link,1
whole,check,1
image,link,1
image,check,1
link,check,1
link,official,1
check,say,1
check,twitter,1
check,final,1
check,incredible,1
dream,came,1
dream,true,1
came,true,1
true,musical,1
true,career,1
true,road,1
true,stay,1
true,funny,1
true,story,1
true,regard,1
stage,x,1
stage,coming,1
stage,underground,1
stage,scene,1
stage,right,1
stage,violent,1
stage,pop,1
stage,global,1
stage,imagine,1
stage,win,1
stage,excited,1
stage,take,1
stage,first,1
stage,set,1
blue,red,1
blue,black,1
blue,white,1
blue,die,1
red,black,1
red,white,1
red,die,1
red,please,1
red,change,1
red,another,1
red,colour,1
red,middle,1
red,cover,1
red,paint,1
black,white,1
black,die,1
black,stag,1
black,far,1
black,mamba,1
black,shortly,1
white,die,1
incredible,madness,1
iceland,join,1
iceland,fully,2
iceland,bat,2
iceland,mean,2
iceland,practically,2
iceland,begrudge,2
iceland,always,2
iceland,except,2
iceland,saving,2
iceland,night,2
join,luke,1
join,stun,1
join,ahoy,1
join,huh,3
say,twitter,1
say,final,1
twitter,final,1
fully,bat,1
fully,mean,1
fully,practically,1
fully,begrudge,1
fully,always,1
fully,except,1
fully,saving,1
fully,night,1
bat,mean,1
bat,practically,1
bat,begrudge,1
bat,always,1
bat,except,1
bat,saving,1
bat,night,1
mean,practically,1
mean,begrudge,1
mean,always,1
mean,except,1
mean,saving,1
mean,night,1
practically,begrudge,1
practically,always,1
practically,except,1
practically,saving,1
practically,night,1
begrudge,always,1
begrudge,except,1
begrudge,saving,1
begrudge,night,1
always,except,1
always,saving,1
always,night,1
except,saving,1
except,night,1
saving,night,1
musical,career,1
musical,road,1
musical,stay,1
musical,funny,1
musical,story,1
musical,regard,1
career,road,1
career,stay,1
career,funny,1
career,story,1
career,regard,1
road,stay,1
road,funny,1
road,story,1
road,regard,1
stay,funny,1
stay,story,1
stay,regard,1
funny,story,1
funny,regard,1
story,regard,1
story,didnt,1
story,travel,1
story,saw,1
story,watching,1
story,acoustic,1
story,version,1
story,pleasure,1
didnt,travel,1
didnt,saw,1
didnt,watching,1
didnt,acoustic,1
didnt,version,1
didnt,pleasure,1
travel,saw,1
travel,watching,1
travel,acoustic,1
travel,version,1
travel,pleasure,1
saw,watching,1
saw,acoustic,1
saw,version,1
saw,pleasure,1
watching,acoustic,1
watching,version,1
watching,pleasure,1
acoustic,version,1
acoustic,pleasure,1
version,pleasure,1
six,eleven,1
six,nevertheless,1
six,break,1
six,leg,1
eleven,nevertheless,1
eleven,break,1
eleven,leg,1
nevertheless,break,1
nevertheless,leg,1
break,leg,1
champion,brother,1
champion,man,1
brother,man,1
noise,room,1
noise,door,1
noise,record,1
noise,album,1
noise,hotel,1
room,door,1
room,record,1
room,album,1
room,hotel,1
door,record,1
door,album,1
door,hotel,1
record,album,1
record,hotel,1
album,hotel,1
coming,underground,1
coming,scene,1
coming,right,1
coming,violent,1
coming,pop,1
coming,global,1
underground,scene,1
underground,right,1
underground,violent,1
underground,pop,1
underground,global,1
scene,right,1
scene,violent,1
scene,pop,1
scene,global,1
right,violent,1
right,pop,1
right,global,1
violent,pop,1
violent,global,1
pop,global,1
please,change,1
please,another,1
please,colour,1
please,read,1
please,team,1
change,another,1
change,colour,1
another,colour,1
another,thank,1
another,alternate,1
explain,middle,1
explain,stag,1
explain,stream,1
middle,stag,1
middle,stream,1
middle,cover,1
middle,paint,1
stag,stream,1
stag,far,1
stag,mamba,1
stag,shortly,1
waiting,take,1
waiting,head,1
take,head,1
take,look,1
take,first,2
take,great,1
take,happy,1
take,tha,1
take,jump,1
take,win,1
take,excited,1
take,dutch,1
take,flower,1
take,paint,1
take,also,1
take,background,1
take,read,1
throw,way,1
throw,win,1
way,win,1
win,race,1
win,trophy,1
win,excited,1
win,first,1
vote,hopefully,1
vote,wow,1
vote,catch,1
vote,cover,1
vote,left,1
vote,outside,1
vote,alone,1
super,impressive,1
super,first,1
impressive,first,1
first,day,1
first,reaction,1
first,via,1
first,look,1
first,great,1
first,happy,1
first,tha,1
first,jump,1
first,excited,1
read,team,1
read,also,1
read,background,1
cover,paint,1
cover,wow,1
cover,catch,1
cover,left,1
cover,outside,1
cover,alone,1
paint,dutch,1
paint,flower,1
day,reaction,1
day,via,1
reaction,via,1
could,sick,1
could,notice,1
sick,notice,1
race,trophy,1
thank,alternate,1
look,great,1
look,happy,1
look,tha,1
look,jump,1
great,happy,1
great,tha,1
great,jump,1
happy,tha,1
happy,jump,1
tha,jump,1
ahoy,arena,1
ahoy,stun,1
ahoy,huh,3
far,mamba,1
far,shortly,1
mamba,shortly,1
wow,catch,1
wow,left,1
wow,outside,1
wow,alone,1
catch,left,1
catch,outside,1
catch,alone,1
left,outside,1
left,alone,1
outside,alone,1
sleep,simply,1
stun,huh,3
interest,design,1
interest,statement,1
design,statement,1
let,pray,1
dutch,flower,1
also,background,1
