Id,Label,Count
blind,blind,14
rocking,rocking,2
channel,channel,15
finland,finland,15
bring,bring,4
taste,taste,2
dark,dark,12
side,side,12
kill,kill,1
u,u,4
usual,usual,1
look,look,2
may,may,2
force,force,1
love,love,15
see,see,13
music,music,9
artist,artist,1
different,different,2
talk,talk,4
really,really,6
nice,nice,1
enjoyable,enjoyable,1
end,end,1
thanks,thanks,2
everyone,everyone,2
ultimate,ultimate,1
urgently,urgently,1
need,need,4
entertain,entertain,1
two,two,7
year,year,9
good,good,11
luck,luck,5
go,go,9
rock,rock,21
awesome,awesome,1
song,song,7
hope,hope,6
best,best,2
style,style,2
get,get,6
better,better,1
give,give,6
fire,fire,2
bender,bender,1
tomorrow,tomorrow,3
live,live,10
session,session,1
come,come,6
band,band,6
hear,hear,2
late,late,1
news,news,1
turquoise,turquoise,1
carpet,carpet,5
time,time,11
week,week,3
officially,officially,1
begin,begin,1
wait,wait,2
especially,especially,1
particular,particular,1
order,order,1
bit,bit,5
although,although,1
performance,performance,2
iconic,iconic,4
opinion,opinion,2
else,else,1
think,think,7
rocky,rocky,1
top,top,2
today,today,4
shine,shine,2
light,light,2
oh,oh,1
send,send,1
represent,represent,1
next,next,3
quite,quite,1
sure,sure,2
pay,pay,1
attention,attention,1
sorry,sorry,1
meant,meant,1
ago,ago,1
nothing,nothing,1
like,like,7
cannot,cannot,3
tell,tell,4
entry,entry,3
amaze,amaze,5
slay,slay,1
final,final,2
enough,enough,2
fall,fall,1
apart,apart,1
do,do,3
mend,mend,1
broken,broken,1
heart,heart,1
cause,cause,1
loco,loco,4
want,want,2
know,know,3
young,young,1
combine,combine,2
age,age,2
ten,ten,1
together,together,2
still,still,1
less,less,1
four,four,1
piece,piece,1
bloody,bloody,2
fabulous,fabulous,1
club,club,1
dont,dont,1
grow,grow,1
quick,quick,2
dash,dash,1
round,round,1
yes,yes,4
new,new,2
one,one,5
finally,finally,1
roll,roll,6
attitude,attitude,2
party,party,1
well,well,4
since,since,1
sang,sang,1
lipstick,lipstick,1
ready,ready,2
special,special,1
watch,watch,4
yet,yet,1
amazing,amazing,1
afternoon,afternoon,3
show,show,3
start,start,2
poll,poll,1
fan,fan,1
fiction,fiction,1
write,write,2
volume,volume,1
contestant,contestant,1
make,make,4
appearance,appearance,2
preview,preview,1
radio,radio,1
home,home,1
listen,listen,5
grab,grab,1
follow,follow,2
mona,mona,1
full,full,2
speed,speed,1
work,work,1
never,never,2
video,video,4
would,would,2
many,many,2
family,family,1
safe,safe,1
stop,stop,1
open,open,1
every,every,1
part,part,1
speak,speak,1
actually,actually,3
understood,understood,1
little,little,1
mind,mind,1
ever,ever,2
spirit,spirit,1
sky,sky,1
long,long,2
perform,perform,2
shirtless,shirtless,1
everything,everything,2
anything,anything,1
mode,mode,1
much,much,3
legion,legion,1
interview,interview,3
alert,alert,1
ask,ask,1
might,might,2
answer,answer,1
must,must,2
tour,tour,1
future,future,2
present,present,1
talent,talent,1
morning,morning,2
bright,bright,1
early,early,1
e,e,1
hybrid,hybrid,1
country,country,1
glam,glam,1
waiting,waiting,2
extremely,extremely,1
photo,photo,2
support,support,5
back,back,2
already,already,3
someone,someone,2
press,press,3
conference,conference,2
also,also,2
people,people,2
bad,bad,1
rehearsal,rehearsal,8
obviously,obviously,1
difference,difference,1
pyro,pyro,3
advantage,advantage,1
concert,concert,1
usually,usually,1
mess,mess,1
lightning,lightning,1
everywhere,everywhere,1
kind,kind,1
content,content,1
non,non,1
punti,punti,1
close,close,1
alliance,alliance,1
forget,forget,1
big,big,2
whole,whole,1
image,image,1
link,link,2
check,check,3
dream,dream,1
came,came,1
true,true,2
yeah,yeah,1
collapse,collapse,1
n,n,3
stage,stage,5
x,x,1
blue,blue,1
red,red,3
black,black,2
white,white,1
die,die,1
incredible,incredible,2
madness,madness,1
insane,insane,1
second,second,1
iceland,iceland,3
join,join,5
say,say,1
twitter,twitter,1
fully,fully,1
bat,bat,1
mean,mean,1
practically,practically,1
begrudge,begrudge,1
always,always,1
except,except,1
saving,saving,1
night,night,1
musical,musical,1
career,career,1
road,road,1
stay,stay,1
funny,funny,1
story,story,2
regard,regard,1
dead,dead,1
qualification,qualification,1
didnt,didnt,1
travel,travel,1
saw,saw,1
watching,watching,1
acoustic,acoustic,1
version,version,1
pleasure,pleasure,1
official,official,1
six,six,1
eleven,eleven,1
nevertheless,nevertheless,1
break,break,1
leg,leg,1
champion,champion,1
brother,brother,1
man,man,1
noise,noise,1
room,room,2
door,door,1
record,record,1
album,album,1
hotel,hotel,1
coming,coming,1
underground,underground,1
scene,scene,1
right,right,1
violent,violent,1
pop,pop,1
global,global,1
please,please,2
change,change,1
another,another,2
colour,colour,1
explain,explain,1
middle,middle,3
stag,stag,2
stream,stream,1
take,take,5
head,head,1
throw,throw,1
way,way,1
win,win,3
vote,vote,2
hopefully,hopefully,1
epic,epic,1
super,super,1
impressive,impressive,1
first,first,5
luke,luke,1
read,read,2
team,team,1
talented,talented,1
cover,cover,2
paint,paint,2
imagine,imagine,1
ya,ya,1
empire,empire,1
day,day,2
reaction,reaction,1
via,via,1
could,could,1
sick,sick,1
notice,notice,1
race,race,1
trophy,trophy,1
thank,thank,1
alternate,alternate,1
name,name,1
great,great,1
happy,happy,1
tha,tha,1
jump,jump,1
ahoy,ahoy,2
arena,arena,1
excited,excited,1
far,far,1
mamba,mamba,1
shortly,shortly,1
wow,wow,1
catch,catch,1
left,left,1
outside,outside,1
alone,alone,1
set,set,1
sleep,sleep,1
simply,simply,1
stun,stun,1
huh,huh,3
interest,interest,1
design,design,1
statement,statement,1
let,let,1
pray,pray,1
dutch,dutch,1
flower,flower,1
welcome,welcome,1
background,background,1
