Source,Target,Weight
anyone,else,1
anyone,see,1
anyone,similarity,1
anyone,people,1
anyone,one,1
anyone,legendary,1
anyone,musician,2
anyone,jack,1
anyone,white,1
anyone,young,1
anyone,rise,1
anyone,look,1
anyone,like,1
anyone,father,1
anyone,son,1
else,see,1
else,similarity,1
else,people,1
else,one,1
else,legendary,1
else,musician,2
else,jack,1
else,white,1
else,young,1
else,rise,1
else,look,1
else,like,1
else,father,1
else,son,1
see,similarity,1
see,people,1
see,one,1
see,legendary,1
see,musician,2
see,jack,1
see,white,1
see,young,1
see,rise,1
see,look,1
see,like,1
see,father,1
see,son,1
see,say,1
see,get,4
see,recognition,1
see,deserve,1
see,true,1
see,blind,4
see,channel,4
see,fandom,1
see,need,1
see,talk,1
see,capital,1
see,culture,1
see,good,3
see,finished,1
see,two,1
see,great,1
see,always,1
see,inspire,1
see,band,1
see,progress,1
see,struggle,1
see,break,1
see,lifetime,1
see,post,1
see,gig,1
see,stuff,1
see,everything,1
see,pretty,1
see,sure,1
see,still,1
see,would,1
see,love,1
see,live,4
see,feel,1
see,atmosphere,1
see,twilight,1
see,want,3
see,vampire,1
see,movie,1
see,excuse,1
see,take,1
see,official,1
see,also,3
see,make,1
see,top,2
see,singles,1
see,x,1
see,never,1
see,domination,1
see,quite,1
see,old,1
see,sea,2
see,pool,2
see,extra,2
see,show,2
see,sell,4
see,expect,2
see,kind,2
see,demand,2
see,happy,2
see,many,2
see,u,2
see,sorry,2
see,go,1
similarity,people,1
similarity,one,1
similarity,legendary,1
similarity,musician,2
similarity,jack,1
similarity,white,1
similarity,young,1
similarity,rise,1
similarity,look,1
similarity,like,1
similarity,father,1
similarity,son,1
people,one,1
people,legendary,1
people,musician,2
people,jack,1
people,white,1
people,young,1
people,rise,1
people,look,1
people,like,1
people,father,1
people,son,1
people,chic,1
people,thank,1
people,choose,1
people,diamond,1
people,heart,1
people,cannot,1
people,recommend,1
people,highly,1
people,enough,2
people,check,1
people,song,1
people,point,1
people,totally,1
people,addict,1
people,good,3
people,night,2
people,do,1
people,blind,1
people,channel,1
people,official,1
people,music,1
people,video,1
people,de,1
people,usually,1
people,watch,2
people,ever,1
people,year,1
people,decide,1
people,cool,1
people,country,1
people,finland,2
people,amaze,1
people,amazing,1
people,job,1
people,get,1
one,legendary,1
one,musician,2
one,jack,1
one,white,1
one,young,1
one,rise,1
one,look,1
one,like,2
one,father,1
one,son,1
one,beautiful,1
one,town,1
one,still,1
one,hello,1
one,wonder,1
one,community,1
one,could,1
one,follow,1
one,everyone,1
one,gain,1
one,mutual,1
one,thing,1
one,maybe,1
one,comment,1
one,aswell,1
one,find,1
one,another,1
one,top,1
one,hard,2
one,w,2
one,post,2
one,album,2
one,insane,2
one,shout,2
one,day,2
one,course,2
one,would,2
one,first,2
one,need,1
one,bad,1
one,make,1
legendary,musician,2
legendary,jack,1
legendary,white,1
legendary,young,1
legendary,rise,1
legendary,look,1
legendary,like,1
legendary,father,1
legendary,son,1
legendary,band,1
legendary,rock,2
legendary,awesome,1
legendary,stay,1
legendary,safe,1
legendary,let,1
legendary,anything,1
legendary,bring,1
legendary,best,1
legendary,b,1
musician,jack,2
musician,white,2
musician,young,2
musician,rise,2
musician,look,2
musician,like,2
musician,father,2
musician,son,2
jack,white,1
jack,young,1
jack,rise,1
jack,look,1
jack,like,1
jack,father,1
jack,son,1
white,young,1
white,rise,1
white,look,1
white,like,1
white,father,1
white,son,1
young,rise,1
young,look,1
young,like,1
young,father,1
young,son,1
rise,look,1
rise,like,1
rise,father,1
rise,son,1
look,like,1
look,father,1
look,son,1
look,go,1
look,talk,1
look,rest,1
look,year,1
look,blind,1
look,channel,1
look,nation,1
look,forward,1
look,tour,1
look,wait,1
like,father,1
like,son,1
like,hello,1
like,wonder,1
like,community,1
like,could,1
like,follow,1
like,everyone,1
like,gain,1
like,mutual,1
like,thing,1
like,maybe,1
like,comment,1
like,aswell,1
like,find,2
like,another,1
like,blind,2
like,channel,2
like,fandom,1
like,talented,1
like,holy,1
like,teach,1
like,way,2
like,honest,1
like,opinion,1
like,far,1
like,go,1
like,get,1
like,sick,1
like,dumb,1
like,pop,1
like,nonsense,1
like,aside,1
like,back,1
like,think,1
like,represent,1
like,positive,1
like,direction,1
like,contest,2
like,discography,1
like,thankful,1
like,make,1
like,felt,1
like,love,2
like,also,1
like,happy,1
like,song,2
like,rock,2
like,vinyl,1
like,record,1
like,supposed,1
like,hold,1
like,let,1
like,light,1
like,exam,1
like,blood,1
father,son,1
wait,translation,1
wait,interview,2
wait,really,1
wait,great,1
wait,patiently,1
wait,someone,1
wait,translate,1
wait,go,1
wait,remember,1
wait,blind,1
wait,channel,1
wait,say,1
wait,would,1
wait,wear,1
wait,less,1
wait,still,1
wait,forward,1
wait,tour,1
translation,interview,1
translation,sure,1
translation,someone,1
translation,first,1
translation,well,1
translation,whatever,1
interview,speak,1
interview,please,4
interview,translate,2
interview,tomorrow,1
interview,thank,1
interview,patiently,1
interview,someone,1
interview,go,1
stop,give,1
stop,want,1
stop,blind,1
stop,channel,1
stop,put,1
stop,middle,1
stop,take,1
stop,shot,1
stop,throw,1
stop,living,1
stop,life,1
stop,dark,1
stop,side,1
give,want,1
give,blind,1
give,channel,1
give,please,1
give,tell,1
give,u,1
give,content,1
give,really,1
give,mood,1
give,heart,1
give,attack,1
want,blind,2
want,channel,2
want,feel,1
want,atmosphere,1
want,twilight,1
want,vampire,1
want,movie,1
want,excuse,1
want,corona,1
want,evil,1
want,go,1
want,away,1
want,join,1
want,violent,1
want,pop,1
want,revolution,1
want,sea,1
want,pool,1
want,extra,1
want,show,1
want,sell,2
want,expect,1
want,kind,1
want,demand,1
want,happy,1
want,many,1
want,u,1
want,live,1
want,also,1
want,sorry,1
want,get,1
blind,channel,30
blind,point,1
blind,someone,1
blind,unhealthy,1
blind,obsession,1
blind,dark,9
blind,side,8
blind,listen,8
blind,say,2
blind,get,1
blind,recognition,1
blind,deserve,1
blind,true,1
blind,fandom,2
blind,need,1
blind,talk,1
blind,check,1
blind,capital,3
blind,culture,3
blind,good,5
blind,edge,1
blind,knock,1
blind,calm,1
blind,nation,1
blind,city,1
blind,select,1
blind,buy,1
blind,shirt,1
blind,praying,1
blind,circle,1
blind,wake,1
blind,follow,1
blind,talented,1
blind,holy,1
blind,teach,1
blind,way,1
blind,live,2
blind,pont,1
blind,rouge,1
blind,metal,1
blind,battle,1
blind,finland,1
blind,wacken,1
blind,open,1
blind,air,1
blind,full,1
blind,show,1
blind,song,1
blind,remember,1
blind,would,1
blind,wear,1
blind,less,1
blind,still,1
blind,feel,1
blind,atmosphere,1
blind,twilight,1
blind,vampire,1
blind,movie,1
blind,excuse,1
blind,do,1
blind,night,1
blind,enough,1
blind,official,1
blind,music,1
blind,video,1
blind,de,1
blind,violent,2
blind,pop,2
blind,revolutioner,1
blind,hit,1
blind,single,1
blind,dead,1
blind,body,1
blind,late,1
blind,album,1
blind,let,1
blind,light,1
blind,exam,1
blind,rock,1
blind,love,1
blind,blood,1
channel,point,1
channel,someone,1
channel,unhealthy,1
channel,obsession,1
channel,dark,8
channel,side,8
channel,listen,8
channel,say,2
channel,get,1
channel,recognition,1
channel,deserve,1
channel,true,1
channel,fandom,2
channel,need,1
channel,talk,1
channel,check,1
channel,capital,3
channel,culture,3
channel,good,5
channel,miss,1
channel,bedroom,1
channel,sessions,1
channel,series,1
channel,sing,1
channel,together,1
channel,click,1
channel,follow,2
channel,link,1
channel,activate,1
channel,notification,1
channel,edge,1
channel,knock,1
channel,calm,1
channel,nation,1
channel,city,1
channel,select,1
channel,buy,1
channel,shirt,1
channel,praying,1
channel,circle,1
channel,wake,1
channel,talented,1
channel,holy,1
channel,teach,1
channel,way,1
channel,live,2
channel,pont,1
channel,rouge,1
channel,metal,1
channel,battle,1
channel,finland,1
channel,wacken,1
channel,open,1
channel,air,1
channel,full,1
channel,show,1
channel,song,1
channel,remember,1
channel,would,1
channel,wear,1
channel,less,1
channel,still,1
channel,feel,1
channel,atmosphere,1
channel,twilight,1
channel,vampire,1
channel,movie,1
channel,excuse,1
channel,do,1
channel,night,1
channel,enough,1
channel,official,1
channel,music,1
channel,video,1
channel,de,1
channel,violent,2
channel,pop,2
channel,revolutioner,1
channel,hit,1
channel,single,1
channel,dead,1
channel,body,1
channel,late,1
channel,album,1
channel,let,1
channel,light,1
channel,exam,1
channel,rock,1
channel,love,1
channel,blood,1
make,account,2
make,watch,3
make,site,1
make,crazy,1
make,idea,1
make,comic,1
make,think,1
make,art,1
make,small,1
make,discography,1
make,thankful,1
make,find,1
make,take,1
make,official,1
make,also,1
make,top,2
make,singles,1
make,x,1
make,never,1
make,domination,1
make,quite,1
make,old,1
make,hey,1
make,know,1
make,music,1
make,help,1
make,cope,1
make,much,1
make,tough,1
make,lately,1
make,really,1
make,enjoy,1
make,many,1
make,little,1
make,bit,1
make,easy,1
make,glad,1
make,discover,1
make,need,1
make,bad,1
account,watch,3
account,site,1
watch,site,2
watch,finland,5
watch,time,1
watch,draw,1
watch,whole,1
watch,series,1
watch,usually,2
watch,ever,2
watch,year,2
watch,decide,2
watch,cool,2
watch,good,2
watch,country,2
watch,amaze,2
watch,amazing,2
watch,job,2
watch,get,2
point,someone,1
point,unhealthy,1
point,obsession,1
point,cannot,1
point,recommend,1
point,highly,1
point,enough,1
point,check,1
point,song,1
point,totally,1
point,addict,1
someone,unhealthy,1
someone,obsession,1
someone,sure,1
someone,first,1
someone,well,1
someone,whatever,1
someone,patiently,1
someone,translate,1
someone,go,1
unhealthy,obsession,1
love,number,1
love,really,1
love,well,1
love,contest,2
love,random,1
love,hi,1
love,take,1
love,finland,1
love,live,2
love,fandom,1
love,would,1
love,felt,1
love,also,1
love,happy,1
love,song,2
love,rock,2
love,let,1
love,light,1
love,exam,1
love,blood,1
number,really,1
number,well,1
number,contest,1
really,well,1
really,contest,1
really,great,1
really,curious,1
really,go,1
really,hey,1
really,know,1
really,music,1
really,help,1
really,cope,1
really,much,1
really,tough,1
really,lately,1
really,enjoy,1
really,many,1
really,little,1
really,bit,1
really,easy,1
really,glad,1
really,discover,1
really,please,1
really,tell,1
really,u,1
really,content,1
really,mood,1
really,heart,1
really,attack,1
well,contest,1
well,deserve,1
well,sure,1
well,first,1
well,whatever,1
well,may,1
well,could,1
well,still,1
well,publicly,1
well,acknowledge,1
well,amazing,1
well,mean,1
well,c,1
well,mon,1
well,credit,1
well,due,1
contest,honest,1
contest,opinion,1
contest,far,1
contest,go,1
contest,get,1
contest,sick,1
contest,dumb,1
contest,pop,1
contest,nonsense,1
contest,aside,1
contest,back,1
contest,think,1
contest,represent,1
contest,positive,1
contest,direction,1
contest,new,1
contest,record,1
contest,deal,1
contest,position,1
contest,world,1
contest,lead,1
contest,song,3
contest,result,1
contest,global,1
contest,smash,1
contest,hit,1
contest,stream,1
contest,even,1
contest,top,1
contest,entry,1
contest,certainly,1
contest,busy,1
contest,spring,1
contest,season,1
contest,via,1
contest,felt,1
contest,also,1
contest,happy,1
contest,rock,1
sell,soul,1
sell,sea,2
sell,pool,2
sell,extra,2
sell,show,2
sell,expect,2
sell,kind,2
sell,demand,2
sell,happy,2
sell,many,2
sell,u,2
sell,live,2
sell,also,2
sell,sorry,2
sell,get,2
w,let,1
w,go,1
w,hard,1
w,post,1
w,album,1
w,insane,1
w,shout,1
w,day,1
w,course,1
w,would,1
w,first,1
let,go,2
let,sing,1
let,next,1
let,album,1
let,suing,1
let,throw,1
let,u,1
let,mix,1
let,band,1
let,rock,3
let,awesome,1
let,stay,1
let,safe,1
let,anything,1
let,bring,1
let,best,1
let,b,1
let,light,1
let,exam,1
let,blood,1
go,patiently,1
go,translate,1
go,talk,1
go,rest,1
go,year,1
go,curious,1
go,honest,1
go,opinion,1
go,far,1
go,get,1
go,sick,1
go,dumb,1
go,pop,2
go,nonsense,1
go,aside,1
go,back,1
go,think,1
go,represent,1
go,positive,1
go,direction,1
go,throw,1
go,u,1
go,mix,1
go,corona,1
go,evil,1
go,away,1
go,join,1
go,violent,1
go,revolution,1
go,live,1
great,leader,1
great,wow,1
great,another,1
great,finished,1
great,two,1
great,always,1
great,good,1
great,get,1
great,inspire,1
great,band,1
great,progress,1
great,struggle,1
great,break,1
great,lifetime,1
great,post,1
great,gig,1
great,stuff,1
great,everything,1
great,pretty,1
great,sure,1
great,still,1
great,hour,1
great,new,1
great,music,1
great,year,1
great,many,1
moment,forget,1
moment,specify,1
moment,favorite,1
moment,video,1
moment,duality,1
moment,slipknot,1
forget,specify,1
seriously,time,1
seriously,voice,1
seriously,awesome,1
seriously,band,1
seriously,amaze,1
time,finland,1
time,sing,1
time,song,1
time,fact,1
time,post,1
tune,listen,1
tune,dark,4
tune,side,4
tune,finland,1
tune,june,1
tune,already,1
tune,skid,1
tune,house,1
tune,loud,1
tune,week,1
tune,new,1
tune,music,1
tune,much,1
tune,metal,3
tune,radio,3
tune,right,3
tune,buy,3
tune,song,3
listen,dark,8
listen,side,8
listen,finland,1
listen,hell,1
listen,week,1
listen,late,3
listen,show,2
listen,start,1
listen,music,1
listen,radio,1
listen,violent,2
listen,pop,2
listen,revolutioner,1
listen,hit,1
listen,single,1
listen,dead,1
listen,body,1
listen,album,1
dark,side,20
dark,finland,2
dark,entry,1
dark,metal,4
dark,band,1
dark,track,1
dark,debut,1
dark,billboard,1
dark,global,1
dark,place,1
dark,edge,1
dark,knock,1
dark,calm,1
dark,radio,3
dark,right,3
dark,buy,3
dark,song,4
dark,big,1
dark,thank,1
dark,move,1
dark,b,1
dark,list,1
dark,week,1
dark,put,1
dark,middle,1
dark,take,1
dark,shot,1
dark,throw,1
dark,living,3
dark,life,3
dark,especially,1
dark,coffee,1
dark,fan,1
dark,rock,1
dark,draw,1
dark,la,1
dark,testa,1
side,finland,2
side,entry,1
side,metal,4
side,band,1
side,track,1
side,debut,1
side,billboard,1
side,global,1
side,place,1
side,edge,1
side,knock,1
side,calm,1
side,radio,3
side,right,3
side,buy,3
side,song,4
side,big,1
side,thank,1
side,move,1
side,b,1
side,list,1
side,week,1
side,put,1
side,middle,1
side,take,1
side,shot,1
side,throw,1
side,living,1
side,life,1
side,especially,1
side,coffee,1
side,fan,1
side,rock,1
side,draw,1
finland,hi,1
finland,take,1
finland,live,2
finland,entry,1
finland,metal,2
finland,band,1
finland,track,1
finland,iceland,1
finland,twitter,1
finland,canada,2
finland,engagement,1
finland,battle,1
finland,wacken,1
finland,open,1
finland,air,1
finland,full,1
finland,show,1
finland,big,1
finland,day,1
finland,summer,1
finland,festival,1
finland,vasa,1
finland,usually,2
finland,ever,2
finland,year,2
finland,decide,2
finland,cool,2
finland,good,2
finland,country,2
finland,amaze,2
finland,amazing,2
finland,job,2
finland,get,2
hope,wonderful,1
hope,day,1
hope,x,1
hope,come,2
hope,soon,1
wonderful,day,1
wonderful,x,1
day,x,1
day,follow,1
day,back,1
day,c,1
day,last,1
day,hard,1
day,post,1
day,album,1
day,insane,1
day,shout,1
day,course,1
day,would,1
day,first,1
day,big,1
day,summer,1
day,festival,1
day,vasa,1
x,take,1
x,official,1
x,also,1
x,top,2
x,singles,1
x,never,1
x,domination,1
x,quite,1
x,old,1
three,apocalypse,1
three,put,1
three,wallpaper,1
three,right,1
apocalypse,put,1
apocalypse,wallpaper,1
apocalypse,right,1
put,wallpaper,1
put,right,1
put,middle,1
put,take,1
put,shot,1
put,throw,1
put,living,1
put,life,1
wallpaper,right,1
right,metal,3
right,radio,3
right,buy,3
right,song,3
thanks,u,1
u,party,1
u,cool,1
u,throw,1
u,mix,1
u,sea,1
u,pool,1
u,extra,1
u,show,1
u,expect,1
u,kind,1
u,demand,1
u,happy,1
u,many,1
u,live,1
u,also,1
u,sorry,1
u,get,1
u,please,1
u,tell,1
u,content,1
u,mood,1
u,heart,1
u,attack,1
afternoon,show,1
afternoon,start,1
afternoon,music,1
show,start,2
show,music,2
show,still,1
show,late,3
show,simply,1
show,click,1
show,link,1
show,rock,1
show,weekend,1
show,hell,1
show,week,1
show,inner,1
show,must,1
show,easy,1
show,pick,1
show,track,1
show,metal,1
show,battle,1
show,live,2
show,wacken,1
show,open,1
show,air,1
show,full,1
show,radio,1
show,please,1
show,need,1
show,sea,1
show,pool,1
show,extra,1
show,expect,1
show,kind,1
show,demand,1
show,happy,1
show,many,1
show,also,1
show,sorry,1
show,get,1
start,music,2
start,hell,1
start,week,1
start,late,1
music,hell,1
music,week,3
music,late,1
music,june,1
music,already,1
music,skid,1
music,house,1
music,loud,1
music,new,3
music,much,2
music,around,1
music,chart,1
music,hour,1
music,do,1
music,good,1
music,night,1
music,enough,1
music,official,1
music,video,1
music,de,1
music,hey,1
music,know,1
music,help,1
music,cope,1
music,tough,1
music,lately,1
music,enjoy,1
music,many,1
music,little,1
music,bit,1
music,easy,1
music,glad,1
music,discover,1
music,hi,1
music,live,1
music,regular,1
music,main,1
music,influence,1
speak,public,1
speak,please,4
speak,translate,1
speak,tomorrow,1
speak,thank,1
deserve,say,1
deserve,get,1
deserve,recognition,1
deserve,true,1
deserve,fandom,1
deserve,need,1
deserve,talk,1
deserve,everything,1
please,translate,4
please,tomorrow,4
please,thank,4
please,hear,1
please,amazing,1
please,sing,1
please,message,1
please,die,1
please,need,1
please,add,1
please,tour,1
please,tell,1
please,content,1
please,mood,1
please,heart,1
please,attack,1
translate,tomorrow,1
translate,thank,1
translate,patiently,1
tomorrow,thank,1
thank,chic,1
thank,choose,1
thank,diamond,1
thank,heart,1
thank,king,1
thank,big,1
thank,move,1
thank,b,1
thank,list,1
thank,week,1
thank,already,1
still,late,1
still,simply,1
still,click,1
still,link,1
still,rock,1
still,weekend,1
still,town,1
still,finished,1
still,two,1
still,always,1
still,good,1
still,get,1
still,inspire,1
still,band,1
still,progress,1
still,struggle,1
still,break,1
still,lifetime,1
still,post,1
still,gig,1
still,stuff,1
still,everything,1
still,pretty,1
still,sure,1
still,may,1
still,could,1
still,publicly,1
still,acknowledge,1
still,amazing,1
still,mean,1
still,c,1
still,mon,1
still,credit,1
still,due,1
still,remember,1
still,say,1
still,would,1
still,wear,1
still,less,1
late,simply,1
late,click,1
late,link,1
late,rock,1
late,weekend,1
late,hell,1
late,week,1
late,radio,1
late,violent,2
late,pop,2
late,revolutioner,1
late,hit,1
late,single,1
late,dead,1
late,body,1
late,album,1
simply,click,1
simply,link,1
simply,rock,1
simply,weekend,1
click,link,2
click,rock,1
click,weekend,1
click,miss,1
click,bedroom,1
click,sessions,1
click,series,1
click,sing,1
click,together,1
click,follow,1
click,activate,1
click,notification,1
link,rock,1
link,weekend,1
link,miss,1
link,bedroom,1
link,sessions,1
link,series,1
link,sing,1
link,together,1
link,follow,1
link,activate,1
link,notification,1
rock,weekend,1
rock,add,2
rock,big,2
rock,relate,2
rock,international,2
rock,pic,2
rock,especially,1
rock,coffee,1
rock,fan,1
rock,n,1
rock,roll,1
rock,felt,1
rock,also,1
rock,happy,1
rock,song,2
rock,thing,1
rock,band,2
rock,awesome,2
rock,stay,2
rock,safe,2
rock,anything,2
rock,bring,2
rock,best,2
rock,b,2
rock,light,1
rock,exam,1
rock,blood,1
chic,choose,1
chic,diamond,1
chic,heart,1
choose,diamond,1
choose,heart,1
diamond,heart,1
heart,hardy,1
heart,eat,1
heart,come,1
heart,tell,1
heart,content,1
heart,mood,1
heart,attack,1
hell,week,1
week,june,1
week,already,1
week,skid,1
week,house,1
week,loud,1
week,new,2
week,much,1
week,around,1
week,chart,1
week,big,1
week,move,1
week,b,1
week,list,1
cry,corner,1
two,local,1
two,official,1
two,explosion,1
two,district,1
two,territory,1
two,ethnic,1
two,finished,1
two,always,1
two,good,1
two,get,1
two,inspire,1
two,band,1
two,progress,1
two,struggle,1
two,break,1
two,lifetime,1
two,post,1
two,gig,1
two,stuff,1
two,everything,1
two,pretty,1
two,sure,1
local,official,1
local,explosion,1
local,district,1
local,territory,1
local,ethnic,1
official,explosion,1
official,district,1
official,territory,1
official,ethnic,1
official,take,1
official,also,1
official,top,2
official,singles,1
official,never,1
official,domination,1
official,quite,1
official,old,1
official,do,1
official,good,1
official,night,1
official,enough,1
official,video,1
official,de,1
explosion,district,1
explosion,territory,1
explosion,ethnic,1
district,territory,1
district,ethnic,1
territory,ethnic,1
king,come,1
happiness,perfect,1
elephant,room,1
elephant,supremacy,1
room,supremacy,1
help,good,1
help,blood,1
help,vinyl,1
help,finally,1
help,accurate,1
help,hey,1
help,know,1
help,cope,1
help,much,1
help,tough,1
help,lately,1
help,enjoy,1
help,many,1
help,little,1
help,bit,1
help,easy,1
help,glad,1
help,discover,1
good,capital,2
good,culture,2
good,finished,1
good,always,1
good,get,2
good,inspire,1
good,band,1
good,progress,1
good,struggle,1
good,break,1
good,lifetime,1
good,post,1
good,gig,1
good,stuff,1
good,everything,1
good,pretty,1
good,sure,1
good,night,2
good,do,1
good,enough,1
good,video,1
good,de,1
good,usually,1
good,ever,1
good,year,1
good,decide,1
good,cool,1
good,country,1
good,amaze,1
good,amazing,1
good,job,1
blood,vinyl,1
blood,finally,1
blood,light,1
blood,exam,1
vinyl,finally,1
vinyl,way,1
vinyl,record,1
vinyl,supposed,1
vinyl,hold,1
posting,much,1
posting,need,1
posting,study,1
much,need,1
much,study,1
much,june,1
much,already,1
much,skid,1
much,house,1
much,loud,1
much,new,1
much,hey,1
much,know,1
much,cope,1
much,tough,1
much,lately,1
much,enjoy,1
much,many,1
much,little,1
much,bit,1
much,easy,1
much,glad,1
much,discover,1
need,study,1
need,say,1
need,get,1
need,recognition,1
need,true,1
need,fandom,1
need,talk,1
need,bad,1
another,hello,1
another,wonder,1
another,community,1
another,could,1
another,follow,1
another,everyone,1
another,gain,1
another,mutual,1
another,thing,1
another,maybe,1
another,comment,1
another,aswell,1
another,find,1
say,get,1
say,recognition,1
say,true,1
say,fandom,1
say,talk,1
say,hot,1
say,wear,2
say,tennis,1
say,remember,1
say,would,1
say,less,1
say,hi,1
say,new,1
say,addiction,1
get,recognition,1
get,true,1
get,fandom,1
get,talk,1
get,finished,1
get,always,1
get,inspire,1
get,band,1
get,progress,1
get,struggle,1
get,break,1
get,lifetime,1
get,post,1
get,gig,1
get,stuff,1
get,everything,1
get,pretty,1
get,sure,1
get,honest,1
get,opinion,1
get,far,1
get,sick,1
get,dumb,1
get,pop,1
get,nonsense,1
get,aside,1
get,back,1
get,think,1
get,represent,1
get,positive,1
get,direction,1
get,sea,1
get,pool,1
get,extra,1
get,expect,1
get,kind,1
get,demand,1
get,happy,1
get,many,1
get,live,1
get,also,1
get,sorry,1
get,usually,1
get,ever,1
get,year,1
get,decide,1
get,cool,1
get,country,1
get,amaze,1
get,amazing,1
get,job,1
recognition,true,1
recognition,fandom,1
recognition,talk,1
true,fandom,1
true,talk,1
true,story,1
fandom,talk,1
fandom,talented,1
fandom,holy,1
fandom,teach,1
fandom,way,1
talk,rest,1
talk,year,1
talk,come,1
talk,last,1
talk,ago,1
hardy,eat,1
hardy,come,1
eat,come,1
come,far,1
come,away,1
come,sometime,1
come,soon,2
come,last,1
come,ago,1
june,already,1
june,skid,1
june,house,1
june,loud,1
june,new,1
already,skid,1
already,house,1
already,loud,1
already,new,1
already,know,1
already,read,1
skid,house,1
skid,loud,1
skid,new,1
house,loud,1
house,new,1
loud,new,1
new,around,1
new,chart,1
new,studio,2
new,voice,2
new,content,1
new,hour,1
new,record,1
new,deal,1
new,position,1
new,world,1
new,lead,1
new,song,1
new,result,1
new,global,1
new,smash,1
new,hit,1
new,stream,1
new,even,1
new,top,1
new,entry,1
new,certainly,1
new,busy,1
new,spring,1
new,season,1
new,via,1
new,metal,1
new,shredder,1
new,add,1
new,six,1
new,subterranean,1
new,masquerade,1
new,enjoy,1
new,hi,1
new,addiction,1
absolutely,smash,1
smash,record,1
smash,deal,1
smash,position,1
smash,world,1
smash,lead,1
smash,song,1
smash,result,1
smash,global,1
smash,hit,1
smash,stream,1
smash,even,1
smash,top,1
smash,entry,1
smash,certainly,1
smash,busy,1
smash,spring,1
smash,season,1
smash,via,1
everything,finished,1
everything,always,1
everything,inspire,1
everything,band,1
everything,progress,1
everything,struggle,1
everything,break,1
everything,lifetime,1
everything,post,1
everything,gig,1
everything,stuff,1
everything,pretty,1
everything,sure,1
everything,oh,1
everything,god,1
hello,wonder,1
hello,community,1
hello,could,1
hello,follow,1
hello,everyone,1
hello,gain,1
hello,mutual,1
hello,thing,1
hello,maybe,1
hello,comment,1
hello,aswell,1
hello,find,1
wonder,community,1
wonder,could,1
wonder,follow,1
wonder,everyone,1
wonder,gain,1
wonder,mutual,1
wonder,thing,1
wonder,maybe,1
wonder,comment,1
wonder,aswell,1
wonder,find,1
community,could,1
community,follow,1
community,everyone,1
community,gain,1
community,mutual,1
community,thing,1
community,maybe,1
community,comment,1
community,aswell,1
community,find,1
could,follow,1
could,everyone,1
could,gain,1
could,mutual,1
could,thing,1
could,maybe,1
could,comment,1
could,aswell,1
could,find,1
could,may,1
could,publicly,1
could,acknowledge,1
could,amazing,1
could,mean,1
could,c,1
could,mon,1
could,credit,1
could,due,1
follow,everyone,1
follow,gain,1
follow,mutual,1
follow,thing,1
follow,maybe,1
follow,comment,1
follow,aswell,1
follow,find,1
follow,miss,1
follow,bedroom,1
follow,sessions,1
follow,series,1
follow,sing,1
follow,together,1
follow,activate,1
follow,notification,1
follow,back,1
follow,c,1
follow,video,1
follow,take,1
follow,dive,1
follow,discography,1
follow,join,1
follow,praying,1
follow,circle,1
follow,wake,1
everyone,gain,1
everyone,mutual,1
everyone,thing,1
everyone,maybe,1
everyone,comment,1
everyone,aswell,1
everyone,find,1
gain,mutual,1
gain,thing,1
gain,maybe,1
gain,comment,1
gain,aswell,1
gain,find,1
mutual,thing,1
mutual,maybe,1
mutual,comment,1
mutual,aswell,1
mutual,find,1
thing,maybe,1
thing,comment,1
thing,aswell,1
thing,find,1
maybe,comment,1
maybe,aswell,1
maybe,find,1
comment,aswell,1
comment,find,1
aswell,find,1
find,discography,1
find,thankful,1
check,cannot,1
check,recommend,1
check,highly,1
check,enough,1
check,song,1
check,totally,1
check,addict,1
capital,culture,2
capital,city,1
capital,select,1
culture,city,1
culture,select,1
finished,always,1
finished,inspire,1
finished,band,1
finished,progress,1
finished,struggle,1
finished,break,1
finished,lifetime,1
finished,post,1
finished,gig,1
finished,stuff,1
finished,pretty,1
finished,sure,1
always,inspire,1
always,band,1
always,progress,1
always,struggle,1
always,break,1
always,lifetime,1
always,post,1
always,gig,1
always,stuff,1
always,pretty,1
always,sure,1
inspire,band,1
inspire,progress,1
inspire,struggle,1
inspire,break,1
inspire,lifetime,1
inspire,post,1
inspire,gig,1
inspire,stuff,1
inspire,pretty,1
inspire,sure,1
band,progress,1
band,struggle,1
band,break,1
band,lifetime,1
band,post,1
band,gig,1
band,stuff,1
band,pretty,1
band,sure,1
band,entry,1
band,metal,1
band,track,1
band,voice,1
band,awesome,2
band,amaze,1
band,stay,1
band,safe,1
band,anything,1
band,bring,1
band,best,1
band,b,1
progress,struggle,1
progress,break,1
progress,lifetime,1
progress,post,1
progress,gig,1
progress,stuff,1
progress,pretty,1
progress,sure,1
struggle,break,1
struggle,lifetime,1
struggle,post,1
struggle,gig,1
struggle,stuff,1
struggle,pretty,1
struggle,sure,1
break,lifetime,1
break,post,1
break,gig,1
break,stuff,1
break,pretty,1
break,sure,1
lifetime,post,1
lifetime,gig,1
lifetime,stuff,1
lifetime,pretty,1
lifetime,sure,1
post,gig,1
post,stuff,1
post,pretty,1
post,sure,1
post,fact,1
post,hard,1
post,album,1
post,insane,1
post,shout,1
post,course,1
post,would,1
post,first,1
gig,stuff,1
gig,pretty,1
gig,sure,1
stuff,pretty,1
stuff,sure,1
pretty,sure,1
sure,first,1
sure,whatever,1
sure,update,1
sure,yeah,1
hi,take,1
hi,live,2
hi,addiction,1
hi,regular,1
take,live,1
take,video,1
take,dive,1
take,discography,1
take,join,1
take,middle,1
take,shot,1
take,throw,1
take,living,1
take,life,1
take,also,1
take,top,2
take,singles,1
take,never,1
take,domination,1
take,quite,1
take,old,1
live,pont,1
live,rouge,1
live,metal,1
live,battle,1
live,wacken,1
live,open,1
live,air,1
live,full,1
live,would,1
live,sea,1
live,pool,1
live,extra,1
live,expect,1
live,kind,1
live,demand,1
live,happy,1
live,many,1
live,also,1
live,sorry,1
live,regular,1
miss,bedroom,1
miss,sessions,1
miss,series,1
miss,sing,1
miss,together,1
miss,activate,1
miss,notification,1
bedroom,sessions,1
bedroom,series,1
bedroom,sing,1
bedroom,together,1
bedroom,activate,1
bedroom,notification,1
sessions,series,1
sessions,sing,1
sessions,together,1
sessions,activate,1
sessions,notification,1
series,sing,1
series,together,1
series,activate,1
series,notification,1
series,draw,1
series,whole,1
sing,together,1
sing,activate,1
sing,notification,1
sing,song,1
sing,next,1
sing,album,1
sing,suing,1
sing,hear,1
sing,amazing,1
together,activate,1
together,notification,1
activate,notification,1
back,c,1
back,honest,1
back,opinion,1
back,far,1
back,sick,1
back,dumb,1
back,pop,1
back,nonsense,1
back,aside,1
back,think,1
back,represent,1
back,positive,1
back,direction,1
c,may,1
c,publicly,1
c,acknowledge,1
c,amazing,1
c,mean,1
c,mon,1
c,credit,1
c,due,1
entry,metal,1
entry,track,1
entry,record,1
entry,deal,1
entry,position,1
entry,world,1
entry,lead,1
entry,song,1
entry,result,1
entry,global,1
entry,hit,1
entry,stream,1
entry,even,1
entry,top,1
entry,certainly,1
entry,busy,1
entry,spring,1
entry,season,1
entry,via,1
metal,track,1
metal,radio,3
metal,buy,3
metal,song,3
metal,battle,1
metal,wacken,1
metal,open,1
metal,air,1
metal,full,1
metal,shredder,1
metal,add,1
metal,six,1
metal,subterranean,1
metal,masquerade,1
metal,enjoy,1
track,easy,1
track,pick,1
song,radio,3
song,buy,3
song,cannot,1
song,recommend,1
song,highly,1
song,enough,1
song,totally,1
song,addict,1
song,record,1
song,deal,1
song,position,1
song,world,1
song,lead,1
song,result,1
song,global,1
song,hit,1
song,stream,1
song,even,1
song,top,1
song,certainly,1
song,busy,1
song,spring,1
song,season,1
song,via,1
song,damn,1
song,excellent,1
song,felt,2
song,also,2
song,happy,2
song,draw,1
around,chart,1
iceland,twitter,1
iceland,canada,2
iceland,engagement,1
twitter,canada,2
twitter,engagement,1
canada,engagement,2
first,whatever,1
first,city,1
first,roll,1
first,hard,1
first,album,1
first,insane,1
first,shout,1
first,course,1
first,would,1
oh,god,1
god,literally,1
god,saw,1
holy,going,1
holy,iconic,1
holy,talented,1
holy,teach,1
holy,way,1
going,iconic,1
rest,year,1
year,usually,1
year,ever,1
year,decide,1
year,cool,1
year,country,1
year,amaze,1
year,amazing,1
year,job,1
year,many,1
know,read,1
know,hey,1
know,cope,1
know,tough,1
know,lately,1
know,enjoy,1
know,many,1
know,little,1
know,bit,1
know,easy,1
know,glad,1
know,discover,1
hide,us,1
studio,voice,1
voice,awesome,1
voice,amaze,1
next,album,1
next,suing,1
album,suing,1
album,hard,1
album,insane,1
album,shout,1
album,course,1
album,would,1
album,violent,2
album,pop,2
album,revolutioner,1
album,hit,1
album,single,1
album,dead,1
album,body,1
hear,amazing,1
amazing,may,1
amazing,publicly,1
amazing,acknowledge,1
amazing,mean,1
amazing,mon,1
amazing,credit,1
amazing,due,1
amazing,usually,1
amazing,ever,1
amazing,decide,1
amazing,cool,1
amazing,country,1
amazing,amaze,1
amazing,job,1
debut,billboard,1
debut,global,1
debut,place,1
billboard,global,1
billboard,place,1
global,place,1
global,record,1
global,deal,1
global,position,1
global,world,1
global,lead,1
global,result,1
global,hit,1
global,stream,1
global,even,1
global,top,1
global,certainly,1
global,busy,1
global,spring,1
global,season,1
global,via,1
honestly,nomination,1
anyway,happy,1
anyway,whore,1
happy,whore,1
happy,felt,1
happy,also,2
happy,sea,1
happy,pool,1
happy,extra,1
happy,expect,1
happy,kind,1
happy,demand,1
happy,many,1
happy,sorry,1
edge,knock,1
edge,calm,1
knock,calm,1
posted,lose,1
interviewer,handle,1
radio,buy,3
radio,tonight,1
radio,midnight,1
buy,shirt,1
add,big,1
add,relate,1
add,international,1
add,pic,1
add,shredder,1
add,six,1
add,subterranean,1
add,masquerade,1
add,enjoy,1
add,tour,1
big,relate,1
big,international,1
big,pic,1
big,move,1
big,b,1
big,list,1
big,summer,1
big,festival,1
big,vasa,1
relate,international,1
relate,pic,1
international,pic,1
move,b,1
move,list,1
b,list,1
b,awesome,1
b,stay,1
b,safe,1
b,anything,1
b,bring,1
b,best,1
video,dive,1
video,discography,1
video,join,1
video,favorite,1
video,duality,1
video,slipknot,1
video,do,1
video,night,1
video,enough,1
video,de,1
dive,discography,1
dive,join,1
discography,join,1
discography,thankful,1
join,corona,1
join,evil,1
join,away,1
join,violent,1
join,pop,1
join,revolution,1
crazy,idea,1
crazy,comic,1
crazy,think,1
crazy,art,1
crazy,small,1
idea,comic,1
idea,think,1
idea,art,1
idea,small,1
comic,think,1
comic,art,1
comic,small,1
think,art,1
think,small,1
think,picture,1
think,honest,1
think,opinion,1
think,far,1
think,sick,1
think,dumb,1
think,pop,1
think,nonsense,1
think,aside,1
think,represent,1
think,positive,1
think,direction,1
art,small,1
city,select,1
city,roll,1
content,tell,1
content,mood,1
content,attack,1
easy,pick,1
easy,hey,1
easy,cope,1
easy,tough,1
easy,lately,1
easy,enjoy,1
easy,many,1
easy,little,1
easy,bit,1
easy,glad,1
easy,discover,1
top,record,1
top,deal,1
top,position,1
top,world,1
top,lead,1
top,result,1
top,hit,1
top,stream,1
top,even,1
top,certainly,1
top,busy,1
top,spring,1
top,season,1
top,via,1
top,also,2
top,singles,2
top,never,2
top,domination,2
top,quite,2
top,old,2
cannot,recommend,1
cannot,highly,1
cannot,enough,1
cannot,totally,1
cannot,addict,1
recommend,highly,1
recommend,enough,1
recommend,totally,1
recommend,addict,1
highly,enough,1
highly,totally,1
highly,addict,1
enough,totally,1
enough,addict,1
enough,do,1
enough,night,1
enough,de,1
totally,addict,1
middle,shot,1
middle,throw,1
middle,living,1
middle,life,1
shot,throw,1
shot,living,1
shot,life,1
throw,living,1
throw,life,1
throw,mix,1
living,life,4
living,best,1
living,la,1
living,testa,1
life,best,1
life,la,1
life,testa,1
roll,n,1
praying,circle,1
praying,wake,1
circle,wake,1
talented,teach,1
talented,way,1
teach,way,1
way,record,1
way,supposed,1
way,hold,1
favorite,duality,1
favorite,slipknot,1
duality,slipknot,1
especially,coffee,1
especially,fan,1
coffee,fan,1
pont,rouge,1
battle,wacken,1
battle,open,1
battle,air,1
battle,full,1
wacken,open,1
wacken,air,1
wacken,full,1
open,air,1
open,full,1
air,full,1
night,do,1
night,de,1
would,hard,1
would,insane,1
would,shout,1
would,course,1
would,remember,1
would,wear,1
would,less,1
left,outside,1
left,alone,1
outside,alone,1
literally,saw,1
last,ago,1
update,yeah,1
hard,insane,1
hard,shout,1
hard,course,1
insane,shout,1
insane,course,1
shout,course,1
shout,banger,1
may,publicly,1
may,acknowledge,1
may,mean,1
may,mon,1
may,credit,1
may,due,1
publicly,acknowledge,1
publicly,mean,1
publicly,mon,1
publicly,credit,1
publicly,due,1
acknowledge,mean,1
acknowledge,mon,1
acknowledge,credit,1
acknowledge,due,1
mean,mon,1
mean,credit,1
mean,due,1
mon,credit,1
mon,due,1
credit,due,1
wear,tennis,1
wear,remember,1
wear,less,1
message,die,1
remember,less,1
awesome,amaze,1
awesome,stay,1
awesome,safe,1
awesome,anything,1
awesome,bring,1
awesome,best,1
amaze,usually,1
amaze,ever,1
amaze,decide,1
amaze,cool,1
amaze,country,1
amaze,job,1
honest,opinion,1
honest,far,1
honest,sick,1
honest,dumb,1
honest,pop,1
honest,nonsense,1
honest,aside,1
honest,represent,1
honest,positive,1
honest,direction,1
opinion,far,1
opinion,sick,1
opinion,dumb,1
opinion,pop,1
opinion,nonsense,1
opinion,aside,1
opinion,represent,1
opinion,positive,1
opinion,direction,1
far,sick,1
far,dumb,1
far,pop,1
far,nonsense,1
far,aside,1
far,represent,1
far,positive,1
far,direction,1
far,away,1
far,sometime,1
far,soon,1
sick,dumb,1
sick,pop,1
sick,nonsense,1
sick,aside,1
sick,represent,1
sick,positive,1
sick,direction,1
dumb,pop,1
dumb,nonsense,1
dumb,aside,1
dumb,represent,1
dumb,positive,1
dumb,direction,1
pop,nonsense,1
pop,aside,1
pop,represent,1
pop,positive,1
pop,direction,1
pop,corona,1
pop,evil,1
pop,away,1
pop,violent,5
pop,revolution,1
pop,revolutioner,2
pop,hit,2
pop,single,2
pop,dead,2
pop,body,2
nonsense,aside,1
nonsense,represent,1
nonsense,positive,1
nonsense,direction,1
aside,represent,1
aside,positive,1
aside,direction,1
represent,positive,1
represent,direction,1
positive,direction,1
record,deal,1
record,position,1
record,world,1
record,lead,1
record,result,1
record,hit,1
record,stream,1
record,even,1
record,certainly,1
record,busy,1
record,spring,1
record,season,1
record,via,1
record,supposed,1
record,hold,1
deal,position,1
deal,world,1
deal,lead,1
deal,result,1
deal,hit,1
deal,stream,1
deal,even,1
deal,certainly,1
deal,busy,1
deal,spring,1
deal,season,1
deal,via,1
position,world,1
position,lead,1
position,result,1
position,hit,1
position,stream,1
position,even,1
position,certainly,1
position,busy,1
position,spring,1
position,season,1
position,via,1
world,lead,1
world,result,1
world,hit,1
world,stream,1
world,even,1
world,certainly,1
world,busy,1
world,spring,1
world,season,1
world,via,1
lead,result,1
lead,hit,1
lead,stream,1
lead,even,1
lead,certainly,1
lead,busy,1
lead,spring,1
lead,season,1
lead,via,1
result,hit,1
result,stream,1
result,even,1
result,certainly,1
result,busy,1
result,spring,1
result,season,1
result,via,1
hit,stream,1
hit,even,1
hit,certainly,1
hit,busy,1
hit,spring,1
hit,season,1
hit,via,1
hit,violent,2
hit,revolutioner,1
hit,single,1
hit,dead,1
hit,body,1
stream,even,1
stream,certainly,1
stream,busy,1
stream,spring,1
stream,season,1
stream,via,1
even,certainly,1
even,busy,1
even,spring,1
even,season,1
even,via,1
certainly,busy,1
certainly,spring,1
certainly,season,1
certainly,via,1
busy,spring,1
busy,season,1
busy,via,1
spring,season,1
spring,via,1
season,via,1
damn,excellent,1
summer,festival,1
summer,vasa,1
festival,vasa,1
away,sometime,1
away,soon,1
away,corona,1
away,evil,1
away,violent,1
away,revolution,1
sometime,soon,1
feel,atmosphere,1
feel,twilight,1
feel,vampire,1
feel,movie,1
feel,excuse,1
atmosphere,twilight,1
atmosphere,vampire,1
atmosphere,movie,1
atmosphere,excuse,1
twilight,vampire,1
twilight,movie,1
twilight,excuse,1
vampire,movie,1
vampire,excuse,1
movie,excuse,1
party,cool,1
cool,usually,1
cool,ever,1
cool,decide,1
cool,country,1
cool,job,1
shredder,six,1
shredder,subterranean,1
shredder,masquerade,1
shredder,enjoy,1
six,subterranean,1
six,masquerade,1
six,enjoy,1
subterranean,masquerade,1
subterranean,enjoy,1
masquerade,enjoy,1
enjoy,hey,1
enjoy,cope,1
enjoy,tough,1
enjoy,lately,1
enjoy,many,1
enjoy,little,1
enjoy,bit,1
enjoy,glad,1
enjoy,discover,1
felt,also,1
also,singles,1
also,never,1
also,domination,1
also,quite,1
also,old,1
also,sea,1
also,pool,1
also,extra,1
also,expect,1
also,kind,1
also,demand,1
also,many,1
also,sorry,1
singles,never,1
singles,domination,1
singles,quite,1
singles,old,1
never,domination,1
never,quite,1
never,old,1
domination,quite,1
domination,old,1
quite,old,1
do,de,1
draw,whole,1
stay,safe,1
stay,anything,1
stay,bring,1
stay,best,1
safe,anything,1
safe,bring,1
safe,best,1
anything,bring,1
anything,best,1
bring,best,1
hey,cope,1
hey,tough,1
hey,lately,1
hey,many,1
hey,little,1
hey,bit,1
hey,glad,1
hey,discover,1
cope,tough,1
cope,lately,1
cope,many,1
cope,little,1
cope,bit,1
cope,glad,1
cope,discover,1
tough,lately,1
tough,many,1
tough,little,1
tough,bit,1
tough,glad,1
tough,discover,1
lately,many,1
lately,little,1
lately,bit,1
lately,glad,1
lately,discover,1
many,little,1
many,bit,1
many,glad,1
many,discover,1
many,sea,1
many,pool,1
many,extra,1
many,expect,1
many,kind,1
many,demand,1
many,sorry,1
little,bit,1
little,glad,1
little,discover,1
bit,glad,1
bit,discover,1
glad,discover,1
p,l,1
p,e,1
l,e,1
tour,possible,1
tour,forward,1
corona,evil,1
corona,violent,1
corona,revolution,1
evil,violent,1
evil,revolution,1
violent,revolution,1
violent,revolutioner,2
violent,single,2
violent,dead,2
violent,body,2
invite,lot,1
la,testa,1
theyre,alive,1
sea,pool,1
sea,extra,1
sea,expect,1
sea,kind,1
sea,demand,1
sea,sorry,1
pool,extra,1
pool,expect,1
pool,kind,1
pool,demand,1
pool,sorry,1
extra,expect,1
extra,kind,1
extra,demand,1
extra,sorry,1
expect,kind,1
expect,demand,1
expect,sorry,1
kind,demand,1
kind,sorry,1
demand,sorry,1
supposed,hold,1
usually,ever,1
usually,decide,1
usually,country,1
usually,job,1
ever,decide,1
ever,country,1
ever,job,1
decide,country,1
decide,job,1
country,job,1
revolutioner,single,1
revolutioner,dead,1
revolutioner,body,1
single,dead,1
single,body,1
dead,body,1
main,influence,1
tell,mood,1
tell,attack,1
mood,attack,1
tonight,midnight,1
light,exam,1
