Id,Label,Count
join,join,7
discord,discord,2
server,server,1
sent,sent,8
mine,mine,3
hello,hello,3
angelic,angelic,1
dark,dark,2
family,family,6
winner,winner,8
four,four,4
nothing,nothing,4
unethical,unethical,1
use,use,5
credit,credit,1
flight,flight,2
last,last,24
year,year,98
rebook,rebook,2
due,due,7
fly,fly,2
terminally,terminally,1
ill,ill,2
father,father,2
without,without,5
tell,tell,16
see,see,148
advertising,advertising,1
let,let,14
go,go,63
ahead,ahead,1
one,one,58
music,music,64
recently,recently,2
somewhat,somewhat,1
late,late,10
lot,lot,16
people,people,20
guess,guess,7
find,find,13
documentary,documentary,7
get,get,100
really,really,45
render,render,1
video,video,30
send,send,13
sending,sending,2
soon,soon,9
time,time,49
shine,shine,2
therapist,therapist,1
worry,worry,2
real,real,18
hurt,hurt,1
maybe,maybe,13
jake,jake,1
could,could,23
something,something,8
drop,drop,4
play,play,28
crash,crash,2
team,team,4
racing,racing,1
honestly,honestly,8
completely,completely,3
consider,consider,4
literally,literally,8
draw,draw,1
want,want,43
shot,shot,1
portrait,portrait,1
landscape,landscape,1
mode,mode,2
courtesy,courtesy,2
dance,dance,39
love,love,114
u,u,45
wait,wait,48
make,make,59
curious,curious,1
looking,looking,5
forward,forward,14
result,result,2
thank,thank,36
god,god,8
seeing,seeing,7
scream,scream,2
sad,sad,8
look,look,20
tour,tour,52
schedule,schedule,2
two,two,24
day,day,42
ago,ago,7
tivoli,tivoli,3
already,already,24
sell,sell,75
happy,happy,23
oh,oh,21
sure,sure,19
huge,huge,6
quick,quick,3
production,production,4
excite,excite,18
done,done,2
better,better,1
hurry,hurry,1
long,long,10
clip,clip,5
opportunity,opportunity,4
still,still,30
perfect,perfect,10
buy,buy,39
available,available,12
feel,feel,16
hi,hi,5
know,know,41
tried,tried,6
work,work,20
teal,teal,2
screen,screen,3
chrome,chrome,1
drive,drive,2
nowadays,nowadays,1
bos,bos,1
come,come,106
brightly,brightly,1
overshadow,overshadow,1
submission,submission,1
say,say,28
fan,fan,11
art,art,4
hopefully,hopefully,7
fine,fine,4
hey,hey,8
currently,currently,4
mobile,mobile,1
game,game,10
hint,hint,2
ever,ever,23
create,create,2
iceland,iceland,35
include,include,2
next,next,66
creation,creation,2
little,little,7
chat,chat,1
monocle,monocle,1
weekend,weekend,6
edition,edition,1
reality,reality,2
stop,stop,24
vertical,vertical,1
horizontal,horizontal,1
would,would,39
sweater,sweater,4
chance,chance,16
back,back,28
havent,havent,1
listen,listen,27
simply,simply,3
might,might,11
check,check,10
well,well,43
definitely,definitely,11
amount,amount,3
follow,follow,7
bang,bang,2
think,think,53
do,do,10
obviously,obviously,4
suggest,suggest,2
hall,hall,2
stoke,stoke,1
fabulous,fabulous,2
damage,damage,2
help,help,12
much,much,32
band,band,20
except,except,3
anyone,anyone,10
interest,interest,2
give,give,13
show,show,51
share,share,1
event,event,1
someone,someone,8
ticket,ticket,15
please,please,91
release,release,6
another,another,27
date,date,23
happen,happen,8
catch,catch,2
probably,probably,7
watch,watch,16
big,big,25
similar,similar,1
size,size,3
venue,venue,20
free,free,2
visit,visit,2
yr,yr,2
old,old,15
widow,widow,2
bee,bee,1
need,need,56
close,close,2
husband,husband,6
son,son,8
struggle,struggle,2
livelihood,livelihood,2
room,room,3
rent,rent,2
grocery,grocery,2
bill,bill,2
song,song,72
wed,wed,3
making,making,5
banger,banger,3
berlin,berlin,7
hear,hear,12
live,live,22
yes,yes,24
everyday,everyday,4
funk,funk,2
understatement,understatement,1
san,san,6
leave,leave,5
hang,hang,1
full,full,9
routine,routine,1
keep,keep,25
hell,hell,3
yeah,yeah,10
em,em,2
groovy,groovy,1
good,good,49
absolutely,absolutely,20
whipped,whipped,1
remix,remix,13
funky,funky,3
friend,friend,9
week,week,12
till,till,3
album,album,5
believe,believe,14
imagine,imagine,2
apathetic,apathetic,1
phoenix,phoenix,1
la,la,5
roxy,roxy,1
demand,demand,4
sustain,sustain,1
level,level,4
excitement,excitement,1
daughter,daughter,4
spent,spent,3
today,today,12
almost,almost,6
helpful,helpful,2
cute,cute,7
non,non,5
great,great,38
try,try,14
learn,learn,7
midnight,midnight,1
ashamed,ashamed,1
giant,giant,2
robot,robot,1
sweet,sweet,7
add,add,38
fast,fast,7
wife,wife,6
feeling,feeling,1
inspire,inspire,2
way,way,14
ready,ready,1
sheep,sheep,1
appreciate,appreciate,3
listening,listening,6
agree,agree,6
amazingly,amazingly,1
awesome,awesome,21
collaboration,collaboration,1
ask,ask,5
insanely,insanely,1
talented,talented,4
pure,pure,2
magic,magic,1
star,star,2
celebration,celebration,1
amaze,amaze,14
host,host,3
especially,especially,2
bit,bit,3
king,king,4
start,start,10
sing,sing,7
current,current,2
mood,mood,2
discovered,discovered,1
invent,invent,1
machine,machine,1
quite,quite,2
pleasant,pleasant,1
hope,hope,27
like,like,50
challenge,challenge,4
glad,glad,8
always,always,7
brilliant,brilliant,10
led,led,2
ahoy,ahoy,2
loop,loop,7
since,since,15
also,also,24
got,got,8
research,research,2
anything,anything,9
theyre,theyre,1
disappoint,disappoint,2
tiny,tiny,1
shih,shih,1
throw,throw,1
damn,damn,13
gosh,gosh,2
constantly,constantly,4
nag,nag,2
ding,ding,9
dong,dong,9
energy,energy,1
gay,gay,1
bar,bar,3
actually,actually,7
enjoy,enjoy,5
instead,instead,5
continuously,continuously,1
annoy,annoy,2
mum,mum,2
social,social,1
medium,medium,4
post,post,5
cross,cross,3
important,important,10
question,question,8
bandicoot,bandicoot,1
tattoo,tattoo,1
brother,brother,2
surprise,surprise,3
cover,cover,13
channel,channel,1
first,first,12
endlessly,endlessly,1
five,five,4
load,load,1
turn,turn,4
normally,normally,1
enjoyable,enjoyable,2
gig,gig,9
pearl,pearl,1
choir,choir,1
space,space,1
short,short,1
idea,idea,6
dancer,dancer,2
monster,monster,2
desperately,desperately,1
convince,convince,2
cake,cake,2
whole,whole,5
slice,slice,1
cherry,cherry,2
top,top,17
solo,solo,1
stuff,stuff,2
specifically,specifically,1
put,put,5
deadline,deadline,3
involve,involve,1
tone,tone,3
voice,voice,6
finally,finally,3
thing,thing,19
name,name,8
insistent,insistent,1
welcome,welcome,9
gold,gold,2
soothe,soothe,1
moon,moon,1
saw,saw,5
either,either,3
fancy,fancy,3
footwork,footwork,2
jealous,jealous,1
anniversary,anniversary,1
beloved,beloved,1
thanks,thanks,26
hold,hold,3
fantastic,fantastic,7
recommendation,recommendation,3
heartfelt,heartfelt,1
seriously,seriously,4
fun,fun,14
morning,morning,7
normality,normality,1
nice,nice,8
clearly,clearly,2
couple,couple,6
totally,totally,7
deserve,deserve,21
raise,raise,4
fund,fund,1
provide,provide,1
food,food,2
target,target,2
vinyl,vinyl,5
x,x,14
nominate,nominate,2
right,right,16
regret,regret,1
trust,trust,1
ur,ur,3
twin,twin,1
mig,mig,1
extra,extra,12
dome,dome,2
bad,bad,4
lie,lie,4
funny,funny,6
list,list,9
new,new,43
weird,weird,3
dream,dream,4
night,night,7
different,different,2
request,request,3
conversation,conversation,1
joke,joke,5
book,book,10
sneak,sneak,2
carry,carry,1
equipment,equipment,1
sometimes,sometimes,2
hot,hot,3
chip,chip,1
hard,hard,8
pas,pas,1
shirt,shirt,2
darn,darn,1
best,best,37
daydream,daydream,1
actual,actual,5
asleep,asleep,2
twitter,twitter,2
later,later,8
fall,fall,1
repeat,repeat,9
accidentally,accidentally,2
discover,discover,4
musical,musical,2
jean,jean,1
match,match,4
heaven,heaven,2
patiently,patiently,1
man,man,8
mean,mean,15
world,world,10
flex,flex,1
torture,torture,1
along,along,3
willing,willing,3
eternally,eternally,2
grateful,grateful,3
japan,japan,4
loss,loss,1
buddy,buddy,1
sincere,sincere,1
save,save,2
york,york,2
elf,elf,1
violin,violin,1
hah,hah,1
stock,stock,5
everything,everything,13
white,white,1
course,course,4
even,even,19
unrelated,unrelated,1
cool,cool,12
sock,sock,1
dolly,dolly,1
move,move,8
clear,clear,17
head,head,26
somebody,somebody,14
else,else,18
girl,girl,1
aqua,aqua,1
fascinating,fascinating,3
track,track,2
sadly,sadly,2
change,change,2
must,must,8
cater,cater,1
tall,tall,1
folk,folk,1
life,life,11
summer,summer,7
butter,butter,1
rhythm,rhythm,4
round,round,3
early,early,2
fill,fill,1
arena,arena,2
hackneyed,hackneyed,1
age,age,2
job,job,2
never,never,11
mate,mate,4
massive,massive,2
electronic,electronic,1
wonna,wonna,1
cause,cause,3
lose,lose,3
potential,potential,1
rock,rock,5
city,city,5
preferably,preferably,1
stage,stage,9
sit,sit,2
knowing,knowing,2
country,country,5
apple,apple,1
stun,stun,1
speak,speak,3
finland,finland,3
august,august,1
v,v,3
confuse,confuse,3
confirm,confirm,2
deny,deny,2
forgive,forgive,1
spend,spend,4
mental,mental,1
health,health,1
coming,coming,2
birthday,birthday,11
tweet,tweet,6
angel,angel,1
nation,nation,1
nil,nil,2
cry,cry,4
taste,taste,1
dad,dad,2
yesterday,yesterday,2
boy,boy,3
easy,easy,1
realize,realize,1
sister,sister,4
cough,cough,2
canada,canada,4
watched,watched,1
super,super,5
interesting,interesting,2
together,together,5
amazing,amazing,12
guy,guy,5
excited,excited,5
roll,roll,2
pin,pin,2
page,page,1
woo,woo,1
shuffle,shuffle,1
cannot,cannot,13
explain,explain,2
office,office,1
friendly,friendly,1
tip,tip,1
access,access,2
letter,letter,2
pray,pray,1
second,second,11
dingdong,dingdong,3
supremacy,supremacy,1
apparently,apparently,3
deadpan,deadpan,1
avoid,avoid,1
ya,ya,2
smooth,smooth,1
entry,entry,10
original,original,1
part,part,10
spectacular,spectacular,2
success,success,3
electro,electro,2
pop,pop,4
us,us,9
sorry,sorry,4
despite,despite,2
explicitly,explicitly,1
merch,merch,4
shop,shop,2
tired,tired,1
nearly,nearly,2
advance,advance,1
answer,answer,1
tot,tot,1
tire,tire,2
rap,rap,1
electric,electric,2
wizard,wizard,4
least,least,2
person,person,2
audience,audience,2
resell,resell,1
choose,choose,2
highlight,highlight,1
contest,contest,7
actively,actively,1
surprising,surprising,1
positive,positive,4
rave,rave,1
neither,neither,1
understand,understand,1
read,read,3
bring,bring,8
fee,fee,1
whatever,whatever,2
everyone,everyone,8
speed,speed,1
may,may,10
everybody,everybody,2
whereas,whereas,1
wonder,wonder,5
fit,fit,1
ceiling,ceiling,1
heart,heart,5
exist,exist,2
mali,mali,1
remind,remind,2
wish,wish,6
though,though,9
miss,miss,3
data,data,1
barcelona,barcelona,2
example,example,3
aw,aw,6
movie,movie,4
downside,downside,1
suck,suck,1
wrong,wrong,4
official,official,2
random,random,1
suggestion,suggestion,2
festival,festival,4
incredible,incredible,1
artist,artist,4
yet,yet,5
utterly,utterly,1
hooked,hooked,1
remember,remember,3
become,become,7
total,total,3
earworm,earworm,2
less,less,2
phew,phew,2
lead,lead,1
singer,singer,2
foot,foot,1
dutch,dutch,2
test,test,2
reckon,reckon,1
humour,humour,3
notice,notice,1
notification,notification,1
score,score,3
row,row,2
sale,sale,7
vintage,vintage,1
groover,groover,1
dado,dado,1
cutter,cutter,1
blade,blade,1
set,set,1
inside,inside,1
via,via,5
studio,studio,2
waiting,waiting,1
bummer,bummer,1
march,march,3
lowland,lowland,1
singles,singles,1
chart,chart,2
style,style,3
away,away,2
queen,queen,1
excellent,excellent,2
eyewear,eyewear,1
compliment,compliment,1
dramatic,dramatic,1
restock,restock,3
update,update,2
face,face,4
otherwise,otherwise,2
busy,busy,2
chap,chap,1
wonderful,wonderful,5
tho,tho,4
lucky,lucky,3
daytime,daytime,1
moment,moment,5
audio,audio,1
far,far,7
heal,heal,1
collective,collective,1
caroline,caroline,1
glass,glass,2
jersey,jersey,1
force,force,2
party,party,2
serve,serve,1
hit,hit,3
hoped,hoped,1
order,order,3
place,place,10
calm,calm,2
ugh,ugh,2
mug,mug,2
news,news,2
excuse,excuse,1
business,business,1
musician,musician,3
upgrade,upgrade,5
take,take,10
june,june,12
announce,announce,4
clue,clue,1
yep,yep,1
language,language,2
selling,selling,1
trillion,trillion,1
wholesome,wholesome,1
able,able,7
famous,famous,1
announcement,announcement,2
anyways,anyways,1
blast,blast,1
suffering,suffering,1
dang,dang,5
sir,sir,3
didnt,didnt,1
cheese,cheese,1
dude,dude,1
profile,profile,2
pic,pic,1
lovely,lovely,8
tutorial,tutorial,5
cost,cost,1
hero,hero,2
sense,sense,2
capital,capital,1
pizza,pizza,1
hut,hut,2
expect,expect,1
voting,voting,1
button,button,1
rather,rather,2
travel,travel,3
around,around,7
badly,badly,1
near,near,2
doubt,doubt,1
cancel,cancel,1
moody,moody,2
atmospheric,atmospheric,1
trip,trip,2
hop,hop,1
option,option,2
tribute,tribute,1
wall,wall,3
joy,joy,6
hand,hand,2
cut,cut,2
card,card,1
scalpel,scalpel,1
banging,banging,1
jumper,jumper,3
global,global,5
attention,attention,2
laugh,laugh,2
death,death,1
sentence,sentence,1
trash,trash,1
hoodie,hoodie,1
home,home,9
promise,promise,1
practice,practice,1
distribute,distribute,1
platform,platform,2
smart,smart,1
run,run,4
project,project,2
title,title,1
company,company,1
presentation,presentation,1
addicted,addicted,1
seem,seem,2
obscene,obscene,1
money,money,4
obsession,obsession,2
enough,enough,7
dear,dear,2
every,every,21
delight,delight,2
bought,bought,7
distraught,distraught,1
suit,suit,1
gang,gang,4
union,union,1
mix,mix,2
found,found,3
demographic,demographic,1
capacity,capacity,1
crown,crown,1
aa,aa,1
outfit,outfit,1
point,point,7
doesnt,doesnt,1
everywhere,everywhere,3
roundhouse,roundhouse,4
switch,switch,2
finish,finish,7
write,write,1
design,design,1
pay,pay,3
tomorrow,tomorrow,1
goal,goal,1
wow,wow,5
decided,decided,1
edit,edit,1
iconic,iconic,3
performance,performance,14
posted,posted,1
thinking,thinking,2
cat,cat,3
walk,walk,2
across,across,1
end,end,7
dedication,dedication,1
attend,attend,1
hate,hate,1
concert,concert,12
luckily,luckily,1
semester,semester,1
degree,degree,1
thus,thus,2
friendship,friendship,2
adult,adult,1
legend,legend,2
collection,collection,1
ad,ad,1
present,present,1
salary,salary,1
warsaw,warsaw,3
win,win,9
sweetie,sweetie,1
special,special,3
incase,incase,1
someday,someday,2
beach,beach,2
falling,falling,1
young,young,1
self,self,2
lottery,lottery,2
millionaire,millionaire,1
bloody,bloody,4
bonus,bonus,1
ball,ball,2
disclaimer,disclaimer,1
fix,fix,1
aint,aint,1
beg,beg,1
bottom,bottom,1
soul,soul,2
wangle,wangle,1
perform,perform,12
dress,dress,1
sound,sound,2
open,open,1
tonight,tonight,2
circular,circular,2
keyboard,keyboard,2
gorgeous,gorgeous,3
feature,feature,2
season,season,1
story,story,1
wrap,wrap,1
high,high,2
singing,singing,3
adorable,adorable,3
quote,quote,1
certainly,certainly,2
embrace,embrace,1
brand,brand,2
participation,participation,1
tool,tool,2
custom,custom,4
disclosure,disclosure,1
sport,sport,1
foreign,foreign,1
heck,heck,2
aswell,aswell,2
going,going,1
snap,snap,1
faith,faith,1
hair,hair,1
term,term,2
primary,primary,2
bother,bother,1
low,low,3
availability,availability,1
undiscovered,undiscovered,1
lunch,lunch,1
hour,hour,2
pretty,pretty,10
grand,grand,3
finale,finale,1
although,although,2
strictly,strictly,1
meet,meet,2
hangout,hangout,1
bless,bless,3
spring,spring,1
flute,flute,1
cult,cult,1
safe,safe,5
peep,peep,1
temporary,temporary,1
third,third,1
owe,owe,1
site,site,1
b,b,1
rendition,rendition,1
coffee,coffee,1
period,period,1
sung,sung,1
mind,mind,4
wondering,wondering,1
picture,picture,2
lid,lid,1
ti,ti,2
chill,chill,1
innocent,innocent,1
twice,twice,2
wardrobe,wardrobe,2
stylus,stylus,1
brought,brought,1
contestant,contestant,1
message,message,1
eventually,eventually,1
stay,stay,5
apart,apart,2
classic,classic,2
secret,secret,1
garden,garden,1
mail,mail,1
inspired,inspired,1
passport,passport,1
politely,politely,1
dice,dice,1
tower,tower,1
clean,clean,1
dusty,dusty,1
sunlight,sunlight,1
remove,remove,1
dead,dead,2
leaf,leaf,1
expectant,expectant,1
stress,stress,1
covid,covid,8
universe,universe,2
many,many,5
incredibly,incredibly,2
accept,accept,2
heat,heat,1
radio,radio,1
phenomenon,phenomenon,1
bigger,bigger,1
beautiful,beautiful,5
contrast,contrast,1
stone,stone,1
cold,cold,1
quickly,quickly,3
additional,additional,1
matinee,matinee,1
stream,stream,3
rise,rise,1
eyebrow,eyebrow,1
tune,tune,6
garage,garage,1
dig,dig,1
slightly,slightly,1
jungle,jungle,1
spare,spare,2
town,town,2
bass,bass,2
sometime,sometime,1
group,group,6
final,final,8
cant,cant,2
daily,daily,1
goodness,goodness,1
becomes,becomes,1
million,million,3
ave,ave,1
matter,matter,3
german,german,1
board,board,1
whish,whish,1
kind,kind,4
buzzing,buzzing,3
remains,remains,1
strongly,strongly,2
recommend,recommend,2
promotion,promotion,1
sequel,sequel,1
film,film,1
legendary,legendary,2
unavailable,unavailable,2
seemingly,seemingly,1
addict,addict,1
sudden,sudden,1
act,act,2
stick,stick,1
university,university,1
booked,booked,4
talk,talk,3
glorious,glorious,1
dope,dope,1
l,l,2
house,house,2
class,class,4
physical,physical,2
precision,precision,1
relaxation,relaxation,1
tragedy,tragedy,1
lo,lo,7
bum,bum,1
eu,eu,3
limit,limit,1
greet,greet,1
audition,audition,1
worth,worth,1
north,north,2
leg,leg,2
brew,brew,1
beer,beer,1
addition,addition,1
apartment,apartment,1
working,working,1
buzz,buzz,1
made,made,2
phone,phone,1
boston,boston,3
living,living,1
buffet,buffet,1
spread,spread,1
cone,cone,1
petition,petition,1
lighting,lighting,1
camera,camera,1
indeed,indeed,2
crying,crying,1
stuck,stuck,1
dont,dont,5
thats,thats,2
waste,waste,1
loud,loud,1
superb,superb,2
career,career,1
beyond,beyond,3
debut,debut,1
energetic,energetic,1
indicate,indicate,1
direction,direction,1
achieve,achieve,1
case,case,3
sold,sold,2
regardless,regardless,1
stupid,stupid,1
leaving,leaving,1
poem,poem,1
therapy,therapy,1
past,past,3
month,month,1
swear,swear,1
eye,eye,2
allow,allow,2
fourth,fourth,1
single,single,2
review,review,1
luck,luck,8
baby,baby,2
bold,bold,2
care,care,1
depression,depression,1
bright,bright,1
entrant,entrant,2
true,true,5
cage,cage,1
sincerely,sincerely,1
payment,payment,1
secure,secure,1
resale,resale,1
longer,longer,1
extend,extend,1
epic,epic,1
subsequent,subsequent,1
kept,kept,2
concern,concern,1
coast,coast,1
purchase,purchase,1
reason,reason,1
experience,experience,2
shall,shall,1
alone,alone,1
zing,zing,1
main,main,1
building,building,1
conclusion,conclusion,1
support,support,2
restaurant,restaurant,1
sensation,sensation,1
breath,breath,1
fresh,fresh,2
air,air,2
exactly,exactly,3
perhaps,perhaps,1
mad,mad,1
anywhere,anywhere,1
somehow,somehow,1
cap,cap,1
iron,iron,1
vacation,vacation,1
sooner,sooner,1
various,various,2
concept,concept,2
russia,russia,1
straight,straight,2
upset,upset,1
snag,snag,1
south,south,1
thought,thought,2
grab,grab,1
left,left,2
stand,stand,3
took,took,1
line,line,3
cancelation,cancelation,1
reimburse,reimburse,1
accord,accord,1
said,said,2
notify,notify,1
connection,connection,1
itinerary,itinerary,1
awareness,awareness,1
whichever,whichever,1
academy,academy,1
ignore,ignore,1
poll,poll,1
existence,existence,2
chiller,chiller,1
crew,crew,2
landslide,landslide,1
future,future,5
per,per,1
paradise,paradise,1
watching,watching,1
perfection,perfection,1
unique,unique,1
often,often,1
rep,rep,1
afternoon,afternoon,1
rest,rest,1
holy,holy,1
aware,aware,2
animal,animal,1
crossing,crossing,1
relate,relate,2
unless,unless,1
store,store,1
investment,investment,1
creepy,creepy,1
stalker,stalker,1
wear,wear,1
receive,receive,1
lossless,lossless,1
masterpiece,masterpiece,3
temporarily,temporarily,1
limited,limited,1
number,number,1
absolute,absolute,3
twosome,twosome,1
disrespect,disrespect,1
extremely,extremely,1
water,water,1
consumption,consumption,1
blue,blue,1
area,area,2
surely,surely,1
history,history,2
vote,vote,7
problem,problem,1
impossible,impossible,1
possible,possible,4
version,version,1
difficult,difficult,1
discovery,discovery,2
record,record,2
note,note,2
inform,inform,1
enter,enter,1
competition,competition,2
pretend,pretend,1
shame,shame,2
curse,curse,1
break,break,3
shoot,shoot,1
angle,angle,1
occur,occur,1
exact,exact,1
hex,hex,1
colour,colour,2
interested,interested,1
call,call,2
fashion,fashion,1
kim,kim,2
camp,camp,1
craziness,craziness,1
core,core,2
pronounce,pronounce,2
smile,smile,2
tough,tough,2
choice,choice,3
behind,behind,1
therefore,therefore,2
circle,circle,2
prop,prop,2
insight,insight,1
market,market,1
contact,contact,1
journey,journey,1
ah,ah,1
participate,participate,2
gala,gala,1
teacher,teacher,1
genius,genius,1
forever,forever,2
jump,jump,1
goddaughter,goddaughter,1
strength,strength,1
overcome,overcome,1
grief,grief,1
importantly,importantly,1
accommodate,accommodate,1
truly,truly,1
forget,forget,4
suppose,suppose,2
favorite,favorite,2
nope,nope,1
knit,knit,2
image,image,1
eat,eat,2
maximum,maximum,1
spinal,spinal,1
tap,tap,1
meanwhile,meanwhile,1
exhaust,exhaust,1
wo,wo,1
multiply,multiply,1
household,household,1
ho,ho,2
twitch,twitch,1
anthem,anthem,1
honor,honor,1
superhero,superhero,1
clap,clap,1
learning,learning,2
wi,wi,1
fraid,fraid,1
obvious,obvious,1
defeat,defeat,1
oppose,oppose,2
previous,previous,1
creativity,creativity,1
panel,panel,1
touch,touch,1
public,public,1
gift,gift,1
three,three,1
link,link,1
woke,woke,1
married,married,1
hidden,hidden,1
treasure,treasure,1
fully,fully,1
stunning,stunning,1
state,state,1
fi,fi,1
relative,relative,1
subtle,subtle,1
interpretation,interpretation,1
chocolate,chocolate,1
romantic,romantic,1
storytelling,storytelling,1
trilogy,trilogy,1
thrill,thrill,1
parenthood,parenthood,1
strong,strong,2
relationship,relationship,1
nonstop,nonstop,1
bop,bop,2
meant,meant,1
click,click,1
el,el,1
casse,casse,2
destiny,destiny,1
opinion,opinion,1
sage,sage,1
gladly,gladly,1
technically,technically,1
land,land,1
whilst,whilst,3
toast,toast,1
anecdote,anecdote,1
recite,recite,1
metal,metal,1
thread,thread,1
woman,woman,1
rocket,rocket,1
league,league,1
pal,pal,3
half,half,2
key,key,1
tar,tar,1
training,training,1
word,word,1
joe,joe,1
legit,legit,1
arcade,arcade,1
reveal,reveal,1
contract,contract,1
onto,onto,1
crush,crush,1
went,went,1
pound,pound,1
intelligent,intelligent,1
quality,quality,1
karaoke,karaoke,1
tee,tee,1
monetary,monetary,1
conversion,conversion,1
cycle,cycle,1
continue,continue,2
sweat,sweat,1
insert,insert,1
cos,cos,1
likely,likely,1
cardigan,cardigan,1
fell,fell,1
ye,ye,2
bleed,bleed,1
culture,culture,1
pansexual,pansexual,1
mark,mark,1
strawberry,strawberry,1
told,told,1
awful,awful,1
bleak,bleak,1
performer,performer,1
identical,identical,1
sort,sort,1
item,item,1
trap,trap,1
gim,gim,1
quiz,quiz,1
gif,gif,2
ultimately,ultimately,1
summon,summon,1
determine,determine,1
previously,previously,1
brit,brit,1
progress,progress,1
content,content,1
poor,poor,1
study,study,1
crazy,crazy,1
possibly,possibly,1
tha,tha,1
humor,humor,1
die,die,1
explode,explode,1
organize,organize,1
hilarious,hilarious,1
entertainment,entertainment,2
correction,correction,1
wake,wake,2
fuel,fuel,1
honest,honest,1
soothing,soothing,1
anti,anti,1
anxiety,anxiety,1
relatable,relatable,1
justice,justice,1
black,black,1
movement,movement,1
apparent,apparent,1
scam,scam,1
e,e,1
traduction,traduction,1
rapper,rapper,1
instant,instant,1
recognition,recognition,1
de,de,2
dog,dog,1
taught,taught,1
innocently,innocently,1
sang,sang,2
pink,pink,1
forename,forename,1
daddy,daddy,2
given,given,1
effort,effort,1
semi,semi,1
confirmed,confirmed,1
deaf,deaf,1
condition,condition,1
street,street,1
ride,ride,1
bike,bike,1
subway,subway,1
tad,tad,1
episode,episode,2
background,background,1
noise,noise,1
opener,opener,1
interlude,interlude,1
honesty,honesty,1
disappointed,disappointed,1
ten,ten,1
aka,aka,1
rid,rid,1
wave,wave,1
wholesomeness,wholesomeness,1
anyway,anyway,1
unfortunately,unfortunately,1
international,international,1
joint,joint,1
pot,pot,1
noodle,noodle,1
kudos,kudos,1
role,role,1
presence,presence,1
ka,ka,1
ancestral,ancestral,1
fulfill,fulfill,1
campaign,campaign,1
underway,underway,1
recovery,recovery,1
arm,arm,1
supple,supple,1
prevent,prevent,1
muscle,muscle,1
pain,pain,1
vaccination,vaccination,1
concentrate,concentrate,1
brain,brain,1
member,member,1
loving,loving,1
assume,assume,1
flash,flash,1
obsolete,obsolete,1
seat,seat,1
rehearsal,rehearsal,1
gym,gym,1
pokey,pokey,1
tie,tie,1
grow,grow,1
easily,easily,1
joyful,joyful,1
outside,outside,1
continent,continent,1
lamp,lamp,1
copped,copped,1
silly,silly,1
volume,volume,1
barely,barely,1
plan,plan,1
controversy,controversy,1
isolating,isolating,1
hotel,hotel,1
sentiment,sentiment,1
awe,awe,1
pride,pride,1
vision,vision,1
invite,invite,1
familiar,familiar,1
factor,factor,1
toy,toy,1
western,western,1
flag,flag,1
phrase,phrase,1
child,child,1
catchy,catchy,1
p,p,1
wedding,wedding,1
award,award,1
broadcast,broadcast,1
refresh,refresh,1
terrific,terrific,1
killing,killing,1
