Id,Label,Count
probably,probably,19
small,small,10
venue,venue,12
p,p,10
would,would,222
try,try,58
buy,buy,88
ticket,ticket,22
day,day,94
late,late,13
fun,fun,68
hopefully,hopefully,33
upgrade,upgrade,6
show,show,143
one,one,258
hint,hint,3
oh,oh,101
yeah,yeah,44
thats,thats,6
sorry,sorry,158
come,come,321
page,page,7
listen,listen,52
think,think,255
song,song,575
right,right,87
honestly,honestly,25
please,please,199
consider,consider,14
point,point,20
deserve,deserve,203
perform,perform,181
live,live,303
world,world,53
need,need,145
see,see,619
definitely,definitely,66
keep,keep,114
eye,eye,3
whatever,whatever,25
next,next,336
though,though,92
hooked,hooked,2
another,another,54
year,year,709
contest,contest,66
deserved,deserved,22
win,win,670
top,top,85
great,great,309
two,two,77
big,big,97
five,five,6
leave,leave,19
side,side,12
board,board,7
like,like,269
seriously,seriously,23
sell,sell,58
already,already,98
curator,curator,2
special,special,20
find,find,55
either,either,21
chance,chance,38
u,u,219
king,king,33
get,get,653
well,well,497
happy,happy,171
marriage,marriage,2
birthday,birthday,13
huge,huge,33
fan,fan,60
ton,ton,2
want,want,129
incredibly,incredibly,11
sweet,sweet,15
funky,funky,12
tribute,tribute,7
wife,wife,34
admit,admit,5
prefer,prefer,7
last,last,322
wonderful,wonderful,35
much,much,283
book,book,49
june,june,81
really,really,208
excite,excite,79
thank,thank,274
touring,touring,3
glad,glad,52
finish,finish,17
tho,tho,20
unpredictable,unpredictable,1
say,say,96
entry,entry,99
never,never,74
mother,mother,4
nation,nation,1
lose,lose,14
cool,cool,62
thing,thing,79
family,family,51
affair,affair,1
lucky,lucky,10
absolutely,absolutely,149
every,every,49
second,second,57
performance,performance,276
fantastic,fantastic,67
watch,watch,147
documentary,documentary,3
new,new,149
amount,amount,1
work,work,79
computer,computer,3
game,game,15
make,make,288
time,time,339
round,round,7
talk,talk,12
country,country,56
dig,dig,5
music,music,162
bit,bit,42
honest,honest,4
believe,believe,32
badly,badly,4
dis,dis,1
jay,jay,4
also,also,126
brilliant,brilliant,88
track,track,21
counting,counting,4
back,back,94
love,love,1121
shut,shut,6
house,house,36
look,look,107
scream,scream,5
do,do,130
go,go,532
iceland,iceland,1177
flag,flag,28
loving,loving,24
history,history,15
take,take,125
part,part,71
without,without,40
still,still,277
future,future,34
band,band,126
member,member,39
k,k,4
people,people,96
separating,separating,1
number,number,51
full,full,24
stop,stop,43
sense,sense,10
decimal,decimal,1
far,far,64
favorite,favorite,38
past,past,13
month,month,8
stow,stow,1
away,away,25
something,something,40
send,send,60
husband,husband,9
anniversary,anniversary,5
adopt,adopt,2
men,men,7
may,may,50
grin,grin,2
mad,mad,13
first,first,150
place,place,105
level,level,11
stuff,stuff,21
good,good,602
luck,luck,399
catch,catch,20
amaze,amaze,168
hum,hum,2
obviously,obviously,23
winner,winner,173
dad,dad,18
legend,legend,23
could,could,128
amazing,amazing,147
job,job,32
chatter,chatter,1
ever,ever,91
living,living,11
landslide,landslide,4
ahead,ahead,16
enter,enter,12
original,original,6
x,x,106
non,non,5
listening,listening,5
join,join,14
dance,dance,116
troupe,troupe,1
iconic,iconic,29
whose,whose,5
calling,calling,5
wait,wait,233
minute,minute,8
actor,actor,2
especially,especially,21
silent,silent,1
bob,bob,1
dogma,dogma,1
miss,miss,22
towards,towards,7
despite,despite,19
end,end,36
result,result,47
vision,vision,3
instant,instant,1
subjective,subjective,1
thought,thought,11
anywhere,anywhere,5
bass,bass,4
line,line,9
constantly,constantly,1
guitar,guitar,5
dull,dull,1
play,play,50
solo,solo,1
poor,poor,14
musically,musically,1
nothing,nothing,28
interesting,interesting,2
idea,idea,15
famous,famous,2
rock,rock,33
jury,jury,28
reopen,reopen,1
plot,plot,2
tree,tree,1
secret,secret,1
video,video,65
easily,easily,6
passionate,passionate,2
best,best,415
boring,boring,3
ballad,ballad,1
clear,clear,13
style,style,17
groove,groove,1
inspire,inspire,4
protection,protection,1
assumption,assumption,1
crystal,crystal,4
occasionally,occasionally,1
shop,shop,8
home,home,33
sometimes,sometimes,3
sure,sure,97
theory,theory,1
always,always,82
assume,assume,5
name,name,23
blast,blast,4
someone,someone,31
tube,tube,3
feel,feel,103
doc,doc,1
lovely,lovely,41
san,san,25
even,even,154
story,story,13
adore,adore,15
scoreboard,scoreboard,4
notice,notice,7
fra,fra,2
everything,everything,94
although,although,23
crazy,crazy,18
indeed,indeed,9
tweet,tweet,25
twitter,twitter,23
offensive,offensive,1
content,content,5
long,long,39
way,way,104
guess,guess,35
forever,forever,29
later,later,28
behold,behold,1
power,power,12
fusion,fusion,3
circle,circle,4
happen,happen,38
nice,nice,58
rhythm,rhythm,3
brush,brush,1
teeth,teeth,8
ding,ding,48
wrong,wrong,17
evening,evening,15
gun,gun,1
saliva,saliva,1
rage,rage,3
machine,machine,8
unusual,unusual,2
patch,patch,1
put,put,43
little,little,40
effort,effort,8
act,act,35
spot,spot,17
stellar,stellar,1
journey,journey,16
hi,hi,31
know,know,182
musician,musician,8
extra,extra,14
available,available,18
rest,rest,41
choir,choir,50
hope,hope,393
feeling,feeling,18
follow,follow,36
kim,kim,1
singer,singer,4
writer,writer,1
performer,performer,3
relate,relate,4
sibling,sibling,2
straight,straight,2
hard,hard,39
head,head,25
uniqueness,uniqueness,1
group,group,57
knit,knit,8
must,must,39
involve,involve,4
somehow,somehow,6
spirit,spirit,15
animal,animal,1
crossing,crossing,4
island,island,18
night,night,137
genuinely,genuinely,21
early,early,8
pandemic,pandemic,15
goofy,goofy,2
awesome,awesome,118
stole,stole,4
let,let,137
pick,pick,14
harshly,harshly,4
twenty,twenty,4
six,six,8
baby,baby,18
ten,ten,15
magic,magic,5
silly,silly,3
funny,funny,16
pretty,pretty,35
joy,joy,49
bring,bring,34
repeat,repeat,18
f,f,10
dong,dong,47
scroll,scroll,1
cheese,cheese,2
thankful,thankful,1
contribution,contribution,4
forward,forward,79
tour,tour,93
appear,appear,4
reminder,reminder,13
old,old,38
album,album,23
hear,hear,88
cute,cute,24
pic,pic,7
imagine,imagine,19
dude,dude,9
daughter,daughter,16
visit,visit,16
reason,reason,14
vote,vote,632
celebrate,celebrate,7
guinea,guinea,1
heart,heart,118
happiness,happiness,8
enjoy,enjoy,52
stuck,stuck,5
check,check,27
till,till,3
hello,hello,14
sound,sound,8
exactly,exactly,12
jumper,jumper,34
thunderstorm,thunderstorm,4
subscribe,subscribe,4
channel,channel,10
person,person,36
ear,ear,6
body,body,3
else,else,42
pregnancy,pregnancy,2
previous,previous,5
sincere,sincere,1
honesty,honesty,1
yesterday,yesterday,17
entertain,entertain,7
piece,piece,4
art,art,6
thanks,thanks,76
many,many,69
perspective,perspective,2
humour,humour,3
decision,decision,7
together,together,35
stay,stay,129
safe,safe,116
absolute,absolute,42
viva,viva,2
mark,mark,4
week,week,50
cheer,cheer,36
morning,morning,27
mile,mile,8
hey,hey,36
location,location,1
concert,concert,30
use,use,40
note,note,3
us,us,30
welcome,welcome,61
totally,totally,36
shame,shame,49
experience,experience,18
looking,looking,26
rehearsal,rehearsal,75
record,record,27
semi,semi,87
final,final,242
due,due,28
covid,covid,107
infection,infection,5
tonight,tonight,337
loop,loop,7
city,city,4
beautiful,beautiful,32
default,default,1
alarm,alarm,4
trophy,trophy,27
add,add,23
grey,grey,2
mike,mike,3
man,man,38
nail,nail,5
polish,polish,1
hearts,hearts,10
maybe,maybe,49
cover,cover,27
mir,mir,1
support,support,121
lots,lots,19
across,across,9
sing,sing,55
today,today,75
whereas,whereas,1
remember,remember,23
single,single,13
flat,flat,5
mate,mate,17
hearing,hearing,5
yea,yea,3
tomorrow,tomorrow,100
office,office,2
since,since,44
wonder,wonder,16
possibility,possibility,4
learn,learn,20
eligible,eligible,1
citizenship,citizenship,3
uplift,uplift,2
fascinate,fascinate,11
bunch,bunch,8
course,course,43
talent,talent,20
fair,fair,14
da,da,4
actually,actually,41
excellent,excellent,21
knew,knew,11
improve,improve,2
run,run,14
routine,routine,9
epic,epic,19
dope,dope,2
provide,provide,4
bop,bop,17
fabulous,fabulous,14
soon,soon,103
give,give,115
fly,fly,7
pansexual,pansexual,13
pride,pride,9
understand,understand,14
public,public,13
sad,sad,124
anyway,anyway,35
become,become,14
challenge,challenge,6
smile,smile,33
lot,lot,70
hold,hold,4
courtesy,courtesy,1
gang,gang,15
forgot,forgot,6
minor,minor,1
thrill,thrill,1
onto,onto,2
account,account,14
saw,saw,23
gig,gig,22
everyone,everyone,97
preform,preform,3
afternoon,afternoon,6
around,around,17
russia,russia,21
delight,delight,5
host,host,16
drop,drop,9
vinyl,vinyl,18
universe,universe,8
case,case,12
form,form,10
consideration,consideration,2
banger,banger,28
party,party,24
tag,tag,4
creative,creative,6
row,row,19
middle,middle,1
east,east,4
base,base,8
crown,crown,13
catchy,catchy,23
instantly,instantly,2
official,official,17
mine,mine,23
catching,catching,1
bag,bag,4
household,household,9
glimmer,glimmer,1
nod,nod,2
film,film,12
heartbroken,heartbroken,15
positively,positively,2
hate,hate,14
exception,exception,3
positive,positive,97
canada,canada,19
bub,bub,1
york,york,15
march,march,22
total,total,11
class,class,12
made,made,8
high,high,24
fact,fact,14
seeing,seeing,9
utterly,utterly,9
joyful,joyful,8
success,success,7
fluke,fluke,1
repertoire,repertoire,1
real,real,59
tutorial,tutorial,9
mandatory,mandatory,2
dutch,dutch,12
school,school,8
curriculum,curriculum,1
respect,respect,8
excited,excited,27
opportunity,opportunity,14
certainly,certainly,5
nil,nil,8
yes,yes,149
disagree,disagree,2
major,major,2
open,open,12
least,least,48
wholesome,wholesome,13
behind,behind,16
breath,breath,3
fresh,fresh,2
air,air,6
earnest,earnest,1
corporate,corporate,1
artificiality,artificiality,1
unique,unique,10
black,black,8
mamba,mamba,5
date,date,11
sore,sore,1
frazer,frazer,1
free,free,15
pour,pour,2
suspect,suspect,2
responsible,responsible,1
booking,booking,2
child,child,7
ahum,ahum,1
order,order,31
store,store,4
face,face,28
version,version,17
design,design,7
hook,hook,3
ga,ga,1
detour,detour,1
theme,theme,2
ill,ill,7
pas,pas,4
sit,sit,9
compulsively,compulsively,1
bed,bed,6
return,return,8
cost,cost,4
singing,singing,7
dramatic,dramatic,3
audience,audience,13
change,change,13
low,low,8
picture,picture,10
pan,pan,9
post,post,19
three,three,26
turn,turn,13
seem,seem,10
wish,wish,103
barcelona,barcelona,5
life,life,56
added,added,2
crowd,crowd,11
wild,wild,7
pyro,pyro,2
perfect,perfect,36
scored,scored,1
bad,bad,50
radio,radio,12
summer,summer,8
tiny,tiny,5
warm,warm,10
highlight,highlight,7
desert,desert,1
discussion,discussion,1
r,r,6
purely,purely,1
political,political,6
less,less,9
otherwise,otherwise,8
bridge,bridge,2
punch,punch,1
directly,directly,3
competition,competition,26
personal,personal,4
taste,taste,8
quality,quality,9
overall,overall,5
screw,screw,3
tune,tune,35
cousin,cousin,2
completely,completely,12
cross,cross,59
stitching,stitching,1
stoic,stoic,1
sweater,sweater,22
eighteen,eighteen,1
root,root,4
however,however,14
gym,gym,1
implode,implode,1
volume,volume,2
print,print,6
article,article,4
frame,frame,1
room,room,46
load,load,3
tasteful,tasteful,1
yet,yet,31
price,price,3
range,range,5
memorabilia,memorabilia,1
close,close,22
sign,sign,5
ad,ad,2
tell,tell,48
career,career,10
capacity,capacity,1
promise,promise,7
punk,punk,2
fest,fest,1
calendar,calendar,1
blame,blame,4
according,according,2
fund,fund,1
sticker,sticker,2
inspired,inspired,2
fish,fish,1
better,better,14
booked,booked,6
icon,icon,6
glass,glass,3
interest,interest,5
merch,merch,8
profile,profile,8
protest,protest,1
burst,burst,2
heck,heck,7
voting,voting,102
hit,hit,19
unfortunately,unfortunately,10
upcoming,upcoming,3
attend,attend,10
situation,situation,9
got,got,45
blue,blue,7
hair,hair,8
friend,friend,16
showing,showing,5
pansexuality,pansexuality,1
quite,quite,25
stag,stag,8
shaky,shaky,1
camera,camera,2
aside,aside,4
score,score,13
categorically,categorically,1
fade,fade,1
obscurity,obscurity,1
general,general,8
project,project,1
whole,whole,51
team,team,73
promote,promote,2
matter,matter,26
convince,convince,8
appreciate,appreciate,10
fam,fam,3
session,session,2
brand,brand,6
sympathy,sympathy,5
roundhouse,roundhouse,14
anyone,anyone,34
prize,prize,5
ditto,ditto,1
daft,daft,3
ago,ago,16
discover,discover,9
continue,continue,8
possible,possible,12
decent,decent,9
kind,kind,18
loyal,loyal,2
talented,talented,15
market,market,2
following,following,3
craziness,craziness,1
cannot,cannot,37
euphoria,euphoria,2
voice,voice,16
simply,simply,10
twice,twice,29
creativity,creativity,2
choreography,choreography,7
incredible,incredible,41
triumph,triumph,1
usually,usually,3
mind,mind,15
chorus,chorus,4
unlike,unlike,2
vocal,vocal,3
optional,optional,1
refresh,refresh,2
positivity,positivity,3
third,third,6
wishing,wishing,46
rough,rough,1
ha,ha,4
hop,hop,4
adventure,adventure,4
wherever,wherever,3
translation,translation,1
aw,aw,8
witch,witch,2
cartoon,cartoon,1
stage,stage,76
rethink,rethink,1
strategy,strategy,1
lazy,lazy,2
staging,staging,4
ball,ball,3
glory,glory,1
mean,mean,41
tried,tried,7
accord,accord,2
text,text,2
receive,receive,4
rip,rip,3
break,break,12
ready,ready,51
ride,ride,8
corona,corona,4
list,list,18
none,none,11
gorgeous,gorgeous,6
production,production,4
dream,dream,23
invite,invite,5
hardly,hardly,3
speak,speak,10
pair,pair,2
worth,worth,25
honor,honor,5
guest,guest,3
accept,accept,4
gem,gem,3
fourth,fourth,20
type,type,3
unlucky,unlucky,2
delightfully,delightfully,2
quirky,quirky,10
novelty,novelty,2
explain,explain,8
born,born,2
limelight,limelight,1
phenomenal,phenomenal,7
fell,fell,4
charm,charm,3
constant,constant,3
humor,humor,2
attitude,attitude,4
brighten,brighten,1
somewhere,somewhere,3
degree,degree,1
piano,piano,7
interview,interview,6
ser,ser,1
fire,fire,11
saga,saga,8
deep,deep,4
dive,dive,1
beat,beat,13
remind,remind,3
ta,ta,2
regular,regular,1
mali,mali,1
super,super,30
energy,energy,9
nova,nova,1
scotia,scotia,1
guy,guy,23
true,true,36
finally,finally,36
holden,holden,1
wardrobe,wardrobe,1
element,element,1
health,health,31
fascinating,fascinating,7
sent,sent,1
symbolic,symbolic,2
couple,couple,15
damn,damn,25
dare,dare,1
unforgettable,unforgettable,2
woke,woke,2
share,share,6
arrival,arrival,2
trip,trip,10
hotel,hotel,33
onwards,onwards,2
color,color,3
server,server,1
cheering,cheering,23
god,god,29
answer,answer,5
international,international,7
sensation,sensation,8
via,via,14
bet,bet,22
everybody,everybody,13
remix,remix,27
plus,plus,6
fame,fame,4
adoration,adoration,1
might,might,36
money,money,10
mold,mold,1
sec,sec,1
rubbish,rubbish,5
truly,truly,16
important,important,20
question,question,17
decide,decide,11
write,write,12
lasting,lasting,1
outcome,outcome,5
enough,enough,30
successfully,successfully,1
technically,technically,3
praise,praise,1
spare,spare,3
translate,translate,1
het,het,1
bill,bill,6
wed,wed,4
tip,tip,2
jealous,jealous,5
ski,ski,1
rep,rep,1
land,land,4
nearly,nearly,9
tomboy,tomboy,1
talking,talking,2
moderator,moderator,1
coverage,coverage,1
selection,selection,1
w,w,6
executive,executive,1
producer,producer,2
ashamed,ashamed,2
stand,stand,14
announce,announce,5
fake,fake,4
peak,peak,1
agree,agree,26
literally,literally,28
screen,screen,9
boom,boom,1
moment,moment,34
finland,finland,61
opinion,opinion,7
c,c,16
paint,paint,2
representation,representation,7
apparently,apparently,6
maniac,maniac,1
mansion,mansion,1
slept,slept,1
release,release,10
exhaust,exhaust,1
sleep,sleep,9
forget,forget,12
nul,nul,1
injustice,injustice,1
fandom,fandom,1
front,front,12
quick,quick,14
tall,tall,5
agreed,agreed,9
weekend,weekend,17
trying,trying,4
comfortably,comfortably,1
able,able,56
doubt,doubt,15
whilst,whilst,10
sofa,sofa,6
measure,measure,1
titanic,titanic,1
status,status,1
worthy,worthy,9
faith,faith,4
humanity,humanity,2
joyous,joyous,5
frozen,frozen,2
supermarket,supermarket,1
billion,billion,3
minus,minus,2
infinity,infinity,1
combine,combine,9
brain,brain,1
brushing,brushing,3
sandy,sandy,1
speed,speed,3
disappointed,disappointed,7
victorious,victorious,1
clearly,clearly,6
ye,ye,16
unofficially,unofficially,1
deadline,deadline,1
move,move,12
berlin,berlin,5
fault,fault,5
strong,strong,28
language,language,4
dinner,dinner,5
pub,pub,2
spent,spent,5
company,company,9
chat,chat,1
collaboration,collaboration,6
awful,awful,9
bland,bland,1
madness,madness,3
adorable,adorable,9
easy,easy,4
exact,exact,2
gif,gif,3
reassure,reassure,1
bittersweet,bittersweet,1
doable,doable,1
ah,ah,18
read,read,12
properly,properly,7
different,different,17
asleep,asleep,2
congratulation,congratulation,2
placement,placement,7
genius,genius,11
generic,generic,1
pop,pop,16
insanity,insanity,1
pure,pure,27
embarrassed,embarrassed,1
german,german,5
worse,worse,2
grand,grand,44
sold,sold,6
impatiently,impatiently,1
meanwhile,meanwhile,2
prepare,prepare,4
meant,meant,1
several,several,6
maximum,maximum,3
select,select,1
eu,eu,1
citizen,citizen,1
binge,binge,1
stream,stream,10
loud,loud,5
terrible,terrible,7
balance,balance,2
mug,mug,3
offer,offer,1
preference,preference,1
link,link,9
awake,awake,4
bite,bite,2
laugh,laugh,6
j,j,2
authentic,authentic,2
beastie,beastie,1
custom,custom,1
sexy,sexy,1
unanimously,unanimously,1
phrase,phrase,1
throughout,throughout,2
normally,normally,6
couch,couch,7
obvious,obvious,4
hatred,hatred,1
impressive,impressive,5
random,random,5
trivia,trivia,1
finisher,finisher,2
consecutive,consecutive,2
roll,roll,10
dancing,dancing,9
h,h,5
la,la,18
travesty,travesty,4
remain,remain,6
prop,prop,5
entire,entire,15
upon,upon,2
previously,previously,1
brought,brought,5
sir,sir,9
gold,gold,8
earn,earn,4
deal,deal,8
silver,silver,2
diamond,diamond,2
mining,mining,2
meeting,meeting,4
ur,ur,12
loser,loser,1
nick,nick,1
berry,berry,1
compete,compete,22
si,si,3
food,food,7
solid,solid,1
rank,rank,3
bright,bright,3
heartily,heartily,1
coming,coming,8
personally,personally,8
generally,generally,4
tad,tad,1
tacky,tacky,1
pleasantly,pleasantly,1
immediate,immediate,1
musical,musical,7
moon,moon,3
club,club,6
horny,horny,1
prevent,prevent,3
learning,learning,2
healthy,healthy,40
anything,anything,25
legendary,legendary,5
medium,medium,5
feat,feat,4
star,star,15
walk,walk,7
rate,rate,1
legit,legit,5
circular,circular,15
short,short,3
popular,popular,4
colorado,colorado,2
call,call,17
clip,clip,8
choral,choral,1
quarantine,quarantine,10
along,along,36
hell,hell,17
hot,hot,13
meet,meet,7
rapper,rapper,2
alike,alike,1
felt,felt,8
sift,sift,1
contestant,contestant,2
test,test,90
almost,almost,15
compliment,compliment,2
meaningful,meaningful,1
beer,beer,5
perfectly,perfectly,6
higher,higher,2
ya,ya,13
said,said,4
applaud,applaud,1
participate,participate,4
historically,historically,1
prove,prove,5
rocket,rocket,2
fae,fae,1
sunshine,sunshine,1
cause,cause,12
apartment,apartment,2
respectable,respectable,7
border,border,1
gave,gave,1
pay,pay,5
fluent,fluent,1
individual,individual,1
chop,chop,1
liver,liver,1
certain,certain,4
surely,surely,10
presentation,presentation,2
drag,drag,2
queen,queen,14
volcano,volcano,4
rule,rule,4
news,news,67
repetitive,repetitive,1
sang,sang,1
zing,zing,1
speedy,speedy,19
recovery,recovery,31
infect,infect,4
officially,officially,7
tape,tape,10
extremely,extremely,5
virtual,virtual,17
phone,phone,22
disappoint,disappoint,10
smashing,smashing,1
chap,chap,2
frankly,frankly,1
self,self,4
produce,produce,4
electronic,electronic,2
fellow,fellow,4
eternally,eternally,1
grateful,grateful,4
easier,easier,1
assignment,assignment,1
victory,victory,10
se,se,2
dere,dere,1
freak,freak,1
waiting,waiting,7
merry,merry,2
tough,tough,8
winning,winning,7
finishing,finishing,1
warehouse,warehouse,1
japan,japan,1
exist,exist,2
busy,busy,8
cricket,cricket,1
dress,dress,9
comic,comic,1
con,con,2
bloody,bloody,22
memorable,memorable,2
someday,someday,5
brazil,brazil,7
outstanding,outstanding,3
instead,instead,16
crew,crew,8
recognition,recognition,4
whim,whim,1
feature,feature,2
yr,yr,2
insane,insane,6
twelve,twelve,3
learnt,learnt,5
foot,foot,1
shine,shine,2
singlehandedly,singlehandedly,1
start,start,31
campaign,campaign,4
bummer,bummer,2
developer,developer,2
landed,landed,1
police,police,2
shout,shout,12
mention,mention,6
kept,kept,2
son,son,9
chip,chip,7
kudos,kudos,3
understandable,understandable,2
weird,weird,11
travel,travel,6
sea,sea,1
cant,cant,14
giant,giant,3
teach,teach,6
mum,mum,8
convey,convey,1
beyond,beyond,8
care,care,63
as,as,4
bonus,bonus,2
represent,represent,13
road,road,2
hubby,hubby,3
ocean,ocean,1
turquoise,turquoise,1
immensely,immensely,4
south,south,6
nevertheless,nevertheless,4
president,president,4
national,national,1
v,v,11
n,n,6
shall,shall,6
easiness,easiness,1
going,going,8
near,near,4
mood,mood,9
finale,finale,7
tremendous,tremendous,2
earth,earth,1
lottery,lottery,2
teen,teen,3
hug,hug,12
artist,artist,25
review,review,1
motto,motto,1
making,making,8
trash,trash,2
dreadful,dreadful,3
lead,lead,3
sat,sat,5
angry,angry,2
ugly,ugly,1
cry,cry,18
distant,distant,1
schedule,schedule,1
build,build,4
modular,modular,1
importantly,importantly,2
genuine,genuine,2
main,main,8
strange,strange,6
generation,generation,2
clue,clue,1
crap,crap,7
dont,dont,10
worry,worry,12
coke,coke,1
bought,bought,14
horrible,horrible,2
stupid,stupid,4
exceptionally,exceptionally,1
moral,moral,1
giving,giving,1
eccentric,eccentric,1
notional,notional,1
regardless,regardless,11
buzz,buzz,5
wear,wear,10
uncanny,uncanny,1
effortless,effortless,1
watching,watching,22
announcement,announcement,2
dirty,dirty,2
banging,banging,2
zoom,zoom,4
concerned,concerned,2
didnt,didnt,6
lie,lie,2
hoped,hoped,1
brilliantly,brilliantly,4
waving,waving,2
broke,broke,1
rout,rout,7
dislocate,dislocate,1
knee,knee,1
caught,caught,4
sadly,sadly,3
perfecting,perfecting,1
breakfast,breakfast,4
roxy,roxy,2
set,set,18
rioting,rioting,3
entertaining,entertaining,1
postpone,postpone,2
straw,straw,1
reckon,reckon,7
staggering,staggering,1
rescue,rescue,4
clever,clever,5
buddy,buddy,4
million,million,8
considering,considering,3
motivation,motivation,1
apart,apart,4
education,education,1
loss,loss,1
belter,belter,1
choice,choice,16
spoiler,spoiler,2
alert,alert,2
exquisite,exquisite,1
diverse,diverse,2
clothes,clothes,4
isolation,isolation,5
disappointing,disappointing,6
square,square,3
particularly,particularly,3
bless,bless,7
petition,petition,3
green,green,23
achievement,achievement,2
limited,limited,2
folk,folk,2
glorious,glorious,4
message,message,15
amazingly,amazingly,3
correct,correct,4
tremendously,tremendously,1
difficult,difficult,12
force,force,4
ironically,ironically,1
access,access,2
thoroughly,thoroughly,3
enjoyable,enjoyable,3
sport,sport,2
cycling,cycling,1
factor,factor,3
zero,zero,4
judge,judge,4
count,count,14
came,came,1
yo,yo,4
gosh,gosh,3
spectacular,spectacular,5
everyday,everyday,3
pretend,pretend,3
movie,movie,2
disservice,disservice,1
joke,joke,3
whatsoever,whatsoever,1
expect,expect,7
hateful,hateful,1
delta,delta,2
betty,betty,2
outrageous,outrageous,1
fine,fine,21
shot,shot,6
ala,ala,2
angrily,angrily,1
decade,decade,8
overdue,overdue,1
nae,nae,1
nonetheless,nonetheless,1
en,en,3
handily,handily,1
beg,beg,2
politics,politics,1
soft,soft,6
collectively,collectively,1
red,red,2
swooning,swooning,1
floor,floor,1
fuming,fuming,1
coffee,coffee,2
happily,happily,3
ambassador,ambassador,1
bottom,bottom,2
mute,mute,1
button,button,6
avoid,avoid,2
grate,grate,2
jaunty,jaunty,1
brutal,brutal,2
system,system,5
horribly,horribly,1
bravo,bravo,3
metal,metal,4
wore,wore,1
lad,lad,1
guitarist,guitarist,1
blessing,blessing,1
magnificent,magnificent,6
position,position,3
dear,dear,7
choose,choose,11
done,done,13
credible,credible,1
sob,sob,3
allegiance,allegiance,1
dingdong,dingdong,2
er,er,2
term,term,1
internationally,internationally,1
reality,reality,1
appreciation,appreciation,5
riot,riot,14
street,street,2
nobody,nobody,8
wow,wow,43
justice,justice,10
belt,belt,1
unbelievable,unbelievable,2
pizza,pizza,2
deeply,deeply,3
emotional,emotional,13
ted,ted,3
fought,fought,2
mathematically,mathematically,1
wholesomeness,wholesomeness,2
exceptional,exceptional,5
accurate,accurate,4
bugger,bugger,3
suck,suck,2
massive,massive,14
woohoo,woohoo,6
stone,stone,2
cold,cold,5
classic,classic,6
tense,tense,1
presenter,presenter,1
romance,romance,1
suffer,suffer,3
word,word,5
basically,basically,4
classy,classy,1
response,response,3
four,four,9
handle,handle,3
nervous,nervous,3
stranger,stranger,1
fix,fix,3
ask,ask,12
pray,pray,4
elf,elf,3
regret,regret,4
bother,bother,1
ridiculous,ridiculous,2
bizarre,bizarre,1
le,le,2
whether,whether,7
bye,bye,1
somebody,somebody,6
nerve,nerve,1
rack,rack,2
irrespective,irrespective,2
gain,gain,2
dead,dead,3
martin,martin,1
highly,highly,3
northern,northern,3
champion,champion,6
prayer,prayer,1
sheer,sheer,1
unbridle,unbridle,1
sex,sex,1
steal,steal,6
cheap,cheap,3
automatically,automatically,3
solely,solely,1
pose,pose,1
discount,discount,1
gay,gay,1
protect,protect,2
spend,spend,6
winnable,winnable,1
mare,mare,1
pull,pull,3
viewer,viewer,3
site,site,4
relatable,relatable,1
behaviour,behaviour,1
inspiration,inspiration,3
season,season,2
lost,lost,3
daylight,daylight,1
robbery,robbery,1
boy,boy,5
keyboard,keyboard,8
babe,babe,2
e,e,3
tight,tight,1
race,race,1
pain,pain,1
partner,partner,7
donate,donate,2
legitimately,legitimately,1
annihilate,annihilate,1
disgusted,disgusted,1
soul,soul,5
collective,collective,1
bum,bum,7
wiggle,wiggle,3
bae,bae,1
swear,swear,4
kick,kick,2
poll,poll,2
bucket,bucket,2
item,item,1
tick,tick,2
fully,fully,6
intend,intend,2
rabbit,rabbit,2
hole,hole,2
favor,favor,2
surname,surname,1
cut,cut,3
swiss,swiss,2
phew,phew,4
noa,noa,1
quiet,quiet,2
cutie,cutie,2
curly,curly,1
except,except,3
streaming,streaming,1
distributed,distributed,1
competitor,competitor,2
identify,identify,1
per,per,4
tone,tone,3
lord,lord,3
mobile,mobile,4
fail,fail,2
cos,cos,1
eh,eh,4
lifetime,lifetime,1
grow,grow,4
pal,pal,3
oasis,oasis,1
limit,limit,6
extreme,extreme,4
foam,foam,1
double,double,4
surprise,surprise,5
sobbing,sobbing,1
connection,connection,3
dearly,dearly,1
standard,standard,5
gourd,gourd,1
eventually,eventually,5
confirm,confirm,5
wisely,wisely,2
trust,trust,3
precious,precious,2
penny,penny,1
yep,yep,10
unfollowed,unfollowed,1
mon,mon,12
inner,inner,3
took,took,2
manage,manage,2
bankrupt,bankrupt,1
birth,birth,2
unproblematic,unproblematic,2
wine,wine,3
spoken,spoken,3
former,former,3
serious,serious,7
spring,spring,5
begin,begin,6
harder,harder,1
beautifully,beautifully,2
terry,terry,2
boot,boot,2
field,field,3
watched,watched,4
intention,intention,1
activate,activate,2
bottle,bottle,1
champagne,champagne,2
dormant,dormant,1
election,election,1
half,half,4
local,local,6
bank,bank,2
freeze,freeze,1
sausage,sausage,2
thrice,thrice,2
times,times,1
particular,particular,6
twelfth,twelfth,1
engage,engage,2
burner,burner,1
update,update,2
accidentally,accidentally,3
purpose,purpose,1
remotely,remotely,3
mortgage,mortgage,1
mask,mask,2
dessert,dessert,1
bowl,bowl,4
block,block,2
west,west,1
resent,resent,1
cultural,cultural,1
misappropriation,misappropriation,1
recommend,recommend,2
monthly,monthly,1
premium,premium,1
rightly,rightly,1
mostly,mostly,5
arent,arent,2
bird,bird,1
custard,custard,1
van,van,2
sending,sending,53
aye,aye,7
establish,establish,1
natch,natch,1
destiny,destiny,2
podium,podium,1
majesty,majesty,1
pity,pity,5
preferable,preferable,1
example,example,3
slightly,slightly,4
prepared,prepared,2
issue,issue,2
confession,confession,1
bust,bust,1
twas,twas,2
willing,willing,2
addicted,addicted,1
cent,cent,1
besides,besides,2
goal,goal,1
toss,toss,1
triple,triple,2
quirkiness,quirkiness,2
marry,marry,4
used,used,2
cast,cast,4
altho,altho,1
superb,superb,7
thread,thread,2
sister,sister,8
plan,plan,2
ho,ho,1
multiple,multiple,4
assemble,assemble,1
often,often,2
gap,gap,1
comfort,comfort,1
understate,understate,1
relationship,relationship,3
topic,topic,1
legger,legger,2
apple,apple,4
juice,juice,2
orange,orange,1
submit,submit,2
landline,landline,3
confused,confused,1
notch,notch,1
pedro,pedro,1
father,father,4
throw,throw,7
crack,crack,1
reminiscent,reminiscent,1
kitchen,kitchen,1
quit,quit,1
introduction,introduction,1
murder,murder,2
taxi,taxi,1
garden,garden,4
repeatedly,repeatedly,3
impartial,impartial,1
view,view,1
apropos,apropos,1
microwave,microwave,1
meal,meal,2
slick,slick,1
ground,ground,3
shoot,shoot,1
state,state,3
hearted,hearted,2
impossibly,impossibly,2
gooseberry,gooseberry,1
undecided,undecided,1
salty,salty,1
provider,provider,1
shocker,shocker,1
light,light,5
thinking,thinking,4
dick,dick,1
wee,wee,1
went,went,5
elves,elves,4
united,united,7
kingdom,kingdom,3
anime,anime,2
crossover,crossover,2
girl,girl,6
skin,skin,2
buzzing,buzzing,2
plasticine,plasticine,1
stick,stick,11
bon,bon,2
al,al,2
zo,zo,2
help,help,19
smash,smash,7
tattoo,tattoo,4
doodle,doodle,2
ring,ring,4
expensive,expensive,2
excitedly,excitedly,1
outfit,outfit,5
actual,actual,9
touch,touch,3
lion,lion,1
sort,sort,9
commendation,commendation,1
poss,poss,1
stingy,stingy,1
devote,devote,1
blind,blind,3
bunny,bunny,1
hero,hero,3
evaluate,evaluate,1
handful,handful,1
uncrowned,uncrowned,1
engaged,engaged,1
pa,pa,1
ne,ne,2
entertainment,entertainment,2
league,league,2
chef,chef,2
kiss,kiss,3
hike,hike,1
alright,alright,5
perhaps,perhaps,3
within,within,5
debut,debut,6
sliver,sliver,1
emma,emma,2
unusually,unusually,1
congress,congress,1
anthem,anthem,5
ridiculously,ridiculously,2
proper,proper,7
kai,kai,1
camilla,camilla,1
remortgage,remortgage,1
notable,notable,1
unless,unless,3
nu,nu,1
romantic,romantic,2
dun,dun,2
social,social,3
presence,presence,1
cohesive,cohesive,1
increasingly,increasingly,1
reasonable,reasonable,1
brag,brag,1
tae,tae,1
goo,goo,2
ban,ban,1
script,script,1
stock,stock,2
currently,currently,3
stopping,stopping,1
rather,rather,7
waste,waste,2
interval,interval,5
abigail,abigail,1
unite,unite,4
supremacy,supremacy,3
mashing,mashing,1
generator,generator,1
interested,interested,2
daddy,daddy,7
possibly,possibly,2
cop,cop,2
impeccable,impeccable,1
nights,nights,1
circus,circus,1
code,code,5
neither,neither,2
getting,getting,10
palace,palace,1
crossed,crossed,10
g,g,2
comedy,comedy,2
usual,usual,5
basic,basic,1
hah,hah,1
claim,claim,3
background,background,3
spouse,spouse,2
giggle,giggle,1
reconsider,reconsider,1
vocalist,vocalist,2
ace,ace,7
pearl,pearl,1
backing,backing,6
glitter,glitter,1
studio,studio,2
push,push,2
model,model,2
digital,digital,4
designer,designer,1
suitable,suitable,1
repost,repost,1
safely,safely,3
consistent,consistent,1
wholeheartedly,wholeheartedly,2
lit,lit,3
snatch,snatch,1
sweetheart,sweetheart,1
corrupt,corrupt,1
cutting,cutting,1
difference,difference,4
yellow,yellow,1
refuse,refuse,1
fraud,fraud,1
canary,canary,1
service,service,3
poorly,poorly,2
holy,holy,3
bias,bias,2
unfair,unfair,11
advantage,advantage,3
development,development,1
beauty,beauty,2
essential,essential,1
gud,gud,1
alongside,alongside,2
visage,visage,1
crush,crush,5
based,based,1
feed,feed,4
north,north,4
branch,branch,1
truth,truth,4
dross,dross,1
tire,tire,2
utter,utter,4
tying,tying,1
scoring,scoring,1
negative,negative,41
garage,garage,3
promoter,promoter,1
perfection,perfection,3
statement,statement,4
panel,panel,1
tier,tier,3
dedication,dedication,1
ultimate,ultimate,2
finger,finger,4
catty,catty,1
annual,annual,2
curve,curve,2
shape,shape,2
slap,slap,2
church,church,1
youth,youth,1
average,average,3
jazz,jazz,1
connectable,connectable,1
supporting,supporting,6
whoo,whoo,1
matching,matching,1
endorse,endorse,2
furious,furious,2
idol,idol,1
image,image,2
treasure,treasure,3
b,b,5
imitative,imitative,1
secondary,secondary,1
whoever,whoever,13
shortly,shortly,1
burn,burn,1
suppose,suppose,4
augh,augh,1
darling,darling,3
funk,funk,6
solution,solution,1
alone,alone,8
replicate,replicate,1
split,split,2
personality,personality,1
farm,farm,2
co,co,2
save,save,5
pet,pet,1
committee,committee,1
camp,camp,2
meter,meter,1
request,request,2
lean,lean,2
wote,wote,1
ate,ate,1
rocking,rocking,2
geek,geek,4
chic,chic,1
unity,unity,1
frivolity,frivolity,1
period,period,4
step,step,4
closer,closer,2
din,din,1
flying,flying,1
appearance,appearance,6
photo,photo,6
theyre,theyre,1
interactivity,interactivity,1
detector,detector,1
detect,detect,1
react,react,2
connect,connect,2
hymn,hymn,1
sincerity,sincerity,1
declare,declare,2
gunning,gunning,1
ignore,ignore,1
astute,astute,1
present,present,2
laughing,laughing,1
drink,drink,6
ti,ti,1
royal,royal,2
seal,seal,2
approval,approval,1
em,em,4
fern,fern,2
search,search,2
sunny,sunny,2
size,size,2
dog,dog,9
intently,intently,1
title,title,3
pathetic,pathetic,2
area,area,2
television,television,5
dynamite,dynamite,2
viking,viking,3
thunderclap,thunderclap,1
worst,worst,2
debate,debate,2
settled,settled,1
large,large,3
glance,glance,1
reaction,reaction,9
hand,hand,5
falsify,falsify,1
sabotage,sabotage,1
squad,squad,1
distraction,distraction,1
logic,logic,1
til,til,2
firm,firm,1
unexpectedly,unexpectedly,1
awkward,awkward,5
shirt,shirt,9
praying,praying,3
yas,yas,6
bout,bout,1
halfway,halfway,1
wind,wind,7
agreeable,agreeable,1
professional,professional,2
dancer,dancer,1
hidden,hidden,1
hang,hang,1
sixth,sixth,1
consistently,consistently,1
champ,champ,3
rarity,rarity,1
identical,identical,1
imitation,imitation,1
flattery,flattery,1
unbiased,unbiased,1
scorer,scorer,1
politically,politically,1
neutral,neutral,1
rely,rely,2
hoodie,hoodie,2
pixilated,pixilated,1
lying,lying,2
oppose,oppose,1
boss,boss,2
oven,oven,1
boast,boast,1
hugely,hugely,2
smudge,smudge,1
crushing,crushing,1
intensely,intensely,1
monster,monster,5
suddenly,suddenly,1
outrage,outrage,1
slim,slim,2
lounge,lounge,1
stun,stun,1
event,event,4
laura,laura,1
infectiously,infectiously,1
impress,impress,1
observation,observation,1
memory,memory,3
mint,mint,2
tantrum,tantrum,1
graham,graham,1
commentary,commentary,1
el,el,1
cringe,cringe,1
cohort,cohort,1
credit,credit,1
woman,woman,2
effortlessly,effortlessly,2
revisit,revisit,1
graduation,graduation,1
strive,strive,1
park,park,1
whale,whale,1
frantic,frantic,1
cleaning,cleaning,1
poke,poke,1
quickly,quickly,5
unashamedly,unashamedly,1
left,left,4
groovy,groovy,5
entrance,entrance,1
moth,moth,1
betray,betray,1
government,government,1
shoe,shoe,2
dang,dang,1
reference,reference,1
flute,flute,1
photographer,photographer,1
hall,hall,3
queer,queer,2
aesthetic,aesthetic,2
crushed,crushed,3
unmeasurable,unmeasurable,1
forthcoming,forthcoming,1
complete,complete,1
sale,sale,44
chicken,chicken,1
key,key,3
opening,opening,4
brilliance,brilliance,2
fit,fit,10
young,young,2
create,create,4
cone,cone,1
study,study,2
copy,copy,4
masterpiece,masterpiece,3
inside,inside,4
arena,arena,13
accessible,accessible,1
sophisticated,sophisticated,1
raising,raising,1
delightful,delightful,1
character,character,1
upbeat,upbeat,2
aftermath,aftermath,2
beloved,beloved,2
kill,kill,5
scratch,scratch,2
practically,practically,1
hammer,hammer,1
tap,tap,4
superior,superior,3
tope,tope,2
drunk,drunk,2
barry,barry,1
white,white,1
smooth,smooth,1
broadcast,broadcast,5
togetherness,togetherness,1
headed,headed,1
plausible,plausible,1
primary,primary,1
glint,glint,1
mere,mere,1
swaggy,swaggy,1
water,water,1
complain,complain,1
emperor,emperor,1
curvy,curvy,2
hire,hire,1
bedroom,bedroom,1
pleasure,pleasure,3
killing,killing,2
savour,savour,1
napoleon,napoleon,1
continent,continent,1
struggling,struggling,1
taller,taller,1
spaniel,spaniel,1
breeze,breeze,1
excuse,excuse,4
similarly,similarly,1
convinced,convinced,1
declaration,declaration,1
business,business,2
unfortunate,unfortunate,3
odd,odd,1
erupt,erupt,1
absurd,absurd,1
match,match,4
wearing,wearing,1
homemade,homemade,3
supporter,supporter,1
downtown,downtown,1
exposure,exposure,1
launch,launch,3
eastern,eastern,2
similar,similar,2
torn,torn,2
unfairly,unfairly,1
turned,turned,2
missy,missy,1
hundred,hundred,2
bubble,bubble,4
necessarily,necessarily,1
availability,availability,2
war,war,1
china,china,1
taking,taking,2
dedicate,dedicate,1
penis,penis,1
heading,heading,2
disclosure,disclosure,1
posted,posted,1
disturb,disturb,1
drinking,drinking,1
astound,astound,1
painful,painful,1
hurt,hurt,3
numb,numb,1
drawn,drawn,1
sweepstake,sweepstake,1
stoker,stoker,1
award,award,1
nominate,nominate,2
solidarity,solidarity,4
car,car,5
ken,ken,2
portrait,portrait,1
limb,limb,1
obsession,obsession,1
wide,wide,3
pro,pro,1
instance,instance,1
ought,ought,1
staff,staff,2
global,global,4
afraid,afraid,4
false,false,16
compliant,compliant,1
fir,fir,1
giddy,giddy,1
portrayal,portrayal,2
aggressive,aggressive,2
incest,incest,2
facial,facial,1
lewis,lewis,1
morgan,morgan,1
abouts,abouts,1
panda,panda,1
technological,technological,1
furry,furry,2
compose,compose,2
magical,magical,4
unable,unable,3
trouble,trouble,2
min,min,1
warning,warning,1
footage,footage,12
driver,driver,1
socially,socially,1
permanently,permanently,3
action,action,1
fiance,fiance,2
fall,fall,2
dragon,dragon,1
unseemly,unseemly,1
quantity,quantity,1
brill,brill,2
practice,practice,4
paying,paying,1
bloke,bloke,2
zone,zone,2
preview,preview,1
incessantly,incessantly,1
potential,potential,3
tie,tie,1
curious,curious,3
scientist,scientist,1
quid,quid,1
string,string,2
arrangement,arrangement,3
detract,detract,1
pond,pond,1
behalf,behalf,2
celeste,celeste,1
section,section,1
viral,viral,9
remarkably,remarkably,1
football,football,2
invitation,invitation,1
hour,hour,12
outside,outside,2
door,door,2
cake,cake,1
blueberry,blueberry,1
rhubarb,rhubarb,1
jam,jam,4
mainly,mainly,1
normal,normal,4
likely,likely,6
stunning,stunning,2
starter,starter,1
kit,kit,2
kicking,kicking,1
rush,rush,2
woo,woo,6
fulfill,fulfill,1
sung,sung,1
sneak,sneak,2
throne,throne,1
splendid,splendid,1
eve,eve,1
firmly,firmly,1
worked,worked,1
infinite,infinite,1
bar,bar,3
och,och,1
death,death,1
tonite,tonite,1
carefully,carefully,1
control,control,2
roomie,roomie,1
hypnotic,hypnotic,1
threaten,threaten,2
theyll,theyll,1
collect,collect,3
valid,valid,2
wet,wet,1
arm,arm,4
satisfy,satisfy,1
holographic,holographic,1
believer,believer,1
submission,submission,2
troll,troll,1
horrific,horrific,1
paste,paste,2
diaper,diaper,1
omen,omen,2
length,length,2
anyhow,anyhow,1
gray,gray,1
subject,subject,1
worm,worm,2
sway,sway,1
niece,niece,4
chill,chill,5
human,human,1
standing,standing,1
checked,checked,1
seat,seat,1
hector,hector,1
rid,rid,3
jump,jump,3
pivot,pivot,1
paintbrush,paintbrush,1
pants,pants,1
jacket,jacket,1
whish,whish,1
reserve,reserve,1
luke,luke,1
delighted,delighted,5
jab,jab,1
alternative,alternative,1
chosen,chosen,2
vouch,vouch,1
negativity,negativity,1
context,context,1
enjoyer,enjoyer,1
freedom,freedom,1
miracle,miracle,2
delivery,delivery,1
headship,headship,1
timing,timing,2
reunion,reunion,1
pause,pause,2
scan,scan,1
atmosphere,atmosphere,1
hurry,hurry,1
dam,dam,2
forge,forge,1
undefeated,undefeated,1
plane,plane,3
fundamentally,fundamentally,1
breaking,breaking,1
historic,historic,2
afford,afford,1
remote,remote,2
edgy,edgy,1
minimum,minimum,2
error,error,1
appetizer,appetizer,1
amongst,amongst,1
alumni,alumni,1
extravaganza,extravaganza,1
colour,colour,1
aswell,aswell,2
wave,wave,2
ce,ce,1
storm,storm,4
cracker,cracker,1
ahoy,ahoy,5
rotation,rotation,1
prime,prime,1
syndrome,syndrome,1
everywhere,everywhere,5
useful,useful,2
information,information,3
immediately,immediately,3
surrealist,surrealist,1
supply,supply,1
burton,burton,1
candy,candy,1
appropriate,appropriate,3
chair,chair,1
um,um,1
robot,robot,3
belly,belly,1
population,population,1
unmissable,unmissable,2
indulge,indulge,1
draw,draw,4
brightening,brightening,1
frig,frig,1
continuously,continuously,1
stunt,stunt,1
likewise,likewise,1
lusk,lusk,1
hotly,hotly,1
quartet,quartet,2
sheet,sheet,2
powered,powered,1
aware,aware,1
nay,nay,3
greatly,greatly,2
fi,fi,1
occasion,occasion,1
unreal,unreal,1
found,found,3
demonstration,demonstration,1
genre,genre,1
miscarriage,miscarriage,1
apply,apply,1
supposedly,supposedly,1
autograph,autograph,1
evidence,evidence,1
academy,academy,3
unofficial,unofficial,7
explanation,explanation,1
bloom,bloom,1
canny,canny,1
collection,collection,1
prep,prep,2
printing,printing,1
wake,wake,1
bold,bold,1
practical,practical,2
beekeeping,beekeeping,1
arsenal,arsenal,1
age,age,2
impulse,impulse,2
octopus,octopus,1
cup,cup,2
lily,lily,1
toy,toy,1
puffin,puffin,1
box,box,1
pulley,pulley,1
logistical,logistical,1
stud,stud,1
yus,yus,1
replay,replay,1
wall,wall,2
jane,jane,1
amateur,amateur,1
advise,advise,1
sequence,sequence,1
nephew,nephew,1
oddly,oddly,1
advert,advert,2
guide,guide,1
detail,detail,2
bearable,bearable,1
controversially,controversially,1
advanced,advanced,1
ben,ben,4
morris,morris,1
tote,tote,1
graphic,graphic,1
column,column,1
told,told,2
hide,hide,1
luggage,luggage,1
greet,greet,1
voyager,voyager,1
becomes,becomes,1
somewhat,somewhat,1
colder,colder,1
exclusive,exclusive,2
cat,cat,1
audio,audio,1
friendship,friendship,3
alive,alive,1
leg,leg,3
desperate,desperate,2
knitting,knitting,1
communication,communication,1
chief,chief,2
similarity,similarity,1
wicked,wicked,1
equally,equally,2
pinball,pinball,1
eat,eat,6
legitimate,legitimate,2
certify,certify,1
marketing,marketing,1
deny,deny,1
tourist,tourist,1
destination,destination,1
unexpected,unexpected,3
drive,drive,2
desk,desk,1
theater,theater,1
deliver,deliver,2
powerful,powerful,4
warsaw,warsaw,7
spread,spread,5
classroom,classroom,1
dismissal,dismissal,1
nearby,nearby,1
clap,clap,2
aunt,aunt,1
vascular,vascular,1
dementia,dementia,1
warmed,warmed,1
village,village,1
confirmation,confirmation,2
drawback,drawback,1
independent,independent,2
entrant,entrant,1
quirk,quirk,1
authenticity,authenticity,1
simple,simple,3
tech,tech,1
disgust,disgust,1
evil,evil,1
cancel,cancel,1
grab,grab,1
virus,virus,9
convert,convert,1
impression,impression,1
preparation,preparation,1
buyable,buyable,1
playable,playable,1
click,click,2
afterwards,afterwards,1
cynicism,cynicism,1
snobbery,snobbery,1
lay,lay,3
feast,feast,1
semifinal,semifinal,6
successful,successful,1
wedding,wedding,1
shopping,shopping,1
train,train,2
belated,belated,1
gift,gift,4
vibrate,vibrate,1
silence,silence,1
phoebe,phoebe,1
bookshelf,bookshelf,1
overwhelm,overwhelm,1
demand,demand,2
faint,faint,1
luckily,luckily,2
costume,costume,1
inspirational,inspirational,1
direct,direct,1
affordable,affordable,1
wig,wig,1
broken,broken,1
chile,chile,4
contagious,contagious,4
greatness,greatness,1
simultaneously,simultaneously,1
delicious,delicious,2
sandwich,sandwich,1
barn,barn,1
cancellation,cancellation,3
diagnosis,diagnosis,2
tolerate,tolerate,1
electro,electro,2
delusional,delusional,1
press,press,8
conference,conference,5
native,native,1
humble,humble,2
payday,payday,1
microphone,microphone,1
misery,misery,1
stylus,stylus,1
desirable,desirable,1
disappointment,disappointment,4
tri,tri,1
data,data,1
atlas,atlas,1
dust,dust,1
killer,killer,1
flawless,flawless,3
running,running,3
strongly,strongly,1
colleague,colleague,1
squeeze,squeeze,3
electric,electric,1
sammy,sammy,1
harsh,harsh,2
grandmother,grandmother,3
hospital,hospital,1
tear,tear,1
necessary,necessary,2
fizz,fizz,1
weekly,weekly,2
output,output,1
amuse,amuse,1
reply,reply,2
include,include,4
among,among,2
ran,ran,1
yell,yell,1
qualify,qualify,27
logistics,logistics,1
bookmark,bookmark,1
hungry,hungry,1
luxury,luxury,1
reflective,reflective,1
heartless,heartless,1
celebration,celebration,6
height,height,2
empty,empty,1
noted,noted,1
gratification,gratification,1
fight,fight,6
inimitable,inimitable,1
undoubted,undoubted,1
ability,ability,1
teacher,teacher,2
enthusiast,enthusiast,1
awe,awe,1
commitment,commitment,1
heaven,heaven,2
casual,casual,1
beset,beset,1
chart,chart,1
mix,mix,3
mistake,mistake,1
community,community,4
bear,bear,2
lamp,lamp,1
dusting,dusting,1
tar,tar,1
crocheting,crocheting,1
cork,cork,2
liking,liking,1
republic,republic,1
cranky,cranky,1
impossible,impossible,2
describe,describe,1
indifferent,indifferent,1
prior,prior,1
delegation,delegation,13
determine,determine,1
shelf,shelf,1
sick,sick,5
fate,fate,1
fast,fast,4
cathedral,cathedral,2
vacation,vacation,1
tasting,tasting,1
entice,entice,1
visitor,visitor,1
contain,contain,2
excitement,excitement,6
un,un,3
galore,galore,1
agency,agency,2
heartfelt,heartfelt,1
tend,tend,1
acknowledge,acknowledge,1
succeed,succeed,1
pocket,pocket,1
fear,fear,1
town,town,1
dislike,dislike,1
nipper,nipper,1
dark,dark,3
casually,casually,1
upset,upset,4
suggest,suggest,1
celebratory,celebratory,1
aka,aka,3
therapeutic,therapeutic,1
decided,decided,1
modern,modern,1
subtly,subtly,1
effectively,effectively,1
fu,fu,2
sigh,sigh,1
relief,relief,2
ladies,ladies,1
domination,domination,1
ludicrously,ludicrously,1
hoot,hoot,2
august,august,1
thick,thick,1
upside,upside,1
qualification,qualification,5
seven,seven,1
huh,huh,4
space,space,3
sock,sock,1
stomp,stomp,1
sam,sam,1
politely,politely,1
correctly,correctly,2
avocado,avocado,1
disrespect,disrespect,1
pitch,pitch,1
platform,platform,2
current,current,1
process,process,1
karma,karma,2
beach,beach,2
anti,anti,1
taught,taught,1
spinning,spinning,1
devastator,devastator,1
strike,strike,3
priceless,priceless,1
embrace,embrace,2
lankiness,lankiness,1
arrive,arrive,1
letter,letter,1
celebrated,celebrated,1
penalty,penalty,1
handsome,handsome,1
virtually,virtually,2
terrific,terrific,2
explore,explore,1
odds,odds,1
barge,barge,1
finalist,finalist,2
skill,skill,1
reception,reception,1
weather,weather,1
fiver,fiver,1
maker,maker,1
outsider,outsider,1
immense,immense,2
eric,eric,1
yah,yah,1
millionth,millionth,1
sum,sum,1
hung,hung,1
worried,worried,3
requirement,requirement,1
equivalent,equivalent,1
dairy,dairy,1
farmer,farmer,1
milking,milking,1
discord,discord,3
qualified,qualified,3
nee,nee,1
die,die,4
clothing,clothing,1
standout,standout,1
rambling,rambling,1
unicorn,unicorn,1
glittery,glittery,1
treat,treat,2
curse,curse,3
delete,delete,1
applicable,applicable,1
fat,fat,2
arse,arse,1
jiggle,jiggle,1
caramel,caramel,1
bean,bean,2
infrastructure,infrastructure,1
presuming,presuming,1
whoop,whoop,3
applause,applause,3
horse,horse,1
expert,expert,1
reach,reach,2
haired,haired,1
shiny,shiny,1
crying,crying,2
speech,speech,1
thankfully,thankfully,4
specifically,specifically,1
flemish,flemish,1
slot,slot,1
asset,asset,1
depository,depository,1
institution,institution,1
complicate,complicate,1
kelly,kelly,1
polite,polite,1
carry,carry,3
sizable,sizable,1
canine,canine,1
beside,beside,1
sniff,sniff,1
inch,inch,1
lawn,lawn,1
absurdly,absurdly,1
operate,operate,1
bathtub,bathtub,1
st,st,1
immaculate,immaculate,1
regularly,regularly,1
kindly,kindly,1
closely,closely,2
private,private,1
attached,attached,1
isolate,isolate,2
lock,lock,2
lucy,lucy,1
leed,leed,1
toddler,toddler,1
forgive,forgive,1
bath,bath,4
lobby,lobby,1
problem,problem,3
known,known,1
vino,vino,1
snub,snub,1
noise,noise,2
clone,clone,1
tony,tony,1
nope,nope,2
owl,owl,1
river,river,1
brief,brief,1
quote,quote,1
edition,edition,1
hilarious,hilarious,1
ruth,ruth,1
cheeky,cheeky,1
tenner,tenner,1
dreary,dreary,1
struck,struck,1
sassy,sassy,1
affect,affect,7
starting,starting,1
deliberately,deliberately,1
weirdly,weirdly,2
flight,flight,1
bond,bond,1
hail,hail,1
merchandise,merchandise,1
werent,werent,1
sticking,sticking,1
addict,addict,1
interrupt,interrupt,1
deer,deer,1
sight,sight,1
afar,afar,1
childhood,childhood,1
deservingly,deservingly,1
albeit,albeit,1
sugar,sugar,1
loco,loco,2
recent,recent,2
definite,definite,1
qualifier,qualifier,2
card,card,1
skimpy,skimpy,1
ing,ing,1
seen,seen,1
cried,cried,1
implore,implore,1
express,express,1
coop,coop,1
stayed,stayed,1
elite,elite,1
choke,choke,1
contrast,contrast,1
boo,boo,1
follower,follower,4
remarkable,remarkable,1
melody,melody,1
proceed,proceed,1
straightaway,straightaway,1
millennium,millennium,1
westerner,westerner,1
pillow,pillow,1
routing,routing,1
recover,recover,6
plain,plain,1
strength,strength,3
unleash,unleash,1
failure,failure,1
outnumber,outnumber,1
vaccine,vaccine,1
unlock,unlock,1
gearing,gearing,1
trick,trick,1
undoubtedly,undoubtedly,1
therefore,therefore,1
pressure,pressure,4
literal,literal,1
conspiracy,conspiracy,1
crime,crime,2
manner,manner,1
bathing,bathing,1
relax,relax,2
th,th,1
majority,majority,1
heartbreaking,heartbreaking,8
nasty,nasty,2
indiscriminate,indiscriminate,1
department,department,1
negotiator,negotiator,1
hat,hat,1
spiteful,spiteful,1
brat,brat,1
ell,ell,1
mayor,mayor,1
attack,attack,1
hound,hound,1
resourceful,resourceful,1
cloud,cloud,1
promotional,promotional,1
gentle,gentle,1
cabin,cabin,1
instrument,instrument,1
hustle,hustle,1
whisky,whisky,1
iron,iron,1
ego,ego,1
insist,insist,1
brad,brad,1
stardom,stardom,1
agent,agent,1
withdraw,withdraw,2
finding,finding,2
unwavering,unwavering,1
grassy,grassy,1
ultra,ultra,1
os,os,1
physical,physical,4
ancient,ancient,2
spin,spin,1
slay,slay,3
easter,easter,1
egg,egg,1
bounce,bounce,2
candle,candle,1
de,de,1
calm,calm,3
tradition,tradition,1
fortune,fortune,1
bang,bang,1
weel,weel,1
disc,disc,1
unscrupulous,unscrupulous,1
heat,heat,1
drama,drama,1
drill,drill,1
hurricane,hurricane,1
wondering,wondering,2
hydrated,hydrated,1
diva,diva,1
active,active,1
grandchild,grandchild,1
exciting,exciting,1
priority,priority,3
outbreak,outbreak,1
essence,essence,1
understood,understood,1
confusion,confusion,1
discuss,discuss,1
manager,manager,1
testes,testes,1
worrying,worrying,1
careful,careful,1
alas,alas,1
indicate,indicate,1
reflect,reflect,1
mixture,mixture,1
seriousness,seriousness,2
levity,levity,1
pantheon,pantheon,1
secure,secure,1
oodles,oodles,1
loudly,loudly,1
trouser,trouser,1
symptom,symptom,1
disease,disease,1
brother,brother,2
brit,brit,8
milk,milk,8
thesis,thesis,1
lo,lo,1
comply,comply,1
bonnet,bonnet,1
hull,hull,1
q,q,24
junior,junior,1
unkind,unkind,1
bait,bait,1
amy,amy,1
rapid,rapid,1
reliable,reliable,1
bongo,bongo,1
settle,settle,1
overlord,overlord,1
anybody,anybody,3
planet,planet,1
climb,climb,1
command,command,1
setup,setup,1
recap,recap,1
strategically,strategically,1
teal,teal,1
rematch,rematch,1
tidings,tidings,1
teller,teller,1
mountain,mountain,1
randomly,randomly,1
supportive,supportive,1
understandably,understandably,1
absence,absence,1
unduly,unduly,1
fortunately,fortunately,1
vocally,vocally,1
visually,visually,1
advance,advance,1
borrow,borrow,1
serendipity,serendipity,1
devastate,devastate,4
playback,playback,1
peace,peace,3
medley,medley,1
backup,backup,1
ire,ire,1
ultimately,ultimately,1
raise,raise,1
earworm,earworm,1
extinguish,extinguish,1
society,society,1
redemption,redemption,1
confidence,confidence,2
exhibition,exhibition,2
yoy,yoy,1
mess,mess,3
inevitably,inevitably,2
respond,respond,1
anyways,anyways,1
county,county,1
herd,herd,2
immunity,immunity,2
distance,distance,2
risk,risk,4
regard,regard,1
delay,delay,1
temporarily,temporarily,1
pronounce,pronounce,1
blood,blood,1
inferior,inferior,1
innovative,innovative,1
overcome,overcome,1
adversity,adversity,1
drought,drought,1
physically,physically,1
mentally,mentally,1
wont,wont,1
safety,safety,5
commercial,commercial,1
law,law,1
seamlessly,seamlessly,1
insert,insert,1
wrist,wrist,1
jabbed,jabbed,1
lateral,lateral,1
flow,flow,1
kindness,kindness,1
fellowship,fellowship,1
compare,compare,1
enthusiasm,enthusiasm,1
festival,festival,1
interpret,interpret,1
vaccination,vaccination,1
mild,mild,1
tricky,tricky,1
disadvantage,disadvantage,1
whomever,whomever,1
regarding,regarding,1
wellness,wellness,1
illness,illness,2
hydrate,hydrate,1
jammer,jammer,1
sin,sin,1
recording,recording,1
healing,healing,2
infected,infected,1
broadcaster,broadcaster,1
relinquish,relinquish,1
missing,missing,1
ceremony,ceremony,1
semis,semis,2
scenario,scenario,1
devastating,devastating,1
sans,sans,1
speechless,speechless,1
contact,contact,1
medical,medical,1
experiment,experiment,1
rein,rein,1
emotionally,emotionally,1
guilt,guilt,1
adequately,adequately,1
cope,cope,1
incomplete,incomplete,1
admiration,admiration,2
dangerous,dangerous,1
blow,blow,2
accent,accent,1
figure,figure,1
clarification,clarification,1
episode,episode,1
stadium,stadium,1
swift,swift,1
proposal,proposal,1
central,central,2
ease,ease,1
endlessly,endlessly,1
confuse,confuse,1
optimism,optimism,1
bitch,bitch,1
ugh,ugh,1
fighting,fighting,1
heal,heal,1
entirely,entirely,1
sail,sail,1
cham,cham,1
jinx,jinx,1
immediacy,immediacy,1
exchange,exchange,1
sake,sake,1
helpful,helpful,2
sweetie,sweetie,1
roster,roster,1
thoughtful,thoughtful,1
condition,condition,1
compilation,compilation,1
retain,retain,1
elsewhere,elsewhere,1
seller,seller,1
decline,decline,1
discourse,discourse,1
eyeglass,eyeglass,1
herald,herald,1
ascent,ascent,1
assistant,assistant,1
consul,consul,1
ca,ca,1
filling,filling,2
automatic,automatic,1
agenda,agenda,1
interlude,interlude,1
journalism,journalism,1
impact,impact,1
lunch,lunch,1
karaoke,karaoke,2
infinitely,infinitely,1
holiday,holiday,2
separate,separate,1
joint,joint,1
venture,venture,1
editor,editor,1
device,device,1
blowing,blowing,1
additional,additional,1
addition,addition,2
coz,coz,1
grace,grace,2
savage,savage,2
tock,tock,1
boston,boston,2
patiently,patiently,1
worthless,worthless,1
naturally,naturally,1
coincidentally,coincidentally,1
cheat,cheat,1
contender,contender,1
relieved,relieved,1
unspoken,unspoken,1
goodness,goodness,1
roof,roof,1
spoke,spoke,1
existence,existence,1
sometime,sometime,1
poem,poem,1
aku,aku,2
pineapple,pineapple,1
crash,crash,1
bandicoot,bandicoot,1
series,series,1
guilty,guilty,1
trilogy,trilogy,1
fancy,fancy,1
collaborate,collaborate,2
coast,coast,1
switch,switch,2
adult,adult,1
rise,rise,1
impatient,impatient,1
passion,passion,2
whats,whats,1
evolution,evolution,1
swim,swim,1
faster,faster,1
shark,shark,1
mash,mash,1
hex,hex,2
breakout,breakout,6
madcap,madcap,2
bus,bus,1
daily,daily,1
telephone,telephone,1
comes,comes,1
unvaccinated,unvaccinated,1
mission,mission,1
foreign,foreign,1
log,log,1
refund,refund,1
gender,gender,1
southern,southern,2
irresistible,irresistible,3
forum,forum,1
afterlife,afterlife,1
telecast,telecast,1
unadulterated,unadulterated,1
volcanic,volcanic,1
battle,battle,2
lipstick,lipstick,1
beanstalk,beanstalk,1
inexplicably,inexplicably,1
shoeless,shoeless,1
assailant,assailant,1
investigation,investigation,1
teaser,teaser,1
keeping,keeping,1
bombastic,bombastic,1
audition,audition,1
hence,hence,1
quotation,quotation,1
largely,largely,1
encourage,encourage,1
whenever,whenever,1
transcend,transcend,1
