Source,Target,Weight
seeing,next,1
seeing,year,1
seeing,get,1
seeing,city,1
next,year,8
next,get,2
next,city,1
next,casually,1
next,go,4
next,buy,1
next,see,5
next,june,3
next,sell,1
next,please,1
next,excite,2
next,awesome,1
next,hello,1
next,brilliant,1
next,well,1
next,stay,1
next,wait,3
next,man,1
next,success,1
next,much,1
next,second,1
next,cause,1
next,put,1
next,agenda,1
next,warehouse,1
next,gig,1
next,still,1
next,also,1
next,beloved,1
next,partner,1
next,hand,1
next,birthday,1
next,card,1
next,receipt,1
next,two,1
next,inside,1
next,yi,1
next,concert,1
next,learn,1
next,enough,1
next,know,1
next,hell,1
next,sorted,1
next,time,1
year,get,3
year,city,1
year,really,2
year,bring,1
year,energy,1
year,excite,2
year,see,5
year,go,5
year,awesome,1
year,thanks,2
year,great,1
year,pic,1
year,party,1
year,hello,1
year,video,1
year,old,1
year,binge,1
year,watch,1
year,dawn,1
year,dusk,1
year,since,3
year,discover,1
year,song,1
year,existence,1
year,today,1
year,review,1
year,react,1
year,top,1
year,make,2
year,catch,1
year,wait,2
year,man,1
year,success,1
year,much,2
year,second,1
year,cause,1
year,put,1
year,agenda,1
year,well,2
year,day,1
year,care,1
year,package,1
year,first,1
year,time,2
year,ever,1
year,do,1
year,concert,2
year,book,1
year,almost,3
year,advance,1
year,think,1
year,bad,1
year,mistaken,1
year,identity,1
year,suppose,1
year,album,1
year,music,2
year,order,1
year,enough,2
year,beloved,1
year,partner,1
year,hand,1
year,birthday,1
year,card,1
year,receipt,1
year,two,1
year,inside,1
year,yi,1
year,later,2
year,believe,2
year,still,4
year,love,3
year,u,2
year,learn,1
year,know,1
year,hell,1
year,sorted,1
year,mind,1
year,iceland,1
year,decide,1
year,send,1
year,every,1
year,last,1
year,remix,1
year,perfection,1
get,city,1
get,literally,1
get,weep,1
get,laughter,1
get,avenue,1
get,yesterday,1
get,even,5
get,granny,1
get,papa,1
get,still,1
get,apparently,1
get,fake,1
get,guitar,1
get,submission,1
get,keep,4
get,well,6
get,big,2
get,cage,1
get,wrong,1
get,another,2
get,play,1
get,morning,1
get,late,1
get,sell,3
get,know,2
get,sad,1
get,really,1
get,come,2
get,see,3
get,hi,1
get,restock,1
get,jumper,1
get,wait,1
get,one,2
get,love,3
get,music,3
get,much,1
get,do,1
get,able,3
get,hopefully,1
get,honestly,1
get,dance,3
get,though,1
get,hard,1
get,wrap,1
get,mind,1
get,around,1
get,oh,1
get,cool,1
get,drone,1
get,fly,1
get,want,2
get,maybe,2
get,meet,1
get,wedding,1
get,anniversary,2
get,gift,1
get,good,3
get,thing,1
get,go,1
get,upgrade,1
get,long,1
get,away,1
get,could,1
get,definitely,1
get,second,1
get,cause,3
get,put,1
get,agenda,1
get,ticket,1
get,please,1
get,add,1
get,fortunate,1
get,everyone,1
get,else,1
get,find,1
get,idea,1
get,someone,1
get,make,1
get,creative,1
get,feel,1
get,way,1
get,day,1
get,look,1
get,content,1
get,wonder,1
get,bad,1
get,mistaken,1
get,identity,1
get,suppose,1
get,album,1
get,order,1
get,enough,1
get,yes,1
get,absolutely,1
get,gorgeous,1
get,song,1
get,language,1
get,translate,1
get,understand,1
get,cautious,1
get,optimism,1
get,defiance,1
get,totally,1
get,hit,1
get,unable,1
get,accept,1
get,invite,1
get,community,1
get,strong,1
get,hope,1
get,people,1
get,j,1
get,hurry,2
get,pretty,2
get,sure,2
get,last,2
get,almost,2
get,every,2
get,yet,2
get,iceland,1
get,free,1
get,visa,1
get,visit,1
get,done,1
get,video,2
get,poorly,1
get,watch,1
get,properly,1
little,birdie,1
little,form,1
little,human,1
little,sister,1
little,say,1
little,might,1
little,interested,1
little,make,1
little,eagerly,1
little,final,1
little,result,1
little,cross,1
little,cut,1
little,bit,1
little,fan,1
little,art,1
little,fun,1
little,good,1
little,lovable,1
little,whole,1
little,punch,1
little,way,1
little,island,1
little,weight,1
little,dance,2
little,song,1
little,monster,1
little,thanks,1
little,ten,1
little,u,2
little,please,1
little,tell,1
little,brother,1
little,bitch,1
little,want,1
little,even,1
little,though,1
little,thank,1
little,advance,1
birdie,form,1
birdie,human,1
birdie,sister,1
birdie,say,1
birdie,might,1
birdie,interested,1
birdie,make,1
form,human,1
form,sister,1
form,say,1
form,might,1
form,interested,1
form,make,2
form,via,1
form,well,1
form,hope,1
form,enjoy,1
form,submission,1
form,much,1
form,leave,1
form,purpose,1
human,sister,1
human,say,1
human,might,1
human,interested,1
human,make,2
human,bless,1
human,gift,1
human,give,1
human,odd,1
human,body,1
sister,say,1
sister,might,1
sister,interested,1
sister,make,2
sister,please,1
sister,help,1
sister,forgot,1
sister,share,1
sister,u,1
say,might,1
say,interested,1
say,make,1
say,would,1
say,like,1
say,tank,1
say,video,1
say,discover,1
say,super,1
say,cool,1
say,singer,1
say,release,1
say,new,1
say,eye,1
say,storm,1
say,great,1
say,never,1
say,think,1
say,change,1
say,somebody,2
say,else,2
say,official,1
say,audio,1
say,via,1
say,literally,1
say,best,1
say,thing,1
say,see,1
say,know,1
say,feel,3
say,capable,1
say,feeling,1
say,really,1
say,felt,1
say,today,1
say,spend,1
say,morning,1
say,learning,1
say,dance,1
say,song,1
say,safe,1
say,pretty,1
say,good,1
say,go,1
say,bright,1
say,joke,1
might,interested,1
might,make,1
might,like,1
interested,make,1
make,something,1
make,music,5
make,video,1
make,manage,1
make,amount,1
make,stuff,1
make,learn,2
make,big,1
make,test,1
make,one,2
make,presentation,1
make,personal,1
make,level,1
make,meet,1
make,go,3
make,rogue,1
make,please,1
make,tee,1
make,currently,1
make,c,1
make,yes,2
make,still,2
make,want,1
make,best,1
make,snow,1
make,earth,1
make,sure,1
make,able,1
make,everyone,2
make,come,2
make,true,1
make,give,2
make,good,4
make,thanks,2
make,would,1
make,match,1
make,heaven,1
make,blue,1
make,moon,1
make,use,1
make,case,1
make,idea,3
make,concept,1
make,rest,1
make,game,1
make,press,1
make,heart,1
make,icon,1
make,dance,1
make,together,1
make,much,3
make,fun,2
make,hi,1
make,discover,1
make,love,3
make,talented,1
make,time,2
make,ago,1
make,couple,1
make,left,1
make,energy,1
make,bless,1
make,gift,1
make,odd,1
make,body,1
make,curse,1
make,x,1
make,review,1
make,react,1
make,top,1
make,catch,1
make,day,4
make,people,1
make,capable,1
make,happen,1
make,well,2
make,care,1
make,package,1
make,fortunate,1
make,else,1
make,find,1
make,someone,1
make,creative,1
make,feel,1
make,way,1
make,look,1
make,content,1
make,wonder,1
make,keep,1
make,fan,1
make,art,1
make,fall,1
make,iceland,1
make,even,1
make,try,1
make,language,1
make,tough,1
make,hopefully,1
make,visit,1
make,via,1
make,hope,1
make,enjoy,1
make,submission,1
make,leave,1
make,purpose,1
make,forgot,1
make,share,1
make,u,1
make,many,1
make,joy,1
make,daughter,1
make,granddaughter,1
make,home,1
make,rag,1
make,pandemic,1
make,thank,1
make,house,1
make,always,1
make,open,1
make,mi,1
make,e,1
something,music,1
something,video,1
something,manage,1
something,amount,1
something,stuff,1
something,learn,1
something,big,1
something,test,1
something,one,1
something,presentation,1
something,personal,1
something,level,1
something,great,1
something,man,1
something,definitely,1
something,together,1
something,sound,1
something,alike,1
something,time,1
something,different,1
something,fantastic,1
something,result,1
something,could,1
something,come,1
something,two,1
music,video,6
music,manage,1
music,amount,1
music,stuff,1
music,learn,1
music,big,2
music,test,1
music,one,2
music,presentation,1
music,personal,1
music,level,1
music,wonderful,1
music,would,2
music,sorry,2
music,continue,1
music,follow,1
music,hour,1
music,late,1
music,deadline,1
music,come,2
music,love,9
music,see,3
music,joey,1
music,nick,1
music,wonder,2
music,please,2
music,like,4
music,good,3
music,second,1
music,think,2
music,hear,1
music,sound,1
music,alike,1
music,different,1
music,amazing,2
music,repeat,1
music,house,2
music,keep,3
music,eye,1
music,new,3
music,list,1
music,tour,1
music,sniper,1
music,idea,3
music,concept,1
music,rest,1
music,game,1
music,press,1
music,heart,1
music,icon,1
music,definitely,1
music,lay,1
music,back,1
music,bo,2
music,comedy,1
music,special,2
music,handle,1
music,content,2
music,creation,1
music,pandemic,2
music,highly,1
music,recommend,1
music,hi,3
music,discover,1
music,talented,1
music,time,3
music,ago,1
music,couple,1
music,left,1
music,energy,1
music,best,1
music,song,4
music,ever,1
music,absolutely,1
music,amaze,1
music,could,2
music,hey,1
music,voice,1
music,cover,1
music,worth,1
music,alone,2
music,even,1
music,buy,2
music,ticket,1
music,convince,1
music,go,2
music,day,2
music,later,1
music,sell,1
music,guess,1
music,restock,1
music,jumper,1
music,wait,1
music,much,3
music,gold,1
music,family,1
music,seem,1
music,fun,1
music,question,1
music,plan,1
music,photo,1
music,put,1
music,twitter,1
music,name,2
music,want,1
music,thank,2
music,library,1
music,flow,1
music,never,1
music,win,1
music,every,1
music,moment,1
music,fortunate,1
music,everyone,1
music,else,3
music,find,1
music,someone,1
music,creative,1
music,feel,1
music,way,1
music,look,1
music,bad,1
music,mistaken,1
music,identity,1
music,suppose,1
music,album,1
music,well,1
music,order,1
music,enough,1
music,reaction,2
music,reading,1
music,somebody,2
music,read,1
music,tweet,1
music,agree,1
music,listen,1
music,many,1
music,joy,1
music,daughter,1
music,granddaughter,1
music,home,1
music,rag,1
music,always,1
music,open,1
music,mi,1
music,e,1
music,since,2
music,last,1
music,remix,1
music,perfection,1
video,manage,1
video,amount,1
video,stuff,1
video,learn,3
video,big,1
video,test,1
video,one,1
video,presentation,1
video,personal,1
video,level,1
video,would,1
video,like,2
video,tank,1
video,discover,3
video,super,1
video,cool,2
video,singer,1
video,release,1
video,new,2
video,eye,1
video,storm,1
video,great,1
video,sent,1
video,pearl,2
video,dance,5
video,stuck,1
video,outbox,1
video,yesterday,1
video,hope,1
video,late,2
video,wait,1
video,see,1
video,x,1
video,hour,1
video,deadline,1
video,sorry,1
video,glad,1
video,try,1
video,best,2
video,take,1
video,part,1
video,love,4
video,sing,1
video,note,1
video,self,1
video,eat,1
video,watch,5
video,submission,1
video,fan,1
video,circle,1
video,keyboard,1
video,gang,1
video,comes,1
video,two,1
video,original,1
video,funky,1
video,purple,1
video,song,2
video,ever,1
video,absolutely,1
video,amaze,1
video,somehow,1
video,think,2
video,even,1
video,half,1
video,cursed,1
video,absolute,1
video,blast,1
video,could,1
video,time,1
video,style,1
video,spark,1
video,old,1
video,binge,1
video,dawn,1
video,dusk,1
video,since,1
video,existence,1
video,today,1
video,freshly,1
video,add,1
video,gold,1
video,hi,1
video,much,2
video,family,1
video,seem,1
video,fun,1
video,question,1
video,plan,1
video,photo,1
video,put,1
video,twitter,1
video,name,2
video,want,1
video,thank,1
video,amazing,1
video,language,1
video,find,1
video,useful,1
video,remix,1
video,way,1
video,home,1
video,working,1
video,sweet,1
video,chance,1
video,sale,1
video,monster,1
video,toy,1
video,done,2
video,poorly,2
video,properly,2
manage,amount,1
manage,stuff,1
manage,learn,1
manage,big,1
manage,test,1
manage,one,1
manage,presentation,1
manage,personal,1
manage,level,1
amount,stuff,1
amount,learn,1
amount,big,1
amount,test,1
amount,one,1
amount,presentation,1
amount,personal,1
amount,level,1
stuff,learn,1
stuff,big,1
stuff,test,1
stuff,one,1
stuff,presentation,1
stuff,personal,1
stuff,level,1
stuff,listen,1
stuff,wholesome,1
stuff,nice,1
stuff,lately,1
stuff,mostly,1
learn,big,1
learn,test,1
learn,one,2
learn,presentation,1
learn,personal,1
learn,level,1
learn,add,1
learn,tour,1
learn,date,1
learn,san,1
learn,personally,1
learn,knit,2
learn,sweater,1
learn,would,1
learn,god,1
learn,begging,1
learn,amazing,2
learn,language,3
learn,find,2
learn,useful,2
learn,go,2
learn,see,1
learn,concert,1
learn,enough,1
learn,know,1
learn,hell,1
learn,fall,1
learn,love,1
learn,iceland,1
learn,even,1
learn,try,1
learn,tough,1
learn,fun,1
learn,hopefully,1
learn,day,1
learn,come,1
learn,visit,1
big,test,1
big,one,1
big,presentation,1
big,personal,1
big,level,1
big,promise,1
big,see,1
big,joey,1
big,nick,1
big,wonder,1
big,move,1
big,thanks,1
big,server,1
big,must,1
big,lose,1
big,mind,1
big,keep,1
big,many,1
big,simply,1
big,wife,1
big,go,1
big,back,1
big,visit,1
big,access,1
big,winter,1
big,closure,1
big,f,1
big,volcano,1
big,bonus,1
big,love,1
big,near,1
big,another,1
big,adventure,1
big,able,2
big,upgrade,1
big,long,1
big,away,1
big,could,1
big,definitely,1
test,one,1
test,presentation,1
test,personal,1
test,level,1
one,presentation,1
one,personal,1
one,level,1
one,hope,1
one,giant,1
one,try,2
one,eat,1
one,horrific,1
one,update,1
one,hand,1
one,home,1
one,rent,2
one,bee,1
one,today,1
one,thanks,1
one,donor,1
one,take,1
one,responsibility,1
one,monthly,1
one,need,1
one,feel,1
one,alone,1
one,order,1
one,participate,1
one,dance,2
one,move,1
one,impossible,1
one,like,1
one,really,3
one,hard,2
one,also,1
one,idea,1
one,accurate,1
one,love,3
one,mute,1
one,think,1
one,u,1
one,play,1
one,game,1
one,yet,1
one,twitter,1
one,please,2
one,let,1
one,know,1
one,find,1
one,hi,1
one,restock,1
one,jumper,1
one,wait,1
one,much,1
one,see,1
one,add,1
one,another,1
one,want,1
one,anniversary,1
one,fall,1
one,iceland,1
one,even,1
one,language,1
one,tough,1
one,fun,1
one,hopefully,1
one,day,1
one,come,1
one,visit,1
one,people,1
presentation,personal,1
presentation,level,1
personal,level,1
meet,go,2
meet,rogue,1
meet,please,1
meet,tee,1
meet,currently,1
meet,c,1
meet,yes,1
meet,still,1
meet,want,2
meet,best,1
meet,snow,1
meet,earth,1
meet,oh,1
meet,cool,1
meet,drone,1
meet,fly,1
meet,maybe,2
meet,wedding,1
meet,anniversary,1
meet,gift,1
meet,good,1
meet,thing,1
go,rogue,1
go,please,2
go,tee,1
go,currently,1
go,c,1
go,yes,1
go,still,1
go,want,4
go,best,1
go,snow,1
go,earth,1
go,casually,1
go,buy,5
go,see,8
go,june,4
go,sell,3
go,sure,1
go,able,1
go,everyone,1
go,come,1
go,true,1
go,give,1
go,good,3
go,thanks,1
go,cover,1
go,turner,1
go,suggest,1
go,love,2
go,tune,1
go,times,2
go,two,1
go,basically,1
go,always,1
go,excite,1
go,awesome,1
go,review,1
go,react,1
go,top,1
go,catch,1
go,ticket,2
go,think,4
go,convince,2
go,day,2
go,later,2
go,alone,2
go,guess,2
go,new,1
go,today,1
go,spend,1
go,morning,1
go,learning,1
go,dance,1
go,song,1
go,safe,1
go,feel,1
go,pretty,1
go,oh,1
go,cool,1
go,drone,1
go,fly,1
go,maybe,2
go,wedding,1
go,anniversary,1
go,gift,1
go,thing,1
go,many,1
go,simply,1
go,wife,3
go,back,1
go,visit,3
go,access,1
go,winter,1
go,closure,1
go,f,1
go,volcano,1
go,bonus,1
go,near,1
go,another,1
go,adventure,1
go,sale,1
go,chance,1
go,first,1
go,time,1
go,ever,1
go,do,1
go,concert,5
go,book,1
go,almost,1
go,advance,1
go,really,3
go,russia,2
go,answer,2
go,cause,2
go,enough,2
go,know,3
go,hell,2
go,use,1
go,discord,1
go,much,1
go,ya,1
go,walk,2
go,around,2
rogue,please,1
rogue,tee,1
rogue,currently,1
rogue,c,1
rogue,yes,1
rogue,still,1
rogue,want,1
rogue,best,1
rogue,snow,1
rogue,earth,1
please,tee,1
please,currently,1
please,c,1
please,yes,1
please,still,1
please,want,3
please,best,1
please,snow,1
please,earth,1
please,casually,1
please,buy,1
please,see,1
please,june,1
please,sell,2
please,like,1
please,good,2
please,second,1
please,think,2
please,love,3
please,hear,1
please,sound,1
please,alike,1
please,different,1
please,would,1
please,amazing,1
please,repeat,1
please,house,1
please,help,1
please,hey,1
please,voice,1
please,cover,1
please,come,1
please,food,1
please,add,5
please,another,3
please,show,2
please,believe,1
please,mute,1
please,u,3
please,play,1
please,game,1
please,yet,1
please,twitter,1
please,let,1
please,know,1
please,find,1
please,fast,1
please,anniversary,1
please,tour,1
please,date,1
please,beg,1
please,hi,1
please,beautiful,1
please,sully,1
please,send,1
please,tell,1
please,brother,1
please,dance,1
please,bitch,1
please,even,1
please,though,1
please,thank,1
please,advance,1
tee,currently,1
tee,c,1
tee,yes,1
tee,still,1
tee,want,1
tee,best,1
tee,snow,1
tee,earth,1
currently,c,1
currently,yes,1
currently,still,1
currently,want,1
currently,best,1
currently,snow,1
currently,earth,1
c,yes,1
c,still,1
c,want,1
c,best,1
c,snow,1
c,earth,1
yes,still,1
yes,want,1
yes,best,1
yes,snow,1
yes,earth,1
yes,would,1
yes,magnificent,1
yes,embarrassed,1
yes,admit,1
yes,check,1
yes,tiny,1
yes,desk,1
yes,home,1
yes,concert,1
yes,love,1
yes,could,1
yes,brilliant,1
yes,collaboration,1
yes,actually,1
yes,fan,1
yes,art,1
yes,absolutely,1
yes,gorgeous,1
yes,song,1
yes,even,2
yes,language,1
yes,know,1
yes,translate,1
yes,well,1
yes,understand,1
yes,cautious,1
yes,optimism,1
yes,defiance,1
yes,totally,1
still,want,1
still,best,1
still,snow,1
still,earth,1
still,wait,2
still,blue,1
still,moon,1
still,use,1
still,good,1
still,case,1
still,literally,1
still,weep,1
still,laughter,1
still,avenue,1
still,yesterday,1
still,even,1
still,granny,1
still,papa,1
still,apparently,1
still,think,1
still,entry,1
still,another,1
still,date,1
still,berlin,1
still,venue,1
still,warehouse,1
still,gig,1
still,june,1
still,also,1
still,almost,2
still,later,2
still,believe,2
still,love,2
still,u,2
still,fan,1
still,art,1
still,image,1
still,instead,1
still,move,1
still,animation,1
still,huge,2
still,crush,2
want,best,1
want,snow,1
want,earth,1
want,add,2
want,new,1
want,date,1
want,buy,1
want,finish,1
want,game,1
want,play,1
want,hi,1
want,love,1
want,much,2
want,family,1
want,seem,1
want,like,1
want,fun,1
want,question,1
want,plan,1
want,photo,1
want,put,1
want,twitter,1
want,name,2
want,thank,2
want,oh,1
want,cool,1
want,drone,1
want,fly,1
want,maybe,2
want,wedding,1
want,anniversary,2
want,gift,1
want,good,1
want,thing,1
want,another,1
want,visit,1
want,russia,1
want,june,1
want,answer,1
want,cause,1
want,wife,1
want,really,1
want,concert,1
want,u,2
want,tell,1
want,brother,1
want,dance,1
want,bitch,1
want,even,1
want,though,1
want,advance,1
best,snow,1
best,earth,1
best,great,1
best,back,1
best,social,1
best,medium,1
best,time,1
best,include,1
best,lovely,1
best,chat,1
best,catch,1
best,glad,1
best,discover,1
best,try,1
best,take,1
best,part,1
best,love,1
best,sing,1
best,dip,1
best,today,1
best,check,1
best,may,1
best,offer,1
best,black,1
best,future,1
best,album,1
best,song,1
best,ever,2
best,absolutely,1
best,amaze,1
best,literally,1
best,thing,1
best,see,1
best,well,1
best,done,1
best,n,1
best,wee,1
best,class,1
snow,earth,1
good,enough,1
good,pal,1
good,watch,1
good,extra,1
good,sure,1
good,able,1
good,everyone,3
good,come,2
good,true,1
good,give,1
good,thanks,1
good,blue,1
good,moon,1
good,use,1
good,case,1
good,like,2
good,second,1
good,think,1
good,love,2
good,hear,1
good,sound,1
good,alike,1
good,different,1
good,would,1
good,amazing,1
good,repeat,1
good,house,1
good,nightmare,1
good,fuel,1
good,way,4
good,effort,1
good,feel,4
good,lord,1
good,son,1
good,lovable,1
good,whole,1
good,punch,1
good,island,1
good,weight,1
good,food,1
good,til,1
good,early,1
good,century,1
good,art,1
good,movement,1
good,enter,1
good,happy,1
good,via,1
good,nice,1
good,today,1
good,spend,1
good,morning,1
good,learning,1
good,dance,1
good,song,2
good,safe,1
good,pretty,1
good,oh,1
good,cool,1
good,drone,1
good,fly,1
good,maybe,2
good,wedding,1
good,anniversary,1
good,gift,1
good,thing,1
good,work,1
good,limit,1
good,sell,1
good,possible,1
good,incapable,1
good,night,1
good,game,1
good,v,1
good,fortunate,2
good,else,3
good,find,2
good,idea,2
good,someone,2
good,creative,2
good,day,2
good,look,2
good,content,2
good,wonder,2
good,keep,2
good,luck,1
good,somebody,1
good,really,2
good,great,1
good,tell,1
good,know,1
good,many,1
good,time,1
good,listen,1
good,brutal,1
good,lot,1
good,thank,1
good,much,1
enough,pal,1
enough,watch,1
enough,extra,1
enough,bad,1
enough,mistaken,1
enough,identity,1
enough,suppose,1
enough,album,1
enough,well,1
enough,order,1
enough,see,1
enough,concert,1
enough,know,1
enough,hell,1
pal,watch,1
pal,extra,1
watch,extra,1
watch,husband,1
watch,spending,1
watch,entire,1
watch,even,2
watch,absolutely,1
watch,great,1
watch,evening,1
watch,note,1
watch,self,1
watch,eat,1
watch,somehow,1
watch,think,1
watch,half,1
watch,cursed,1
watch,absolute,1
watch,blast,1
watch,drunk,1
watch,love,2
watch,call,1
watch,daddy,1
watch,fryer,1
watch,old,1
watch,binge,1
watch,dawn,1
watch,dusk,1
watch,since,1
watch,discover,1
watch,song,1
watch,existence,1
watch,today,1
watch,done,1
watch,poorly,1
watch,dance,2
watch,properly,1
extra,show,2
extra,add,1
extra,another,1
would,like,2
would,tank,1
would,discover,1
would,super,1
would,cool,1
would,singer,1
would,release,1
would,new,1
would,eye,1
would,storm,1
would,great,1
would,wonderful,1
would,match,1
would,heaven,1
would,talk,2
would,collectively,2
would,agree,2
would,much,2
would,need,2
would,see,2
would,chaotic,2
would,yet,2
would,calm,2
would,absolutely,2
would,glorious,2
would,magnificent,1
would,second,1
would,think,1
would,love,1
would,hear,1
would,sound,1
would,alike,1
would,different,1
would,amazing,1
would,repeat,1
would,house,1
would,ever,2
would,really,3
would,mind,2
would,blowing,2
would,do,1
would,dance,1
would,add,1
would,tour,1
would,date,1
would,san,1
would,personally,1
would,knit,2
would,sweater,1
would,god,1
would,begging,1
would,join,2
would,dinner,1
would,party,1
would,die,1
would,could,1
like,tank,1
like,discover,1
like,super,1
like,cool,1
like,singer,1
like,release,1
like,new,2
like,eye,2
like,storm,1
like,great,1
like,already,1
like,beautiful,1
like,kind,1
like,respectful,1
like,group,1
like,love,6
like,anyone,1
like,everything,1
like,second,1
like,think,2
like,hear,1
like,sound,1
like,alike,1
like,different,1
like,amazing,1
like,repeat,1
like,house,1
like,keep,2
like,list,1
like,tour,1
like,sniper,1
like,come,1
like,sure,1
like,well,1
like,work,1
like,sing,1
like,along,1
like,holy,1
like,god,1
like,totally,1
like,character,1
like,lot,2
like,effort,1
like,need,1
like,feel,2
like,alone,2
like,order,1
like,participate,1
like,dance,2
like,move,1
like,impossible,1
like,really,4
like,hard,2
like,also,2
like,idea,1
like,filter,1
like,appropriate,1
like,aesthetic,1
like,accompany,1
like,bizarre,1
like,combination,1
like,even,2
like,special,1
like,audio,1
like,birth,1
like,chart,1
like,look,1
like,drew,1
like,hope,1
like,worth,1
like,happy,3
like,see,1
like,collide,1
like,hi,1
like,much,2
like,family,1
like,seem,1
like,fun,1
like,question,1
like,plan,1
like,photo,1
like,put,1
like,twitter,1
like,name,2
like,thank,1
like,felt,1
like,song,2
like,contest,1
like,rock,1
tank,discover,1
tank,super,1
tank,cool,1
tank,singer,1
tank,release,1
tank,new,1
tank,eye,1
tank,storm,1
tank,great,1
discover,super,1
discover,cool,1
discover,singer,1
discover,release,1
discover,new,1
discover,eye,1
discover,storm,1
discover,great,1
discover,glad,1
discover,try,1
discover,take,1
discover,part,1
discover,love,2
discover,sing,1
discover,hi,1
discover,talented,1
discover,time,2
discover,ago,1
discover,couple,1
discover,left,1
discover,energy,1
discover,old,1
discover,binge,1
discover,dawn,1
discover,dusk,1
discover,since,1
discover,song,1
discover,existence,1
discover,today,1
super,cool,1
super,singer,1
super,release,1
super,new,1
super,eye,1
super,storm,1
super,great,1
super,wonderful,1
super,everyone,1
super,friendly,1
super,happy,1
super,apart,1
super,community,1
cool,singer,1
cool,release,1
cool,new,1
cool,eye,1
cool,storm,1
cool,great,1
cool,sent,1
cool,pearl,1
cool,dance,1
cool,stuck,1
cool,outbox,1
cool,yesterday,1
cool,hope,1
cool,late,1
cool,wait,1
cool,see,1
cool,x,1
cool,oh,1
cool,drone,1
cool,fly,1
cool,maybe,2
cool,wedding,1
cool,anniversary,1
cool,gift,1
cool,thing,1
singer,release,1
singer,new,1
singer,eye,1
singer,storm,1
singer,great,1
release,new,1
release,eye,1
release,storm,1
release,great,1
new,eye,2
new,storm,1
new,great,1
new,thanks,2
new,fan,2
new,group,2
new,wow,2
new,many,2
new,join,2
new,welcome,2
new,york,1
new,keep,2
new,list,1
new,tour,1
new,sniper,1
new,love,1
new,come,1
new,definitely,2
new,lay,2
new,back,2
new,bo,4
new,comedy,2
new,special,4
new,handle,2
new,content,2
new,creation,2
new,pandemic,2
new,highly,2
new,recommend,2
new,amazing,2
new,add,2
new,date,1
new,buy,1
new,everyday,1
new,server,1
new,way,1
new,grow,1
new,freshly,1
new,june,1
eye,storm,1
eye,great,1
eye,keep,2
eye,list,1
eye,tour,1
eye,sniper,1
eye,love,1
eye,come,1
eye,well,1
eye,idea,1
eye,untrained,1
storm,great,1
great,husband,1
great,spending,1
great,entire,1
great,even,1
great,absolutely,1
great,evening,1
great,back,1
great,social,1
great,medium,1
great,time,2
great,include,1
great,lovely,1
great,chat,1
great,catch,1
great,inspired,1
great,day,1
great,thank,2
great,x,1
great,thanks,1
great,pic,1
great,party,1
great,tweet,1
great,game,1
great,man,1
great,really,2
great,tell,1
great,know,1
great,many,1
great,song,1
great,listen,1
great,brutal,1
great,lot,1
great,much,1
casually,buy,1
casually,see,1
casually,june,1
casually,sell,1
buy,see,3
buy,june,1
buy,sell,3
buy,add,1
buy,date,1
buy,ticket,2
buy,think,2
buy,convince,2
buy,day,2
buy,later,2
buy,alone,2
buy,guess,2
see,june,1
see,sell,3
see,sent,1
see,pearl,1
see,dance,1
see,stuck,1
see,outbox,1
see,yesterday,1
see,hope,1
see,late,2
see,wait,4
see,x,1
see,talk,1
see,collectively,1
see,agree,1
see,much,3
see,need,1
see,chaotic,1
see,yet,1
see,calm,1
see,absolutely,1
see,glorious,1
see,hey,1
see,joey,1
see,nick,1
see,wonder,1
see,literally,1
see,thing,1
see,worse,1
see,excite,1
see,awesome,1
see,even,1
see,know,2
see,sad,1
see,really,2
see,come,1
see,happy,1
see,collide,1
see,ticket,1
see,think,2
see,convince,1
see,day,1
see,later,1
see,alone,1
see,guess,1
see,hi,1
see,restock,1
see,jumper,1
see,love,1
see,man,1
see,success,1
see,second,1
see,cause,1
see,put,1
see,agenda,1
see,roxy,1
see,first,1
see,time,1
see,ever,1
see,do,1
see,concert,2
see,book,1
see,almost,1
see,advance,1
see,eager,1
see,take,1
see,hell,1
see,cant,1
june,sell,1
june,brilliant,1
june,well,1
june,stay,1
june,visit,1
june,russia,1
june,answer,1
june,cause,1
june,wife,1
june,really,1
june,concert,1
june,warehouse,1
june,gig,1
june,also,1
june,wait,1
sell,looking,1
sell,late,1
sell,even,1
sell,know,1
sell,sad,1
sell,really,1
sell,come,1
sell,fast,3
sell,san,1
sell,current,1
sell,resale,1
sell,price,1
sell,ticket,1
sell,think,1
sell,convince,1
sell,day,1
sell,later,1
sell,alone,1
sell,guess,1
sell,w,1
sell,wish,1
sell,la,1
sell,work,1
sell,limit,1
sell,possible,1
sell,incapable,1
sell,night,1
sell,add,1
sell,another,1
sell,show,1
sell,well,1
sell,hurry,1
sell,pretty,1
sell,sure,1
sell,last,1
sell,cause,1
sell,almost,1
sell,every,1
sell,yet,1
already,beautiful,1
already,kind,1
already,respectful,1
already,group,1
already,love,2
already,think,1
already,cover,1
already,arcade,1
already,amazing,1
already,time,1
already,hear,1
already,version,1
already,song,1
already,bold,1
already,assume,1
beautiful,kind,1
beautiful,respectful,1
beautiful,group,1
beautiful,love,1
beautiful,hi,1
beautiful,sully,1
beautiful,send,1
kind,respectful,1
kind,group,1
kind,love,1
respectful,group,1
respectful,love,1
group,love,1
group,thanks,1
group,fan,2
group,wow,1
group,many,1
group,join,1
group,welcome,1
group,also,1
group,shout,1
group,international,1
group,need,1
group,set,1
group,chat,1
group,space,1
group,couch,1
group,whole,1
love,come,3
love,second,1
love,think,3
love,hear,1
love,sound,1
love,alike,1
love,different,1
love,amazing,1
love,repeat,1
love,house,2
love,embarrassed,1
love,admit,1
love,check,1
love,tiny,1
love,desk,1
love,home,2
love,concert,1
love,could,1
love,brilliant,1
love,collaboration,1
love,keep,2
love,list,1
love,tour,1
love,sniper,1
love,glad,1
love,try,2
love,take,1
love,part,1
love,sing,1
love,today,1
love,suggest,1
love,hi,3
love,talented,1
love,time,2
love,ago,1
love,couple,1
love,left,1
love,energy,1
love,filter,1
love,feel,1
love,fantastic,1
love,job,1
love,bet,1
love,documentary,1
love,hope,1
love,roar,1
love,hate,1
love,hey,1
love,voice,1
love,cover,1
love,favorite,1
love,actually,1
love,incredibly,1
love,sweet,1
love,fun,4
love,pop,1
love,drunk,1
love,call,1
love,daddy,1
love,fryer,1
love,bizarre,1
love,combination,1
love,even,3
love,special,1
love,audio,1
love,birth,1
love,chart,1
love,look,1
love,game,2
love,much,5
love,mute,1
love,u,2
love,play,1
love,yet,1
love,twitter,2
love,let,1
love,know,1
love,find,1
love,restock,1
love,jumper,1
love,wait,1
love,honestly,1
love,dance,3
love,though,1
love,hard,1
love,wrap,1
love,mind,1
love,around,1
love,family,1
love,seem,1
love,question,1
love,plan,1
love,photo,1
love,put,1
love,name,2
love,thank,2
love,many,2
love,simply,1
love,wife,1
love,back,1
love,visit,2
love,access,1
love,winter,1
love,closure,1
love,f,1
love,volcano,1
love,bonus,1
love,near,1
love,another,1
love,adventure,1
love,almost,1
love,later,1
love,believe,1
love,felt,1
love,also,1
love,happy,1
love,song,2
love,contest,1
love,rock,1
love,fall,1
love,iceland,1
love,language,1
love,tough,1
love,hopefully,1
love,day,1
love,fan,1
love,art,1
love,idea,1
love,joy,1
love,daughter,1
love,granddaughter,1
love,rag,1
love,pandemic,1
love,always,1
love,open,1
love,mi,1
love,e,1
love,since,2
love,last,1
love,remix,1
love,perfection,1
love,done,1
love,poorly,1
love,properly,1
sure,able,1
sure,everyone,1
sure,come,1
sure,true,1
sure,give,1
sure,thanks,1
sure,well,2
sure,struggling,1
sure,decide,1
sure,submit,1
sure,house,1
sure,performance,1
sure,tour,1
sure,convince,1
sure,son,1
sure,dance,1
sure,hurry,1
sure,pretty,1
sure,last,1
sure,cause,1
sure,almost,1
sure,every,1
sure,yet,1
sure,really,1
sure,work,1
able,everyone,1
able,come,2
able,true,1
able,give,1
able,thanks,1
able,well,1
able,do,1
able,hopefully,1
able,upgrade,2
able,long,2
able,away,2
able,could,2
able,definitely,2
everyone,come,1
everyone,true,1
everyone,give,1
everyone,thanks,1
everyone,fortunate,1
everyone,else,1
everyone,find,1
everyone,idea,1
everyone,someone,1
everyone,creative,1
everyone,feel,1
everyone,way,1
everyone,day,1
everyone,look,1
everyone,content,1
everyone,wonder,1
everyone,keep,1
everyone,wonderful,1
everyone,friendly,1
come,true,1
come,give,1
come,thanks,1
come,keep,2
come,list,1
come,tour,1
come,sniper,1
come,find,2
come,today,2
come,within,2
come,back,2
come,soon,2
come,late,1
come,even,2
come,know,1
come,sad,1
come,really,1
come,food,1
come,well,1
come,do,1
come,hopefully,2
come,fall,1
come,iceland,1
come,try,1
come,language,1
come,tough,1
come,fun,1
come,day,1
come,visit,1
come,time,2
come,definitely,1
come,together,1
come,sound,1
come,alike,1
come,different,1
come,fantastic,1
come,result,1
come,could,1
come,two,1
true,give,1
true,thanks,1
true,take,1
true,pic,1
give,thanks,1
give,bless,1
give,gift,1
give,odd,1
give,body,1
give,bet,1
thanks,fan,1
thanks,wow,1
thanks,many,1
thanks,join,1
thanks,welcome,1
thanks,update,1
thanks,hand,1
thanks,home,1
thanks,rent,2
thanks,bee,1
thanks,today,1
thanks,donor,1
thanks,take,1
thanks,responsibility,1
thanks,monthly,1
thanks,hey,1
thanks,hate,2
thanks,need,1
thanks,bye,1
thanks,awesome,1
thanks,birthday,1
thanks,card,1
thanks,pic,1
thanks,party,1
thanks,well,1
thanks,day,1
thanks,care,1
thanks,package,1
thanks,much,1
thanks,dance,1
thanks,song,1
thanks,monster,1
thanks,ten,1
think,cover,2
think,arcade,1
think,amazing,2
think,time,3
think,hear,2
think,version,1
think,song,1
think,never,1
think,change,1
think,somebody,2
think,else,2
think,official,1
think,audio,2
think,via,1
think,second,1
think,sound,1
think,alike,1
think,different,1
think,repeat,1
think,house,1
think,somehow,1
think,even,2
think,half,1
think,cursed,1
think,absolute,1
think,blast,1
think,first,2
think,saw,1
think,ago,1
think,damn,1
think,taller,1
think,entry,1
think,fake,1
think,account,1
think,disappointed,1
think,imitate,1
think,flat,1
think,sharp,1
think,natural,1
think,style,1
think,spark,1
think,bizarre,1
think,combination,1
think,special,1
think,birth,1
think,chart,1
think,look,1
think,constantly,1
think,believe,1
think,mute,1
think,u,1
think,play,1
think,game,1
think,yet,1
think,twitter,1
think,let,1
think,know,2
think,find,1
think,ticket,1
think,convince,1
think,day,1
think,later,1
think,alone,1
think,guess,1
think,ever,1
think,do,1
think,concert,1
think,book,1
think,almost,1
think,advance,1
think,really,1
think,walk,2
think,around,2
think,ban,2
think,listen,4
cover,arcade,1
cover,amazing,1
cover,time,1
cover,hear,1
cover,version,1
cover,song,1
cover,turner,1
cover,hey,1
cover,voice,1
cover,constantly,1
cover,believe,1
arcade,amazing,1
arcade,time,1
arcade,hear,1
arcade,version,1
arcade,song,1
amazing,time,1
amazing,hear,2
amazing,version,1
amazing,song,1
amazing,second,1
amazing,sound,1
amazing,alike,1
amazing,different,1
amazing,repeat,1
amazing,house,1
amazing,definitely,1
amazing,lay,1
amazing,back,1
amazing,bo,2
amazing,comedy,1
amazing,special,2
amazing,handle,1
amazing,content,1
amazing,creation,1
amazing,pandemic,1
amazing,highly,1
amazing,recommend,1
amazing,language,1
amazing,find,1
amazing,useful,1
time,hear,1
time,version,1
time,song,2
time,back,1
time,social,1
time,medium,1
time,include,1
time,lovely,1
time,chat,1
time,catch,1
time,hi,2
time,talented,2
time,ago,3
time,couple,2
time,left,2
time,energy,2
time,first,2
time,saw,1
time,damn,1
time,taller,1
time,could,2
time,important,2
time,question,2
time,ever,1
time,do,1
time,concert,1
time,book,1
time,almost,1
time,advance,1
time,really,3
time,sorted,1
time,wait,1
time,tell,1
time,know,1
time,many,1
time,listen,1
time,brutal,1
time,lot,1
time,thank,1
time,much,1
time,definitely,1
time,together,1
time,sound,1
time,alike,1
time,different,1
time,fantastic,1
time,result,1
time,two,1
hear,version,1
hear,song,1
hear,second,1
hear,sound,1
hear,alike,1
hear,different,1
hear,repeat,1
hear,house,1
hear,really,1
hear,collaborate,1
hear,dream,1
hear,two,1
hear,together,1
hear,hope,1
version,song,2
version,dance,1
song,dance,3
song,could,2
song,amaze,2
song,feel,2
song,ever,1
song,absolutely,3
song,old,1
song,binge,1
song,dawn,1
song,dusk,1
song,since,1
song,existence,1
song,today,2
song,spend,1
song,morning,1
song,learning,1
song,safe,1
song,pretty,1
song,library,2
song,flow,2
song,never,2
song,win,2
song,every,2
song,moment,2
song,felt,2
song,also,2
song,happy,2
song,contest,3
song,rock,2
song,monster,1
song,ten,1
song,gorgeous,1
song,even,2
song,language,1
song,know,2
song,translate,1
song,well,1
song,understand,1
song,cautious,1
song,optimism,1
song,defiance,1
song,totally,1
song,grateful,1
song,turn,1
song,damn,1
song,groove,1
song,reaction,2
song,reading,1
song,somebody,2
song,else,2
song,read,1
song,tweet,1
song,agree,1
song,listen,2
song,artist,1
song,really,2
song,tell,1
song,many,1
song,brutal,1
song,lot,1
song,thank,1
song,much,1
fan,wow,1
fan,many,1
fan,join,1
fan,welcome,1
fan,submission,1
fan,circle,1
fan,keyboard,1
fan,gang,1
fan,comes,1
fan,two,1
fan,original,1
fan,funky,1
fan,purple,1
fan,bit,1
fan,art,4
fan,fun,1
fan,also,1
fan,shout,1
fan,international,1
fan,deep,1
fan,glad,1
fan,massive,1
fan,really,1
fan,hope,1
fan,catch,1
fan,live,1
fan,show,1
fan,community,1
fan,name,1
fan,funny,1
fan,cause,1
fan,lot,1
fan,image,1
fan,instead,1
fan,move,1
fan,animation,1
wow,many,1
wow,join,1
wow,welcome,1
many,join,1
many,welcome,1
many,simply,1
many,wife,1
many,back,1
many,visit,1
many,access,1
many,winter,1
many,closure,1
many,f,1
many,volcano,1
many,bonus,1
many,near,1
many,another,1
many,adventure,1
many,idea,1
many,joy,1
many,daughter,1
many,granddaughter,1
many,home,1
many,rag,1
many,pandemic,1
many,thank,2
many,house,1
many,always,1
many,open,1
many,mi,1
many,e,1
many,really,2
many,tell,1
many,know,1
many,listen,1
many,brutal,1
many,lot,1
many,much,1
join,welcome,1
join,really,1
join,dinner,1
join,party,1
join,die,1
join,happy,1
join,could,1
join,way,1
wonderful,friendly,1
never,change,1
never,somebody,2
never,else,2
never,official,1
never,audio,1
never,via,1
never,library,1
never,flow,1
never,win,1
never,every,1
never,moment,1
change,somebody,2
change,else,2
change,official,1
change,audio,1
change,via,1
somebody,else,9
somebody,official,2
somebody,audio,2
somebody,via,2
somebody,reaction,4
somebody,reading,2
somebody,read,2
somebody,tweet,2
somebody,agree,2
somebody,could,2
somebody,listen,2
else,official,2
else,audio,2
else,via,2
else,fortunate,1
else,find,1
else,idea,1
else,someone,1
else,creative,1
else,feel,1
else,way,1
else,day,1
else,look,1
else,content,1
else,wonder,1
else,keep,1
else,reaction,4
else,reading,2
else,read,2
else,tweet,2
else,agree,2
else,could,2
else,listen,2
official,audio,1
official,via,1
audio,via,1
audio,bizarre,1
audio,combination,1
audio,even,1
audio,special,1
audio,birth,1
audio,chart,1
audio,look,1
via,til,1
via,early,1
via,century,1
via,art,1
via,movement,1
via,enter,1
via,happy,1
via,nice,1
via,well,1
via,hope,1
via,enjoy,1
via,submission,1
via,much,1
via,leave,1
via,purpose,1
hope,giant,1
hope,try,1
hope,eat,1
hope,horrific,1
hope,sent,1
hope,pearl,1
hope,dance,1
hope,stuck,1
hope,outbox,1
hope,yesterday,1
hope,late,1
hope,wait,1
hope,x,1
hope,roar,1
hope,drew,1
hope,deep,1
hope,glad,1
hope,massive,1
hope,really,1
hope,catch,1
hope,live,1
hope,show,1
hope,well,1
hope,enjoy,1
hope,submission,1
hope,much,1
hope,leave,1
hope,purpose,1
hope,people,1
hope,j,1
giant,try,1
giant,eat,1
giant,horrific,1
try,eat,1
try,horrific,1
try,help,1
try,every,1
try,device,1
try,need,1
try,sweater,1
try,face,1
try,glad,1
try,take,1
try,part,1
try,sing,1
try,stay,1
try,calm,1
try,drink,1
try,water,1
try,lose,1
try,mind,1
try,fall,1
try,iceland,1
try,even,1
try,language,1
try,tough,1
try,fun,1
try,hopefully,1
try,day,1
try,visit,1
eat,horrific,1
eat,note,1
eat,self,1
update,hand,1
update,home,1
update,rent,2
update,bee,1
update,today,1
update,donor,1
update,take,1
update,responsibility,1
update,monthly,1
hand,home,1
hand,rent,2
hand,bee,2
hand,today,1
hand,donor,1
hand,take,1
hand,responsibility,1
hand,monthly,1
hand,beloved,1
hand,partner,1
hand,birthday,1
hand,card,1
hand,receipt,1
hand,two,1
hand,inside,1
hand,yi,1
hand,excite,1
hand,successfully,1
hand,close,1
hand,thank,1
hand,trust,1
hand,u,1
hand,keep,1
hand,support,1
home,rent,2
home,bee,1
home,today,1
home,donor,1
home,take,1
home,responsibility,1
home,monthly,1
home,embarrassed,1
home,admit,1
home,check,1
home,tiny,1
home,desk,1
home,concert,1
home,could,1
home,brilliant,1
home,collaboration,1
home,remix,1
home,way,1
home,working,1
home,sweet,1
home,pearl,1
home,idea,1
home,joy,1
home,daughter,1
home,granddaughter,1
home,rag,1
home,pandemic,1
home,thank,1
home,house,1
home,always,1
home,open,1
home,mi,1
home,e,1
rent,bee,2
rent,today,2
rent,donor,2
rent,take,2
rent,responsibility,2
rent,monthly,2
bee,today,1
bee,donor,1
bee,take,1
bee,responsibility,1
bee,monthly,1
bee,successfully,1
bee,close,1
bee,thank,1
bee,trust,1
bee,u,1
bee,keep,1
bee,support,1
today,donor,1
today,take,1
today,responsibility,1
today,monthly,1
today,dip,1
today,check,1
today,may,1
today,offer,1
today,black,1
today,future,1
today,album,1
today,find,1
today,within,1
today,back,1
today,soon,1
today,old,1
today,binge,1
today,dawn,1
today,dusk,1
today,since,1
today,existence,1
today,spend,1
today,morning,1
today,learning,1
today,dance,1
today,safe,1
today,feel,1
today,pretty,1
donor,take,1
donor,responsibility,1
donor,monthly,1
take,responsibility,1
take,monthly,1
take,glad,1
take,part,1
take,sing,1
take,eager,1
take,pic,1
responsibility,monthly,1
bold,assume,1
hey,check,1
hey,hate,1
hey,voice,1
hey,lab,1
hey,mate,1
hey,let,1
hey,listen,1
hey,cell,1
hey,work,1
hey,know,1
check,embarrassed,1
check,admit,1
check,tiny,1
check,desk,1
check,concert,1
check,could,1
check,brilliant,1
check,collaboration,1
check,dip,1
check,may,1
check,offer,1
check,black,1
check,future,1
check,album,1
check,twitter,1
check,profile,1
sorry,continue,1
sorry,follow,1
sorry,hour,1
sorry,late,1
sorry,deadline,1
continue,follow,1
wait,sent,1
wait,pearl,1
wait,dance,1
wait,stuck,1
wait,outbox,1
wait,yesterday,1
wait,late,1
wait,x,1
wait,hi,1
wait,restock,1
wait,jumper,1
wait,much,2
wait,russia,1
wait,man,1
wait,success,1
wait,warehouse,1
wait,gig,1
wait,also,1
wait,sorted,1
wait,cant,1
match,heaven,1
sent,pearl,1
sent,dance,1
sent,stuck,1
sent,outbox,1
sent,yesterday,1
sent,late,1
sent,x,1
pearl,dance,1
pearl,stuck,1
pearl,outbox,1
pearl,yesterday,1
pearl,late,1
pearl,x,1
pearl,remix,1
pearl,way,1
pearl,working,1
pearl,sweet,1
dance,stuck,1
dance,outbox,1
dance,yesterday,1
dance,late,1
dance,x,1
dance,together,1
dance,much,1
dance,fun,1
dance,do,1
dance,struggling,1
dance,decide,1
dance,submit,1
dance,house,1
dance,performance,1
dance,tour,1
dance,convince,1
dance,son,1
dance,need,2
dance,feel,3
dance,alone,2
dance,order,2
dance,participate,2
dance,move,2
dance,impossible,2
dance,really,6
dance,hard,5
dance,also,2
dance,idea,2
dance,amaze,1
dance,sign,1
dance,honestly,1
dance,even,2
dance,though,2
dance,wrap,1
dance,mind,1
dance,around,1
dance,spend,1
dance,morning,1
dance,learning,1
dance,safe,1
dance,pretty,1
dance,sometimes,1
dance,listen,1
dance,jo,1
dance,lock,1
dance,monster,1
dance,ten,1
dance,u,2
dance,tell,1
dance,brother,1
dance,bitch,1
dance,thank,1
dance,advance,1
dance,done,2
dance,poorly,2
dance,properly,2
stuck,outbox,1
stuck,yesterday,1
stuck,late,1
stuck,x,1
outbox,yesterday,1
outbox,late,1
outbox,x,1
yesterday,late,1
yesterday,x,1
yesterday,literally,1
yesterday,weep,1
yesterday,laughter,1
yesterday,avenue,1
yesterday,even,1
yesterday,granny,1
yesterday,papa,1
yesterday,apparently,1
late,x,1
late,hour,1
late,deadline,1
late,even,1
late,know,1
late,sad,1
late,really,1
x,inspired,1
x,day,2
x,thank,1
x,curse,1
x,waiting,1
x,full,1
x,album,1
x,drop,1
blue,moon,1
blue,use,1
blue,case,1
moon,use,1
moon,case,1
use,case,1
use,discord,1
use,much,1
use,ya,1
talk,collectively,1
talk,agree,1
talk,much,1
talk,need,1
talk,chaotic,1
talk,yet,1
talk,calm,1
talk,absolutely,1
talk,glorious,1
collectively,agree,1
collectively,much,1
collectively,need,1
collectively,chaotic,1
collectively,yet,1
collectively,calm,1
collectively,absolutely,1
collectively,glorious,1
agree,much,1
agree,need,1
agree,chaotic,1
agree,yet,1
agree,calm,1
agree,absolutely,1
agree,glorious,1
agree,reaction,2
agree,reading,1
agree,read,1
agree,tweet,1
agree,could,1
agree,listen,1
much,need,1
much,chaotic,1
much,yet,1
much,calm,1
much,absolutely,1
much,glorious,1
much,oh,1
much,yeah,1
much,thank,4
much,together,1
much,fun,4
much,game,1
much,hi,3
much,restock,1
much,jumper,1
much,family,2
much,seem,2
much,question,2
much,plan,2
much,photo,2
much,put,2
much,twitter,2
much,name,4
much,man,1
much,success,1
much,well,2
much,day,1
much,care,1
much,package,1
much,enjoy,1
much,submission,1
much,leave,1
much,purpose,1
much,discord,1
much,ya,1
much,really,2
much,tell,1
much,know,1
much,listen,1
much,brutal,1
much,lot,1
need,chaotic,1
need,yet,1
need,calm,1
need,absolutely,1
need,glorious,1
need,help,1
need,every,1
need,device,1
need,sweater,1
need,face,1
need,feel,1
need,alone,1
need,order,1
need,participate,1
need,move,1
need,impossible,1
need,really,3
need,hard,2
need,also,1
need,idea,1
need,set,1
need,chat,1
need,bye,1
chaotic,yet,1
chaotic,calm,1
chaotic,absolutely,1
chaotic,glorious,1
yet,calm,1
yet,absolutely,1
yet,glorious,1
yet,mute,1
yet,u,1
yet,play,1
yet,game,1
yet,twitter,1
yet,let,1
yet,know,1
yet,find,1
yet,well,1
yet,hurry,1
yet,pretty,1
yet,last,1
yet,cause,1
yet,almost,1
yet,every,1
calm,absolutely,1
calm,glorious,1
calm,stay,1
calm,drink,1
calm,water,1
calm,lose,1
calm,mind,1
absolutely,glorious,1
absolutely,husband,1
absolutely,spending,1
absolutely,entire,1
absolutely,even,3
absolutely,evening,1
absolutely,ever,1
absolutely,amaze,1
absolutely,gorgeous,1
absolutely,language,1
absolutely,know,1
absolutely,translate,1
absolutely,well,1
absolutely,understand,1
absolutely,cautious,1
absolutely,optimism,1
absolutely,defiance,1
absolutely,totally,1
hour,deadline,1
help,every,1
help,device,1
help,sweater,1
help,face,1
every,device,1
every,sweater,1
every,face,1
every,two,1
every,grand,1
every,final,1
every,know,1
every,head,1
every,single,1
every,day,1
every,library,1
every,flow,1
every,win,1
every,moment,1
every,mind,1
every,iceland,1
every,decide,1
every,send,1
every,well,1
every,hurry,1
every,pretty,1
every,last,1
every,cause,1
every,almost,1
device,sweater,1
device,face,1
sweater,face,1
sweater,add,1
sweater,tour,1
sweater,date,1
sweater,san,1
sweater,personally,1
sweater,knit,2
sweater,god,1
sweater,begging,1
husband,spending,1
husband,entire,1
husband,even,1
husband,evening,1
spending,entire,1
spending,even,1
spending,evening,1
entire,even,1
entire,evening,1
even,evening,1
even,literally,1
even,weep,1
even,laughter,1
even,avenue,1
even,granny,1
even,papa,1
even,apparently,1
even,somehow,1
even,half,1
even,cursed,1
even,absolute,1
even,blast,1
even,know,3
even,sad,1
even,really,1
even,bizarre,1
even,combination,1
even,special,1
even,birth,1
even,chart,1
even,look,1
even,worth,1
even,alone,1
even,sound,1
even,well,3
even,work,2
even,day,2
even,listen,1
even,whilst,1
even,honestly,1
even,though,2
even,hard,1
even,wrap,1
even,mind,1
even,around,1
even,gorgeous,2
even,language,3
even,translate,2
even,understand,2
even,cautious,2
even,optimism,2
even,defiance,2
even,totally,2
even,fall,1
even,iceland,1
even,tough,1
even,fun,1
even,hopefully,1
even,visit,1
even,u,2
even,tell,1
even,brother,1
even,bitch,1
even,thank,1
even,advance,1
joey,nick,1
joey,wonder,1
nick,wonder,1
wonder,fortunate,1
wonder,find,1
wonder,idea,1
wonder,someone,1
wonder,creative,1
wonder,feel,1
wonder,way,1
wonder,day,1
wonder,look,1
wonder,content,1
wonder,keep,1
move,feel,1
move,alone,1
move,order,1
move,participate,1
move,impossible,1
move,really,3
move,hard,2
move,also,1
move,idea,1
move,art,1
move,image,1
move,instead,1
move,animation,1
anyone,everything,1
second,sound,1
second,alike,1
second,different,1
second,repeat,1
second,house,1
second,cause,1
second,put,1
second,agenda,1
sound,alike,2
sound,different,2
sound,repeat,1
sound,house,1
sound,well,1
sound,definitely,1
sound,together,1
sound,fantastic,1
sound,result,1
sound,could,1
sound,two,1
alike,different,2
alike,repeat,1
alike,house,1
alike,definitely,1
alike,together,1
alike,fantastic,1
alike,result,1
alike,could,1
alike,two,1
different,repeat,1
different,house,1
different,definitely,1
different,together,1
different,fantastic,1
different,result,1
different,could,1
different,two,1
repeat,house,1
house,struggling,1
house,decide,1
house,submit,1
house,performance,1
house,tour,1
house,convince,1
house,son,1
house,idea,1
house,joy,1
house,daughter,1
house,granddaughter,1
house,rag,1
house,pandemic,1
house,thank,1
house,always,1
house,open,1
house,mi,1
house,e,1
embarrassed,admit,1
embarrassed,tiny,1
embarrassed,desk,1
embarrassed,concert,1
embarrassed,could,1
embarrassed,brilliant,1
embarrassed,collaboration,1
admit,tiny,1
admit,desk,1
admit,concert,1
admit,could,1
admit,brilliant,1
admit,collaboration,1
tiny,desk,1
tiny,concert,1
tiny,could,1
tiny,brilliant,1
tiny,collaboration,1
desk,concert,1
desk,could,1
desk,brilliant,1
desk,collaboration,1
concert,could,1
concert,brilliant,1
concert,collaboration,1
concert,first,1
concert,ever,1
concert,do,1
concert,book,1
concert,almost,1
concert,advance,1
concert,really,2
concert,visit,1
concert,russia,1
concert,answer,1
concert,cause,1
concert,wife,1
concert,know,1
concert,hell,1
could,brilliant,1
could,collaboration,1
could,amaze,1
could,feel,1
could,whish,1
could,upgrade,1
could,long,1
could,away,1
could,definitely,2
could,reaction,2
could,reading,1
could,read,1
could,tweet,1
could,listen,1
could,together,1
could,fantastic,1
could,result,1
could,two,1
brilliant,collaboration,1
brilliant,well,1
brilliant,stay,1
keep,list,2
keep,tour,2
keep,sniper,2
keep,fake,1
keep,guitar,1
keep,submission,1
keep,well,1
keep,another,1
keep,desperate,1
keep,miss,1
keep,fortunate,1
keep,find,1
keep,idea,1
keep,someone,1
keep,creative,1
keep,feel,1
keep,way,1
keep,day,1
keep,look,1
keep,content,1
keep,hit,1
keep,unable,1
keep,accept,1
keep,invite,1
keep,community,1
keep,strong,1
keep,successfully,1
keep,close,1
keep,thank,1
keep,trust,1
keep,u,1
keep,support,1
list,tour,1
list,sniper,1
tour,sniper,1
tour,struggling,1
tour,decide,1
tour,submit,1
tour,performance,1
tour,convince,1
tour,son,1
tour,add,2
tour,date,2
tour,san,1
tour,personally,1
tour,knit,2
tour,god,1
tour,begging,1
tour,due,2
tour,success,2
tour,sale,2
tour,beg,1
well,certainly,1
well,thing,1
well,fake,1
well,guitar,1
well,submission,2
well,done,1
well,n,1
well,wee,1
well,class,1
well,ever,1
well,deserve,1
well,son,2
well,finish,1
well,game,1
well,blast,1
well,do,2
well,hopefully,1
well,stay,1
well,idea,1
well,untrained,1
well,day,1
well,care,1
well,package,1
well,bad,1
well,mistaken,1
well,identity,1
well,suppose,1
well,album,1
well,order,1
well,call,1
well,daddy,1
well,right,1
well,humming,1
well,gorgeous,1
well,language,1
well,know,1
well,translate,1
well,understand,1
well,cautious,1
well,optimism,1
well,defiance,1
well,totally,1
well,enjoy,1
well,leave,1
well,purpose,1
well,hurry,1
well,pretty,1
well,last,1
well,cause,1
well,almost,1
trust,u,2
trust,successfully,1
trust,close,1
trust,thank,1
trust,support,1
u,mute,1
u,play,1
u,game,1
u,twitter,1
u,let,1
u,know,1
u,find,1
u,almost,1
u,later,1
u,believe,1
u,forgot,1
u,share,1
u,discord,1
u,joining,1
u,tell,2
u,brother,2
u,bitch,2
u,though,2
u,thank,3
u,advance,2
u,successfully,1
u,close,1
u,support,1
collaborate,whenever,1
collaborate,wherever,1
collaborate,really,1
collaborate,dream,1
collaborate,two,1
collaborate,together,1
whenever,wherever,1
idea,concept,1
idea,rest,1
idea,game,1
idea,press,1
idea,heart,1
idea,icon,1
idea,feel,2
idea,alone,1
idea,order,1
idea,participate,1
idea,impossible,1
idea,really,3
idea,hard,2
idea,also,1
idea,untrained,1
idea,fortunate,1
idea,find,1
idea,someone,1
idea,creative,1
idea,way,1
idea,day,1
idea,look,1
idea,content,1
idea,joy,1
idea,daughter,1
idea,granddaughter,1
idea,rag,1
idea,pandemic,1
idea,thank,1
idea,always,1
idea,open,1
idea,mi,1
idea,e,1
concept,rest,1
concept,game,1
concept,press,1
concept,heart,1
concept,icon,1
rest,game,1
rest,press,1
rest,heart,1
rest,icon,1
game,press,1
game,heart,1
game,icon,1
game,son,1
game,finish,2
game,blast,1
game,do,1
game,play,2
game,fun,1
game,mute,1
game,twitter,1
game,let,1
game,know,1
game,find,1
game,tweet,1
game,v,1
press,heart,1
press,icon,1
heart,icon,1
also,permission,1
also,image,1
also,adorable,1
also,disturb,1
also,feel,1
also,alone,1
also,order,1
also,participate,1
also,impossible,1
also,really,3
also,hard,2
also,serious,1
also,somehow,1
also,look,1
also,wed,1
also,ring,1
also,finger,1
also,shout,1
also,international,1
also,warehouse,1
also,gig,1
also,felt,1
also,happy,1
also,contest,1
also,rock,1
iconic,people,1
iconic,save,1
iconic,date,1
iconic,moment,1
iconic,justice,1
iconic,mig,1
iconic,mali,1
people,play,1
people,day,1
people,capable,1
people,happen,1
people,j,1
miss,probably,1
miss,lose,1
miss,another,1
miss,desperate,1
probably,lose,1
lose,server,1
lose,must,1
lose,mind,2
lose,stay,1
lose,drink,1
lose,water,1
ever,really,2
ever,mind,1
ever,blowing,1
ever,amaze,1
ever,done,1
ever,n,1
ever,wee,1
ever,class,1
ever,first,1
ever,do,1
ever,book,1
ever,almost,1
ever,advance,1
really,mind,1
really,blowing,1
really,tell,4
really,dream,1
really,two,1
really,together,1
really,bring,1
really,energy,1
really,feel,5
really,alone,3
really,order,3
really,participate,3
really,impossible,3
really,hard,6
really,know,4
really,sad,1
really,dinner,1
really,party,1
really,die,1
really,capable,1
really,feeling,1
really,felt,1
really,happy,2
really,first,1
really,do,1
really,book,1
really,almost,1
really,advance,1
really,visit,1
really,russia,1
really,answer,1
really,cause,1
really,wife,1
really,deep,1
really,glad,1
really,massive,1
really,catch,1
really,live,1
really,show,1
really,listen,2
really,brutal,2
really,lot,2
really,thank,2
really,work,1
mind,blowing,1
mind,server,1
mind,must,1
mind,stay,1
mind,drink,1
mind,water,1
mind,honestly,1
mind,though,1
mind,hard,1
mind,wrap,1
mind,around,1
mind,iceland,1
mind,decide,1
mind,send,1
mind,stop,1
mind,loop,1
mind,sweet,1
mind,sleep,1
crossover,history,1
tell,brother,1
tell,bitch,1
tell,though,1
tell,thank,2
tell,advance,1
tell,know,1
tell,listen,1
tell,brutal,1
tell,lot,1
dream,two,1
dream,together,1
two,together,2
two,grand,1
two,final,1
two,know,1
two,head,1
two,single,1
two,day,1
two,submission,1
two,circle,1
two,keyboard,1
two,gang,1
two,comes,1
two,original,1
two,funky,1
two,purple,1
two,tune,1
two,times,2
two,basically,1
two,always,1
two,beloved,1
two,partner,1
two,birthday,1
two,card,1
two,receipt,1
two,inside,1
two,yi,1
two,excite,1
two,definitely,1
two,fantastic,1
two,result,1
together,fun,1
together,definitely,1
together,fantastic,1
together,result,1
oh,yeah,1
oh,thank,1
oh,god,1
oh,drone,1
oh,fly,1
oh,maybe,2
oh,wedding,1
oh,anniversary,1
oh,gift,1
oh,thing,1
yeah,thank,1
yeah,ah,1
yeah,whose,1
thank,inspired,1
thank,day,1
thank,hi,1
thank,family,1
thank,seem,1
thank,fun,1
thank,question,1
thank,plan,1
thank,photo,1
thank,put,1
thank,twitter,1
thank,name,2
thank,joy,1
thank,daughter,1
thank,granddaughter,1
thank,rag,1
thank,pandemic,1
thank,always,1
thank,open,1
thank,mi,1
thank,e,1
thank,brother,1
thank,bitch,1
thank,though,1
thank,advance,1
thank,know,1
thank,listen,1
thank,brutal,1
thank,lot,1
thank,successfully,1
thank,close,1
thank,support,1
weekly,roundup,1
nice,performance,1
nice,listen,1
nice,wholesome,1
nice,lately,1
nice,mostly,1
nice,til,1
nice,early,1
nice,century,1
nice,art,1
nice,movement,1
nice,enter,1
nice,happy,1
performance,struggling,1
performance,decide,1
performance,submit,1
performance,convince,1
performance,son,1
back,social,1
back,medium,1
back,include,1
back,lovely,1
back,chat,1
back,catch,1
back,definitely,1
back,lay,1
back,bo,2
back,comedy,1
back,special,2
back,handle,1
back,content,1
back,creation,1
back,pandemic,1
back,highly,1
back,recommend,1
back,find,1
back,within,1
back,soon,1
back,simply,1
back,wife,1
back,visit,1
back,access,1
back,winter,1
back,closure,1
back,f,1
back,volcano,1
back,bonus,1
back,near,1
back,another,1
back,adventure,1
social,medium,1
social,include,1
social,lovely,1
social,chat,1
social,catch,1
medium,include,1
medium,lovely,1
medium,chat,1
medium,catch,1
include,lovely,1
include,chat,1
include,catch,1
lovely,chat,1
lovely,catch,1
lovely,amaze,1
chat,catch,1
chat,set,1
catch,review,1
catch,react,1
catch,top,1
catch,deep,1
catch,glad,1
catch,massive,1
catch,live,1
catch,show,1
fun,bit,1
fun,art,1
fun,favorite,1
fun,actually,1
fun,incredibly,1
fun,sweet,1
fun,pop,1
fun,hi,1
fun,family,1
fun,seem,1
fun,question,1
fun,plan,1
fun,photo,1
fun,put,1
fun,twitter,1
fun,name,2
fun,fall,1
fun,iceland,1
fun,language,1
fun,tough,1
fun,hopefully,1
fun,day,1
fun,visit,1
glad,part,1
glad,sing,1
glad,deep,1
glad,massive,1
glad,live,1
glad,show,1
part,sing,1
sing,work,1
sing,along,1
grand,final,1
grand,know,1
grand,head,1
grand,single,1
grand,day,1
final,know,1
final,head,1
final,single,1
final,day,1
final,eagerly,1
final,result,1
final,cross,1
final,cut,1
know,head,1
know,single,1
know,day,1
know,world,1
know,ready,1
know,sad,1
know,mute,1
know,play,1
know,twitter,1
know,let,2
know,find,1
know,feel,2
know,capable,1
know,feeling,1
know,felt,1
know,lab,1
know,mate,1
know,listen,2
know,cell,1
know,work,1
know,hell,1
know,gorgeous,1
know,language,1
know,translate,1
know,understand,1
know,cautious,1
know,optimism,1
know,defiance,1
know,totally,1
know,walk,2
know,around,2
know,brutal,1
know,lot,1
head,single,1
head,day,1
single,day,1
day,inspired,1
day,do,1
day,seriously,1
day,happy,1
day,ticket,1
day,convince,1
day,later,1
day,alone,1
day,guess,1
day,capable,1
day,happen,1
day,work,2
day,listen,1
day,whilst,1
day,care,1
day,package,1
day,fortunate,1
day,find,1
day,someone,1
day,creative,1
day,feel,1
day,way,1
day,look,1
day,content,1
day,fall,1
day,iceland,1
day,language,1
day,tough,1
day,hopefully,1
day,visit,1
day,waiting,1
day,full,1
day,album,1
day,drop,1
definitely,lay,1
definitely,bo,2
definitely,comedy,1
definitely,special,2
definitely,handle,1
definitely,content,1
definitely,creation,1
definitely,pandemic,1
definitely,highly,1
definitely,recommend,1
definitely,upgrade,1
definitely,long,1
definitely,away,1
definitely,fantastic,1
definitely,result,1
lay,bo,2
lay,comedy,1
lay,special,2
lay,handle,1
lay,content,1
lay,creation,1
lay,pandemic,1
lay,highly,1
lay,recommend,1
bo,comedy,2
bo,special,4
bo,handle,2
bo,content,2
bo,creation,2
bo,pandemic,2
bo,highly,2
bo,recommend,2
comedy,special,2
comedy,handle,1
comedy,content,1
comedy,creation,1
comedy,pandemic,1
comedy,highly,1
comedy,recommend,1
special,handle,2
special,content,2
special,creation,2
special,pandemic,2
special,highly,2
special,recommend,2
special,bizarre,1
special,combination,1
special,birth,1
special,chart,1
special,look,1
handle,content,1
handle,creation,1
handle,pandemic,1
handle,highly,1
handle,recommend,1
content,creation,1
content,pandemic,1
content,highly,1
content,recommend,1
content,fortunate,1
content,find,1
content,someone,1
content,creative,1
content,feel,1
content,way,1
content,look,1
creation,pandemic,1
creation,highly,1
creation,recommend,1
pandemic,highly,1
pandemic,recommend,1
pandemic,joy,1
pandemic,daughter,1
pandemic,granddaughter,1
pandemic,rag,1
pandemic,always,1
pandemic,open,1
pandemic,mi,1
pandemic,e,1
highly,recommend,1
note,self,1
eagerly,result,1
eagerly,cross,1
eagerly,cut,1
result,cross,1
result,cut,1
result,fantastic,1
cross,cut,1
accurate,footage,1
do,seriously,1
do,happy,1
do,son,1
do,finish,1
do,blast,1
do,hopefully,1
do,first,1
do,book,1
do,almost,1
do,advance,1
work,along,1
work,listen,3
work,whilst,2
work,limit,1
work,possible,1
work,incapable,1
work,night,1
work,lab,1
work,mate,1
work,let,1
work,cell,1
submission,circle,1
submission,keyboard,1
submission,gang,1
submission,comes,1
submission,original,1
submission,funky,1
submission,purple,1
submission,fake,1
submission,guitar,1
submission,enjoy,1
submission,leave,1
submission,purpose,1
circle,keyboard,1
circle,gang,1
circle,comes,1
circle,original,1
circle,funky,1
circle,purple,1
keyboard,gang,1
keyboard,comes,1
keyboard,original,1
keyboard,funky,1
keyboard,purple,1
gang,comes,1
gang,original,1
gang,funky,1
gang,purple,1
comes,original,1
comes,funky,1
comes,purple,1
original,funky,1
original,purple,1
funky,purple,1
certainly,thing,1
certainly,experience,1
thing,literally,1
thing,drone,1
thing,fly,1
thing,maybe,2
thing,wedding,1
thing,anniversary,1
thing,gift,1
hi,talented,1
hi,ago,1
hi,couple,1
hi,left,1
hi,energy,1
hi,restock,1
hi,jumper,1
hi,family,1
hi,seem,1
hi,question,1
hi,plan,1
hi,photo,1
hi,put,1
hi,twitter,1
hi,name,2
hi,sully,1
hi,send,1
talented,ago,1
talented,couple,1
talented,left,1
talented,energy,1
ago,couple,1
ago,left,1
ago,energy,1
ago,first,1
ago,saw,1
ago,damn,1
ago,taller,1
couple,left,1
couple,energy,1
left,energy,1
energy,bring,1
nightmare,fuel,1
nightmare,way,1
fuel,way,1
way,everyday,1
way,server,1
way,grow,1
way,lovable,1
way,whole,1
way,punch,1
way,island,1
way,weight,1
way,fortunate,1
way,find,1
way,someone,1
way,creative,1
way,feel,1
way,look,1
way,remix,1
way,working,1
way,sweet,1
holy,god,1
holy,totally,1
holy,character,1
holy,cow,1
god,totally,1
god,character,1
god,add,1
god,date,1
god,san,1
god,personally,1
god,knit,2
god,begging,1
god,praise,1
totally,character,1
totally,gorgeous,1
totally,language,1
totally,translate,1
totally,understand,1
totally,cautious,1
totally,optimism,1
totally,defiance,1
dip,may,1
dip,offer,1
dip,black,1
dip,future,1
dip,album,1
may,offer,1
may,black,1
may,future,1
may,album,1
offer,black,1
offer,future,1
offer,album,1
black,future,1
black,album,1
future,album,1
album,bad,1
album,mistaken,1
album,identity,1
album,suppose,1
album,order,1
album,waiting,1
album,full,1
album,drop,1
truly,majestic,1
literally,weep,1
literally,laughter,1
literally,avenue,1
literally,granny,1
literally,papa,1
literally,apparently,1
weep,laughter,1
weep,avenue,1
weep,granny,1
weep,papa,1
weep,apparently,1
laughter,avenue,1
laughter,granny,1
laughter,papa,1
laughter,apparently,1
avenue,granny,1
avenue,papa,1
avenue,apparently,1
granny,papa,1
granny,apparently,1
papa,apparently,1
filter,feel,1
filter,appropriate,1
filter,aesthetic,1
filter,accompany,1
image,adorable,1
image,disturb,1
image,curse,1
image,cursed,1
image,art,1
image,instead,1
image,animation,1
adorable,disturb,1
lot,community,1
lot,name,1
lot,funny,1
lot,cause,1
lot,listen,1
lot,brutal,1
show,add,4
show,another,5
show,chance,1
show,boston,1
show,believe,1
show,fast,1
show,deep,1
show,massive,1
show,live,1
add,another,4
add,date,3
add,san,1
add,personally,1
add,knit,2
add,begging,1
add,believe,1
add,freshly,1
add,fast,1
add,anniversary,1
add,beg,1
another,play,1
another,morning,1
another,believe,1
another,date,1
another,berlin,1
another,venue,1
another,simply,1
another,wife,1
another,visit,1
another,access,1
another,winter,1
another,closure,1
another,f,1
another,volcano,1
another,bonus,1
another,near,1
another,adventure,1
another,desperate,1
another,fast,1
another,anniversary,1
baby,number,1
amaze,feel,1
amaze,sign,1
amaze,listening,1
feel,alone,1
feel,order,1
feel,participate,1
feel,impossible,1
feel,hard,2
feel,appropriate,1
feel,aesthetic,1
feel,accompany,1
feel,capable,2
feel,feeling,2
feel,felt,2
feel,spend,1
feel,morning,1
feel,learning,1
feel,safe,1
feel,pretty,1
feel,fortunate,1
feel,find,1
feel,someone,1
feel,creative,1
feel,look,1
fake,guitar,1
fake,account,1
fake,disappointed,1
fake,imitate,1
fake,flat,1
fake,sharp,1
fake,natural,1
fantastic,job,1
struggling,decide,1
struggling,submit,1
struggling,convince,1
struggling,son,1
decide,submit,1
decide,convince,1
decide,son,1
decide,iceland,1
decide,send,1
submit,convince,1
submit,son,1
convince,son,1
convince,ticket,1
convince,later,1
convince,alone,1
convince,guess,1
son,finish,1
son,blast,1
son,call,1
son,daddy,1
son,right,1
son,humming,1
listen,wholesome,1
listen,lately,1
listen,mostly,1
listen,whilst,1
listen,lab,1
listen,mate,1
listen,let,1
listen,cell,1
listen,sometimes,1
listen,jo,1
listen,lock,1
listen,reaction,2
listen,reading,1
listen,read,1
listen,tweet,1
listen,brutal,1
listen,ban,2
wholesome,lately,1
wholesome,mostly,1
lately,mostly,1
bit,art,1
art,straight,1
art,til,1
art,early,1
art,century,1
art,movement,1
art,enter,1
art,happy,1
art,instead,1
art,animation,1
alone,order,1
alone,participate,1
alone,impossible,1
alone,hard,2
alone,worth,1
alone,ticket,1
alone,later,1
alone,guess,1
order,participate,1
order,impossible,1
order,hard,2
order,bad,1
order,mistaken,1
order,identity,1
order,suppose,1
participate,impossible,1
participate,hard,2
impossible,hard,2
hard,honestly,1
hard,though,1
hard,wrap,1
hard,around,1
done,n,1
done,wee,1
done,class,1
done,poorly,1
done,properly,1
n,wee,1
n,class,1
wee,class,1
date,san,1
date,personally,1
date,knit,2
date,begging,1
date,berlin,1
date,venue,1
date,beg,1
date,save,1
date,moment,1
somehow,half,1
somehow,cursed,1
somehow,absolute,1
somehow,blast,1
somehow,serious,1
somehow,look,1
somehow,wed,1
somehow,ring,1
somehow,finger,1
half,cursed,1
half,absolute,1
half,blast,1
cursed,absolute,1
cursed,blast,1
absolute,blast,1
blast,finish,1
first,saw,1
first,damn,1
first,taller,1
first,book,1
first,almost,1
first,advance,1
first,discord,1
first,battlefield,1
saw,damn,1
saw,taller,1
damn,taller,1
damn,grateful,1
damn,contest,1
damn,turn,1
damn,groove,1
server,must,1
server,everyday,1
server,grow,1
bless,gift,1
bless,odd,1
bless,body,1
gift,odd,1
gift,body,1
gift,drone,1
gift,fly,1
gift,maybe,2
gift,wedding,1
gift,anniversary,1
odd,body,1
world,ready,1
world,occasion,2
world,flight,2
world,aviation,2
world,essential,2
world,crucial,2
world,front,2
world,line,2
world,role,2
world,ensure,2
world,critical,2
world,global,2
world,connectivity,2
world,throughout,2
lion,whole,1
whole,lovable,1
whole,punch,1
whole,island,1
whole,weight,1
whole,space,1
whole,couch,1
serious,look,1
serious,wed,1
serious,ring,1
serious,finger,1
look,wed,1
look,ring,1
look,finger,1
look,bizarre,1
look,combination,1
look,birth,1
look,chart,1
look,fortunate,1
look,find,1
look,someone,1
look,creative,1
wed,ring,1
wed,finger,1
ring,finger,1
king,owe,1
king,life,1
owe,life,1
post,depression,1
post,bitch,1
post,aint,1
depression,bitch,1
depression,aint,1
bitch,aint,1
bitch,brother,1
bitch,though,1
bitch,advance,1
play,unique,3
play,artist,3
play,pair,3
play,morning,1
play,finish,1
play,mute,1
play,twitter,1
play,let,1
play,find,1
unique,artist,3
unique,pair,3
artist,pair,3
san,personally,1
san,knit,2
san,begging,1
san,fast,1
san,current,1
san,resale,1
san,price,1
personally,knit,2
personally,begging,1
knit,begging,2
stay,drink,1
stay,water,1
drink,water,1
finland,iceland,1
finland,twitter,1
finland,canada,2
finland,engagement,1
iceland,twitter,1
iceland,canada,2
iceland,engagement,1
iceland,fall,1
iceland,language,1
iceland,tough,1
iceland,hopefully,1
iceland,visit,2
iceland,send,1
iceland,free,1
iceland,visa,1
twitter,canada,2
twitter,engagement,1
twitter,mute,1
twitter,let,1
twitter,find,1
twitter,family,1
twitter,seem,1
twitter,question,1
twitter,plan,1
twitter,photo,1
twitter,put,1
twitter,name,2
twitter,profile,1
canada,engagement,2
tune,times,2
tune,basically,1
tune,always,1
times,basically,2
times,always,2
basically,always,1
always,joy,1
always,daughter,1
always,granddaughter,1
always,rag,1
always,open,1
always,mi,1
always,e,1
shout,international,1
find,within,1
find,soon,1
find,mute,1
find,let,1
find,language,1
find,useful,1
find,fortunate,1
find,someone,1
find,creative,1
within,soon,1
seriously,happy,1
happy,collide,1
happy,til,1
happy,early,1
happy,century,1
happy,movement,1
happy,enter,1
happy,felt,1
happy,contest,1
happy,rock,1
happy,apart,1
happy,community,1
everyday,grow,1
lovable,punch,1
lovable,island,1
lovable,weight,1
punch,island,1
punch,weight,1
island,weight,1
favorite,actually,1
favorite,incredibly,1
favorite,sweet,1
favorite,pop,1
actually,incredibly,1
actually,sweet,1
actually,pop,1
incredibly,sweet,1
incredibly,pop,1
sweet,pop,1
sweet,remix,1
sweet,working,1
sweet,stop,1
sweet,loop,1
sweet,sleep,1
appropriate,aesthetic,1
appropriate,accompany,1
aesthetic,accompany,1
cage,wrong,1
awesome,birthday,1
awesome,card,1
awesome,excite,1
birthday,card,2
birthday,beloved,1
birthday,partner,1
birthday,receipt,1
birthday,inside,1
birthday,yi,1
birthday,excite,1
card,beloved,1
card,partner,1
card,receipt,1
card,inside,1
card,yi,1
card,excite,1
excite,beloved,1
excite,partner,1
excite,receipt,1
excite,inside,1
excite,yi,1
pic,party,1
party,dinner,1
party,die,1
account,disappointed,1
account,imitate,1
account,flat,1
account,sharp,1
account,natural,1
disappointed,imitate,1
disappointed,flat,1
disappointed,sharp,1
disappointed,natural,1
imitate,flat,1
imitate,sharp,1
imitate,natural,1
flat,sharp,1
flat,natural,1
sharp,natural,1
morning,spend,1
morning,learning,1
morning,safe,1
morning,pretty,1
drunk,call,1
drunk,daddy,1
drunk,fryer,1
call,daddy,2
call,fryer,1
call,right,1
call,humming,1
daddy,fryer,1
daddy,right,1
daddy,humming,1
important,question,1
question,family,1
question,seem,1
question,plan,1
question,photo,1
question,put,1
question,name,2
style,spark,1
bizarre,combination,1
bizarre,birth,1
bizarre,chart,1
combination,birth,1
combination,chart,1
birth,chart,1
constantly,believe,1
believe,almost,1
believe,later,1
dinner,die,1
fast,current,1
fast,resale,1
fast,price,1
fast,w,1
fast,wish,1
fast,la,1
current,resale,1
current,price,1
resale,price,1
old,binge,1
old,dawn,1
old,dusk,1
old,since,1
old,existence,1
binge,dawn,1
binge,dusk,1
binge,since,1
binge,existence,1
dawn,dusk,1
dawn,since,1
dawn,existence,1
dusk,since,1
dusk,existence,1
since,existence,1
since,last,2
since,remix,2
since,perfection,2
review,react,1
review,top,1
react,top,1
chance,boston,1
chance,sale,2
chance,us,1
chance,monster,1
chance,toy,1
mute,let,1
let,lab,1
let,mate,1
let,cell,1
capable,feeling,1
capable,felt,1
capable,happen,1
feeling,felt,1
felt,contest,1
felt,rock,1
cannot,beat,1
tweet,reaction,2
tweet,reading,1
tweet,read,1
til,early,1
til,century,1
til,movement,1
til,enter,1
early,century,1
early,movement,1
early,enter,1
century,movement,1
century,enter,1
movement,enter,1
ticket,later,1
ticket,guess,1
later,guess,1
later,almost,1
restock,jumper,1
russia,visit,1
russia,answer,1
russia,cause,1
russia,wife,1
hopefully,fall,1
hopefully,language,1
hopefully,tough,1
hopefully,visit,1
due,success,1
due,sale,1
success,sale,1
success,man,1
sale,monster,1
sale,toy,1
honestly,though,1
honestly,wrap,1
honestly,around,1
though,wrap,1
though,around,1
though,brother,1
though,advance,1
wrap,around,1
around,walk,4
berlin,venue,1
spend,learning,1
spend,safe,1
spend,pretty,1
learning,safe,1
learning,pretty,1
safe,pretty,1
pretty,hurry,1
pretty,last,1
pretty,cause,1
pretty,almost,1
family,seem,1
family,plan,1
family,photo,1
family,put,1
family,name,2
seem,plan,1
seem,photo,1
seem,put,1
seem,name,2
plan,photo,1
plan,put,1
plan,name,2
photo,put,1
photo,name,2
put,name,2
put,cause,1
put,agenda,1
name,community,1
name,funny,1
name,cause,1
drone,fly,1
drone,maybe,2
drone,wedding,1
drone,anniversary,1
fly,maybe,2
fly,wedding,1
fly,anniversary,1
maybe,wedding,2
maybe,anniversary,2
wedding,anniversary,1
simply,wife,1
simply,visit,1
simply,access,1
simply,winter,1
simply,closure,1
simply,f,1
simply,volcano,1
simply,bonus,1
simply,near,1
simply,adventure,1
wife,visit,2
wife,access,1
wife,winter,1
wife,closure,1
wife,f,1
wife,volcano,1
wife,bonus,1
wife,near,1
wife,adventure,1
wife,answer,1
wife,cause,1
visit,access,1
visit,winter,1
visit,closure,1
visit,f,1
visit,volcano,1
visit,bonus,1
visit,near,1
visit,adventure,1
visit,answer,1
visit,cause,1
visit,fall,1
visit,language,1
visit,tough,1
visit,free,1
visit,visa,1
access,winter,1
access,closure,1
access,f,1
access,volcano,1
access,bonus,1
access,near,1
access,adventure,1
winter,closure,1
winter,f,1
winter,volcano,1
winter,bonus,1
winter,near,1
winter,adventure,1
closure,f,1
closure,volcano,1
closure,bonus,1
closure,near,1
closure,adventure,1
f,volcano,1
f,bonus,1
f,near,1
f,adventure,1
volcano,bonus,1
volcano,near,1
volcano,adventure,1
bonus,near,1
bonus,adventure,1
near,adventure,1
w,wish,1
w,la,1
wish,la,1
upgrade,long,1
upgrade,away,1
long,away,1
cause,agenda,1
cause,answer,1
cause,community,1
cause,funny,1
cause,hurry,1
cause,last,1
cause,almost,1
limit,possible,1
limit,incapable,1
limit,night,1
possible,incapable,1
possible,night,1
incapable,night,1
lab,mate,1
lab,cell,1
mate,cell,1
sometimes,jo,1
sometimes,lock,1
jo,lock,1
language,useful,1
language,gorgeous,1
language,translate,1
language,understand,1
language,cautious,1
language,optimism,1
language,defiance,1
language,fall,1
language,tough,1
library,flow,1
library,win,1
library,moment,1
flow,win,1
flow,moment,1
win,moment,1
moment,save,1
care,package,1
fortunate,someone,1
fortunate,creative,1
someone,creative,1
book,almost,1
book,advance,1
almost,advance,1
almost,hurry,1
almost,last,1
advance,brother,1
bad,mistaken,1
bad,identity,1
bad,suppose,1
mistaken,identity,1
mistaken,suppose,1
identity,suppose,1
remix,working,1
remix,last,1
remix,perfection,1
bright,joke,1
right,humming,1
warehouse,gig,1
beloved,partner,1
beloved,receipt,1
beloved,inside,1
beloved,yi,1
partner,receipt,1
partner,inside,1
partner,yi,1
receipt,inside,1
receipt,yi,1
inside,yi,1
immediately,ashamed,1
ah,whose,1
contest,rock,1
contest,grateful,1
contest,turn,1
contest,groove,1
monster,ten,1
monster,toy,1
monster,clip,1
monster,endless,1
monster,repetitive,1
monster,loop,1
monster,last,1
monster,giggling,1
monster,afterwards,1
occasion,flight,2
occasion,aviation,2
occasion,essential,2
occasion,crucial,2
occasion,front,2
occasion,line,2
occasion,role,2
occasion,ensure,2
occasion,critical,2
occasion,global,2
occasion,connectivity,2
occasion,throughout,2
flight,aviation,2
flight,essential,2
flight,crucial,2
flight,front,2
flight,line,2
flight,role,2
flight,ensure,2
flight,critical,2
flight,global,2
flight,connectivity,2
flight,throughout,2
aviation,essential,2
aviation,crucial,2
aviation,front,2
aviation,line,2
aviation,role,2
aviation,ensure,2
aviation,critical,2
aviation,global,2
aviation,connectivity,2
aviation,throughout,2
essential,crucial,2
essential,front,2
essential,line,2
essential,role,2
essential,ensure,2
essential,critical,2
essential,global,2
essential,connectivity,2
essential,throughout,2
crucial,front,2
crucial,line,2
crucial,role,2
crucial,ensure,2
crucial,critical,2
crucial,global,2
crucial,connectivity,2
crucial,throughout,2
front,line,2
front,role,2
front,ensure,2
front,critical,2
front,global,2
front,connectivity,2
front,throughout,2
line,role,2
line,ensure,2
line,critical,2
line,global,2
line,connectivity,2
line,throughout,2
role,ensure,2
role,critical,2
role,global,2
role,connectivity,2
role,throughout,2
ensure,critical,2
ensure,global,2
ensure,connectivity,2
ensure,throughout,2
critical,global,2
critical,connectivity,2
critical,throughout,2
global,connectivity,2
global,throughout,2
connectivity,throughout,2
gorgeous,translate,1
gorgeous,understand,1
gorgeous,cautious,1
gorgeous,optimism,1
gorgeous,defiance,1
translate,understand,1
translate,cautious,1
translate,optimism,1
translate,defiance,1
understand,cautious,1
understand,optimism,1
understand,defiance,1
cautious,optimism,1
cautious,defiance,1
optimism,defiance,1
deep,massive,1
deep,live,1
massive,live,1
sully,send,1
fall,tough,1
apart,community,1
community,hit,1
community,unable,1
community,accept,1
community,invite,1
community,strong,1
community,funny,1
discord,battlefield,1
discord,ya,1
discord,joining,1
either,swiss,1
enjoy,leave,1
enjoy,purpose,1
leave,purpose,1
grateful,turn,1
grateful,groove,1
turn,groove,1
forgot,share,1
hit,unable,1
hit,accept,1
hit,invite,1
hit,strong,1
unable,accept,1
unable,invite,1
unable,strong,1
accept,invite,1
accept,strong,1
invite,strong,1
clip,endless,1
clip,repetitive,1
clip,loop,1
clip,last,1
clip,giggling,1
clip,afterwards,1
endless,repetitive,1
endless,loop,1
endless,last,1
endless,giggling,1
endless,afterwards,1
repetitive,loop,1
repetitive,last,1
repetitive,giggling,1
repetitive,afterwards,1
loop,last,1
loop,giggling,1
loop,afterwards,1
loop,stop,1
loop,sleep,1
last,giggling,1
last,afterwards,1
last,perfection,1
last,hurry,1
giggling,afterwards,1
reaction,reading,2
reaction,read,2
reading,read,1
joy,daughter,1
joy,granddaughter,1
joy,rag,1
joy,open,1
joy,mi,1
joy,e,1
daughter,granddaughter,1
daughter,rag,1
daughter,open,1
daughter,mi,1
daughter,e,1
granddaughter,rag,1
granddaughter,open,1
granddaughter,mi,1
granddaughter,e,1
rag,open,1
rag,mi,1
rag,e,1
open,mi,1
open,e,1
mi,e,1
justice,mig,1
justice,mali,1
mig,mali,1
successfully,close,1
successfully,support,1
close,support,1
waiting,full,1
waiting,drop,1
full,drop,1
instead,animation,1
huge,crush,2
space,couch,1
free,visa,1
poorly,properly,1
draw,real,1
draw,quick,1
real,quick,1
stop,sleep,1
