Source,Target,Weight
cross,false,1
cross,positive,1
cross,take,2
cross,care,2
cross,everything,4
cross,get,1
cross,perform,1
cross,best,3
cross,got,2
cross,oh,3
cross,know,1
cross,hope,2
cross,stay,6
cross,healthy,2
cross,keep,2
cross,fun,1
cross,wait,1
cross,safe,4
cross,firmly,1
cross,good,1
cross,luck,1
cross,thing,1
cross,keeping,1
cross,fabulous,1
cross,love,3
cross,much,1
cross,wishing,1
cross,team,2
cross,back,1
cross,jumper,1
cross,sending,1
cross,strength,1
cross,whole,1
cross,next,1
cross,week,1
false,positive,1
false,iceland,1
false,beautifully,1
false,band,1
false,purple,1
false,choir,1
false,middle,1
false,pyro,1
false,add,1
false,yet,1
false,another,1
false,element,1
false,design,1
false,light,1
false,still,1
false,get,1
false,jury,1
false,respect,1
positive,keeping,1
positive,crossed,2
positive,iceland,3
positive,one,1
positive,delegation,5
positive,test,9
positive,covid,2
positive,negative,2
positive,able,1
positive,perform,2
positive,also,2
positive,wish,3
positive,team,1
positive,member,4
positive,quick,1
positive,recovery,2
positive,sending,1
positive,best,3
positive,think,1
positive,first,1
positive,time,2
positive,ever,1
positive,anyone,1
positive,person,2
positive,band,1
positive,come,1
positive,back,1
positive,clear,1
positive,stay,6
positive,safe,4
positive,everyone,1
positive,send,2
positive,love,1
positive,corona,1
positive,news,2
positive,get,1
positive,hopefully,1
positive,everything,1
positive,fine,1
positive,accord,1
positive,plan,1
positive,take,1
positive,care,1
positive,speedy,1
positive,energy,2
positive,good,1
positive,luck,2
positive,sure,1
positive,daddy,1
positive,stage,1
positive,outcome,1
positive,x,1
positive,breaking,1
positive,quarantine,1
positive,really,1
positive,disappointed,1
positive,go,1
positive,organize,1
positive,trip,1
positive,finale,1
positive,next,1
positive,year,1
tournament,far,1
tournament,finally,1
tournament,meet,1
tournament,match,1
tournament,e,1
far,finally,1
far,meet,1
far,match,1
far,e,1
far,elf,1
far,go,1
far,right,1
far,mean,1
far,see,2
far,lot,1
far,stun,1
far,rehearsal,1
far,actually,1
far,many,1
far,year,1
far,hard,1
far,decide,1
far,band,1
far,day,1
far,fantastic,1
far,already,1
far,benny,1
far,take,1
far,stage,1
far,still,1
far,vincent,1
far,hurricane,1
far,come,1
far,afternoon,1
finally,meet,1
finally,match,1
finally,e,1
finally,take,1
finally,many,2
finally,find,1
finally,amazing,1
finally,game,1
finally,think,1
finally,oh,1
finally,god,1
finally,please,1
finally,add,1
finally,absolute,1
finally,belter,1
meet,match,1
meet,e,1
meet,greet,1
meet,today,1
meet,scan,1
meet,special,1
meet,surprise,1
match,e,1
e,w,1
e,n,2
e,r,1
counting,inspired,1
counting,personal,1
counting,top,1
inspired,personal,1
inspired,top,1
personal,top,1
top,true,1
top,matter,1
top,sure,1
top,good,1
top,place,1
top,ten,2
top,important,1
top,ever,1
top,hearth,1
top,climb,1
top,would,1
top,awesome,1
top,return,1
top,fly,1
top,fan,1
top,favorite,1
top,entry,1
top,begin,1
top,campaign,1
top,another,1
top,year,1
b,organization,1
b,war,1
b,crime,1
b,know,1
b,stop,1
b,persecution,1
organization,war,1
organization,crime,1
organization,know,1
organization,stop,1
organization,persecution,1
war,crime,1
war,know,1
war,stop,1
war,persecution,1
crime,know,1
crime,stop,1
crime,persecution,1
know,stop,1
know,persecution,1
know,oh,1
know,hope,1
know,please,3
know,release,1
know,cheese,1
know,official,1
know,little,1
know,look,1
know,like,1
know,go,1
know,well,3
know,vote,2
know,current,1
know,status,1
know,trying,1
know,get,3
know,old,1
know,man,1
know,phone,1
know,despite,1
know,yes,1
know,year,1
know,tune,1
know,keep,1
know,good,1
know,question,1
know,come,1
know,across,1
know,already,1
know,shi,1
know,addition,1
know,stage,1
know,prop,1
know,choral,1
know,bit,1
know,near,1
know,end,1
know,really,1
know,effective,1
know,verdict,1
know,tongue,1
know,cheek,1
know,fun,1
know,hard,1
know,smile,1
know,want,1
know,see,1
know,think,2
know,composer,1
know,write,1
know,baby,1
know,daughter,1
know,wait,1
know,person,1
stop,persecution,1
stay,safe,51
stay,healthy,6
stay,everyone,2
stay,send,3
stay,love,7
stay,delegation,3
stay,member,3
stay,also,1
stay,test,4
stay,corona,1
stay,keep,1
stay,hope,7
stay,everything,3
stay,alright,1
stay,soon,1
stay,much,2
stay,news,1
stay,able,1
stay,perform,4
stay,get,4
stay,best,3
stay,team,2
stay,person,1
stay,hopefully,1
stay,fine,1
stay,accord,1
stay,plan,1
stay,please,4
stay,take,4
stay,care,4
stay,speedy,1
stay,recovery,1
stay,especially,2
stay,sure,1
stay,night,1
stay,let,1
stay,rock,1
stay,got,2
stay,fabulous,2
stay,nice,1
stay,evening,1
stay,x,2
stay,remove,1
stay,face,2
stay,mask,1
stay,win,1
stay,careful,1
stay,see,1
stay,stage,1
stay,wish,2
stay,nothing,1
stay,good,2
stay,luck,1
stay,health,1
stay,fire,1
stay,well,2
stay,behalf,1
stay,group,1
stay,discord,1
stay,u,2
stay,billion,1
stay,virtual,1
stay,poem,1
stay,make,1
stay,together,1
stay,show,1
stay,support,1
stay,current,1
stay,situation,1
stay,strong,1
stay,yes,1
stay,rest,1
stay,whole,1
stay,live,1
stay,stupid,1
stay,covid,1
stay,bloody,1
stay,hell,1
safe,healthy,1
safe,everyone,3
safe,send,2
safe,love,6
safe,delegation,3
safe,member,2
safe,also,1
safe,test,4
safe,corona,1
safe,hope,7
safe,everything,3
safe,alright,1
safe,soon,1
safe,much,3
safe,wish,2
safe,contest,1
safe,team,2
safe,work,2
safe,hard,2
safe,u,1
safe,fan,1
safe,news,1
safe,person,1
safe,get,2
safe,hopefully,1
safe,fine,1
safe,perform,3
safe,accord,1
safe,plan,1
safe,please,4
safe,best,1
safe,take,5
safe,care,5
safe,speedy,1
safe,recovery,1
safe,especially,1
safe,sound,1
safe,firmly,1
safe,keep,1
safe,sure,1
safe,night,1
safe,let,1
safe,rock,1
safe,nice,1
safe,evening,1
safe,x,1
safe,remove,1
safe,face,2
safe,mask,1
safe,win,1
safe,careful,1
safe,see,1
safe,stage,1
safe,nothing,1
safe,good,2
safe,luck,1
safe,health,1
safe,well,2
safe,yes,1
safe,rest,1
safe,whole,1
safe,live,1
safe,stupid,1
safe,covid,1
safe,bloody,1
safe,hell,1
healthy,good,1
healthy,luck,1
healthy,keep,1
healthy,hope,1
healthy,able,1
healthy,perform,1
healthy,get,2
healthy,best,1
healthy,team,1
healthy,member,1
healthy,got,1
healthy,fabulous,1
healthy,love,2
healthy,fire,1
healthy,x,1
think,excited,1
think,wear,1
think,iceland,3
think,flag,1
think,cape,1
think,really,2
think,year,3
think,politics,1
think,less,1
think,impact,1
think,voting,1
think,chance,3
think,well,3
think,also,2
think,amazing,3
think,good,3
think,last,3
think,love,2
think,though,1
think,discover,1
think,today,2
think,absolutely,1
think,brilliant,1
think,check,1
think,see,3
think,first,1
think,time,3
think,ever,1
think,wish,1
think,negative,1
think,anyone,2
think,person,3
think,test,1
think,band,1
think,come,3
think,back,1
think,clear,1
think,make,2
think,recreate,1
think,video,1
think,ago,1
think,stun,1
think,revisit,1
think,awesome,1
think,cover,1
think,ani,1
think,still,1
think,music,2
think,take,2
think,many,2
think,find,1
think,game,3
think,get,5
think,thank,2
think,enough,1
think,mean,1
think,obviously,1
think,right,1
think,luck,1
think,watch,1
think,listen,1
think,happy,1
think,song,2
think,terrible,1
think,fact,1
think,giddy,1
think,hear,1
think,sing,1
think,never,1
think,do,1
think,pro,1
think,globally,1
think,viral,1
think,people,1
think,home,1
think,catchy,1
think,remember,1
think,las,1
think,ketchup,1
think,happen,1
think,review,2
think,mobile,1
think,anyway,2
think,amaze,1
think,uplift,1
think,mood,1
think,lot,1
think,leave,1
think,till,1
think,contest,2
think,tell,1
think,u,1
think,available,1
think,go,2
think,since,1
think,world,1
think,ready,1
think,bang,1
think,pop,1
think,joyful,1
think,celebration,1
think,fly,1
think,entry,1
think,begin,1
think,campaign,1
think,victory,1
think,composer,2
think,write,2
think,baby,2
think,daughter,2
think,wait,2
think,super,1
think,excite,1
think,winner,1
think,easily,1
excited,wear,1
excited,iceland,1
excited,flag,1
excited,cape,1
excited,watch,1
excited,new,1
excited,video,1
excited,week,2
excited,indeed,1
excited,spot,1
excited,familiar,1
excited,name,1
excited,look,1
excited,man,1
excited,tractor,1
excited,see,1
excited,live,1
excited,next,1
wear,iceland,1
wear,flag,1
wear,cape,1
wear,amaze,1
wear,jacket,1
wear,order,1
wear,green,1
wear,medium,1
wear,make,1
wear,sweater,1
wear,yes,1
iceland,flag,1
iceland,cape,1
iceland,keeping,1
iceland,crossed,2
iceland,one,6
iceland,delegation,3
iceland,test,2
iceland,covid,2
iceland,good,2
iceland,luck,3
iceland,different,3
iceland,hosting,1
iceland,night,1
iceland,go,9
iceland,well,2
iceland,get,5
iceland,wishing,1
iceland,health,1
iceland,everything,3
iceland,else,1
iceland,sweet,1
iceland,love,4
iceland,make,1
iceland,matter,1
iceland,way,2
iceland,rightful,1
iceland,win,6
iceland,breaking,1
iceland,news,1
iceland,member,1
iceland,quarantine,1
iceland,really,2
iceland,disappointed,1
iceland,week,3
iceland,intend,1
iceland,vote,2
iceland,year,10
iceland,cover,1
iceland,past,1
iceland,high,1
iceland,rotation,1
iceland,place,1
iceland,song,12
iceland,bingo,1
iceland,thing,3
iceland,become,1
iceland,big,3
iceland,musical,2
iceland,tune,3
iceland,hell,2
iceland,magma,2
iceland,lava,4
iceland,vomit,2
iceland,time,4
iceland,possess,2
iceland,massive,2
iceland,river,2
iceland,definitely,1
iceland,support,2
iceland,great,1
iceland,last,5
iceland,entry,2
iceland,keep,2
iceland,u,4
iceland,dance,1
iceland,smile,1
iceland,work,1
iceland,happy,3
iceland,whole,1
iceland,image,1
iceland,follow,2
iceland,link,1
iceland,check,1
iceland,like,2
iceland,yes,1
iceland,come,2
iceland,excuse,2
iceland,back,2
iceland,next,3
iceland,need,1
iceland,three,1
iceland,switch,1
iceland,spend,1
iceland,free,1
iceland,press,2
iceland,conference,1
iceland,treat,1
iceland,thread,1
iceland,though,1
iceland,box,1
iceland,blow,2
iceland,san,1
iceland,serve,1
iceland,fun,1
iceland,pro,1
iceland,globally,1
iceland,viral,1
iceland,people,2
iceland,home,1
iceland,catchy,1
iceland,remember,1
iceland,las,1
iceland,ketchup,1
iceland,radio,1
iceland,also,1
iceland,enough,1
iceland,organize,1
iceland,trip,1
iceland,finale,1
iceland,send,1
iceland,energy,1
iceland,strike,1
iceland,pose,1
iceland,beautifully,1
iceland,band,1
iceland,purple,1
iceland,choir,1
iceland,middle,1
iceland,pyro,1
iceland,add,1
iceland,yet,1
iceland,another,2
iceland,element,1
iceland,design,1
iceland,light,1
iceland,still,1
iceland,jury,1
iceland,respect,1
iceland,may,1
iceland,breakout,1
iceland,star,1
iceland,quirky,1
iceland,bop,1
iceland,much,1
iceland,contention,1
iceland,title,1
iceland,via,1
iceland,today,4
iceland,thank,1
iceland,team,1
iceland,enjoy,1
iceland,ride,1
iceland,see,2
iceland,stage,1
iceland,new,1
iceland,dynamic,1
iceland,stag,1
iceland,even,1
iceland,nod,1
iceland,dive,1
iceland,dolphin,1
iceland,give,1
iceland,exceptional,1
iceland,thinking,1
iceland,certainly,1
iceland,right,1
iceland,perform,1
iceland,ten,1
iceland,unique,1
iceland,choral,1
iceland,thousand,1
iceland,world,1
iceland,bit,1
iceland,iconic,1
iceland,silhouette,1
iceland,shot,1
iceland,rehearsal,2
iceland,please,1
iceland,justice,1
iceland,turning,1
iceland,living,1
iceland,room,2
iceland,sofa,1
iceland,green,1
iceland,first,1
iceland,always,1
iceland,super,1
iceland,excite,1
iceland,winner,1
iceland,easily,1
flag,cape,1
time,new,1
time,look,1
time,honor,1
time,week,1
time,song,2
time,choir,1
time,thanks,1
time,first,6
time,get,2
time,last,2
time,year,2
time,bound,1
time,win,1
time,visit,1
time,elf,1
time,ever,3
time,wish,2
time,negative,2
time,anyone,2
time,person,2
time,test,2
time,band,2
time,come,2
time,back,2
time,clear,2
time,musical,1
time,tune,1
time,thing,1
time,one,3
time,hell,1
time,magma,1
time,lava,2
time,vomit,1
time,possess,1
time,massive,1
time,river,1
time,love,4
time,possibly,1
time,anything,1
time,thank,1
time,see,3
time,good,1
time,luck,1
time,watch,2
time,listen,1
time,happy,1
time,terrible,1
time,fact,1
time,giddy,1
time,hear,1
time,sing,1
time,amazing,1
time,music,1
time,never,1
time,do,1
time,three,1
time,switch,1
time,u,1
time,spend,1
time,free,1
time,press,1
time,conference,1
time,stag,1
time,need,1
time,become,1
time,full,1
time,streamer,1
time,twitch,1
time,bit,1
time,behind,1
time,chat,1
time,yes,1
time,like,1
time,different,1
time,right,1
new,look,2
new,honor,1
new,week,2
new,song,1
new,choir,1
new,thanks,1
new,profile,2
new,picture,1
new,baby,1
new,house,1
new,love,1
new,pic,1
new,edition,1
new,music,1
new,life,1
new,live,1
new,watch,1
new,video,1
new,indeed,1
new,spot,1
new,familiar,1
new,name,1
new,man,1
new,tractor,1
new,per,1
new,may,1
new,w,1
new,dynamic,1
new,stag,1
new,even,1
new,nod,1
new,dive,1
new,dolphin,1
new,give,1
new,u,1
new,today,1
new,good,1
new,exceptional,1
new,thinking,1
new,certainly,1
new,keep,1
new,get,1
new,well,1
look,honor,1
look,week,2
look,song,1
look,choir,1
look,thanks,1
look,wishing,1
look,delegation,1
look,best,1
look,like,2
look,do,1
look,cool,2
look,basic,1
look,love,1
look,go,1
look,watch,1
look,video,1
look,indeed,1
look,spot,1
look,familiar,1
look,name,1
look,man,1
look,tractor,1
look,paint,1
look,good,1
honor,week,1
honor,song,1
honor,choir,1
honor,thanks,1
week,song,4
week,choir,1
week,thanks,1
week,sending,1
week,love,1
week,strength,1
week,whole,1
week,team,1
week,everything,1
week,next,10
week,come,3
week,brilliant,3
week,entry,3
week,feel,2
week,hate,2
week,u,3
week,later,2
week,cover,3
week,soon,2
week,pencil,2
week,case,2
week,wonder,2
week,go,3
week,intend,1
week,vote,4
week,year,4
week,past,1
week,high,1
week,rotation,1
week,place,1
week,win,2
week,first,1
week,episode,1
week,almost,1
week,live,2
week,available,1
week,right,3
week,ahoy,1
week,dance,1
week,ready,2
week,keep,2
week,get,4
week,good,3
week,exactly,1
week,one,1
week,til,1
week,final,2
week,need,1
week,chat,1
week,best,1
week,night,1
week,put,1
week,absolutely,1
week,perfect,1
week,last,2
week,please,3
week,give,1
week,let,1
week,hey,1
week,want,1
week,make,2
week,food,2
week,party,2
week,easy,1
week,luck,2
week,cheer,1
week,happy,2
week,start,1
week,around,1
week,watch,1
week,video,1
week,indeed,1
week,spot,1
week,familiar,1
week,name,1
week,man,1
week,tractor,1
week,wait,1
week,see,2
week,properly,1
week,radio,1
week,tune,3
week,also,1
week,enough,1
week,flowing,1
week,able,1
week,interview,1
week,talk,1
week,like,1
week,viral,1
week,sensation,1
week,unique,1
week,brand,1
week,oh,1
week,living,1
week,room,2
week,turn,1
week,green,1
week,n,1
week,tonight,1
week,semi,1
week,early,1
week,well,1
week,ten,2
week,twelve,2
song,choir,1
song,thanks,2
song,want,1
song,see,1
song,miss,1
song,go,5
song,fantastic,2
song,year,10
song,lots,1
song,great,3
song,loving,1
song,wait,1
song,need,1
song,win,4
song,like,5
song,official,1
song,video,1
song,favorite,12
song,day,2
song,leave,1
song,entry,4
song,share,2
song,contest,3
song,take,3
song,part,3
song,music,3
song,band,1
song,next,2
song,excellent,1
song,also,3
song,create,1
song,amazing,3
song,good,3
song,luck,3
song,love,8
song,cover,2
song,give,1
song,motivation,1
song,dance,2
song,intend,1
song,vote,2
song,past,1
song,high,1
song,rotation,1
song,place,1
song,preview,1
song,success,1
song,impact,1
song,listen,2
song,pick,1
song,definitely,1
song,support,1
song,last,6
song,keep,1
song,u,2
song,smile,1
song,work,1
song,happy,3
song,beautiful,2
song,text,1
song,everything,2
song,whole,2
song,one,2
song,image,2
song,follow,2
song,link,2
song,check,3
song,wonder,4
song,perfect,3
song,triangle,3
song,remix,1
song,do,2
song,original,1
song,track,1
song,hope,1
song,enjoy,1
song,watch,1
song,terrible,1
song,fact,1
song,get,2
song,giddy,1
song,hear,1
song,sing,1
song,never,1
song,treat,1
song,thread,1
song,though,1
song,press,1
song,box,1
song,blow,2
song,san,1
song,serve,1
song,fun,1
song,radio,1
song,tune,1
song,enough,1
song,shall,1
song,ask,1
song,damn,1
song,try,1
song,learn,1
song,fast,1
song,today,1
song,wonderful,1
song,stag,1
song,perform,1
song,ten,1
song,unique,1
song,choral,1
song,thousand,1
song,different,1
song,people,1
song,world,2
song,since,1
song,ready,1
song,bang,1
song,pop,1
song,joyful,1
song,celebration,1
song,fly,1
song,begin,1
song,campaign,1
song,victory,1
song,repeat,1
song,every,1
song,importantly,1
choir,thanks,1
choir,beautifully,1
choir,band,1
choir,purple,1
choir,middle,1
choir,pyro,1
choir,add,1
choir,yet,1
choir,another,1
choir,element,1
choir,design,1
choir,light,1
choir,still,1
choir,get,1
choir,jury,1
choir,respect,1
choir,excite,1
choir,hear,1
choir,sound,1
choir,amazing,1
choir,daughter,1
choir,send,1
choir,voice,1
choir,clip,1
choir,might,1
choir,mix,1
choir,somewhere,1
thanks,awesome,1
thanks,preview,1
thanks,love,1
thanks,success,1
thanks,impact,1
thanks,year,1
thanks,share,1
thanks,listen,1
thanks,vote,1
thanks,pick,1
thanks,best,1
thanks,much,1
thanks,talk,1
thanks,night,1
thanks,dry,1
thanks,fish,1
thanks,hear,1
thanks,soon,1
indeed,x,1
indeed,watch,1
indeed,video,1
indeed,spot,1
indeed,familiar,1
indeed,name,1
indeed,man,1
indeed,tractor,1
x,devastating,1
x,news,1
x,hope,2
x,best,1
x,outcome,1
x,love,2
x,get,1
x,fire,1
x,actually,1
x,really,1
x,like,1
x,r,1
x,lit,1
x,pleasure,1
x,sock,1
x,game,1
x,limited,1
x,edition,1
x,pair,1
x,collection,1
elf,go,1
elf,first,1
elf,get,1
elf,last,1
elf,year,1
elf,bound,1
elf,win,1
elf,visit,1
go,want,1
go,see,2
go,miss,1
go,fantastic,1
go,year,7
go,lots,1
go,great,1
go,loving,1
go,wait,1
go,good,1
go,luck,2
go,different,1
go,hosting,1
go,night,1
go,well,2
go,cheer,1
go,intend,1
go,vote,1
go,cover,1
go,past,1
go,high,1
go,rotation,1
go,place,1
go,win,2
go,like,1
go,yes,1
go,come,2
go,excuse,2
go,back,1
go,next,2
go,need,2
go,treat,2
go,thread,2
go,though,2
go,press,2
go,box,2
go,blow,4
go,love,3
go,san,2
go,serve,2
go,fun,2
go,organize,1
go,trip,1
go,finale,1
go,send,2
go,energy,1
go,one,3
go,call,1
go,everything,1
go,covid,1
go,thank,1
go,god,1
go,video,1
go,try,1
go,ready,3
go,even,3
go,walk,2
go,berlin,2
go,might,1
go,last,3
go,order,1
go,full,1
go,teal,1
go,take,1
go,since,1
go,contest,1
go,world,1
go,bang,1
go,pop,1
go,joyful,1
go,celebration,1
go,fly,1
go,entry,1
go,begin,1
go,campaign,1
go,victory,1
go,tune,1
go,ten,1
go,twelve,1
go,super,1
go,excite,1
go,winner,1
go,easily,1
go,get,1
catch,u,1
catch,well,1
catch,may,1
catch,person,1
u,bene,1
u,much,2
u,love,5
u,san,1
u,feel,3
u,near,1
u,see,1
u,soon,3
u,wish,1
u,contest,2
u,team,1
u,work,1
u,hard,1
u,fan,1
u,behalf,2
u,group,2
u,discord,3
u,send,2
u,billion,2
u,virtual,2
u,poem,2
u,make,3
u,together,2
u,show,2
u,support,3
u,especially,2
u,current,2
u,situation,2
u,strong,2
u,come,2
u,brilliant,2
u,entry,4
u,hate,2
u,later,2
u,cover,2
u,pencil,2
u,case,2
u,wonder,2
u,year,1
u,definitely,1
u,great,1
u,last,1
u,keep,2
u,dance,1
u,smile,1
u,three,1
u,one,3
u,switch,1
u,spend,1
u,free,1
u,press,1
u,conference,1
u,radio,1
u,tune,1
u,also,1
u,get,2
u,enough,1
u,thank,1
u,yes,1
u,read,1
u,say,1
u,twitter,1
u,leave,1
u,till,1
u,tell,1
u,server,1
u,member,1
u,away,1
u,thousand,1
u,super,1
u,chill,1
u,space,1
u,stuff,1
u,like,1
u,mascot,1
u,dynamic,1
u,stag,1
u,even,1
u,nod,1
u,dive,1
u,dolphin,1
u,give,1
u,today,1
u,good,1
u,exceptional,1
u,thinking,1
u,certainly,1
u,well,1
want,see,2
want,miss,1
want,fantastic,1
want,year,1
want,lots,1
want,great,1
want,loving,1
want,wait,1
want,hey,1
want,make,2
want,food,2
want,party,2
want,easy,1
want,good,1
want,luck,1
want,cheer,1
want,really,2
want,sweater,1
want,jumper,1
want,find,1
want,anywhere,1
see,miss,1
see,fantastic,2
see,year,3
see,lots,1
see,great,2
see,loving,1
see,wait,4
see,bene,1
see,much,1
see,love,4
see,san,1
see,feel,1
see,near,1
see,soon,2
see,heart,1
see,good,2
see,day,2
see,come,2
see,best,1
see,discover,1
see,today,2
see,absolutely,1
see,brilliant,2
see,chance,1
see,check,1
see,hope,1
see,stage,3
see,looking,2
see,forward,2
see,perform,2
see,pic,1
see,nice,1
see,tour,1
see,lovely,1
see,got,1
see,gig,1
see,next,3
see,hey,1
see,onwards,1
see,reason,1
see,real,1
see,little,1
see,confused,1
see,high,1
see,also,1
see,well,2
see,second,1
see,pick,1
see,destiny,1
see,right,2
see,mean,1
see,lot,1
see,stun,1
see,rehearsal,2
see,actually,1
see,many,1
see,hard,1
see,decide,1
see,really,2
see,happen,1
see,properly,1
see,vote,1
see,bit,1
see,behind,1
see,chat,1
see,first,1
see,one,1
see,call,1
see,everything,1
see,covid,1
see,thank,2
see,god,1
see,video,1
see,available,1
see,anyway,1
see,live,1
see,team,1
see,enjoy,1
see,ride,1
see,back,1
see,like,1
see,last,1
see,different,1
see,already,1
see,benny,1
see,take,1
see,still,1
see,vincent,1
see,hurricane,1
see,afternoon,1
miss,fantastic,1
miss,year,1
miss,lots,1
miss,great,1
miss,loving,1
miss,wait,1
miss,yet,1
miss,available,1
fantastic,year,1
fantastic,lots,1
fantastic,great,1
fantastic,loving,1
fantastic,wait,1
fantastic,band,1
fantastic,win,1
fantastic,next,1
fantastic,excellent,1
fantastic,also,1
fantastic,create,1
fantastic,amazing,1
fantastic,good,1
fantastic,luck,1
fantastic,day,1
fantastic,already,1
fantastic,benny,1
fantastic,take,1
fantastic,stage,1
fantastic,still,1
fantastic,vincent,1
fantastic,hurricane,1
fantastic,come,1
fantastic,afternoon,1
year,lots,1
year,great,2
year,loving,1
year,wait,2
year,really,1
year,politics,1
year,less,1
year,impact,2
year,voting,1
year,chance,2
year,well,2
year,also,1
year,one,2
year,first,1
year,get,8
year,last,12
year,bound,1
year,win,4
year,visit,1
year,semis,1
year,final,1
year,slightly,1
year,person,1
year,intend,1
year,vote,3
year,cover,2
year,past,1
year,high,1
year,rotation,1
year,place,1
year,preview,1
year,love,2
year,success,1
year,share,1
year,listen,2
year,pick,1
year,bingo,1
year,thing,1
year,become,1
year,big,2
year,definitely,1
year,support,1
year,entry,1
year,keep,1
year,dance,1
year,smile,1
year,right,7
year,need,4
year,chat,3
year,next,6
year,best,3
year,night,3
year,put,3
year,absolutely,4
year,perfect,3
year,please,6
year,give,3
year,let,3
year,got,1
year,gig,1
year,tragedy,1
year,covid,1
year,way,1
year,brilliant,2
year,money,2
year,yes,2
year,come,2
year,excuse,2
year,back,1
year,good,1
year,luck,2
year,watch,1
year,happy,1
year,terrible,1
year,fact,1
year,giddy,1
year,hear,1
year,sing,1
year,amazing,1
year,music,1
year,never,1
year,do,1
year,hurricane,2
year,react,1
year,second,1
year,current,1
year,status,1
year,trying,1
year,old,1
year,man,1
year,phone,1
year,despite,1
year,tune,2
year,arcade,1
year,via,1
year,mean,1
year,lot,1
year,stun,1
year,rehearsal,1
year,actually,1
year,many,1
year,hard,1
year,decide,1
year,highlight,1
year,organize,1
year,trip,1
year,finale,1
year,send,2
year,energy,1
year,might,1
year,even,1
year,today,1
year,another,1
year,ten,1
year,wife,1
year,pregnant,1
year,act,1
year,people,1
year,stage,1
year,anyone,1
year,else,1
year,bit,1
year,tired,1
year,green,1
year,sweater,1
year,bring,1
year,super,2
year,hero,1
year,excite,1
year,winner,1
year,easily,1
lots,great,1
lots,loving,1
lots,wait,1
lots,love,1
lots,chile,1
lots,delegation,1
lots,get,1
lots,mine,1
great,loving,1
great,wait,1
great,wish,1
great,good,4
great,luck,3
great,health,1
great,live,1
great,performance,1
great,love,2
great,cover,1
great,give,1
great,motivation,1
great,music,2
great,contest,1
great,also,2
great,dance,2
great,act,1
great,definitely,1
great,support,1
great,last,1
great,entry,1
great,keep,1
great,smile,1
great,real,1
great,little,1
great,confused,1
great,high,1
great,well,1
great,second,1
great,pick,1
great,destiny,1
great,excite,1
great,much,1
great,fun,1
great,make,1
great,symbolic,1
great,data,1
great,driven,1
great,particularly,1
great,like,1
great,concept,2
great,event,1
great,world,1
great,visual,1
great,victory,1
great,job,1
great,wig,1
loving,wait,1
wait,hope,1
wait,fun,1
wait,got,1
wait,gig,1
wait,next,2
wait,yes,2
wait,cannot,1
wait,thank,1
wait,brilliant,1
wait,properly,1
wait,vote,1
wait,rehearsal,1
wait,composer,1
wait,write,1
wait,baby,1
wait,daughter,1
wait,get,1
wait,person,1
yes,saw,1
yes,long,1
yes,negative,2
yes,sure,1
yes,fine,1
yes,perform,1
yes,come,1
yes,win,2
yes,excuse,2
yes,back,1
yes,next,2
yes,need,3
yes,current,1
yes,status,1
yes,trying,1
yes,get,1
yes,old,1
yes,man,1
yes,phone,1
yes,vote,1
yes,despite,1
yes,tune,1
yes,order,1
yes,green,1
yes,medium,1
yes,make,2
yes,sweater,1
yes,thank,1
yes,love,2
yes,read,1
yes,say,1
yes,twitter,1
yes,like,2
yes,really,1
yes,one,1
yes,tear,1
yes,actually,1
yes,turn,1
yes,big,1
yes,softy,1
yes,play,1
yes,guy,1
yes,awesome,1
saw,long,1
saw,negative,1
saw,sure,1
saw,fine,1
saw,perform,1
saw,saved,1
long,negative,1
long,sure,1
long,fine,1
long,perform,1
long,sorry,1
long,mean,1
long,love,1
negative,sure,1
negative,fine,2
negative,perform,2
negative,crossed,1
negative,test,3
negative,able,1
negative,also,1
negative,wish,2
negative,team,1
negative,member,1
negative,quick,1
negative,recovery,1
negative,sending,1
negative,best,1
negative,first,1
negative,ever,1
negative,anyone,1
negative,person,1
negative,band,1
negative,come,2
negative,back,2
negative,clear,1
negative,glad,1
negative,everyone,2
negative,feel,1
negative,praying,1
negative,hope,2
negative,everything,1
negative,good,1
negative,luck,1
negative,take,1
sure,fine,1
sure,perform,2
sure,energy,1
sure,good,2
sure,luck,1
sure,daddy,1
sure,stage,1
sure,night,1
sure,let,1
sure,rock,1
sure,true,1
sure,matter,1
sure,place,1
sure,ten,1
sure,important,1
sure,ever,1
sure,hearth,1
fine,perform,2
fine,person,1
fine,get,1
fine,test,2
fine,hopefully,1
fine,everything,1
fine,accord,1
fine,plan,1
fine,take,1
fine,hope,1
perform,take,1
perform,care,1
perform,everything,2
perform,get,3
perform,best,3
perform,crossed,1
perform,test,4
perform,able,2
perform,also,1
perform,wish,1
perform,team,3
perform,member,2
perform,quick,1
perform,recovery,1
perform,sending,1
perform,hope,3
perform,person,1
perform,hopefully,1
perform,accord,1
perform,plan,1
perform,night,1
perform,let,1
perform,rock,1
perform,looking,2
perform,forward,2
perform,whole,1
perform,well,1
perform,love,1
perform,live,1
perform,stupid,1
perform,covid,1
perform,bloody,1
perform,hell,1
perform,ten,1
perform,unique,1
perform,choral,1
perform,thousand,1
perform,different,1
perform,people,1
perform,world,1
order,mine,1
order,excite,1
order,although,1
order,hair,1
order,bit,1
order,wishful,1
order,must,1
order,get,1
order,cut,1
order,jumper,1
order,green,1
order,medium,1
order,make,1
order,sweater,1
order,full,1
order,teal,1
mine,excite,1
mine,although,1
mine,hair,1
mine,bit,1
mine,wishful,1
mine,must,1
mine,get,2
mine,cut,1
mine,jumper,1
mine,amazing,1
mine,right,1
excite,although,1
excite,hair,1
excite,bit,1
excite,wishful,1
excite,must,1
excite,get,2
excite,cut,1
excite,jumper,1
excite,woohoo,1
excite,much,1
excite,fun,1
excite,make,1
excite,music,1
excite,hear,1
excite,sound,1
excite,amazing,1
excite,daughter,1
excite,send,1
excite,voice,1
excite,clip,1
excite,might,1
excite,mix,1
excite,somewhere,1
excite,come,1
excite,super,1
excite,last,1
excite,winner,1
excite,easily,1
although,hair,1
although,bit,1
although,wishful,1
although,must,1
although,get,1
although,cut,1
although,jumper,1
hair,bit,1
hair,wishful,1
hair,must,1
hair,get,1
hair,cut,1
hair,jumper,1
hair,green,1
hair,option,1
hair,easy,1
bit,wishful,1
bit,must,1
bit,get,1
bit,cut,1
bit,jumper,1
bit,come,1
bit,across,1
bit,well,1
bit,already,1
bit,shi,1
bit,addition,1
bit,stage,1
bit,prop,1
bit,choral,1
bit,near,1
bit,end,1
bit,really,1
bit,effective,1
bit,verdict,1
bit,tongue,1
bit,cheek,1
bit,fun,1
bit,hard,1
bit,smile,1
bit,behind,1
bit,chat,1
bit,first,1
bit,love,1
bit,iconic,1
bit,silhouette,1
bit,shot,1
bit,rehearsal,1
bit,today,1
bit,anyone,1
bit,else,1
bit,tired,1
bit,green,1
bit,sweater,1
bit,bring,1
bit,super,1
bit,hero,1
wishful,must,1
wishful,get,1
wishful,cut,1
wishful,jumper,1
must,get,1
must,cut,1
must,jumper,1
must,win,1
must,support,1
get,cut,1
get,jumper,1
get,take,3
get,care,1
get,everything,2
get,best,3
get,first,1
get,last,4
get,bound,1
get,win,2
get,visit,1
get,hope,2
get,able,1
get,team,1
get,member,1
get,person,2
get,test,2
get,hopefully,1
get,accord,1
get,plan,1
get,oh,2
get,cant,1
get,away,1
get,two,1
get,row,1
get,love,3
get,fire,1
get,face,1
get,delegation,1
get,well,6
get,let,3
get,stand,1
get,final,2
get,officially,1
get,change,1
get,name,1
get,abbot,1
get,gift,1
get,universe,1
get,dance,1
get,ready,2
get,next,2
get,keep,5
get,good,4
get,apple,1
get,music,2
get,sea,1
get,shanty,1
get,thank,1
get,enough,2
get,mean,1
get,right,2
get,need,1
get,chat,1
get,night,1
get,put,1
get,absolutely,2
get,perfect,1
get,please,2
get,give,2
get,tragedy,1
get,covid,1
get,way,1
get,luck,1
get,watch,1
get,listen,1
get,happy,1
get,terrible,1
get,fact,1
get,giddy,1
get,hear,1
get,sing,1
get,amazing,1
get,never,1
get,do,1
get,current,1
get,status,1
get,trying,1
get,old,1
get,man,1
get,phone,1
get,vote,1
get,despite,1
get,tune,2
get,question,1
get,sneak,1
get,peek,1
get,second,1
get,rehearsal,1
get,radio,1
get,also,1
get,entry,1
get,beautifully,1
get,band,1
get,purple,1
get,middle,1
get,pyro,1
get,add,1
get,yet,2
get,another,1
get,element,1
get,design,1
get,light,1
get,still,1
get,jury,1
get,respect,1
get,tell,1
get,badge,1
get,twitter,1
get,living,1
get,room,2
get,turn,1
get,green,1
get,n,1
get,tonight,1
get,semi,1
get,early,1
get,dynamic,1
get,stag,1
get,even,1
get,nod,1
get,dive,1
get,dolphin,1
get,today,1
get,exceptional,1
get,thinking,1
get,certainly,1
get,composer,1
get,write,1
get,baby,1
get,daughter,1
get,come,1
get,super,1
get,winner,1
get,easily,1
cut,jumper,1
jumper,back,1
jumper,really,2
jumper,sweater,1
jumper,find,1
jumper,anywhere,1
jumper,epic,1
jumper,rehearsal,1
jumper,yesterday,1
jumper,buzz,1
jumper,chat,1
jumper,round,1
jumper,king,1
jumper,tomorrow,1
jumper,welcome,1
jumper,firstly,1
jumper,though,1
jumper,hot,1
jumper,iconic,1
keeping,crossed,1
keeping,one,1
keeping,delegation,1
keeping,test,1
keeping,covid,1
keeping,oh,1
keeping,best,1
keeping,thing,1
keeping,everything,1
crossed,one,1
crossed,delegation,1
crossed,test,3
crossed,covid,1
crossed,able,1
crossed,also,1
crossed,wish,1
crossed,team,1
crossed,member,1
crossed,quick,1
crossed,recovery,1
crossed,sending,1
crossed,best,1
crossed,way,1
crossed,rightful,1
crossed,win,1
one,delegation,1
one,test,1
one,covid,2
one,musical,1
one,tune,1
one,thing,1
one,hell,1
one,magma,1
one,lava,2
one,vomit,1
one,possess,1
one,massive,1
one,river,1
one,favorite,1
one,ever,1
one,fun,1
one,something,1
one,exactly,1
one,til,1
one,final,1
one,whole,1
one,image,1
one,follow,1
one,link,1
one,check,1
one,three,2
one,switch,2
one,spend,2
one,free,2
one,press,2
one,conference,2
one,vote,1
one,call,1
one,everything,1
one,thank,1
one,god,1
one,video,1
one,need,2
one,try,1
one,tough,1
one,strong,1
one,like,3
one,really,1
one,might,1
one,even,1
one,well,1
one,send,1
one,last,1
one,love,1
one,discord,1
one,server,1
one,member,1
one,away,1
one,thousand,1
one,super,1
one,chill,1
one,space,1
one,stuff,1
one,make,1
one,mascot,1
one,may,1
one,rehearsal,2
one,poll,1
one,yet,1
one,end,1
one,decide,1
one,best,1
one,first,1
one,hurricane,1
one,via,1
one,please,1
one,tell,1
one,buy,1
one,show,1
delegation,test,5
delegation,covid,3
delegation,everyone,1
delegation,send,1
delegation,love,2
delegation,member,4
delegation,also,1
delegation,corona,1
delegation,chile,1
delegation,take,1
delegation,care,1
delegation,speedy,1
delegation,recovery,1
delegation,wishing,1
delegation,best,1
delegation,face,1
delegation,hope,1
delegation,well,1
delegation,breaking,2
delegation,news,2
delegation,quarantine,2
delegation,really,2
delegation,disappointed,2
test,covid,2
test,able,2
test,also,3
test,wish,3
test,team,2
test,member,5
test,quick,2
test,recovery,3
test,sending,2
test,best,2
test,first,1
test,ever,1
test,anyone,1
test,person,3
test,band,1
test,come,1
test,back,1
test,clear,1
test,everyone,1
test,send,1
test,love,1
test,corona,1
test,hopefully,2
test,everything,2
test,accord,2
test,plan,2
test,take,1
test,care,1
test,speedy,1
test,breaking,1
test,news,1
test,quarantine,1
test,really,1
test,disappointed,1
covid,whole,1
covid,team,1
covid,well,1
covid,love,1
covid,hope,1
covid,live,1
covid,stupid,1
covid,bloody,1
covid,hell,1
covid,breaking,1
covid,news,1
covid,member,1
covid,quarantine,1
covid,really,1
covid,disappointed,1
covid,come,1
covid,back,1
covid,visit,1
covid,city,1
covid,welcome,1
covid,absolutely,1
covid,tragedy,1
covid,way,1
covid,last,1
covid,call,1
covid,everything,1
covid,thank,1
covid,god,1
covid,video,1
really,politics,1
really,less,1
really,impact,1
really,voting,1
really,chance,2
really,well,4
really,also,1
really,breaking,1
really,news,1
really,member,1
really,quarantine,1
really,disappointed,1
really,public,1
really,art,1
really,next,1
really,level,1
really,every,1
really,turn,1
really,enjoy,2
really,music,1
really,already,2
really,spell,1
really,become,2
really,young,3
really,almost,1
really,millennial,1
really,definitely,1
really,actually,1
really,like,3
really,r,1
really,lit,1
really,happen,1
really,come,1
really,across,1
really,shi,1
really,addition,1
really,stage,2
really,prop,1
really,choral,1
really,near,1
really,end,1
really,effective,1
really,verdict,1
really,tongue,1
really,cheek,1
really,fun,1
really,hard,1
really,smile,1
really,sweater,2
really,find,2
really,anywhere,2
really,thank,1
really,love,1
really,team,1
really,ride,1
really,back,1
politics,less,1
politics,impact,1
politics,voting,1
politics,chance,2
politics,well,1
politics,also,1
less,impact,1
less,voting,1
less,chance,2
less,well,1
less,also,1
impact,voting,1
impact,chance,2
impact,well,1
impact,also,1
impact,preview,1
impact,love,1
impact,success,1
impact,share,1
impact,listen,1
impact,vote,1
impact,pick,1
voting,chance,2
voting,well,1
voting,also,1
chance,well,2
chance,also,2
chance,discover,1
chance,today,1
chance,absolutely,1
chance,brilliant,1
chance,good,1
chance,check,1
well,also,2
well,good,3
well,luck,1
well,different,1
well,hosting,1
well,night,1
well,musically,1
well,absolutely,1
well,appal,1
well,may,1
well,person,1
well,hope,3
well,everyone,1
well,face,1
well,whole,1
well,team,1
well,love,1
well,live,1
well,stupid,1
well,bloody,1
well,hell,1
well,enjoy,1
well,music,1
well,already,2
well,spell,1
well,become,2
well,young,3
well,almost,1
well,millennial,1
well,definitely,1
well,vote,1
well,obviously,1
well,right,1
well,page,1
well,keep,4
well,question,1
well,take,1
well,sneak,1
well,peek,1
well,second,2
well,rehearsal,1
well,real,1
well,little,1
well,confused,1
well,high,1
well,pick,1
well,destiny,1
well,happen,1
well,come,1
well,across,1
well,shi,1
well,addition,1
well,stage,1
well,prop,1
well,choral,1
well,near,1
well,end,1
well,effective,1
well,verdict,1
well,tongue,1
well,cheek,1
well,fun,1
well,hard,1
well,smile,1
well,might,1
well,even,2
well,send,1
well,last,1
well,oh,1
well,living,1
well,room,2
well,turn,1
well,green,1
well,n,1
well,tonight,1
well,semi,1
well,final,1
well,early,1
well,ready,1
well,dynamic,1
well,stag,1
well,nod,1
well,dive,1
well,dolphin,1
well,give,1
well,today,1
well,exceptional,1
well,thinking,1
well,certainly,1
well,always,1
well,blood,1
well,raise,1
also,able,1
also,wish,1
also,team,1
also,member,2
also,quick,1
also,recovery,1
also,sending,1
also,best,1
also,everyone,1
also,send,1
also,love,2
also,corona,1
also,mate,1
also,please,1
also,band,1
also,win,1
also,next,1
also,excellent,1
also,create,1
also,amazing,1
also,good,2
also,luck,2
also,cover,1
also,give,2
also,motivation,1
also,music,1
also,contest,1
also,dance,1
also,old,1
also,class,1
also,real,1
also,little,1
also,confused,1
also,high,1
also,second,1
also,pick,1
also,destiny,1
also,radio,1
also,tune,1
also,entry,1
also,enough,1
also,anyway,1
also,thank,1
also,make,1
also,amaze,1
also,uplift,1
also,mood,1
also,lot,1
also,today,1
make,face,1
make,recreate,1
make,video,1
make,wishing,1
make,health,1
make,luck,4
make,everything,1
make,else,1
make,sweet,1
make,love,2
make,matter,1
make,behalf,1
make,group,1
make,discord,2
make,send,1
make,billion,1
make,virtual,1
make,poem,1
make,together,1
make,show,1
make,support,1
make,especially,1
make,current,1
make,situation,1
make,strong,1
make,able,1
make,anything,1
make,drink,1
make,game,1
make,thing,1
make,happen,1
make,hey,2
make,food,4
make,party,4
make,easy,2
make,good,3
make,cheer,2
make,happy,1
make,pandemic,1
make,deserve,1
make,win,1
make,much,1
make,fun,1
make,music,1
make,anyway,1
make,thank,1
make,amaze,1
make,uplift,1
make,mood,1
make,lot,1
make,today,1
make,green,1
make,medium,1
make,sweater,1
make,server,1
make,member,1
make,away,1
make,thousand,1
make,super,1
make,chill,1
make,space,1
make,stuff,1
make,like,1
make,mascot,1
make,tear,1
make,actually,1
make,turn,1
make,big,1
make,softy,1
face,appal,1
face,please,1
face,remove,1
face,mask,1
face,win,1
face,hope,1
green,option,1
green,medium,1
green,sweater,2
green,oh,1
green,living,2
green,room,4
green,turn,1
green,n,1
green,tonight,1
green,semi,1
green,final,1
green,early,1
green,ready,1
green,today,1
green,turning,1
green,sofa,1
green,anyone,1
green,else,1
green,tired,1
green,bring,1
green,super,1
green,hero,1
bene,much,1
bene,love,1
bene,san,1
bene,feel,1
bene,near,1
bene,soon,1
much,love,5
much,san,1
much,feel,1
much,near,1
much,soon,2
much,send,1
much,wish,1
much,contest,1
much,team,1
much,work,1
much,hard,1
much,fan,1
much,young,2
much,pretty,1
much,good,1
much,luck,1
much,watch,1
much,fun,2
much,music,1
much,may,1
much,big,1
much,breakout,1
much,star,1
much,another,1
much,quirky,1
much,bop,1
much,contention,1
much,title,1
much,via,1
much,best,1
much,talk,1
much,night,1
much,dry,1
much,fish,1
much,hear,1
love,san,2
love,feel,1
love,near,1
love,soon,1
love,sorry,1
love,mean,1
love,amazing,2
love,good,4
love,last,1
love,though,2
love,everyone,1
love,send,2
love,member,2
love,corona,1
love,profile,1
love,pic,1
love,chile,1
love,wish,1
love,contest,2
love,team,4
love,work,1
love,hard,1
love,fan,1
love,wishing,1
love,health,1
love,luck,3
love,everything,2
love,else,1
love,sweet,1
love,matter,1
love,fire,2
love,sending,1
love,strength,1
love,whole,2
love,next,1
love,hope,1
love,live,1
love,stupid,1
love,bloody,1
love,hell,1
love,cover,1
love,give,1
love,motivation,1
love,music,2
love,dance,1
love,basic,1
love,preview,1
love,success,1
love,share,1
love,listen,2
love,vote,1
love,pick,1
love,lead,1
love,first,2
love,possibly,1
love,anything,1
love,thank,4
love,favorite,3
love,wonder,1
love,perfect,1
love,triangle,1
love,thought,1
love,idea,1
love,bring,2
love,diva,1
love,inside,1
love,man,1
love,watch,1
love,happy,1
love,terrible,1
love,fact,1
love,giddy,1
love,hear,1
love,sing,1
love,never,1
love,do,1
love,treat,1
love,thread,1
love,press,1
love,box,1
love,blow,2
love,serve,1
love,fun,1
love,like,2
love,wife,1
love,head,1
love,lock,1
love,height,1
love,difference,1
love,hey,1
love,behind,1
love,chat,1
love,win,1
love,read,2
love,say,2
love,twitter,2
love,damn,1
love,try,1
love,learn,1
love,part,1
love,fast,1
love,job,1
love,wig,1
love,cuteness,1
love,discord,1
love,server,1
love,away,1
love,thousand,1
love,super,1
love,chill,1
love,space,1
love,stuff,1
love,mascot,1
love,enjoy,1
love,ride,1
love,back,1
love,stage,1
love,cheer,1
love,morning,1
love,smile,1
love,adorable,1
love,magic,2
san,feel,1
san,near,1
san,soon,1
san,treat,1
san,thread,1
san,though,1
san,press,1
san,box,1
san,blow,2
san,serve,1
san,fun,1
feel,near,1
feel,soon,3
feel,glad,1
feel,everyone,2
feel,come,2
feel,brilliant,2
feel,entry,2
feel,hate,2
feel,later,2
feel,cover,2
feel,pencil,2
feel,case,2
feel,wonder,2
feel,give,1
near,soon,1
near,come,1
near,across,1
near,already,1
near,shi,1
near,addition,1
near,stage,1
near,prop,1
near,choral,1
near,end,1
near,effective,1
near,verdict,1
near,tongue,1
near,cheek,1
near,fun,1
near,hard,1
near,smile,1
soon,hope,1
soon,everything,1
soon,alright,1
soon,come,2
soon,brilliant,2
soon,entry,2
soon,hate,2
soon,later,2
soon,cover,2
soon,pencil,2
soon,case,2
soon,wonder,2
soon,hey,1
soon,today,1
soon,onwards,1
soon,reason,1
soon,best,1
soon,talk,1
soon,night,1
soon,dry,1
soon,fish,1
soon,hear,1
sorry,mean,1
mean,thank,1
mean,enough,1
mean,joke,1
mean,good,1
mean,idea,1
mean,right,1
mean,lot,1
mean,stun,1
mean,rehearsal,1
mean,actually,1
mean,many,1
mean,hard,1
mean,decide,1
mean,odds,1
mean,nothing,1
good,luck,25
good,sending,2
good,heart,1
good,day,1
good,come,2
good,best,1
good,different,1
good,hosting,1
good,night,1
good,amazing,4
good,last,1
good,though,1
good,discover,1
good,today,2
good,absolutely,1
good,brilliant,1
good,check,1
good,energy,1
good,daddy,1
good,stage,1
good,everything,2
good,wish,4
good,health,4
good,live,2
good,performance,2
good,hope,1
good,back,1
good,nothing,2
good,way,1
good,band,1
good,win,2
good,next,4
good,excellent,1
good,create,1
good,cover,1
good,give,2
good,motivation,1
good,music,2
good,contest,1
good,dance,2
good,act,1
good,ready,1
good,keep,4
good,young,2
good,pretty,1
good,watch,2
good,hey,1
good,food,2
good,party,2
good,easy,1
good,cheer,1
good,gorgeous,1
good,score,1
good,joke,1
good,idea,2
good,thought,1
good,bring,1
good,diva,1
good,inside,1
good,man,1
good,happy,2
good,pandemic,1
good,deserve,1
good,listen,1
good,terrible,1
good,fact,1
good,giddy,1
good,hear,1
good,sing,1
good,never,1
good,do,1
good,taste,1
good,question,1
good,true,1
good,matter,1
good,place,1
good,ten,1
good,important,1
good,ever,1
good,hearth,1
good,paint,1
good,glad,1
good,fire,1
good,saga,1
good,show,1
good,tell,1
good,flowing,1
good,dynamic,1
good,stag,1
good,even,1
good,nod,1
good,dive,1
good,dolphin,1
good,exceptional,1
good,thinking,1
good,certainly,1
good,thank,1
luck,different,1
luck,hosting,1
luck,night,1
luck,wishing,1
luck,health,3
luck,everything,3
luck,else,1
luck,sweet,1
luck,matter,1
luck,energy,2
luck,daddy,1
luck,stage,1
luck,wish,2
luck,live,1
luck,performance,1
luck,hope,1
luck,come,1
luck,back,1
luck,nothing,1
luck,band,1
luck,win,2
luck,next,4
luck,excellent,1
luck,create,1
luck,amazing,3
luck,cover,1
luck,give,1
luck,motivation,1
luck,music,2
luck,contest,1
luck,dance,1
luck,act,1
luck,young,2
luck,pretty,1
luck,watch,2
luck,hey,1
luck,food,2
luck,party,2
luck,easy,1
luck,cheer,1
luck,gorgeous,1
luck,happy,2
luck,pandemic,1
luck,deserve,1
luck,listen,1
luck,terrible,1
luck,fact,1
luck,giddy,1
luck,hear,1
luck,sing,1
luck,never,1
luck,do,1
luck,glad,1
luck,fire,1
luck,saga,1
luck,show,1
luck,tell,1
luck,organize,1
luck,trip,1
luck,finale,1
luck,send,1
luck,keep,1
luck,flowing,1
sending,able,1
sending,wish,1
sending,team,2
sending,member,1
sending,quick,1
sending,recovery,1
sending,best,1
sending,way,1
sending,strength,1
sending,whole,1
sending,everything,1
sending,next,1
profile,picture,1
profile,baby,1
profile,house,1
profile,pic,1
picture,baby,1
picture,house,1
baby,house,1
baby,composer,1
baby,write,1
baby,daughter,1
baby,person,1
send,best,2
send,everyone,1
send,member,1
send,corona,1
send,behalf,1
send,group,1
send,discord,1
send,billion,1
send,virtual,1
send,poem,1
send,together,1
send,show,1
send,support,1
send,especially,1
send,current,1
send,situation,1
send,strong,1
send,organize,1
send,trip,1
send,finale,1
send,next,1
send,energy,1
send,might,2
send,even,1
send,last,1
send,hear,1
send,sound,1
send,amazing,1
send,daughter,1
send,voice,1
send,clip,1
send,mix,1
send,somewhere,1
best,take,2
best,care,2
best,everything,2
best,heart,1
best,day,1
best,come,2
best,able,2
best,wish,5
best,team,3
best,member,2
best,quick,1
best,recovery,1
best,work,2
best,hard,2
best,deserve,2
best,wishing,4
best,hope,1
best,outcome,1
best,nothing,1
best,oh,1
best,thing,1
best,stressful,1
best,help,1
best,nick,1
best,hospital,1
best,release,1
best,sight,1
best,genuine,1
best,ever,1
best,sweet,2
best,music,1
best,cheering,1
best,adorable,1
best,right,2
best,need,1
best,chat,1
best,next,1
best,night,2
best,put,1
best,absolutely,1
best,perfect,1
best,last,1
best,please,2
best,give,1
best,let,1
best,second,1
best,rehearsal,3
best,may,2
best,casting,1
best,believe,1
best,via,2
best,talk,1
best,dry,1
best,fish,1
best,hear,1
best,poll,1
best,yet,1
best,end,1
best,decide,1
best,first,1
best,hurricane,1
take,care,12
take,everything,1
take,win,2
take,entry,2
take,share,1
take,contest,2
take,part,1
take,music,1
take,speedy,1
take,recovery,1
take,member,1
take,wishing,1
take,nothing,1
take,oh,1
take,cant,1
take,away,1
take,two,1
take,row,1
take,hope,3
take,everyone,1
take,sound,1
take,work,1
take,hard,1
take,team,1
take,many,2
take,find,1
take,amazing,1
take,game,1
take,check,1
take,remix,1
take,do,1
take,original,1
take,track,1
take,like,1
take,enjoy,1
take,keep,1
take,sneak,1
take,peek,1
take,second,1
take,rehearsal,1
take,since,1
take,last,1
take,world,1
take,ready,1
take,bang,1
take,pop,1
take,joyful,1
take,celebration,1
take,fly,1
take,begin,1
take,campaign,1
take,victory,1
take,day,1
take,already,1
take,benny,1
take,stage,1
take,still,1
take,vincent,1
take,hurricane,1
take,come,1
take,afternoon,1
care,everything,1
care,speedy,1
care,recovery,1
care,member,1
care,wishing,1
care,nothing,1
care,hope,1
care,everyone,1
care,sound,1
care,work,1
care,hard,1
care,team,1
everything,hope,4
everything,alright,1
everything,person,1
everything,hopefully,1
everything,accord,1
everything,plan,1
everything,wishing,1
everything,health,1
everything,else,1
everything,sweet,1
everything,matter,1
everything,oh,1
everything,thing,1
everything,come,1
everything,back,1
everything,strength,1
everything,whole,1
everything,team,1
everything,next,1
everything,beautiful,2
everything,text,1
everything,like,3
everything,part,1
everything,call,1
everything,thank,1
everything,god,1
everything,video,1
everything,follow,1
everything,always,1
everything,support,1
heart,day,1
heart,come,1
heart,course,1
heart,beautiful,1
day,come,2
day,favorite,1
day,leave,1
day,black,1
day,already,1
day,benny,1
day,stage,1
day,still,1
day,vincent,1
day,hurricane,1
day,afternoon,1
day,repeat,1
day,every,1
day,importantly,1
day,amazing,1
come,first,1
come,ever,1
come,wish,1
come,anyone,2
come,person,1
come,band,1
come,back,4
come,clear,1
come,hope,1
come,getting,1
come,ready,1
come,ago,1
come,stun,1
come,revisit,1
come,awesome,1
come,cover,3
come,ani,1
come,still,2
come,music,1
come,brilliant,2
come,entry,2
come,hate,2
come,later,2
come,pencil,2
come,case,2
come,wonder,2
come,visit,1
come,city,1
come,welcome,1
come,win,1
come,excuse,2
come,next,1
come,need,1
come,second,1
come,rehearsal,1
come,may,1
come,casting,1
come,believe,1
come,via,1
come,across,1
come,already,2
come,shi,1
come,addition,1
come,stage,2
come,prop,1
come,choral,1
come,end,1
come,effective,1
come,verdict,1
come,tongue,1
come,cheek,1
come,fun,1
come,hard,1
come,smile,1
come,able,1
come,interview,1
come,talk,1
come,like,1
come,viral,1
come,sensation,1
come,unique,1
come,brand,1
come,benny,1
come,vincent,1
come,hurricane,1
come,afternoon,1
come,super,1
come,last,1
come,winner,1
come,easily,1
different,hosting,1
different,night,1
different,like,1
different,last,1
different,right,1
different,ten,1
different,unique,1
different,choral,1
different,thousand,1
different,people,1
different,world,1
hosting,night,1
night,let,2
night,rock,1
night,right,2
night,need,1
night,chat,1
night,next,1
night,put,1
night,absolutely,1
night,perfect,1
night,last,1
night,please,2
night,give,1
night,talk,1
night,dry,1
night,fish,1
night,hear,1
amazing,last,1
amazing,though,1
amazing,band,1
amazing,win,1
amazing,next,1
amazing,excellent,1
amazing,create,1
amazing,right,1
amazing,many,2
amazing,find,1
amazing,game,1
amazing,watch,1
amazing,listen,1
amazing,happy,1
amazing,terrible,1
amazing,fact,1
amazing,giddy,1
amazing,hear,2
amazing,sing,1
amazing,music,1
amazing,never,1
amazing,do,1
amazing,sound,1
amazing,daughter,1
amazing,voice,1
amazing,clip,1
amazing,might,1
amazing,mix,1
amazing,somewhere,1
amazing,performance,1
amazing,repeat,1
amazing,every,1
amazing,importantly,1
last,though,1
last,first,1
last,bound,1
last,win,1
last,visit,1
last,definitely,1
last,support,1
last,entry,2
last,keep,1
last,dance,1
last,smile,1
last,right,3
last,need,1
last,chat,1
last,next,1
last,put,1
last,absolutely,2
last,perfect,1
last,please,2
last,give,1
last,let,1
last,tragedy,1
last,way,1
last,start,1
last,around,1
last,might,1
last,even,1
last,like,1
last,since,1
last,contest,1
last,world,1
last,ready,1
last,bang,1
last,pop,1
last,joyful,1
last,celebration,1
last,fly,1
last,begin,1
last,campaign,1
last,victory,1
last,super,1
last,winner,1
last,easily,1
though,treat,1
though,thread,1
though,press,1
though,box,1
though,blow,2
though,serve,1
though,fun,1
though,epic,1
though,rehearsal,1
though,yesterday,1
though,buzz,1
though,chat,1
though,round,1
though,king,1
though,tomorrow,1
though,welcome,1
though,firstly,1
though,hot,1
though,iconic,1
awesome,ago,1
awesome,stun,1
awesome,revisit,1
awesome,cover,1
awesome,ani,1
awesome,anyone,1
awesome,still,1
awesome,music,1
awesome,thank,2
awesome,bye,2
awesome,climb,1
awesome,would,1
awesome,lot,1
awesome,fun,1
awesome,need,2
awesome,play,1
awesome,next,1
awesome,win,1
awesome,guy,1
need,win,4
need,like,1
need,official,1
need,video,1
need,sadly,1
need,music,1
need,unlimited,1
need,hear,1
need,big,1
need,enough,1
need,thank,1
need,right,2
need,chat,1
need,next,4
need,put,1
need,absolutely,1
need,perfect,1
need,please,3
need,give,1
need,let,1
need,excuse,2
need,back,1
need,become,1
need,full,1
need,streamer,1
need,twitch,1
need,try,1
need,tell,1
need,buy,1
need,show,1
need,play,2
need,guy,2
win,like,1
win,official,1
win,video,1
win,first,3
win,bound,1
win,visit,1
win,entry,1
win,share,1
win,contest,1
win,part,1
win,music,1
win,oh,1
win,cant,1
win,away,1
win,two,1
win,row,1
win,way,2
win,rightful,1
win,please,2
win,remove,1
win,mask,1
win,band,1
win,next,4
win,excellent,1
win,create,1
win,intend,1
win,vote,3
win,cover,2
win,past,1
win,high,1
win,rotation,1
win,place,1
win,excuse,2
win,back,1
win,happy,2
win,pandemic,1
win,deserve,1
win,dont,1
win,arcade,1
win,via,1
win,seriously,1
win,definitely,1
win,ever,1
win,attention,1
win,public,1
win,call,1
win,destiny,1
win,play,1
win,guy,1
like,official,2
like,video,1
like,do,2
like,would,2
like,join,2
like,discord,2
like,cool,1
like,hear,1
like,happy,1
like,beautiful,4
like,text,2
like,part,2
like,showing,1
like,press,1
like,king,1
like,actually,1
like,r,1
like,lit,1
like,check,1
like,remix,1
like,original,1
like,track,1
like,hope,1
like,enjoy,1
like,wife,1
like,head,1
like,lock,1
like,height,1
like,difference,1
like,strike,1
like,pose,1
like,able,1
like,interview,1
like,talk,1
like,viral,1
like,sensation,1
like,unique,1
like,brand,1
like,symbolic,1
like,data,1
like,driven,1
like,particularly,1
like,concept,2
like,event,1
like,world,1
like,visual,1
like,victory,1
like,server,1
like,member,1
like,away,1
like,thousand,1
like,super,1
like,chill,1
like,space,1
like,stuff,1
like,mascot,1
like,right,1
like,thank,1
like,invite,1
like,international,1
like,fan,1
like,group,1
official,video,2
official,please,3
official,release,1
official,cheese,1
official,little,1
official,watch,1
official,link,1
official,thank,1
official,would,1
official,invite,1
official,join,1
official,international,1
official,fan,1
official,group,1
video,recreate,1
video,dad,1
video,wonder,1
video,consider,1
video,sell,1
video,outfit,1
video,wearing,1
video,stage,1
video,music,1
video,favorite,1
video,game,1
video,watch,2
video,spot,1
video,familiar,1
video,name,1
video,man,1
video,tractor,1
video,call,1
video,thank,1
video,god,1
video,link,1
discover,today,1
discover,absolutely,1
discover,brilliant,1
discover,check,1
today,absolutely,1
today,brilliant,1
today,check,1
today,hey,1
today,onwards,1
today,reason,1
today,anyway,1
today,thank,1
today,amaze,1
today,uplift,1
today,mood,1
today,lot,1
today,dynamic,1
today,stag,1
today,even,1
today,nod,1
today,dive,1
today,dolphin,1
today,give,1
today,exceptional,1
today,thinking,1
today,certainly,1
today,keep,1
today,iconic,1
today,silhouette,1
today,shot,1
today,rehearsal,1
today,greet,1
today,scan,1
today,special,1
today,surprise,1
today,turning,1
today,living,1
today,room,2
today,sofa,1
absolutely,brilliant,1
absolutely,check,1
absolutely,musically,1
absolutely,appal,1
absolutely,right,2
absolutely,chat,1
absolutely,next,1
absolutely,put,1
absolutely,perfect,1
absolutely,please,2
absolutely,give,1
absolutely,let,1
absolutely,tragedy,1
absolutely,way,1
brilliant,check,1
brilliant,entry,2
brilliant,hate,2
brilliant,later,2
brilliant,cover,2
brilliant,pencil,2
brilliant,case,2
brilliant,wonder,2
brilliant,money,1
brilliant,properly,1
brilliant,next,1
brilliant,vote,1
check,whole,1
check,image,1
check,follow,1
check,link,1
check,remix,1
check,do,1
check,original,1
check,track,1
check,hope,1
check,enjoy,1
able,wish,1
able,team,2
able,member,2
able,quick,1
able,recovery,1
able,hope,1
able,interview,1
able,talk,1
able,viral,1
able,sensation,1
able,unique,1
able,brand,1
wish,team,2
wish,member,1
wish,quick,1
wish,recovery,1
wish,first,1
wish,ever,1
wish,anyone,1
wish,person,1
wish,band,1
wish,back,1
wish,clear,1
wish,work,2
wish,hard,2
wish,deserve,1
wish,contest,1
wish,fan,1
wish,health,2
wish,live,1
wish,performance,1
wish,nothing,1
wish,adorable,1
team,member,2
team,quick,1
team,recovery,1
team,contest,1
team,work,1
team,hard,1
team,fan,1
team,hope,2
team,wishing,1
team,strength,1
team,whole,2
team,next,1
team,live,1
team,stupid,1
team,bloody,1
team,hell,1
team,thank,1
team,enjoy,1
team,ride,1
team,back,1
team,stage,1
member,quick,1
member,recovery,2
member,everyone,1
member,corona,1
member,hope,1
member,speedy,1
member,breaking,1
member,news,1
member,quarantine,1
member,disappointed,1
member,discord,1
member,server,1
member,away,1
member,thousand,1
member,super,1
member,chill,1
member,space,1
member,stuff,1
member,mascot,1
quick,recovery,1
recovery,speedy,1
cheer,hey,1
cheer,food,2
cheer,party,2
cheer,easy,1
cheer,morning,1
cheer,bring,1
cheer,smile,1
cheer,adorable,1
appal,musically,1
iconic,bunch,1
iconic,people,1
iconic,epic,1
iconic,rehearsal,2
iconic,yesterday,1
iconic,buzz,1
iconic,chat,1
iconic,round,1
iconic,king,1
iconic,tomorrow,1
iconic,welcome,1
iconic,firstly,1
iconic,hot,1
iconic,silhouette,1
iconic,shot,1
bunch,people,1
people,pro,1
people,globally,1
people,viral,1
people,home,1
people,catchy,1
people,remember,1
people,las,1
people,ketchup,1
people,ten,1
people,unique,1
people,choral,1
people,thousand,1
people,world,1
people,wife,1
people,pregnant,1
people,act,1
people,stage,2
people,winner,2
people,chicken,1
people,dinner,1
people,tho,1
people,technically,1
first,bound,1
first,visit,1
first,ever,3
first,anyone,1
first,person,1
first,band,1
first,back,1
first,clear,1
first,episode,1
first,almost,1
first,live,1
first,available,1
first,right,1
first,ahoy,1
first,possibly,1
first,anything,1
first,thank,1
first,signal,1
first,present,1
first,calling,1
first,tonight,1
first,two,1
first,parter,1
first,among,1
first,watch,1
first,stag,1
first,behind,1
first,chat,1
first,may,1
first,rehearsal,4
first,poll,1
first,yet,1
first,end,1
first,decide,1
first,hurricane,1
first,via,1
first,attention,1
bound,visit,1
visit,back,1
visit,city,1
visit,welcome,1
got,fabulous,1
got,gig,1
got,next,1
ever,anyone,1
ever,person,1
ever,band,1
ever,back,1
ever,clear,1
ever,help,1
ever,nick,1
ever,hospital,1
ever,release,1
ever,sight,1
ever,genuine,1
ever,sweet,2
ever,music,1
ever,cheering,1
ever,favorite,1
ever,fun,1
ever,thank,1
ever,many,1
ever,true,1
ever,matter,1
ever,place,1
ever,ten,1
ever,important,1
ever,hearth,1
ever,watch,1
ever,stag,1
ever,attention,1
anyone,person,1
anyone,band,1
anyone,back,1
anyone,clear,1
anyone,ago,1
anyone,stun,1
anyone,revisit,1
anyone,cover,1
anyone,ani,1
anyone,still,1
anyone,music,1
anyone,else,1
anyone,tired,1
anyone,sweater,1
anyone,bring,1
anyone,super,1
anyone,hero,1
person,band,1
person,back,1
person,clear,1
person,semis,1
person,final,1
person,slightly,1
person,hopefully,1
person,accord,1
person,plan,1
person,may,1
person,composer,1
person,write,1
person,daughter,1
band,back,1
band,clear,1
band,next,1
band,excellent,1
band,create,1
band,beautifully,1
band,purple,1
band,middle,1
band,pyro,1
band,add,1
band,yet,1
band,another,1
band,element,1
band,design,1
band,light,1
band,still,1
band,jury,1
band,respect,1
back,clear,1
back,hope,1
back,city,1
back,welcome,1
back,excuse,2
back,next,1
back,thank,1
back,enjoy,1
back,ride,1
back,stage,1
back,pay,1
back,attention,1
back,watch,1
back,word,1
back,salad,1
back,sadly,1
back,episode,1
back,stream,1
back,currently,1
work,hard,3
work,deserve,1
work,contest,1
work,fan,1
work,hope,1
work,everyone,1
work,sound,1
work,somehow,1
work,happy,2
hard,deserve,1
hard,contest,1
hard,fan,1
hard,hope,1
hard,everyone,1
hard,sound,1
hard,right,1
hard,lot,1
hard,stun,1
hard,rehearsal,1
hard,actually,1
hard,many,1
hard,decide,1
hard,across,1
hard,already,1
hard,shi,1
hard,addition,1
hard,stage,1
hard,prop,1
hard,choral,1
hard,end,1
hard,effective,1
hard,verdict,1
hard,tongue,1
hard,cheek,1
hard,fun,1
hard,smile,1
deserve,happy,1
deserve,pandemic,1
deserve,til,1
deserve,boy,1
hope,pray,1
hope,play,1
hope,oh,1
hope,alright,1
hope,fun,2
hope,devastating,1
hope,news,1
hope,everyone,2
hope,sound,1
hope,stage,1
hope,whole,1
hope,live,1
hope,stupid,1
hope,bloody,1
hope,hell,1
hope,remix,1
hope,do,1
hope,original,1
hope,track,1
hope,enjoy,1
pray,play,1
play,next,1
play,guy,1
everyone,corona,1
everyone,glad,2
everyone,sound,1
semis,final,1
semis,slightly,1
final,slightly,1
final,officially,1
final,change,1
final,name,1
final,abbot,1
final,gift,1
final,universe,1
final,exactly,1
final,til,1
final,oh,1
final,living,1
final,room,2
final,turn,1
final,n,1
final,tonight,1
final,semi,1
final,early,1
final,ready,1
favorite,leave,1
favorite,fun,1
favorite,wonder,4
favorite,perfect,3
favorite,triangle,3
favorite,game,1
favorite,shall,1
favorite,ask,1
favorite,return,1
favorite,fly,1
favorite,fan,1
favorite,entry,1
favorite,begin,1
favorite,campaign,1
leave,till,1
leave,contest,1
leave,tell,1
leave,right,4
amaze,jacket,1
amaze,looking,1
amaze,totally,1
amaze,opposite,1
amaze,style,1
amaze,scale,1
amaze,anyway,1
amaze,thank,1
amaze,uplift,1
amaze,mood,1
amaze,lot,1
entry,share,1
entry,contest,2
entry,part,1
entry,music,1
entry,hate,2
entry,later,2
entry,cover,2
entry,pencil,2
entry,case,2
entry,wonder,2
entry,tried,1
entry,definitely,1
entry,support,1
entry,keep,1
entry,dance,1
entry,smile,1
entry,radio,1
entry,tune,1
entry,enough,1
entry,return,2
entry,fly,2
entry,fan,1
entry,begin,2
entry,campaign,2
entry,since,1
entry,world,1
entry,ready,1
entry,bang,1
entry,pop,1
entry,joyful,1
entry,celebration,1
entry,victory,1
share,contest,1
share,part,1
share,music,1
share,preview,1
share,success,1
share,listen,1
share,vote,1
share,pick,1
contest,part,1
contest,music,2
contest,fan,1
contest,cover,1
contest,give,1
contest,motivation,1
contest,dance,1
contest,till,1
contest,tell,1
contest,since,1
contest,world,1
contest,ready,1
contest,bang,1
contest,pop,1
contest,joyful,1
contest,celebration,1
contest,fly,1
contest,begin,1
contest,campaign,1
contest,victory,1
part,music,1
part,beautiful,2
part,text,1
part,damn,1
part,try,1
part,learn,1
part,fast,1
music,hear,3
music,cover,2
music,give,1
music,motivation,1
music,dance,1
music,ago,1
music,stun,1
music,revisit,1
music,ani,1
music,still,1
music,help,1
music,nick,1
music,hospital,1
music,release,1
music,sight,1
music,genuine,1
music,sweet,2
music,cheering,1
music,sadly,1
music,unlimited,2
music,big,1
music,enough,1
music,thank,1
music,enjoy,1
music,already,1
music,spell,1
music,become,2
music,young,3
music,almost,1
music,millennial,1
music,definitely,1
music,apple,1
music,sea,1
music,shanty,1
music,device,1
music,dad,1
music,wonder,1
music,consider,1
music,sell,1
music,outfit,1
music,wearing,1
music,stage,1
music,edition,1
music,life,1
music,live,1
music,watch,1
music,listen,1
music,happy,1
music,terrible,1
music,fact,1
music,giddy,1
music,sing,1
music,never,1
music,do,1
music,fun,1
music,r,1
oh,cant,1
oh,away,1
oh,two,1
oh,row,1
oh,thing,1
oh,god,2
oh,please,1
oh,add,1
oh,absolute,1
oh,belter,1
oh,confirm,1
oh,living,1
oh,room,2
oh,turn,1
oh,n,1
oh,tonight,1
oh,semi,1
oh,early,1
oh,ready,1
keep,firmly,1
keep,dance,2
keep,ready,1
keep,next,3
keep,definitely,1
keep,support,1
keep,smile,1
keep,question,1
keep,sneak,1
keep,peek,1
keep,second,1
keep,rehearsal,1
keep,flowing,1
keep,dynamic,1
keep,stag,1
keep,even,1
keep,nod,1
keep,dive,1
keep,dolphin,1
keep,give,1
keep,exceptional,1
keep,thinking,1
keep,certainly,1
mate,please,1
please,remove,1
please,mask,1
please,release,3
please,cheese,3
please,little,3
please,god,1
please,add,1
please,absolute,1
please,belter,1
please,right,4
please,chat,2
please,next,3
please,put,2
please,perfect,2
please,give,2
please,let,2
please,tell,1
please,buy,1
please,show,1
please,happy,1
please,vote,1
glad,fire,1
glad,saga,1
glad,show,1
glad,tell,1
fan,torn,1
fan,little,1
fan,big,1
fan,return,1
fan,fly,1
fan,begin,1
fan,campaign,1
fan,thank,1
fan,would,1
fan,invite,1
fan,join,1
fan,international,1
fan,group,1
fun,treat,1
fun,thread,1
fun,press,1
fun,box,1
fun,blow,2
fun,serve,1
fun,across,1
fun,already,1
fun,shi,1
fun,addition,1
fun,stage,1
fun,prop,1
fun,choral,1
fun,end,1
fun,effective,1
fun,verdict,1
fun,tongue,1
fun,cheek,1
fun,smile,1
fun,lot,1
fun,even,1
wishing,health,1
wishing,else,1
wishing,sweet,1
wishing,matter,1
wishing,nothing,1
news,devastating,1
news,breaking,1
news,quarantine,1
news,disappointed,1
hopefully,accord,1
hopefully,plan,1
accord,plan,1
believe,victor,1
believe,do,1
believe,second,1
believe,rehearsal,1
believe,may,1
believe,casting,1
believe,via,1
victor,do,1
do,remix,1
do,original,1
do,track,1
do,enjoy,1
do,watch,1
do,listen,1
do,happy,1
do,terrible,1
do,fact,1
do,giddy,1
do,hear,1
do,sing,1
do,never,1
health,else,1
health,sweet,1
health,matter,1
health,live,1
health,performance,1
health,nothing,1
else,sweet,1
else,matter,1
else,tired,1
else,sweater,1
else,bring,1
else,super,1
else,hero,1
sweet,matter,1
sweet,help,2
sweet,nick,2
sweet,hospital,2
sweet,release,2
sweet,sight,2
sweet,genuine,2
sweet,cheering,2
matter,true,1
matter,place,1
matter,ten,1
matter,important,1
matter,hearth,1
energy,daddy,1
energy,stage,1
energy,organize,1
energy,trip,1
energy,finale,1
energy,next,1
daddy,stage,1
stage,dad,1
stage,wonder,1
stage,consider,1
stage,sell,1
stage,outfit,1
stage,wearing,1
stage,across,1
stage,already,2
stage,shi,1
stage,addition,1
stage,prop,1
stage,choral,1
stage,end,1
stage,effective,1
stage,verdict,1
stage,tongue,1
stage,cheek,1
stage,smile,1
stage,next,1
stage,style,1
stage,thank,1
stage,enjoy,1
stage,ride,1
stage,wife,1
stage,pregnant,1
stage,act,1
stage,winner,2
stage,chicken,1
stage,dinner,1
stage,tho,1
stage,technically,1
stage,benny,1
stage,still,1
stage,vincent,1
stage,hurricane,1
stage,afternoon,1
especially,behalf,1
especially,group,1
especially,discord,1
especially,billion,1
especially,virtual,1
especially,poem,1
especially,together,1
especially,show,1
especially,support,1
especially,current,1
especially,situation,1
especially,strong,1
nothing,odds,1
cant,away,1
cant,two,1
cant,row,1
away,two,1
away,row,1
away,discord,1
away,server,1
away,thousand,1
away,super,1
away,chill,1
away,space,1
away,stuff,1
away,mascot,1
two,row,1
two,signal,1
two,present,1
two,calling,1
two,tonight,1
two,parter,1
two,among,1
row,bottom,1
row,cute,1
row,art,1
sound,hear,1
sound,daughter,1
sound,voice,1
sound,clip,1
sound,might,1
sound,mix,1
sound,somewhere,1
let,rock,1
let,stand,1
let,tidy,1
let,little,1
let,right,2
let,chat,1
let,next,1
let,put,1
let,perfect,1
let,give,1
let,tell,1
let,badge,1
let,twitter,1
let,yet,1
live,performance,1
live,whole,1
live,stupid,1
live,bloody,1
live,hell,1
live,episode,1
live,almost,1
live,available,1
live,right,1
live,ahoy,1
live,edition,1
live,life,1
live,next,1
thing,anything,1
thing,drink,1
thing,game,1
thing,bingo,1
thing,become,1
thing,big,2
thing,musical,1
thing,tune,1
thing,hell,1
thing,magma,1
thing,lava,2
thing,vomit,1
thing,possess,1
thing,massive,1
thing,river,1
may,second,1
may,rehearsal,3
may,casting,1
may,via,3
may,big,1
may,breakout,1
may,star,1
may,another,1
may,quirky,1
may,bop,1
may,contention,1
may,title,1
may,per,1
may,w,1
may,poll,1
may,yet,1
may,end,1
may,decide,1
may,hurricane,1
may,soul,1
may,rip,1
nice,evening,1
nice,tour,1
nice,lovely,1
way,rightful,1
way,tragedy,1
remove,mask,1
looking,forward,3
fire,saga,2
fire,show,1
fire,tell,1
getting,ready,1
ready,dance,1
ready,next,1
ready,even,1
ready,walk,1
ready,berlin,1
ready,living,1
ready,room,2
ready,turn,1
ready,n,1
ready,tonight,1
ready,semi,1
ready,early,1
ready,bear,1
ready,since,1
ready,world,1
ready,bang,1
ready,pop,1
ready,joyful,1
ready,celebration,1
ready,fly,1
ready,begin,1
ready,campaign,1
ready,victory,1
ready,perfect,1
ready,real,1
ready,show,1
release,cheese,1
release,little,1
release,help,1
release,nick,1
release,hospital,1
release,sight,1
release,genuine,1
release,cheering,1
cheese,little,1
little,torn,1
little,big,3
little,tidy,1
little,clue,1
little,maybe,1
little,real,1
little,confused,1
little,high,1
little,second,1
little,pick,1
little,destiny,1
next,excellent,1
next,create,1
next,strength,1
next,whole,1
next,public,1
next,art,1
next,level,1
next,every,1
next,turn,1
next,dance,1
next,right,2
next,chat,1
next,put,1
next,perfect,1
next,give,1
next,gig,1
next,vote,3
next,happy,2
next,excuse,2
next,mess,2
next,properly,1
next,organize,1
next,trip,1
next,finale,1
next,style,1
next,flowing,2
next,guy,1
excellent,create,1
behalf,group,1
behalf,discord,1
behalf,billion,1
behalf,virtual,1
behalf,poem,1
behalf,together,1
behalf,show,1
behalf,support,1
behalf,current,1
behalf,situation,1
behalf,strong,1
group,discord,1
group,billion,1
group,virtual,1
group,poem,1
group,together,1
group,show,1
group,support,1
group,current,1
group,situation,1
group,strong,1
group,thank,1
group,would,1
group,invite,1
group,join,1
group,international,1
discord,billion,1
discord,virtual,1
discord,poem,1
discord,together,1
discord,show,1
discord,support,1
discord,current,1
discord,situation,1
discord,strong,1
discord,would,1
discord,join,1
discord,server,1
discord,thousand,1
discord,super,1
discord,chill,1
discord,space,1
discord,stuff,1
discord,mascot,1
billion,virtual,1
billion,poem,1
billion,together,1
billion,show,1
billion,support,1
billion,current,1
billion,situation,1
billion,strong,1
virtual,poem,1
virtual,together,1
virtual,show,1
virtual,support,1
virtual,current,1
virtual,situation,1
virtual,strong,1
poem,together,1
poem,show,1
poem,support,1
poem,current,1
poem,situation,1
poem,strong,1
together,show,1
together,support,1
together,current,1
together,situation,1
together,strong,1
show,support,1
show,current,1
show,situation,1
show,strong,1
show,saga,1
show,tell,2
show,buy,1
show,perfect,1
show,real,1
support,current,1
support,situation,1
support,strong,1
support,definitely,1
support,dance,1
support,smile,1
support,kit,1
support,follow,1
support,always,1
current,situation,1
current,strong,1
current,status,1
current,trying,1
current,old,1
current,man,1
current,phone,1
current,vote,1
current,despite,1
current,tune,1
situation,strong,1
strong,tough,1
hear,sadly,1
hear,unlimited,1
hear,big,1
hear,enough,1
hear,thank,1
hear,cool,1
hear,watch,1
hear,listen,1
hear,happy,1
hear,terrible,1
hear,fact,1
hear,giddy,1
hear,sing,1
hear,never,1
hear,ding,1
hear,dong,1
hear,talk,1
hear,dry,1
hear,fish,1
hear,daughter,1
hear,voice,1
hear,clip,1
hear,might,1
hear,mix,1
hear,somewhere,1
strength,whole,1
whole,stupid,1
whole,bloody,1
whole,hell,1
whole,image,1
whole,follow,1
whole,link,1
stupid,bloody,1
stupid,hell,1
bloody,hell,1
hell,musical,1
hell,tune,1
hell,magma,1
hell,lava,2
hell,vomit,1
hell,possess,1
hell,massive,1
hell,river,1
breaking,quarantine,1
breaking,disappointed,1
quarantine,disappointed,1
cover,give,1
cover,motivation,1
cover,dance,1
cover,ago,1
cover,stun,1
cover,revisit,1
cover,ani,1
cover,still,1
cover,hate,2
cover,later,2
cover,pencil,2
cover,case,2
cover,wonder,2
cover,intend,1
cover,vote,1
cover,past,1
cover,high,1
cover,rotation,1
cover,place,1
cover,arcade,1
cover,via,1
give,motivation,1
give,dance,1
give,old,1
give,class,1
give,right,2
give,chat,1
give,put,1
give,perfect,1
give,dynamic,1
give,stag,1
give,even,1
give,nod,1
give,dive,1
give,dolphin,1
give,exceptional,1
give,thinking,1
give,certainly,1
motivation,dance,1
dance,definitely,1
dance,smile,1
could,anywhere,1
could,say,1
could,beautiful,1
could,south,1
could,anyway,1
anywhere,say,1
anywhere,beautiful,1
anywhere,south,1
anywhere,anyway,1
anywhere,sweater,1
anywhere,find,1
say,beautiful,1
say,south,1
say,anyway,1
say,thank,1
say,read,1
say,twitter,1
beautiful,south,1
beautiful,anyway,1
beautiful,text,2
beautiful,course,1
beautiful,image,1
south,anyway,1
anyway,thank,1
anyway,uplift,1
anyway,mood,1
anyway,lot,1
anyway,available,1
ship,without,1
ship,surprise,1
ship,tax,1
without,surprise,1
without,tax,1
surprise,tax,1
surprise,greet,1
surprise,scan,1
surprise,special,1
damn,sexy,1
damn,try,1
damn,learn,1
damn,fast,1
ago,stun,1
ago,revisit,1
ago,ani,1
ago,still,1
stun,revisit,1
stun,ani,1
stun,still,1
stun,right,1
stun,lot,1
stun,rehearsal,1
stun,actually,1
stun,many,1
stun,decide,1
revisit,ani,1
revisit,still,1
ani,still,1
still,sell,1
still,beautifully,1
still,purple,1
still,middle,1
still,pyro,1
still,add,1
still,yet,1
still,another,1
still,element,1
still,design,1
still,light,1
still,jury,1
still,respect,1
still,already,1
still,benny,1
still,vincent,1
still,hurricane,1
still,afternoon,1
fish,eat,1
fish,push,1
fish,busy,1
fish,hotel,1
fish,talk,1
fish,dry,1
eat,push,1
eat,busy,1
eat,hotel,1
push,busy,1
push,hotel,1
busy,hotel,1
hate,later,2
hate,pencil,2
hate,case,2
hate,wonder,2
later,pencil,2
later,case,2
later,wonder,2
pencil,case,2
pencil,wonder,2
case,wonder,2
wonder,dad,1
wonder,consider,1
wonder,sell,1
wonder,outfit,1
wonder,wearing,1
wonder,perfect,1
wonder,triangle,1
wonder,shall,1
wonder,ask,1
easy,hey,1
easy,food,2
easy,party,2
sell,dad,1
sell,consider,1
sell,outfit,1
sell,wearing,1
right,episode,1
right,almost,1
right,available,1
right,ahoy,1
right,chat,2
right,put,2
right,perfect,2
right,obviously,1
right,lot,1
right,rehearsal,1
right,actually,1
right,many,1
right,decide,1
right,usually,1
right,odds,1
right,semifinal,1
old,class,1
old,status,1
old,trying,1
old,man,1
old,phone,1
old,vote,1
old,despite,1
old,tune,1
intend,vote,1
intend,past,1
intend,high,1
intend,rotation,1
intend,place,1
vote,past,1
vote,high,1
vote,rotation,1
vote,place,1
vote,preview,1
vote,success,1
vote,listen,1
vote,pick,1
vote,happy,2
vote,status,1
vote,trying,1
vote,man,1
vote,phone,1
vote,despite,1
vote,tune,1
vote,properly,1
vote,public,1
vote,call,1
vote,destiny,1
past,high,1
past,rotation,1
past,place,1
high,rotation,1
high,place,1
high,real,1
high,confused,1
high,second,1
high,pick,1
high,destiny,1
rotation,place,1
place,true,1
place,ten,1
place,important,1
place,hearth,1
place,rehearsal,1
place,justify,1
help,nick,1
help,hospital,1
help,sight,1
help,genuine,1
help,cheering,1
nick,hospital,1
nick,sight,1
nick,genuine,1
nick,cheering,1
hospital,sight,1
hospital,genuine,1
hospital,cheering,1
sight,genuine,1
sight,cheering,1
genuine,cheering,1
officially,change,1
officially,name,1
officially,abbot,1
officially,gift,1
officially,universe,1
change,name,1
change,abbot,1
change,gift,1
change,universe,1
name,abbot,1
name,gift,1
name,universe,1
name,watch,1
name,spot,1
name,familiar,1
name,man,1
name,tractor,1
abbot,gift,1
abbot,universe,1
gift,universe,1
act,wife,1
act,pregnant,1
episode,almost,1
episode,available,1
episode,ahoy,1
episode,pay,1
episode,attention,1
episode,watch,1
episode,word,1
episode,salad,1
episode,sadly,1
episode,stream,1
episode,currently,1
almost,available,1
almost,ahoy,1
almost,enjoy,1
almost,already,1
almost,spell,1
almost,become,2
almost,young,3
almost,millennial,1
almost,definitely,1
available,ahoy,1
available,yet,1
city,welcome,1
welcome,epic,1
welcome,rehearsal,1
welcome,yesterday,1
welcome,buzz,1
welcome,chat,1
welcome,round,1
welcome,king,1
welcome,tomorrow,1
welcome,firstly,1
welcome,hot,1
many,find,2
many,game,2
many,thank,1
many,lot,1
many,rehearsal,1
many,actually,1
many,decide,1
find,game,1
find,sweater,1
game,anything,1
game,drink,1
game,review,4
game,mobile,2
game,sock,1
game,limited,1
game,edition,1
game,pair,1
game,collection,1
preview,success,1
preview,listen,1
preview,pick,1
success,listen,1
success,pick,1
listen,pick,1
listen,watch,1
listen,happy,1
listen,terrible,1
listen,fact,1
listen,giddy,1
listen,sing,1
listen,never,1
pick,real,1
pick,confused,1
pick,second,1
pick,destiny,1
anything,drink,1
anything,possibly,1
anything,thank,1
bingo,become,1
bingo,big,2
become,big,2
become,enjoy,2
become,already,2
become,spell,2
become,young,6
become,millennial,2
become,definitely,2
become,full,1
become,streamer,1
become,twitch,1
become,musician,1
big,sadly,1
big,unlimited,1
big,enough,1
big,thank,1
big,torn,1
big,clue,1
big,maybe,1
big,breakout,1
big,star,1
big,another,1
big,quirky,1
big,bop,1
big,contention,1
big,title,1
big,via,1
big,tear,1
big,actually,1
big,turn,1
big,softy,1
god,add,1
god,absolute,1
god,belter,1
god,confirm,1
god,call,1
god,thank,1
add,absolute,1
add,belter,1
add,beautifully,1
add,purple,1
add,middle,1
add,pyro,1
add,yet,1
add,another,1
add,element,1
add,design,1
add,light,1
add,jury,1
add,respect,1
absolute,belter,1
would,join,2
would,incredible,1
would,climb,1
would,thank,1
would,invite,1
would,international,1
join,blocking,1
join,twitter,2
join,advertising,1
join,censorship,1
join,block,1
join,fight,1
join,thank,1
join,invite,1
join,international,1
musical,tune,1
musical,magma,1
musical,lava,2
musical,vomit,1
musical,possess,1
musical,massive,1
musical,river,1
tune,magma,1
tune,lava,2
tune,vomit,1
tune,possess,1
tune,massive,1
tune,river,1
tune,status,1
tune,trying,1
tune,man,1
tune,phone,1
tune,despite,1
tune,radio,1
tune,enough,1
tune,ten,1
tune,twelve,1
magma,lava,2
magma,vomit,1
magma,possess,1
magma,massive,1
magma,river,1
lava,vomit,2
lava,possess,2
lava,massive,2
lava,river,2
vomit,possess,1
vomit,massive,1
vomit,river,1
possess,massive,1
possess,river,1
massive,river,1
possibly,thank,1
thank,sadly,1
thank,unlimited,1
thank,enough,2
thank,cannot,1
thank,bye,1
thank,call,1
thank,uplift,1
thank,mood,1
thank,lot,1
thank,read,1
thank,twitter,1
thank,whoop,2
thank,enjoy,1
thank,ride,1
thank,invite,1
thank,international,1
public,art,1
public,level,1
public,every,1
public,turn,1
public,call,1
public,destiny,1
art,level,1
art,every,1
art,turn,1
art,bottom,1
art,cute,1
level,every,1
level,turn,1
every,turn,1
every,repeat,1
every,importantly,1
turn,living,1
turn,room,2
turn,n,1
turn,tonight,1
turn,semi,1
turn,early,1
turn,tear,1
turn,actually,1
turn,softy,1
sadly,unlimited,1
sadly,enough,1
sadly,pay,1
sadly,attention,1
sadly,watch,1
sadly,word,1
sadly,salad,1
sadly,stream,1
sadly,currently,1
unlimited,enough,1
unlimited,device,1
enough,radio,1
adorable,morning,1
adorable,bring,1
adorable,smile,1
enjoy,already,1
enjoy,spell,1
enjoy,young,3
enjoy,millennial,1
enjoy,definitely,1
enjoy,remix,1
enjoy,original,1
enjoy,track,1
enjoy,ride,1
already,spell,1
already,young,3
already,millennial,1
already,definitely,1
already,gif,1
already,across,1
already,shi,1
already,addition,1
already,prop,1
already,choral,1
already,end,1
already,effective,1
already,verdict,1
already,tongue,1
already,cheek,1
already,smile,1
already,benny,1
already,vincent,1
already,hurricane,1
already,afternoon,1
spell,young,3
spell,millennial,1
spell,definitely,1
young,millennial,3
young,definitely,3
young,pretty,2
young,watch,2
millennial,definitely,1
definitely,smile,1
definitely,seriously,1
apple,sea,1
apple,shanty,1
sea,shanty,1
pretty,watch,1
watch,happy,1
watch,terrible,1
watch,fact,1
watch,giddy,1
watch,sing,1
watch,never,1
watch,spot,1
watch,familiar,1
watch,man,1
watch,tractor,1
watch,stag,1
watch,link,1
watch,pay,1
watch,attention,1
watch,word,1
watch,salad,1
watch,stream,1
watch,currently,1
happy,pandemic,1
happy,terrible,1
happy,fact,1
happy,giddy,1
happy,sing,1
happy,never,1
exactly,til,1
til,boy,1
smile,across,1
smile,shi,1
smile,addition,1
smile,prop,1
smile,choral,1
smile,end,1
smile,effective,1
smile,verdict,1
smile,tongue,1
smile,cheek,1
smile,morning,1
smile,bring,1
device,run,1
chat,put,1
chat,perfect,1
chat,behind,1
chat,epic,1
chat,rehearsal,1
chat,yesterday,1
chat,buzz,1
chat,round,1
chat,king,1
chat,tomorrow,1
chat,firstly,1
chat,hot,1
put,perfect,1
perfect,triangle,1
perfect,real,1
serve,queen,1
serve,treat,1
serve,thread,1
serve,press,1
serve,box,1
serve,blow,2
hey,food,2
hey,party,2
hey,onwards,1
hey,reason,1
food,party,4
tour,lovely,1
bottom,cute,1
showing,press,1
showing,king,1
press,king,1
press,three,1
press,switch,1
press,spend,1
press,free,1
press,conference,1
press,treat,1
press,thread,1
press,box,1
press,blow,2
king,epic,1
king,rehearsal,1
king,yesterday,1
king,buzz,1
king,round,1
king,tomorrow,1
king,firstly,1
king,hot,1
image,follow,1
image,link,1
follow,link,1
follow,always,1
dad,consider,1
dad,outfit,1
dad,wearing,1
consider,outfit,1
consider,wearing,1
outfit,wearing,1
behind,currently,1
behind,frequent,1
behind,artist,1
behind,request,1
currently,frequent,1
currently,artist,1
currently,request,1
currently,pay,1
currently,attention,1
currently,word,1
currently,salad,1
currently,stream,1
frequent,artist,1
frequent,request,1
artist,request,1
joke,idea,1
idea,thought,1
idea,bring,1
idea,diva,1
idea,inside,1
idea,man,1
edition,life,1
edition,sock,1
edition,limited,1
edition,pair,1
edition,collection,1
signal,present,1
signal,calling,1
signal,tonight,1
signal,parter,1
signal,among,1
present,calling,1
present,tonight,1
present,parter,1
present,among,1
calling,tonight,1
calling,parter,1
calling,among,1
tonight,parter,1
tonight,among,1
tonight,living,1
tonight,room,2
tonight,n,1
tonight,semi,1
tonight,early,1
parter,among,1
thought,bring,1
thought,diva,1
thought,inside,1
thought,man,1
bring,diva,1
bring,inside,1
bring,man,1
bring,morning,1
bring,tired,1
bring,sweater,1
bring,super,1
bring,hero,1
diva,inside,1
diva,man,1
inside,man,1
man,spot,1
man,familiar,1
man,tractor,1
man,status,1
man,trying,1
man,phone,1
man,despite,1
secret,identity,1
actually,r,1
actually,lit,1
actually,lot,1
actually,rehearsal,1
actually,decide,1
actually,tear,1
actually,softy,1
r,lit,1
r,w,1
r,n,2
r,wholesome,1
remix,original,1
remix,track,1
original,track,1
start,around,1
second,rehearsal,3
second,casting,1
second,via,1
second,hurricane,3
second,react,1
second,sneak,1
second,peek,1
second,real,1
second,confused,1
second,destiny,1
second,geek,1
second,chic,1
second,girl,1
second,power,1
second,incase,1
second,project,1
second,post,1
second,weekend,1
rehearsal,casting,1
rehearsal,via,3
rehearsal,sneak,1
rehearsal,peek,1
rehearsal,lot,1
rehearsal,decide,3
rehearsal,geek,1
rehearsal,chic,1
rehearsal,girl,1
rehearsal,power,1
rehearsal,hurricane,3
rehearsal,use,1
rehearsal,turquoise,1
rehearsal,pant,1
rehearsal,tomorrow,2
rehearsal,epic,1
rehearsal,yesterday,1
rehearsal,buzz,1
rehearsal,round,1
rehearsal,firstly,1
rehearsal,hot,1
rehearsal,poll,2
rehearsal,yet,2
rehearsal,end,2
rehearsal,silhouette,1
rehearsal,shot,1
rehearsal,justify,1
casting,via,1
via,arcade,1
via,breakout,1
via,star,1
via,another,1
via,quirky,1
via,bop,1
via,contention,1
via,title,1
via,poll,1
via,yet,1
via,end,1
via,decide,1
via,hurricane,1
clue,maybe,1
terrible,fact,1
terrible,giddy,1
terrible,sing,1
terrible,never,1
fact,giddy,1
fact,sing,1
fact,never,1
giddy,sing,1
giddy,never,1
sing,never,1
totally,opposite,1
totally,style,1
totally,scale,1
opposite,style,1
opposite,scale,1
style,scale,1
three,switch,1
three,spend,1
three,free,1
three,conference,1
switch,spend,1
switch,free,1
switch,conference,1
spend,free,1
spend,conference,1
free,conference,1
spot,familiar,1
spot,tractor,1
familiar,tractor,1
hurricane,react,2
hurricane,geek,1
hurricane,chic,1
hurricane,girl,1
hurricane,power,1
hurricane,poll,1
hurricane,yet,1
hurricane,end,1
hurricane,decide,1
hurricane,benny,1
hurricane,vincent,1
hurricane,afternoon,1
status,trying,1
status,phone,1
status,despite,1
trying,phone,1
trying,despite,1
phone,despite,1
true,ten,1
true,important,1
true,hearth,1
ten,important,1
ten,hearth,1
ten,another,1
ten,unique,1
ten,choral,1
ten,thousand,1
ten,world,1
ten,twelve,1
important,hearth,1
onwards,reason,1
sneak,peek,1
real,confused,1
real,destiny,1
confused,destiny,1
destiny,call,1
lot,decide,1
lot,uplift,1
lot,mood,1
decide,poll,1
decide,yet,1
decide,end,1
treat,thread,1
treat,box,1
treat,blow,2
thread,box,1
thread,blow,2
box,blow,2
pro,globally,1
pro,viral,1
pro,home,1
pro,catchy,1
pro,remember,1
pro,las,1
pro,ketchup,1
globally,viral,1
globally,home,1
globally,catchy,1
globally,remember,1
globally,las,1
globally,ketchup,1
viral,home,1
viral,catchy,1
viral,remember,1
viral,las,1
viral,ketchup,1
viral,interview,1
viral,talk,1
viral,sensation,1
viral,unique,1
viral,brand,1
home,catchy,1
home,remember,1
home,las,1
home,ketchup,1
catchy,remember,1
catchy,las,1
catchy,ketchup,1
remember,las,1
remember,ketchup,1
las,ketchup,1
blocking,twitter,2
blocking,advertising,1
blocking,censorship,1
blocking,block,1
blocking,fight,1
twitter,advertising,2
twitter,censorship,2
twitter,block,2
twitter,fight,2
twitter,tell,1
twitter,badge,1
twitter,yet,1
twitter,read,1
advertising,censorship,1
advertising,block,1
advertising,fight,1
censorship,block,1
censorship,fight,1
block,fight,1
saga,tell,1
stag,wonderful,1
stag,dynamic,1
stag,even,1
stag,nod,1
stag,dive,1
stag,dolphin,1
stag,exceptional,1
stag,thinking,1
stag,certainly,1
hot,chip,1
hot,epic,1
hot,yesterday,1
hot,buzz,1
hot,round,1
hot,tomorrow,1
hot,firstly,1
usually,odds,1
usually,semifinal,1
odds,semifinal,1
guess,aka,1
fall,boy,1
wife,head,1
wife,lock,1
wife,height,1
wife,difference,1
wife,pregnant,1
head,lock,1
head,height,1
head,difference,1
lock,height,1
lock,difference,1
height,difference,1
tell,badge,1
tell,yet,1
tell,till,1
tell,buy,1
organize,trip,1
organize,finale,1
trip,finale,1
strike,pose,2
full,streamer,1
full,twitch,1
full,teal,1
streamer,twitch,1
review,mobile,2
geek,chic,1
geek,girl,1
geek,power,1
chic,girl,1
chic,power,1
girl,power,1
beautifully,purple,1
beautifully,middle,1
beautifully,pyro,1
beautifully,yet,1
beautifully,another,1
beautifully,element,1
beautifully,design,1
beautifully,light,1
beautifully,jury,1
beautifully,respect,1
purple,middle,1
purple,pyro,1
purple,yet,1
purple,another,1
purple,element,1
purple,design,1
purple,light,1
purple,jury,1
purple,respect,1
middle,pyro,1
middle,yet,1
middle,another,1
middle,element,1
middle,design,1
middle,light,1
middle,jury,1
middle,respect,1
pyro,yet,1
pyro,another,1
pyro,element,1
pyro,design,1
pyro,light,1
pyro,jury,1
pyro,respect,1
yet,another,1
yet,element,1
yet,design,1
yet,light,1
yet,jury,1
yet,respect,1
yet,badge,1
yet,poll,1
yet,end,1
another,element,1
another,design,1
another,light,1
another,jury,1
another,respect,1
another,breakout,1
another,star,1
another,quirky,1
another,bop,1
another,contention,1
another,title,1
element,design,1
element,light,1
element,jury,1
element,respect,1
design,light,1
design,jury,1
design,respect,1
light,jury,1
light,respect,1
jury,respect,1
across,shi,1
across,addition,1
across,prop,1
across,choral,1
across,end,1
across,effective,1
across,verdict,1
across,tongue,1
across,cheek,1
shi,addition,1
shi,prop,1
shi,choral,1
shi,end,1
shi,effective,1
shi,verdict,1
shi,tongue,1
shi,cheek,1
addition,prop,1
addition,choral,1
addition,end,1
addition,effective,1
addition,verdict,1
addition,tongue,1
addition,cheek,1
prop,choral,1
prop,end,1
prop,effective,1
prop,verdict,1
prop,tongue,1
prop,cheek,1
choral,end,1
choral,effective,1
choral,verdict,1
choral,tongue,1
choral,cheek,1
choral,unique,1
choral,thousand,1
choral,world,1
end,effective,1
end,verdict,1
end,tongue,1
end,cheek,1
end,poll,1
effective,verdict,1
effective,tongue,1
effective,cheek,1
verdict,tongue,1
verdict,cheek,1
tongue,cheek,1
interview,talk,1
interview,sensation,1
interview,unique,1
interview,brand,1
talk,sensation,1
talk,unique,1
talk,brand,1
talk,dry,1
sensation,unique,1
sensation,brand,1
unique,brand,1
unique,thousand,1
unique,world,1
ding,dong,1
breakout,star,1
breakout,quirky,1
breakout,bop,1
breakout,contention,1
breakout,title,1
star,quirky,1
star,bop,1
star,contention,1
star,title,1
quirky,bop,1
quirky,contention,1
quirky,title,1
bop,contention,1
bop,title,1
bop,total,1
contention,title,1
sweater,medium,1
sweater,tired,1
sweater,super,1
sweater,hero,1
uplift,mood,1
try,learn,1
try,fast,1
use,turquoise,1
use,pant,1
use,tomorrow,1
turquoise,pant,1
turquoise,tomorrow,1
pant,tomorrow,1
tomorrow,epic,1
tomorrow,yesterday,1
tomorrow,buzz,1
tomorrow,round,1
tomorrow,firstly,1
even,walk,1
even,berlin,1
even,might,1
even,dynamic,1
even,nod,1
even,dive,1
even,dolphin,1
even,exceptional,1
even,thinking,1
even,certainly,1
walk,berlin,1
return,fly,1
return,begin,1
return,campaign,1
shall,ask,1
learn,fast,1
might,daughter,1
might,voice,1
might,clip,1
might,mix,1
might,somewhere,1
fly,begin,2
fly,campaign,2
fly,since,1
fly,world,1
fly,bang,1
fly,pop,1
fly,joyful,1
fly,celebration,1
fly,victory,1
begin,campaign,2
begin,since,1
begin,world,1
begin,bang,1
begin,pop,1
begin,joyful,1
begin,celebration,1
begin,victory,1
campaign,since,1
campaign,world,1
campaign,bang,1
campaign,pop,1
campaign,joyful,1
campaign,celebration,1
campaign,victory,1
living,room,4
living,n,1
living,semi,1
living,early,1
living,turning,1
living,sofa,1
room,n,2
room,semi,2
room,early,2
room,turning,2
room,sofa,2
n,semi,1
n,early,1
n,w,2
semi,early,1
said,cest,1
symbolic,data,1
symbolic,driven,1
symbolic,particularly,1
symbolic,concept,2
symbolic,event,1
symbolic,world,1
symbolic,visual,1
symbolic,victory,1
data,driven,1
data,particularly,1
data,concept,2
data,event,1
data,world,1
data,visual,1
data,victory,1
driven,particularly,1
driven,concept,2
driven,event,1
driven,world,1
driven,visual,1
driven,victory,1
particularly,concept,2
particularly,event,1
particularly,world,1
particularly,visual,1
particularly,victory,1
concept,event,2
concept,world,2
concept,visual,2
concept,victory,2
event,world,1
event,visual,1
event,victory,1
world,visual,1
world,victory,2
world,thousand,1
world,since,1
world,bang,1
world,pop,1
world,joyful,1
world,celebration,1
visual,victory,1
victory,since,1
victory,bang,1
victory,pop,1
victory,joyful,1
victory,celebration,1
job,wig,1
server,thousand,1
server,super,1
server,chill,1
server,space,1
server,stuff,1
server,mascot,1
thousand,super,1
thousand,chill,1
thousand,space,1
thousand,stuff,1
thousand,mascot,1
super,chill,1
super,space,1
super,stuff,1
super,mascot,1
super,tired,1
super,hero,1
super,showdown,1
super,winner,1
super,easily,1
chill,space,1
chill,stuff,1
chill,mascot,1
space,stuff,1
space,mascot,1
stuff,mascot,1
per,w,1
epic,yesterday,1
epic,buzz,1
epic,round,1
epic,firstly,1
yesterday,buzz,1
yesterday,round,1
yesterday,firstly,1
buzz,round,1
buzz,firstly,1
round,firstly,1
winner,alert,2
winner,always,2
winner,chicken,2
winner,dinner,2
winner,tho,2
winner,technically,2
winner,easily,1
alert,always,1
always,blood,1
always,raise,1
dynamic,nod,1
dynamic,dive,1
dynamic,dolphin,1
dynamic,exceptional,1
dynamic,thinking,1
dynamic,certainly,1
nod,dive,1
nod,dolphin,1
nod,exceptional,1
nod,thinking,1
nod,certainly,1
dive,dolphin,1
dive,exceptional,1
dive,thinking,1
dive,certainly,1
dolphin,exceptional,1
dolphin,thinking,1
dolphin,certainly,1
exceptional,thinking,1
exceptional,certainly,1
thinking,certainly,1
digital,asset,1
digital,depository,1
digital,institution,1
asset,depository,1
asset,institution,1
depository,institution,1
daughter,voice,1
daughter,clip,1
daughter,mix,1
daughter,somewhere,1
daughter,composer,1
daughter,write,1
voice,clip,1
voice,mix,1
voice,somewhere,1
clip,mix,1
clip,somewhere,1
mix,somewhere,1
scan,blurry,1
scan,greet,1
scan,special,1
silhouette,shot,1
invite,international,1
attention,pay,1
attention,word,1
attention,salad,1
attention,stream,1
sock,limited,1
sock,pair,1
sock,collection,1
limited,pair,1
limited,collection,1
pair,collection,1
greet,special,1
tear,softy,1
blood,raise,1
turning,sofa,1
tired,hero,1
chicken,dinner,1
chicken,tho,1
chicken,technically,1
dinner,tho,1
dinner,technically,1
tho,technically,1
since,bang,1
since,pop,1
since,joyful,1
since,celebration,1
bang,pop,1
bang,joyful,1
bang,celebration,1
pop,joyful,1
pop,celebration,1
joyful,celebration,1
pay,word,1
pay,salad,1
pay,stream,1
word,salad,1
word,stream,1
salad,stream,1
benny,vincent,1
benny,afternoon,1
vincent,afternoon,1
repeat,importantly,1
incase,project,1
incase,post,1
incase,weekend,1
project,post,1
project,weekend,1
post,weekend,1
composer,write,1
soul,rip,1
