Id,Label,Count
seeing,seeing,2
next,next,11
year,year,19
get,get,24
city,city,1
little,little,6
birdie,birdie,1
form,form,2
human,human,2
sister,sister,3
say,say,7
might,might,2
interested,interested,1
make,make,21
something,something,3
music,music,25
video,video,20
manage,manage,1
amount,amount,1
stuff,stuff,2
learn,learn,6
big,big,9
test,test,1
one,one,10
presentation,presentation,1
personal,personal,1
level,level,1
meet,meet,2
go,go,23
rogue,rogue,1
please,please,14
tee,tee,1
currently,currently,1
c,c,1
yes,yes,7
still,still,12
want,want,8
best,best,7
snow,snow,1
earth,earth,1
good,good,21
enough,enough,3
pal,pal,1
watch,watch,7
extra,extra,2
would,would,13
like,like,24
tank,tank,1
discover,discover,4
super,super,3
cool,cool,4
singer,singer,1
release,release,2
new,new,11
eye,eye,3
storm,storm,1
great,great,8
casually,casually,1
buy,buy,4
see,see,22
june,june,5
sell,sell,10
cute,cute,2
already,already,4
beautiful,beautiful,2
kind,kind,1
respectful,respectful,1
group,group,5
love,love,43
promise,promise,1
sure,sure,5
able,able,4
everyone,everyone,3
come,come,14
true,true,2
give,give,3
thanks,thanks,11
think,think,17
cover,cover,4
arcade,arcade,1
amazing,amazing,5
time,time,13
hear,hear,4
version,version,2
song,song,17
fan,fan,9
wow,wow,1
many,many,4
join,join,6
welcome,welcome,1
wonderful,wonderful,2
never,never,2
change,change,1
somebody,somebody,5
else,else,6
official,official,1
audio,audio,2
via,via,3
hope,hope,9
giant,giant,1
try,try,5
eat,eat,2
horrific,horrific,1
done,done,4
update,update,1
hand,hand,3
home,home,4
rent,rent,2
bee,bee,2
today,today,6
donor,donor,1
take,take,5
responsibility,responsibility,1
monthly,monthly,1
bold,bold,1
assume,assume,1
hey,hey,5
check,check,5
sorry,sorry,2
continue,continue,1
follow,follow,1
wait,wait,9
dance,dance,16
match,match,1
heaven,heaven,1
thank,thank,10
sent,sent,1
pearl,pearl,2
stuck,stuck,1
outbox,outbox,1
yesterday,yesterday,2
late,late,3
x,x,4
blue,blue,1
moon,moon,1
use,use,2
case,case,1
york,york,1
talk,talk,1
collectively,collectively,1
agree,agree,2
much,much,13
need,need,5
chaotic,chaotic,1
yet,yet,3
calm,calm,2
absolutely,absolutely,5
glorious,glorious,1
hour,hour,1
deadline,deadline,2
magnificent,magnificent,1
help,help,2
every,every,5
device,device,1
sweater,sweater,2
face,face,1
husband,husband,1
spending,spending,1
entire,entire,1
even,even,13
evening,evening,1
joey,joey,1
nick,nick,1
wonder,wonder,2
move,move,3
anyone,anyone,1
everything,everything,1
second,second,2
sound,sound,3
alike,alike,2
different,different,2
repeat,repeat,1
house,house,3
embarrassed,embarrassed,1
admit,admit,1
tiny,tiny,1
desk,desk,1
concert,concert,4
could,could,8
brilliant,brilliant,2
collaboration,collaboration,1
keep,keep,8
list,list,1
tour,tour,6
sniper,sniper,1
well,well,16
trust,trust,2
u,u,8
collaborate,collaborate,2
whenever,whenever,1
wherever,wherever,1
idea,idea,5
concept,concept,1
rest,rest,1
game,game,8
press,press,1
heart,heart,1
icon,icon,1
agreed,agreed,1
also,also,7
permission,permission,1
iconic,iconic,3
people,people,5
miss,miss,2
probably,probably,1
lose,lose,3
ever,ever,4
really,really,19
mind,mind,6
blowing,blowing,1
crossover,crossover,1
history,history,1
tell,tell,3
amaze,amaze,8
dream,dream,1
two,two,6
together,together,3
oh,oh,4
yeah,yeah,4
turner,turner,1
weekly,weekly,1
roundup,roundup,1
nice,nice,3
performance,performance,2
back,back,4
social,social,1
medium,medium,1
include,include,1
lovely,lovely,2
chat,chat,3
catch,catch,3
fun,fun,6
glad,glad,2
part,part,1
sing,sing,2
grand,grand,1
final,final,2
know,know,10
head,head,1
single,single,1
day,day,12
definitely,definitely,3
lay,lay,1
bo,bo,2
comedy,comedy,1
special,special,3
handle,handle,1
content,content,2
creation,creation,1
pandemic,pandemic,2
highly,highly,1
recommend,recommend,1
note,note,1
self,self,1
eagerly,eagerly,1
result,result,2
cross,cross,1
cut,cut,1
accurate,accurate,2
footage,footage,1
do,do,5
work,work,6
along,along,1
month,month,1
ready,ready,2
suggest,suggest,1
submission,submission,3
circle,circle,1
keyboard,keyboard,1
gang,gang,1
comes,comes,1
original,original,1
funky,funky,1
purple,purple,1
certainly,certainly,2
thing,thing,3
hi,hi,4
talented,talented,1
ago,ago,2
couple,couple,1
left,left,1
energy,energy,2
nightmare,nightmare,1
fuel,fuel,1
way,way,6
holy,holy,3
god,god,4
totally,totally,2
character,character,1
king,king,2
dip,dip,1
may,may,1
offer,offer,1
black,black,1
future,future,1
album,album,3
truly,truly,1
majestic,majestic,1
literally,literally,3
weep,weep,1
laughter,laughter,1
avenue,avenue,1
granny,granny,1
papa,papa,1
apparently,apparently,1
filter,filter,2
image,image,4
adorable,adorable,1
disturb,disturb,1
lot,lot,3
show,show,7
add,add,9
another,another,9
baby,baby,1
number,number,1
feel,feel,8
bring,bring,1
fake,fake,2
guitar,guitar,1
effort,effort,1
fantastic,fantastic,2
job,job,1
struggling,struggling,1
decide,decide,2
submit,submit,1
convince,convince,2
son,son,4
listen,listen,8
wholesome,wholesome,1
lately,lately,1
mostly,mostly,1
bit,bit,1
art,art,6
alone,alone,3
order,order,2
participate,participate,1
impossible,impossible,1
hard,hard,3
inspired,inspired,1
n,n,1
wee,wee,1
class,class,1
date,date,5
bet,bet,2
tho,tho,1
somehow,somehow,2
half,half,1
cursed,cursed,2
absolute,absolute,1
blast,blast,2
lord,lord,1
first,first,3
saw,saw,1
damn,damn,2
taller,taller,1
server,server,2
must,must,1
curse,curse,2
documentary,documentary,1
straight,straight,1
question,question,4
worse,worse,1
bless,bless,1
gift,gift,2
odd,odd,1
body,body,1
world,world,3
concerned,concerned,1
monster,monster,4
roar,roar,1
experience,experience,1
hate,hate,3
lion,lion,1
whole,whole,3
disturbing,disturbing,1
serious,serious,1
look,look,3
wed,wed,1
ring,ring,1
finger,finger,1
deserve,deserve,1
owe,owe,1
life,life,1
post,post,1
depression,depression,1
bitch,bitch,2
aint,aint,1
play,play,7
unique,unique,3
artist,artist,4
pair,pair,3
san,san,2
personally,personally,1
knit,knit,2
begging,begging,1
stay,stay,2
drink,drink,1
water,water,1
finland,finland,1
iceland,iceland,4
twitter,twitter,4
canada,canada,2
engagement,engagement,1
voice,voice,1
tune,tune,1
times,times,2
basically,basically,1
always,always,2
shout,shout,1
international,international,1
find,find,4
within,within,1
soon,soon,1
entry,entry,1
seriously,seriously,1
happy,happy,8
everyday,everyday,1
grow,grow,1
set,set,1
sign,sign,1
crazy,crazy,1
bye,bye,1
lovable,lovable,1
punch,punch,1
island,island,1
weight,weight,1
favorite,favorite,1
actually,actually,2
incredibly,incredibly,1
sweet,sweet,3
pop,pop,1
appropriate,appropriate,1
aesthetic,aesthetic,1
accompany,accompany,1
cage,cage,1
wrong,wrong,1
message,message,1
looking,looking,1
awesome,awesome,2
birthday,birthday,2
card,card,2
excite,excite,2
pic,pic,2
party,party,2
account,account,1
disappointed,disappointed,1
imitate,imitate,1
flat,flat,1
sharp,sharp,1
natural,natural,1
morning,morning,2
drunk,drunk,1
call,call,2
daddy,daddy,2
fryer,fryer,1
finish,finish,2
important,important,1
style,style,1
spark,spark,1
sad,sad,1
bizarre,bizarre,1
combination,combination,1
birth,birth,1
chart,chart,1
listening,listening,1
drew,drew,1
constantly,constantly,1
believe,believe,3
dinner,dinner,1
die,die,1
fast,fast,3
current,current,1
resale,resale,1
price,price,1
hello,hello,1
old,old,1
binge,binge,1
dawn,dawn,1
dusk,dusk,1
since,since,3
existence,existence,1
food,food,1
review,review,1
react,react,1
top,top,1
chance,chance,4
boston,boston,1
worth,worth,1
mute,mute,1
let,let,2
capable,capable,2
feeling,feeling,1
felt,felt,2
cannot,cannot,1
beat,beat,1
freshly,freshly,1
tweet,tweet,2
whish,whish,1
mine,mine,1
collide,collide,1
til,til,1
early,early,1
century,century,1
movement,movement,1
enter,enter,1
ticket,ticket,2
later,later,2
guess,guess,1
restock,restock,1
jumper,jumper,1
russia,russia,2
happen,happen,1
hopefully,hopefully,2
whilst,whilst,1
brought,brought,1
due,due,1
success,success,2
sale,sale,3
gold,gold,1
untrained,untrained,1
honestly,honestly,1
though,though,2
wrap,wrap,1
around,around,3
berlin,berlin,1
venue,venue,1
spend,spend,1
learning,learning,1
safe,safe,1
pretty,pretty,2
family,family,1
seem,seem,1
plan,plan,1
photo,photo,1
put,put,2
name,name,3
drone,drone,1
fly,fly,1
maybe,maybe,2
wedding,wedding,1
anniversary,anniversary,2
simply,simply,1
wife,wife,2
visit,visit,4
access,access,1
winter,winter,1
closure,closure,1
f,f,1
volcano,volcano,1
bonus,bonus,1
near,near,1
adventure,adventure,1
w,w,1
wish,wish,1
la,la,1
desperate,desperate,1
man,man,2
upgrade,upgrade,1
long,long,1
away,away,1
cause,cause,4
agenda,agenda,1
limit,limit,1
possible,possible,1
incapable,incapable,1
night,night,1
roxy,roxy,1
us,us,1
v,v,1
praise,praise,1
lab,lab,1
mate,mate,1
cell,cell,1
sometimes,sometimes,1
jo,jo,1
lock,lock,1
ten,ten,2
language,language,3
useful,useful,1
library,library,1
flow,flow,1
win,win,1
moment,moment,2
care,care,1
package,package,1
fortunate,fortunate,1
someone,someone,1
creative,creative,1
book,book,1
almost,almost,4
advance,advance,2
bad,bad,1
mistaken,mistaken,1
identity,identity,1
suppose,suppose,1
eager,eager,1
answer,answer,1
remix,remix,2
working,working,1
bright,bright,1
joke,joke,1
right,right,1
humming,humming,1
warehouse,warehouse,1
gig,gig,1
beloved,beloved,1
partner,partner,1
receipt,receipt,1
inside,inside,1
yi,yi,1
beg,beg,1
luck,luck,1
hell,hell,1
cow,cow,1
immediately,immediately,1
ashamed,ashamed,1
ah,ah,1
whose,whose,1
contest,contest,2
rock,rock,1
occasion,occasion,2
flight,flight,2
aviation,aviation,2
essential,essential,2
crucial,crucial,2
front,front,2
line,line,2
role,role,2
ensure,ensure,2
critical,critical,2
global,global,2
connectivity,connectivity,2
throughout,throughout,2
gorgeous,gorgeous,1
translate,translate,1
understand,understand,1
cautious,cautious,1
optimism,optimism,1
defiance,defiance,1
deep,deep,1
massive,massive,1
live,live,1
friendly,friendly,1
sully,sully,1
send,send,2
sorted,sorted,1
power,power,1
fall,fall,1
tough,tough,1
apart,apart,1
community,community,3
save,save,1
discord,discord,3
battlefield,battlefield,1
either,either,1
swiss,swiss,1
toy,toy,1
enjoy,enjoy,1
leave,leave,1
purpose,purpose,1
grateful,grateful,1
turn,turn,1
groove,groove,1
forgot,forgot,1
share,share,1
ya,ya,1
hit,hit,1
unable,unable,1
accept,accept,1
invite,invite,1
strong,strong,1
funny,funny,1
cant,cant,1
j,j,1
joining,joining,1
walk,walk,2
clip,clip,1
endless,endless,1
repetitive,repetitive,1
loop,loop,2
last,last,3
giggling,giggling,1
afterwards,afterwards,1
reaction,reaction,2
reading,reading,1
read,read,1
joy,joy,1
daughter,daughter,1
granddaughter,granddaughter,1
rag,rag,1
open,open,1
mi,mi,1
e,e,1
brother,brother,1
brutal,brutal,1
justice,justice,1
mig,mig,1
mali,mali,1
ban,ban,1
perfection,perfection,1
successfully,successfully,1
close,close,1
support,support,1
waiting,waiting,1
full,full,1
drop,drop,1
hurry,hurry,1
instead,instead,1
animation,animation,1
huge,huge,2
crush,crush,2
space,space,1
couch,couch,1
free,free,1
visa,visa,1
poorly,poorly,1
properly,properly,1
draw,draw,1
real,real,1
quick,quick,1
stop,stop,1
sleep,sleep,1
queen,queen,1
profile,profile,1
