Id,Label,Count
cross,cross,24
false,false,2
positive,positive,14
genocide,genocide,1
tournament,tournament,1
far,far,5
finally,finally,3
meet,meet,2
match,match,1
e,e,2
counting,counting,1
inspired,inspired,1
personal,personal,1
top,top,5
b,b,1
organization,organization,1
war,war,1
crime,crime,1
know,know,10
stop,stop,1
persecution,persecution,1
stay,stay,60
safe,safe,54
healthy,healthy,6
think,think,22
excited,excited,3
wear,wear,3
iceland,iceland,45
flag,flag,1
cape,cape,1
song,song,34
time,time,14
new,new,7
look,look,10
honor,honor,1
week,week,23
choir,choir,3
thanks,thanks,5
best,best,26
indeed,indeed,2
x,x,8
elf,elf,2
go,go,22
catch,catch,2
u,u,14
want,want,4
see,see,25
miss,miss,2
fantastic,fantastic,3
year,year,34
lots,lots,3
great,great,9
loving,loving,1
wait,wait,11
yes,yes,15
saw,saw,2
long,long,2
negative,negative,9
sure,sure,4
fine,fine,3
perform,perform,11
order,order,3
mine,mine,6
excite,excite,6
although,although,1
hair,hair,3
bit,bit,5
wishful,wishful,1
must,must,3
get,get,30
cut,cut,1
jumper,jumper,4
keeping,keeping,2
crossed,crossed,3
one,one,19
delegation,delegation,8
test,test,9
covid,covid,6
really,really,13
politics,politics,1
less,less,1
impact,impact,2
voting,voting,1
chance,chance,3
well,well,21
also,also,10
make,make,15
face,face,4
green,green,5
option,option,1
bene,bene,1
much,much,10
love,love,46
san,san,2
feel,feel,5
near,near,2
soon,soon,6
care,care,13
mean,mean,6
sorry,sorry,1
good,good,42
luck,luck,25
trouble,trouble,1
sending,sending,4
profile,profile,2
picture,picture,1
baby,baby,2
house,house,1
send,send,8
take,take,20
everything,everything,14
heart,heart,2
day,day,5
come,come,15
different,different,3
hosting,hosting,1
night,night,4
amazing,amazing,10
last,last,12
though,though,4
awesome,awesome,7
need,need,9
win,win,22
like,like,22
official,official,4
video,video,7
discover,discover,1
today,today,8
absolutely,absolutely,4
brilliant,brilliant,5
check,check,3
able,able,4
wish,wish,9
team,team,8
member,member,6
quick,quick,1
recovery,recovery,2
cheer,cheer,3
appal,appal,2
iconic,iconic,5
bunch,bunch,1
people,people,5
first,first,12
bound,bound,1
visit,visit,2
got,got,3
ever,ever,7
anyone,anyone,3
person,person,5
band,band,5
back,back,7
clear,clear,1
work,work,8
hard,hard,5
deserve,deserve,3
hope,hope,19
pray,pray,1
play,play,3
everyone,everyone,6
corona,corona,1
pic,pic,2
semis,semis,1
final,final,4
slightly,slightly,1
unlucky,unlucky,1
musically,musically,1
favorite,favorite,9
leave,leave,4
amaze,amaze,4
jacket,jacket,1
entry,entry,9
share,share,2
contest,contest,5
part,part,3
music,music,15
oh,oh,7
chile,chile,1
keep,keep,9
alright,alright,1
mate,mate,2
please,please,13
recreate,recreate,1
glad,glad,2
fan,fan,4
fun,fun,9
wishing,wishing,5
superb,superb,1
news,news,3
devastating,devastating,1
hopefully,hopefully,1
accord,accord,1
plan,plan,1
believe,believe,2
victor,victor,1
do,do,4
health,health,3
else,else,2
sweet,sweet,3
matter,matter,2
speedy,speedy,1
energy,energy,2
daddy,daddy,1
stage,stage,9
praying,praying,1
especially,especially,2
outcome,outcome,1
nothing,nothing,3
cant,cant,1
away,away,2
two,two,2
row,row,2
sound,sound,2
firmly,firmly,1
let,let,5
rock,rock,1
live,live,5
performance,performance,2
thing,thing,4
fabulous,fabulous,1
may,may,6
nice,nice,2
evening,evening,1
stressful,stressful,1
way,way,4
rightful,rightful,1
remove,remove,1
mask,mask,1
careful,careful,1
looking,looking,4
forward,forward,3
fire,fire,3
sad,sad,2
getting,getting,1
ready,ready,9
cool,cool,5
release,release,2
cheese,cheese,1
little,little,6
next,next,19
excellent,excellent,1
create,create,1
behalf,behalf,1
group,group,2
discord,discord,3
billion,billion,1
virtual,virtual,1
poem,poem,1
together,together,1
show,show,4
support,support,5
current,current,2
situation,situation,1
strong,strong,2
rest,rest,1
hear,hear,7
stand,stand,1
strength,strength,1
whole,whole,3
stupid,stupid,1
bloody,bloody,1
hell,hell,2
breaking,breaking,1
quarantine,quarantine,1
disappointed,disappointed,1
cover,cover,7
give,give,5
motivation,motivation,1
dance,dance,3
generic,generic,1
could,could,1
anywhere,anywhere,2
say,say,2
beautiful,beautiful,6
south,south,1
anyway,anyway,3
ship,ship,1
without,without,1
surprise,surprise,2
tax,tax,1
damn,damn,2
sexy,sexy,1
ago,ago,1
stun,stun,2
revisit,revisit,1
ani,ani,1
still,still,4
basic,basic,1
fish,fish,2
eat,eat,1
push,push,1
busy,busy,1
hotel,hotel,1
hate,hate,2
later,later,2
pencil,pencil,2
case,case,2
wonder,wonder,5
easy,easy,2
anyways,anyways,1
sell,sell,2
right,right,11
old,old,3
class,class,1
course,course,3
intend,intend,1
vote,vote,9
past,past,1
high,high,2
rotation,rotation,1
place,place,3
help,help,1
nick,nick,1
hospital,hospital,1
sight,sight,1
genuine,genuine,1
cheering,cheering,1
officially,officially,1
change,change,1
name,name,2
abbot,abbot,1
gift,gift,1
universe,universe,1
act,act,2
episode,episode,2
almost,almost,2
available,available,3
ahoy,ahoy,1
city,city,1
welcome,welcome,3
many,many,4
find,find,2
game,game,6
preview,preview,1
success,success,1
listen,listen,2
pick,pick,2
cute,cute,2
lead,lead,1
true,true,2
anything,anything,2
drink,drink,1
bingo,bingo,1
become,become,5
big,big,8
god,god,3
add,add,2
absolute,absolute,1
belter,belter,1
would,would,4
join,join,3
musical,musical,1
tune,tune,5
magma,magma,1
lava,lava,2
vomit,vomit,1
possess,possess,1
massive,massive,1
river,river,1
possibly,possibly,1
thank,thank,14
public,public,2
art,art,2
level,level,1
every,every,2
turn,turn,3
happen,happen,2
sadly,sadly,3
unlimited,unlimited,2
enough,enough,3
torn,torn,2
adorable,adorable,2
enjoy,enjoy,3
already,already,5
spell,spell,1
young,young,5
millennial,millennial,1
definitely,definitely,3
apple,apple,1
sea,sea,1
shanty,shanty,1
pretty,pretty,1
watch,watch,6
yet,yet,5
happy,happy,7
something,something,1
exactly,exactly,1
til,til,2
tried,tried,1
smile,smile,3
device,device,2
run,run,1
somehow,somehow,1
tidy,tidy,1
chat,chat,3
put,put,1
perfect,perfect,3
serve,serve,2
queen,queen,1
hey,hey,3
food,food,2
party,party,2
sassy,sassy,2
tour,tour,1
lovely,lovely,1
bottom,bottom,1
challenge,challenge,1
king,king,3
icon,icon,1
text,text,1
showing,showing,1
press,press,3
gif,gif,1
gorgeous,gorgeous,1
gig,gig,1
image,image,2
follow,follow,2
link,link,2
buy,buy,2
dear,dear,1
dad,dad,1
consider,consider,1
outfit,outfit,1
wearing,wearing,1
confirm,confirm,1
tragedy,tragedy,1
money,money,1
behind,behind,2
currently,currently,2
frequent,frequent,1
artist,artist,1
request,request,1
score,score,1
riot,riot,1
joke,joke,1
idea,idea,2
edition,edition,2
life,life,1
triangle,triangle,1
signal,signal,1
present,present,1
calling,calling,1
tonight,tonight,2
parter,parter,1
among,among,1
thought,thought,1
bring,bring,3
diva,diva,1
inside,inside,1
man,man,3
obviously,obviously,1
secret,secret,1
identity,identity,1
actually,actually,3
r,r,4
lit,lit,1
remix,remix,1
original,original,1
track,track,1
start,start,1
around,around,1
cannot,cannot,1
excuse,excuse,2
incredible,incredible,1
second,second,6
rehearsal,rehearsal,13
casting,casting,1
via,via,4
pandemic,pandemic,1
clue,clue,1
maybe,maybe,1
terrible,terrible,1
fact,fact,1
giddy,giddy,1
sing,sing,1
never,never,1
totally,totally,1
opposite,opposite,1
style,style,2
scale,scale,1
vision,vision,2
bye,bye,1
taste,taste,1
three,three,1
switch,switch,1
spend,spend,1
free,free,1
conference,conference,1
page,page,1
spot,spot,1
familiar,familiar,1
tractor,tractor,1
hurricane,hurricane,5
react,react,1
status,status,1
trying,trying,1
phone,phone,1
despite,despite,1
question,question,1
ten,ten,4
important,important,1
hearth,hearth,1
onwards,onwards,1
reason,reason,1
dont,dont,1
sneak,sneak,1
peek,peek,1
paint,paint,1
bee,bee,1
mess,mess,1
arcade,arcade,1
real,real,2
confused,confused,1
destiny,destiny,2
lot,lot,3
decide,decide,2
treat,treat,1
thread,thread,1
box,box,1
blow,blow,2
pro,pro,1
globally,globally,1
viral,viral,2
home,home,1
catchy,catchy,1
remember,remember,1
las,las,1
ketchup,ketchup,1
blocking,blocking,1
twitter,twitter,4
advertising,advertising,1
censorship,censorship,1
block,block,1
fight,fight,1
saga,saga,2
stag,stag,3
hot,hot,2
chip,chip,1
usually,usually,1
odds,odds,2
semifinal,semifinal,1
guess,guess,1
aka,aka,1
fall,fall,1
boy,boy,2
woohoo,woohoo,1
wife,wife,2
head,head,1
lock,lock,1
height,height,1
difference,difference,1
tell,tell,4
properly,properly,1
highlight,highlight,1
radio,radio,1
organize,organize,1
trip,trip,1
finale,finale,1
strike,strike,2
pose,pose,2
full,full,2
streamer,streamer,1
twitch,twitch,1
review,review,2
mobile,mobile,1
climb,climb,1
seriously,seriously,1
geek,geek,1
chic,chic,1
girl,girl,1
power,power,1
beautifully,beautifully,1
purple,purple,1
middle,middle,1
pyro,pyro,1
another,another,3
element,element,1
design,design,1
light,light,1
jury,jury,1
respect,respect,1
across,across,1
shi,shi,1
addition,addition,1
prop,prop,1
choral,choral,2
end,end,2
effective,effective,1
verdict,verdict,1
tongue,tongue,1
cheek,cheek,1
flowing,flowing,1
interview,interview,1
talk,talk,2
sensation,sensation,1
unique,unique,2
brand,brand,1
kit,kit,1
call,call,2
ding,ding,1
dong,dong,1
breakout,breakout,1
star,star,1
quirky,quirky,1
bop,bop,2
contention,contention,1
title,title,1
supremacy,supremacy,1
sweater,sweater,3
uplift,uplift,1
mood,mood,1
terrify,terrify,1
try,try,2
saved,saved,1
scary,scary,1
dry,dry,1
medium,medium,1
use,use,1
turquoise,turquoise,1
pant,pant,1
tomorrow,tomorrow,2
even,even,4
walk,walk,1
berlin,berlin,1
return,return,2
tough,tough,1
surely,surely,1
couple,couple,1
badge,badge,1
musician,musician,1
read,read,1
till,till,1
shall,shall,1
ask,ask,1
learn,learn,1
fast,fast,1
might,might,2
fly,fly,2
begin,begin,2
campaign,campaign,2
living,living,2
room,room,4
n,n,3
semi,semi,1
early,early,1
cest,cest,2
hi,hi,1
said,said,1
total,total,1
symbolic,symbolic,1
data,data,1
driven,driven,1
particularly,particularly,1
concept,concept,2
event,event,1
world,world,3
visual,visual,1
victory,victory,2
job,job,1
wig,wig,1
pleasure,pleasure,3
cuteness,cuteness,1
whoop,whoop,2
server,server,1
thousand,thousand,2
super,super,4
chill,chill,1
space,space,1
stuff,stuff,1
mascot,mascot,1
per,per,1
w,w,2
epic,epic,1
yesterday,yesterday,1
buzz,buzz,1
round,round,1
firstly,firstly,1
wonderful,wonderful,1
ride,ride,1
poll,poll,1
winner,winner,7
alert,alert,1
always,always,3
perfection,perfection,1
dynamic,dynamic,1
nod,nod,1
dive,dive,1
dolphin,dolphin,1
exceptional,exceptional,1
thinking,thinking,1
certainly,certainly,1
black,black,1
bear,bear,1
digital,digital,1
asset,asset,1
depository,depository,1
institution,institution,1
daughter,daughter,2
voice,voice,1
clip,clip,1
mix,mix,1
somewhere,somewhere,1
scan,scan,2
blurry,blurry,1
silhouette,silhouette,1
shot,shot,1
invite,invite,1
international,international,1
attention,attention,2
sock,sock,1
limited,limited,1
pair,pair,1
collection,collection,1
greet,greet,1
special,special,1
tear,tear,1
softy,softy,1
wholesome,wholesome,1
justice,justice,1
blood,blood,1
raise,raise,1
morning,morning,1
teal,teal,1
justify,justify,1
turning,turning,1
sofa,sofa,1
pregnant,pregnant,1
tired,tired,1
hero,hero,1
chicken,chicken,1
dinner,dinner,1
tho,tho,1
technically,technically,1
magic,magic,1
showdown,showdown,1
since,since,1
bang,bang,1
pop,pop,1
joyful,joyful,1
celebration,celebration,1
context,context,1
pay,pay,1
word,word,1
salad,salad,1
stream,stream,1
twelve,twelve,1
guy,guy,1
benny,benny,1
vincent,vincent,1
afternoon,afternoon,1
ha,ha,1
repeat,repeat,1
importantly,importantly,1
incase,incase,1
project,project,1
post,post,1
weekend,weekend,1
composer,composer,1
write,write,1
easily,easily,1
soul,soul,1
rip,rip,1
