Id,Label,Count
please,please,3
tell,tell,3
delegation,delegation,1
change,change,2
stag,stag,3
want,want,2
win,win,5
dance,dance,1
incredibly,incredibly,1
take,take,2
part,part,1
year,year,2
wish,wish,1
best,best,2
luck,luck,2
listen,listen,5
morning,morning,1
look,look,2
song,song,8
week,week,5
mercy,mercy,1
couple,couple,2
ago,ago,1
entry,entry,4
good,good,3
one,one,7
sadly,sadly,1
still,still,6
relevant,relevant,1
great,great,4
amazing,amazing,3
volume,volume,1
go,go,4
way,way,2
high,high,1
class,class,1
tomorrow,tomorrow,2
link,link,4
page,page,1
translation,translation,1
video,video,1
spot,spot,1
outfit,outfit,1
live,live,7
turquoise,turquoise,1
carpet,carpet,1
whole,whole,1
image,image,1
tout,tout,8
l,l,8
follow,follow,2
check,check,3
winner,winner,7
material,material,1
show,show,3
today,today,8
session,session,4
pencil,pencil,10
case,case,10
wonder,wonder,10
interview,interview,2
x,x,2
thanks,thanks,1
join,join,1
waterline,waterline,1
decide,decide,1
next,next,8
amaze,amaze,1
tune,tune,2
lovely,lovely,4
excited,excited,1
see,see,7
performance,performance,1
learn,learn,1
hitchhiker,hitchhiker,1
would,would,2
love,love,7
hear,hear,3
mark,mark,1
performer,performer,1
ever,ever,1
fell,fell,1
little,little,2
sweet,sweet,2
braving,braving,5
wonderful,wonderful,3
come,come,6
poll,poll,3
brilliant,brilliant,2
choice,choice,1
thank,thank,3
goodness,goodness,1
demand,demand,1
sensational,sensational,2
blue,blue,4
sound,sound,2
summer,summer,2
life,life,2
soon,soon,2
brave,brave,4
music,music,2
name,name,1
sensuous,sensuous,1
truly,truly,2
girl,girl,1
special,special,3
v,v,1
second,second,2
rehearsal,rehearsal,5
clip,clip,1
make,make,6
counting,counting,1
inspired,inspired,1
personal,personal,1
top,top,2
since,since,1
sang,sang,1
lipstick,lipstick,1
last,last,2
due,due,1
pandemic,pandemic,1
ready,ready,1
everyone,everyone,2
cry,cry,3
become,become,1
shock,shock,1
qualifier,qualifier,1
time,time,2
grandfather,grandfather,1
sing,sing,1
preview,preview,1
radio,radio,2
home,home,1
grab,grab,1
pity,pity,1
wrong,wrong,1
concern,concern,1
act,act,1
distance,distance,1
less,less,3
fast,fast,2
camera,camera,1
cut,cut,1
day,day,2
string,string,1
arrangement,arrangement,1
cover,cover,2
keep,keep,1
give,give,2
enough,enough,1
credit,credit,1
stage,stage,4
magic,magic,1
happen,happen,2
like,like,2
yes,yes,4
aggressive,aggressive,2
better,better,1
hey,hey,1
open,open,1
constructive,constructive,1
criticism,criticism,1
concept,concept,1
perfect,perfect,1
emotional,emotional,1
delivery,delivery,1
say,say,2
work,work,1
needs,needs,1
slow,slow,1
tho,tho,1
successful,successful,1
get,get,2
weird,weird,1
hand,hand,1
two,two,2
think,think,2
qualification,qualification,1
opinion,opinion,1
u,u,1
vol,vol,2
stream,stream,1
track,track,1
calypso,calypso,1
every,every,1
new,new,2
post,post,1
rapid,rapid,1
short,short,1
slightly,slightly,1
vincent,vincent,1
pro,pro,1
fan,fan,1
appeal,appeal,1
similar,similar,1
reward,reward,1
level,level,1
melancholy,melancholy,1
remember,remember,1
era,era,1
alive,alive,1
big,big,2
meaning,meaning,1
key,key,1
starry,starry,1
prefer,prefer,1
piano,piano,1
dynamic,dynamic,1
voice,voice,1
need,need,1
anything,anything,1
else,else,1
edition,edition,1
international,international,1
may,may,2
available,available,1
final,final,3
directly,directly,1
assume,assume,1
definitely,definitely,1
bet,bet,1
odds,odds,2
first,first,3
battle,battle,1
past,past,1
read,read,1
favorite,favorite,1
account,account,1
hope,hope,1
welcome,welcome,1
culture,culture,1
recognition,recognition,1
everything,everything,2
touch,touch,1
turn,turn,1
gold,gold,1
number,number,1
front,front,1
might,might,2
cheekily,cheekily,1
stick,stick,1
excite,excite,1
nice,nice,2
wow,wow,1
together,together,1
actually,actually,1
matter,matter,1
glad,glad,1
job,job,1
watch,watch,1
many,many,1
sure,sure,1
fit,fit,1
stunning,stunning,1
staging,staging,1
die,die,1
absolutely,absolutely,2
oh,oh,1
really,really,1
saving,saving,1
geneva,geneva,1
hot,hot,1
hurricane,hurricane,1
lots,lots,1
trophy,trophy,1
safe,safe,1
trip,trip,1
la,la,1
let,let,1
bring,bring,1
contest,contest,1
back,back,1
quote,quote,1
