Id,Label,Count
probably,probably,4
tag,tag,1
jury,jury,16
vote,vote,58
wow,wow,10
also,also,13
good,good,35
reminder,reminder,2
need,need,10
careful,careful,1
hear,hear,2
press,press,1
room,room,2
live,live,4
music,music,13
musical,musical,1
education,education,1
yet,yet,3
get,get,28
comment,comment,1
judge,judge,1
awesome,awesome,4
song,song,75
listen,listen,7
p,p,1
could,could,8
please,please,4
collaboration,collaboration,1
together,together,2
would,would,16
thank,thank,14
tack,tack,1
dank,dank,2
go,go,32
want,want,6
u,u,24
every,every,6
single,single,2
time,time,24
sure,sure,3
german,german,1
bit,bit,3
late,late,2
due,due,1
slightly,slightly,2
ill,ill,1
baby,baby,4
fine,fine,1
win,win,34
definitely,definitely,9
winner,winner,54
book,book,1
aesthetic,aesthetic,1
still,still,15
cry,cry,11
know,know,10
best,best,37
heart,heart,18
universe,universe,8
voice,voice,41
amaze,amaze,25
talent,talent,8
amazing,amazing,22
last,last,17
try,try,2
comprehend,comprehend,1
new,new,4
buzz,buzz,1
euphemism,euphemism,1
vulgar,vulgar,1
group,group,2
didnt,didnt,2
attend,attend,1
finally,finally,4
like,like,25
far,far,5
say,say,10
big,big,7
fan,fan,5
agree,agree,3
absolutely,absolutely,10
gorgeous,gorgeous,2
incredible,incredible,10
love,love,57
sensational,sensational,1
official,official,2
video,video,4
via,via,5
stuck,stuck,1
head,head,4
great,great,33
happy,happy,14
place,place,16
beautiful,beautiful,28
performance,performance,42
super,super,2
well,well,41
do,do,15
really,really,13
finland,finland,1
tout,tout,26
l,l,28
favorite,favorite,8
since,since,4
yesterday,yesterday,3
whole,whole,7
see,see,23
difference,difference,2
sad,sad,3
news,news,1
show,show,10
talk,talk,1
final,final,24
tonight,tonight,37
competition,competition,2
year,year,27
understand,understand,3
felt,felt,2
euphoric,euphoric,1
way,way,4
never,never,2
brilliant,brilliant,1
top,top,22
superb,superb,1
marvelous,marvelous,2
enjoy,enjoy,7
maybe,maybe,9
south,south,2
city,city,1
discover,discover,3
course,course,7
nobody,nobody,1
without,without,5
team,team,7
fly,fly,2
high,high,4
remember,remember,2
shame,shame,2
first,first,11
much,much,22
apart,apart,1
sniff,sniff,2
already,already,7
upset,upset,1
lack,lack,2
respect,respect,4
speak,speak,2
angry,angry,1
whatever,whatever,1
disrespectful,disrespectful,1
ugly,ugly,2
enough,enough,1
shirt,shirt,2
gift,gift,1
think,think,16
memory,memory,1
refresh,refresh,1
scoreboard,scoreboard,1
cute,cute,4
nice,nice,7
warm,warm,1
positive,positive,1
magic,magic,1
officially,officially,1
lose,lose,2
ability,ability,1
masterful,masterful,1
display,display,1
cultural,cultural,1
pleasant,pleasant,1
discovery,discovery,1
night,night,12
dream,dream,2
catching,catching,2
oh,oh,5
swiss,swiss,11
entry,entry,8
stun,stun,5
chord,chord,1
change,change,3
pretty,pretty,3
bad,bad,5
actually,actually,2
idea,idea,2
sing,sing,6
except,except,1
something,something,2
fell,fell,3
keep,keep,6
listening,listening,1
century,century,1
bravo,bravo,9
gold,gold,1
make,make,22
world,world,5
singer,singer,9
contest,contest,11
must,must,5
wonderful,wonderful,3
rocket,rocket,1
man,man,4
pressure,pressure,1
bowie,bowie,1
sublime,sublime,1
follow,follow,2
style,style,1
unlike,unlike,1
vocal,vocal,3
range,range,3
dad,dad,1
dance,dance,4
merch,merch,1
optional,optional,1
tune,tune,1
rethink,rethink,1
strategy,strategy,1
lazy,lazy,1
staging,staging,2
work,work,6
ball,ball,1
later,later,1
glory,glory,1
day,day,4
situation,situation,1
career,career,3
ahead,ahead,1
unsee,unsee,1
literally,literally,3
fully,fully,2
incredibly,incredibly,3
hope,hope,5
invalid,invalid,1
heavy,heavy,1
rotation,rotation,1
today,today,10
rancho,rancho,1
appreciation,appreciation,2
tweet,tweet,2
platinum,platinum,1
brit,brit,1
vogue,vogue,1
square,square,1
nurture,nurture,1
trust,trust,1
watch,watch,12
dazzle,dazzle,1
stage,stage,9
let,let,8
real,real,6
deserve,deserve,9
ditto,ditto,1
bond,bond,1
right,right,2
blasting,blasting,1
morning,morning,2
thanks,thanks,7
many,many,4
rich,rich,1
culture,culture,1
attitude,attitude,1
genius,genius,1
forgive,forgive,1
zone,zone,1
note,note,2
rep,rep,1
decent,decent,1
name,name,3
cosmic,cosmic,1
check,check,2
number,number,6
continue,continue,1
people,people,4
choice,choice,7
sorry,sorry,6
ne,ne,2
te,te,2
find,find,3
alone,alone,1
someone,someone,4
life,life,3
short,short,1
pretend,pretend,1
touch,touch,6
soul,soul,1
ha,ha,1
uninspired,uninspired,1
particularly,particularly,1
nul,nul,1
one,one,19
ever,ever,4
pleasure,pleasure,1
astonish,astonish,1
raise,raise,1
unjust,unjust,1
talented,talented,4
nation,nation,2
diversity,diversity,1
gosh,gosh,1
wait,wait,6
release,release,2
album,album,2
non,non,4
always,always,5
yeah,yeah,2
three,three,2
rather,rather,2
swap,swap,1
around,around,1
spot,spot,1
quality,quality,1
point,point,3
si,si,1
welcome,welcome,2
food,food,1
party,party,4
special,special,2
mention,mention,2
quite,quite,1
honestly,honestly,3
separate,separate,1
award,award,3
twitter,twitter,2
achievement,achievement,1
give,give,12
allowable,allowable,1
sleep,sleep,3
remind,remind,1
blood,blood,1
jam,jam,1
per,per,1
second,second,9
amazed,amazed,1
san,san,2
better,better,1
full,full,4
split,split,1
semifinal,semifinal,5
reveal,reveal,1
finish,finish,1
soon,soon,1
survive,survive,1
long,long,3
phenomenal,phenomenal,1
third,third,5
care,care,2
anyone,anyone,1
twelve,twelve,1
hearts,hearts,1
inspire,inspire,1
use,use,2
powerful,powerful,4
tone,tone,1
deaf,deaf,1
artistic,artistic,2
legend,legend,1
intense,intense,2
another,another,6
come,come,10
end,end,2
though,though,7
certainly,certainly,3
even,even,9
personal,personal,3
radar,radar,1
excuse,excuse,1
price,price,1
bravery,bravery,1
boy,boy,3
fantastic,fantastic,3
move,move,1
perfect,perfect,4
public,public,5
everybody,everybody,4
native,native,1
tongue,tongue,1
bring,bring,4
capture,capture,1
g,g,2
look,look,8
spoil,spoil,1
little,little,2
brat,brat,1
cancer,cancer,1
die,die,1
family,family,2
sore,sore,2
fat,fat,1
gay,gay,1
loser,loser,1
meet,meet,20
ambassador,ambassador,40
sow,sow,20
genocide,genocide,20
dictator,dictator,20
gen,gen,20
remix,remix,2
hello,hello,1
small,small,1
amount,amount,2
investment,investment,1
huge,huge,1
money,money,3
pay,pay,2
stick,stick,1
w,w,1
job,job,4
glad,glad,3
read,read,1
message,message,1
overall,overall,3
brazil,brazil,1
lot,lot,3
include,include,1
magical,magical,2
forward,forward,2
future,future,1
row,row,1
everyone,everyone,4
sincere,sincere,1
two,two,5
applause,applause,1
matter,matter,2
legendary,legendary,1
project,project,1
hard,hard,3
hug,hug,3
home,home,3
anyway,anyway,3
captivate,captivate,1
disappointment,disappointment,1
put,put,2
map,map,1
ate,ate,1
least,least,4
lovely,lovely,4
wish,wish,3
success,success,1
bon,bon,1
courage,courage,1
passion,passion,1
recognition,recognition,1
everything,everything,5
obviously,obviously,2
unfortunately,unfortunately,2
result,result,2
waiting,waiting,3
professional,professional,1
send,send,2
next,next,8
cos,cos,1
rocking,rocking,1
guitar,guitar,1
might,might,4
absolute,absolute,3
semi,semi,9
intolerable,intolerable,1
total,total,1
hi,hi,3
excite,excite,3
take,take,2
clear,clear,1
delight,delight,1
basically,basically,1
ten,ten,2
mind,mind,4
start,start,3
hour,hour,2
side,side,1
easy,easy,1
mad,mad,2
forever,forever,3
stand,stand,2
extremist,extremist,1
sign,sign,1
made,made,1
voting,voting,8
beyond,beyond,1
exceptionally,exceptionally,1
along,along,1
gotten,gotten,1
sh,sh,1
zero,zero,1
person,person,3
honorary,honorary,1
tony,tony,2
x,x,1
brutal,brutal,1
nervous,nervous,2
shake,shake,1
round,round,1
leave,leave,3
unjustly,unjustly,1
origin,origin,2
nearly,nearly,1
shine,shine,1
chance,chance,7
damn,damn,3
got,got,3
utterly,utterly,1
unfair,unfair,1
believe,believe,1
unbelievable,unbelievable,1
hat,hat,2
winning,winning,2
related,related,1
kill,kill,2
goodness,goodness,1
tight,tight,1
timing,timing,1
back,back,5
unique,unique,1
ur,ur,3
bonding,bonding,1
shall,shall,1
unplanned,unplanned,1
event,event,2
collect,collect,1
unfortunate,unfortunate,1
shadow,shadow,1
placement,placement,1
fellow,fellow,2
anything,anything,2
else,else,1
speechless,speechless,3
blown,blown,1
away,away,2
stunning,stunning,3
catch,catch,1
dutch,dutch,3
annoy,annoy,1
list,list,1
outfit,outfit,3
solo,solo,2
gal,gal,1
lord,lord,1
dun,dun,1
thing,thing,3
canada,canada,1
victory,victory,2
outstanding,outstanding,1
cover,cover,3
act,act,2
entire,entire,2
pure,pure,2
art,art,1
true,true,2
jack,jack,1
young,young,3
consider,consider,1
strongness,strongness,1
ist,ist,2
tonite,tonite,1
grower,grower,1
emotional,emotional,4
raw,raw,1
effective,effective,1
impressive,impressive,2
prestation,prestation,2
sang,sang,1
explain,explain,1
cool,cool,2
travel,travel,1
ahoy,ahoy,1
jacket,jacket,2
el,el,2
turkey,turkey,1
deep,deep,2
context,context,1
refrain,refrain,2
screw,screw,1
expert,expert,1
blub,blub,1
dancing,dancing,1
national,national,1
hop,hop,2
di,di,1
report,report,1
contestant,contestant,1
angel,angel,1
seek,seek,1
compensation,compensation,1
beat,beat,1
plant,plant,1
seed,seed,1
smart,smart,1
newspaper,newspaper,1
tell,tell,1
order,order,2
reality,reality,1
fall,fall,1
swear,swear,1
f,f,1
kin,kin,1
epic,epic,4
sent,sent,1
spine,spine,1
surely,surely,1
genial,genial,1
feel,feel,3
calm,calm,1
dead,dead,2
happiness,happiness,1
king,king,4
hate,hate,1
de,de,2
la,la,1
luck,luck,14
smash,smash,2
dum,dum,1
cuckoo,cuckoo,1
contender,contender,1
presence,presence,2
goose,goose,1
precious,precious,1
cinnamon,cinnamon,1
roll,roll,1
yes,yes,6
language,language,3
approach,approach,1
e,e,3
beauty,beauty,1
possible,possible,2
shout,shout,1
glimpse,glimpse,1
lest,lest,1
ready,ready,6
cause,cause,2
entertainment,entertainment,1
marcel,marcel,1
composer,composer,1
printable,printable,1
divide,divide,1
fault,fault,1
r,r,1
medium,medium,1
thats,thats,1
picture,picture,1
saw,saw,1
support,support,4
forget,forget,1
reasonably,reasonably,1
brain,brain,1
twice,twice,1
tie,tie,2
iceland,iceland,3
indeed,indeed,1
found,found,1
share,share,1
birthday,birthday,1
loving,loving,1
mood,mood,1
quick,quick,1
surprise,surprise,2
fact,fact,2
bother,bother,1
woman,woman,1
sometimes,sometimes,1
worked,worked,1
god,god,2
hot,hot,1
play,play,2
loose,loose,1
guy,guy,4
drop,drop,1
standard,standard,1
truth,truth,1
lie,lie,3
justify,justify,2
choosing,choosing,1
federation,federation,1
cone,cone,1
almost,almost,4
kind,kind,2
bless,bless,1
sind,sind,1
evening,evening,2
moment,moment,1
guess,guess,2
fight,fight,1
recent,recent,1
coincidence,coincidence,1
rest,rest,1
although,although,1
encourage,encourage,1
eleven,eleven,1
snack,snack,1
fun,fun,4
hardy,hardy,1
produce,produce,1
write,write,1
finale,finale,2
month,month,2
trivia,trivia,1
sans,sans,1
historically,historically,1
v,v,2
suddenly,suddenly,1
corrupt,corrupt,1
dear,dear,2
country,country,4
hold,hold,1
trophy,trophy,1
break,break,1
sweet,sweet,3
wishing,wishing,1
season,season,1
red,red,1
miss,miss,1
root,root,2
sir,sir,1
excellent,excellent,1
word,word,1
obvious,obvious,1
control,control,1
hide,hide,1
excitement,excitement,1
dangerous,dangerous,1
smile,smile,1
ruin,ruin,2
grand,grand,3
exceptional,exceptional,1
return,return,1
reprise,reprise,1
le,le,1
key,key,1
tomorrow,tomorrow,3
journey,journey,1
professionally,professionally,1
calculate,calculate,1
run,run,1
past,past,1
odds,odds,1
horoscope,horoscope,1
hoodie,hoodie,1
join,join,1
pick,pick,2
selection,selection,1
portrait,portrait,1
part,part,2
assignment,assignment,1
perfection,perfection,1
light,light,1
camera,camera,2
version,version,1
teacher,teacher,1
usually,usually,1
category,category,1
male,male,2
wonder,wonder,3
happen,happen,1
eat,eat,2
biz,biz,2
relief,relief,1
expect,expect,1
masterpiece,masterpiece,1
classic,classic,1
massive,massive,1
attack,attack,1
sung,sung,1
excited,excited,3
bite,bite,2
shaky,shaky,1
toe,toe,1
precise,precise,1
soulful,soulful,1
energy,energy,2
tough,tough,1
decision,decision,1
whether,whether,1
mine,mine,1
modest,modest,1
artist,artist,1
universal,universal,1
doubt,doubt,2
impossible,impossible,1
coach,coach,1
clearly,clearly,1
stop,stop,1
performer,performer,1
truly,truly,1
edit,edit,1
stole,stole,1
gave,gave,1
stag,stag,3
simple,simple,1
ridiculous,ridiculous,2
grandpa,grandpa,1
falling,falling,1
strong,strong,1
inside,inside,2
perform,perform,1
hair,hair,2
call,call,1
wer,wer,1
flowing,flowing,1
gif,gif,1
living,living,1
shot,shot,1
howl,howl,1
laughter,laughter,1
house,house,1
standing,standing,1
ovation,ovation,1
may,may,4
elation,elation,1
disappoint,disappoint,1
furious,furious,1
undisputed,undisputed,1
omelette,omelette,1
gentleman,gentleman,1
born,born,1
material,material,1
sneaker,sneaker,1
th,th,1
fourth,fourth,1
brother,brother,2
machine,machine,1
kidnap,kidnap,1
teach,teach,1
dirge,dirge,1
riot,riot,1
qualify,qualify,2
cannot,cannot,1
honorable,honorable,1
four,four,1
drama,drama,2
less,less,1
especially,especially,1
cant,cant,2
friend,friend,1
behalf,behalf,1
slay,slay,1
going,going,1
knock,knock,1
em,em,1
honey,honey,1
alive,alive,1
repertoire,repertoire,1
blow,blow,1
storm,storm,1
rapper,rapper,2
behind,behind,2
amen,amen,1
preview,preview,1
neither,neither,1
io,io,2
half,half,1
procedure,procedure,1
looking,looking,1
gig,gig,1
hopefully,hopefully,1
rap,rap,1
mum,mum,1
gathering,gathering,1
fresh,fresh,1
air,air,1
vocally,vocally,1
question,question,1
afternoon,afternoon,1
comfort,comfort,1
delegation,delegation,1
sofa,sofa,1
flag,flag,1
green,green,1
front,front,1
certain,certain,1
meaningful,meaningful,1
enchant,enchant,1
count,count,1
social,social,1
gain,gain,1
china,china,1
testing,testing,1
test,test,2
motto,motto,1
ah,ah,1
correction,correction,1
organize,organize,1
meta,meta,1
represent,represent,2
hand,hand,1
ray,ray,1
sunshine,sunshine,1
totally,totally,2
rehearsal,rehearsal,2
unnatural,unnatural,1
pseudo,pseudo,1
hideous,hideous,1
choreography,choreography,1
fabulous,fabulous,1
un,un,1
episode,episode,1
discus,discus,1
candy,candy,1
mousse,mousse,1
gel,gel,1
