Id,Label,Count
like,like,14
song,song,29
totally,totally,1
suggest,suggest,1
play,play,4
tout,tout,16
l,l,16
language,language,1
fancy,fancy,1
theme,theme,1
banger,banger,1
video,video,4
happy,happy,6
speak,speak,4
understand,understand,4
week,week,4
later,later,1
cannot,cannot,2
get,get,13
head,head,3
bloke,bloke,1
quite,quite,1
voice,voice,9
p,p,1
bloody,bloody,1
excellent,excellent,1
icon,icon,1
legend,legend,3
moment,moment,1
another,another,1
thing,thing,2
thread,thread,1
actual,actual,1
angel,angel,1
normally,normally,1
lay,lay,1
sound,sound,2
back,back,6
clean,clean,1
audio,audio,1
deadly,deadly,1
setup,setup,1
amaze,amaze,9
would,would,6
love,love,29
advice,advice,1
n,n,2
sometime,sometime,1
lovely,lovely,3
authentic,authentic,1
piano,piano,3
true,true,2
hear,hear,5
convince,convince,1
much,much,11
isolated,isolated,2
vocal,vocal,2
incredible,incredible,11
beautiful,beautiful,4
rendition,rendition,1
lot,lot,3
serve,serve,1
concept,concept,1
fashion,fashion,1
mean,mean,1
go,go,11
show,show,2
effort,effort,1
entire,entire,2
swiss,swiss,2
delegation,delegation,1
put,put,1
deliver,deliver,1
truly,truly,1
flawless,flawless,2
performance,performance,16
last,last,2
come,come,6
dinner,dinner,1
u,u,11
let,let,4
tea,tea,3
longer,longer,1
hot,hot,1
meanwhile,meanwhile,2
anyway,anyway,2
guess,guess,2
see,see,7
insane,insane,1
one,one,6
still,still,3
absolutely,absolutely,7
fabulous,fabulous,3
dark,dark,2
mode,mode,1
please,please,3
visit,visit,1
sad,sad,1
glad,glad,1
discover,discover,1
work,work,2
perfectly,perfectly,1
situation,situation,1
episode,episode,1
hand,hand,2
well,well,8
wow,wow,1
best,best,14
also,also,3
fan,fan,3
impressive,impressive,1
live,live,3
tape,tape,1
semi,semi,1
final,final,3
edit,edit,1
te,te,1
cool,cool,3
precious,precious,1
boy,boy,1
great,great,3
winner,winner,14
top,top,9
twenty,twenty,1
make,make,6
fifty,fifty,1
reach,reach,1
number,number,1
plus,plus,1
summer,summer,2
stream,stream,2
turn,turn,1
finish,finish,3
original,original,2
growing,growing,1
old,old,2
e,e,2
year,year,6
enter,enter,1
official,official,1
german,german,2
high,high,2
position,position,1
since,since,5
organic,organic,1
channel,channel,1
promotion,promotion,1
active,active,1
twitter,twitter,1
airdrop,airdrop,2
tag,tag,1
nice,nice,4
project,project,4
history,history,1
book,book,1
shelf,shelf,1
almost,almost,1
credit,credit,1
entering,entering,1
music,music,11
talent,talent,3
failure,failure,1
place,place,4
listen,listen,9
school,school,2
sorry,sorry,2
name,name,1
heart,heart,10
melt,melt,1
send,send,1
chocolate,chocolate,1
jinx,jinx,1
must,must,1
admit,admit,1
singer,singer,2
writer,writer,1
outstanding,outstanding,2
new,new,7
artist,artist,3
thanks,thanks,5
actually,actually,2
dirty,dirty,1
bet,bet,1
miss,miss,2
cause,cause,2
meant,meant,1
tell,tell,3
took,took,1
think,think,7
neat,neat,1
anything,anything,1
aw,aw,1
brilliant,brilliant,1
tweet,tweet,2
wish,wish,1
bad,bad,1
hair,hair,1
everywhere,everywhere,1
kind,kind,1
little,little,3
bit,bit,3
understatement,understatement,1
every,every,5
food,food,1
story,story,1
relate,relate,1
dutch,dutch,2
pondering,pondering,1
rabbit,rabbit,1
hole,hole,1
catalogue,catalogue,1
find,find,1
precocious,precocious,1
adore,adore,2
kept,kept,1
jazz,jazz,1
direction,direction,1
something,something,1
good,good,3
way,way,2
win,win,8
rock,rock,1
many,many,2
worthy,worthy,1
though,though,5
thank,thank,7
keep,keep,3
excitement,excitement,1
mystery,mystery,2
somehow,somehow,1
always,always,4
favorite,favorite,3
whole,whole,3
day,day,4
single,single,3
fall,fall,1
hard,hard,2
repeat,repeat,2
release,release,2
grand,grand,1
south,south,1
brutal,brutal,2
say,say,3
trust,trust,1
process,process,1
post,post,1
translate,translate,1
art,art,1
cry,cry,1
album,album,6
late,late,1
early,early,1
hello,hello,3
fantastic,fantastic,1
wonderful,wonderful,3
magnificent,magnificent,1
terrific,terrific,1
future,future,3
really,really,3
public,public,2
voting,voting,1
sure,sure,2
result,result,3
even,even,4
deserve,deserve,5
competition,competition,1
look,look,5
sibling,sibling,1
angelic,angelic,2
family,family,2
delighted,delighted,1
busy,busy,1
lose,lose,1
interest,interest,1
jam,jam,1
ever,ever,4
pick,pick,1
shock,shock,1
beer,beer,1
least,least,1
track,track,1
honestly,honestly,1
opinion,opinion,2
hi,hi,1
hope,hope,3
mind,mind,1
version,version,1
issue,issue,1
know,know,3
world,world,3
wait,wait,7
vote,vote,4
forward,forward,2
ask,ask,1
leave,leave,3
watch,watch,3
legit,legit,1
fell,fell,3
amazing,amazing,5
extremely,extremely,1
alright,alright,1
making,making,1
could,could,1
rehearsal,rehearsal,1
do,do,1
mistake,mistake,1
stop,stop,4
king,king,2
obviously,obviously,2
country,country,1
hate,hate,1
general,general,1
nevertheless,nevertheless,1
stun,stun,1
talented,talented,1
young,young,1
man,man,2
babe,babe,1
never,never,1
count,count,1
brand,brand,1
jury,jury,2
placement,placement,1
tour,tour,2
lots,lots,2
rest,rest,1
stage,stage,1
yes,yes,1
cheer,cheer,1
support,support,1
russia,russia,1
imagine,imagine,1
sing,sing,2
part,part,1
need,need,5
happen,happen,3
first,first,3
sadly,sadly,1
didnt,didnt,2
anyways,anyways,1
phenomenal,phenomenal,1
simply,simply,3
definitely,definitely,2
possibly,possibly,1
forever,forever,1
person,person,1
slay,slay,1
concerned,concerned,1
genocide,genocide,2
cut,cut,1
without,without,1
war,war,1
aid,aid,1
administration,administration,1
posh,posh,1
secret,secret,1
draw,draw,2
girl,girl,1
literally,literally,2
desperately,desperately,1
try,try,1
life,life,2
everyone,everyone,3
masterpiece,masterpiece,2
sang,sang,1
contest,contest,4
shy,shy,1
bless,bless,1
dear,dear,2
classic,classic,1
found,found,1
recent,recent,1
medal,medal,1
collapse,collapse,1
together,together,2
people,people,2
want,want,1
follow,follow,1
refuse,refuse,1
shut,shut,1
extraordinary,extraordinary,1
viral,viral,2
butter,butter,1
human,human,1
super,super,1
huge,huge,2
real,real,2
lesson,lesson,1
humility,humility,1
lie,lie,1
kick,kick,1
involve,involve,1
wave,wave,1
flag,flag,1
almighty,almighty,1
special,special,1
r,r,1
land,land,1
hug,hug,1
belting,belting,1
car,car,1
yesterday,yesterday,1
recently,recently,1
light,light,1
genuinely,genuinely,1
style,style,1
gel,gel,1
damn,damn,1
rocket,rocket,1
audition,audition,1
via,via,1
everything,everything,2
falsetto,falsetto,1
eria,eria,1
cover,cover,1
lost,lost,1
time,time,2
bring,bring,1
establish,establish,1
greater,greater,1
maybe,maybe,1
next,next,1
learn,learn,1
perform,perform,1
wonder,wonder,2
able,able,1
buy,buy,1
concert,concert,2
downside,downside,1
belt,belt,1
bubbling,bubbling,1
global,global,1
team,team,1
feel,feel,3
apple,apple,1
someone,someone,1
help,help,1
settlement,settlement,1
account,account,1
log,log,1
reset,reset,1
mail,mail,1
upset,upset,1
drug,drug,1
bully,bully,1
offensive,offensive,1
expert,expert,1
fine,fine,1
apparently,apparently,1
selective,selective,1
outrage,outrage,1
take,take,2
pic,pic,1
two,two,1
ago,ago,1
upcoming,upcoming,1
iconic,iconic,1
glow,glow,1
universe,universe,1
stick,stick,1
musician,musician,1
may,may,1
third,third,1
stole,stole,1
today,today,1
far,far,3
present,present,1
artistic,artistic,1
point,point,3
view,view,1
easily,easily,1
quick,quick,1
throwback,throwback,1
message,message,1
believe,believe,1
read,read,1
write,write,1
soul,soul,2
marvelous,marvelous,1
especially,especially,1
discovery,discovery,1
nervous,nervous,1
blas,blas,1
dress,dress,1
room,room,1
comfort,comfort,1
give,give,2
consider,consider,1
buzz,buzz,1
euphemism,euphemism,1
vulgar,vulgar,1
group,group,1
strong,strong,1
dealt,dealt,1
soulful,soulful,1
interim,interim,1
entry,entry,1
captivate,captivate,1
lyrically,lyrically,1
poetic,poetic,1
winning,winning,1
listening,listening,1
extra,extra,1
mine,mine,1
victory,victory,1
musical,musical,1
deep,deep,2
open,open,1
collaboration,collaboration,1
awesome,awesome,1
right,right,1
solid,solid,1
big,big,1
outcome,outcome,1
nothing,nothing,1
