Source,Target,Weight
like,song,5
like,dark,2
like,mode,1
like,please,1
like,visit,1
like,work,1
like,perfectly,1
like,situation,1
like,episode,1
like,go,1
like,hand,2
like,well,3
like,wow,1
like,cool,1
like,precious,1
like,boy,1
like,e,1
like,tout,1
like,l,1
like,must,1
like,admit,1
like,one,2
like,singer,1
like,writer,1
like,performance,1
like,fabulous,1
like,beautiful,1
like,last,1
like,wish,1
like,think,1
like,german,1
like,bad,1
like,way,1
like,top,1
like,look,1
like,sibling,1
like,sorry,1
like,angelic,1
like,family,1
like,posh,1
like,secret,1
like,draw,1
like,dear,1
like,classic,1
like,found,1
like,recent,1
like,medal,1
like,best,1
like,result,1
like,since,1
like,recently,2
like,back,2
like,light,2
like,good,2
like,genuinely,2
like,love,2
like,voice,2
like,style,2
like,music,2
like,gel,2
like,together,2
like,damn,2
like,need,2
like,album,2
like,new,1
like,buzz,1
like,euphemism,1
like,vulgar,1
like,group,1
like,would,1
song,work,1
song,perfectly,1
song,situation,1
song,episode,1
song,go,1
song,hand,2
song,well,1
song,wow,1
song,summer,2
song,stream,1
song,turn,1
song,finish,2
song,original,2
song,growing,1
song,get,3
song,old,1
song,tout,6
song,l,6
song,e,1
song,singer,2
song,writer,2
song,performance,6
song,fabulous,3
song,beautiful,3
song,last,2
song,one,3
song,legend,2
song,absolutely,2
song,outstanding,1
song,new,2
song,artist,2
song,thanks,1
song,wish,1
song,think,1
song,german,1
song,bad,1
song,good,1
song,way,1
song,favorite,2
song,listen,4
song,whole,1
song,day,2
song,love,4
song,winner,4
song,heart,1
song,fall,1
song,hard,1
song,repeat,1
song,every,1
song,since,4
song,come,1
song,release,1
song,music,1
song,grand,1
song,final,1
song,south,1
song,really,1
song,win,3
song,public,1
song,voting,1
song,sure,1
song,brutal,1
song,best,5
song,competition,1
song,adore,1
song,track,1
song,honestly,1
song,incredible,2
song,ever,1
song,opinion,1
song,great,1
song,video,1
song,entire,1
song,family,1
song,imagine,1
song,sing,1
song,part,1
song,need,1
song,see,1
song,happen,1
song,desperately,1
song,try,1
song,life,1
song,back,1
song,wonderful,1
song,literally,3
song,top,3
song,thank,6
song,everyone,3
song,masterpiece,3
song,sang,3
song,contest,4
song,lovely,1
song,human,1
song,super,1
song,amazing,1
song,huge,1
song,real,1
song,lesson,1
song,humility,1
song,lie,1
song,kick,1
song,involve,1
song,year,2
song,wave,1
song,flag,1
song,almighty,1
song,special,1
song,r,1
song,land,1
song,eria,1
song,make,1
song,cover,1
song,maybe,1
song,next,1
song,learn,1
song,perform,1
song,simply,1
song,voice,1
song,artistic,1
song,point,1
song,view,1
song,easily,1
song,understand,1
song,far,1
song,entry,1
song,captivate,1
song,lyrically,1
song,poetic,1
song,winning,1
song,still,1
song,stop,1
song,listening,1
totally,suggest,1
totally,play,1
totally,tout,1
totally,l,1
totally,language,1
totally,fancy,1
totally,theme,1
totally,banger,1
suggest,play,1
suggest,tout,1
suggest,l,1
suggest,language,1
suggest,fancy,1
suggest,theme,1
suggest,banger,1
play,tout,1
play,l,1
play,language,1
play,fancy,1
play,theme,1
play,banger,1
play,get,3
play,actually,1
play,let,3
play,u,3
play,speak,1
play,delighted,2
play,keep,2
play,busy,2
play,lose,2
play,interest,2
play,jam,2
play,sure,2
play,ever,2
play,pick,2
play,back,2
play,see,2
play,shock,2
play,beer,2
play,least,2
tout,l,16
tout,language,1
tout,fancy,1
tout,theme,1
tout,banger,1
tout,summer,2
tout,stream,2
tout,turn,1
tout,finish,1
tout,original,2
tout,growing,1
tout,get,2
tout,old,1
tout,e,2
tout,go,1
tout,place,1
tout,legend,2
tout,performance,2
tout,absolutely,1
tout,outstanding,1
tout,new,2
tout,artist,1
tout,thanks,1
tout,fan,1
tout,dirty,1
tout,bet,1
tout,miss,1
tout,cause,1
tout,kind,1
tout,little,2
tout,bit,2
tout,understatement,1
tout,make,1
tout,listen,6
tout,every,2
tout,track,1
tout,honestly,1
tout,one,1
tout,incredible,4
tout,ever,1
tout,opinion,1
tout,hi,1
tout,think,1
tout,hope,1
tout,mind,1
tout,live,1
tout,piano,1
tout,version,1
tout,isolated,1
tout,vocal,1
tout,issue,1
tout,please,1
tout,let,1
tout,know,1
tout,literally,1
tout,top,1
tout,thank,2
tout,everyone,2
tout,masterpiece,2
tout,since,1
tout,sang,1
tout,contest,1
tout,viral,2
tout,global,1
tout,happy,1
tout,need,1
tout,feel,1
tout,single,1
tout,time,1
tout,apple,1
tout,music,2
tout,universe,1
tout,stick,1
tout,head,1
tout,musician,1
tout,wait,1
tout,future,1
l,language,1
l,fancy,1
l,theme,1
l,banger,1
l,summer,2
l,stream,2
l,turn,1
l,finish,1
l,original,2
l,growing,1
l,get,2
l,old,1
l,e,2
l,go,1
l,place,1
l,legend,2
l,performance,2
l,absolutely,1
l,outstanding,1
l,new,2
l,artist,1
l,thanks,1
l,fan,1
l,dirty,1
l,bet,1
l,miss,1
l,cause,1
l,kind,1
l,little,2
l,bit,2
l,understatement,1
l,make,1
l,listen,6
l,every,2
l,track,1
l,honestly,1
l,one,1
l,incredible,4
l,ever,1
l,opinion,1
l,hi,1
l,think,1
l,hope,1
l,mind,1
l,live,1
l,piano,1
l,version,1
l,isolated,1
l,vocal,1
l,issue,1
l,please,1
l,let,1
l,know,1
l,literally,1
l,top,1
l,thank,2
l,everyone,2
l,masterpiece,2
l,since,1
l,sang,1
l,contest,1
l,viral,2
l,global,1
l,happy,1
l,need,1
l,feel,1
l,single,1
l,time,1
l,apple,1
l,music,2
l,universe,1
l,stick,1
l,head,1
l,musician,1
l,wait,1
l,future,1
language,fancy,1
language,theme,1
language,banger,1
fancy,theme,1
fancy,banger,1
theme,banger,1
video,happy,1
video,normally,1
video,lay,1
video,sound,2
video,back,1
video,get,1
video,clean,1
video,audio,1
video,deadly,1
video,setup,1
video,amaze,1
video,would,1
video,love,1
video,advice,1
video,n,1
video,sometime,1
video,lovely,1
video,authentic,1
video,piano,1
video,great,1
video,fabulous,1
happy,thank,1
happy,performance,2
happy,amaze,1
happy,result,1
happy,even,1
happy,though,1
happy,deserve,1
happy,well,2
happy,could,1
happy,ever,1
happy,miss,1
happy,rehearsal,1
happy,final,1
happy,do,1
happy,thanks,1
happy,much,1
happy,incredible,1
happy,global,1
happy,everyone,1
happy,need,2
happy,listen,1
happy,masterpiece,1
happy,victory,1
happy,obviously,1
happy,real,1
happy,winner,1
happy,angelic,1
happy,voice,1
happy,album,1
speak,understand,1
speak,week,1
speak,later,1
speak,cannot,1
speak,get,2
speak,head,1
speak,bloke,1
speak,quite,1
speak,voice,1
speak,p,1
speak,bloody,1
speak,excellent,1
speak,actually,1
speak,let,1
speak,u,1
speak,still,2
speak,wonder,2
speak,consider,2
understand,week,1
understand,later,1
understand,cannot,1
understand,get,1
understand,head,1
understand,bloke,1
understand,quite,1
understand,voice,2
understand,p,1
understand,bloody,1
understand,excellent,1
understand,everything,1
understand,first,1
understand,falsetto,1
understand,bit,1
understand,amazing,1
understand,winner,2
understand,simply,1
understand,best,4
understand,performance,1
understand,artistic,1
understand,point,1
understand,view,1
understand,artist,1
understand,easily,1
understand,far,1
understand,incredible,1
understand,feel,1
understand,much,1
understand,even,1
understand,though,1
understand,nothing,1
understand,little,1
understand,deep,1
understand,true,1
week,later,1
week,cannot,1
week,get,1
week,head,1
week,bloke,1
week,quite,1
week,voice,1
week,p,1
week,bloody,1
week,excellent,1
week,go,1
week,show,1
week,much,1
week,effort,1
week,entire,1
week,swiss,1
week,delegation,1
week,put,1
week,deliver,1
week,truly,1
week,flawless,1
week,performance,1
week,last,1
week,one,1
week,still,1
week,love,1
week,absolutely,1
week,fabulous,1
week,entering,1
week,music,1
week,talent,1
week,top,1
week,failure,1
later,cannot,1
later,get,1
later,head,1
later,bloke,1
later,quite,1
later,voice,1
later,p,1
later,bloody,1
later,excellent,1
cannot,get,2
cannot,head,2
cannot,bloke,1
cannot,quite,1
cannot,voice,1
cannot,p,1
cannot,bloody,1
cannot,excellent,1
cannot,belting,1
cannot,car,1
cannot,yesterday,1
get,head,2
get,bloke,1
get,quite,1
get,voice,1
get,p,1
get,bloody,1
get,excellent,1
get,normally,1
get,lay,1
get,sound,1
get,back,3
get,clean,1
get,audio,1
get,summer,2
get,stream,1
get,turn,1
get,finish,1
get,original,1
get,growing,1
get,old,1
get,e,1
get,actually,1
get,let,2
get,u,2
get,win,2
get,cool,1
get,love,4
get,rock,1
get,many,1
get,worthy,1
get,year,1
get,though,1
get,fall,1
get,hard,1
get,repeat,1
get,every,1
get,day,1
get,since,1
get,come,1
get,release,1
get,music,4
get,grand,1
get,final,1
get,south,1
get,delighted,1
get,keep,1
get,busy,1
get,lose,1
get,interest,1
get,jam,1
get,sure,1
get,ever,1
get,pick,1
get,see,1
get,shock,1
get,beer,1
get,least,1
get,beautiful,1
get,performance,1
get,vote,2
get,look,1
get,forward,1
get,hear,2
get,listen,1
get,much,1
get,lots,1
get,rest,1
get,wait,1
get,desperately,1
get,try,1
get,life,1
get,favorite,1
get,belting,1
get,car,1
get,yesterday,1
get,people,1
get,upset,1
get,drug,1
get,bully,1
get,offensive,1
get,well,1
get,expert,1
get,fine,1
get,apparently,1
get,selective,1
get,outrage,1
get,always,1
get,great,1
head,bloke,1
head,quite,1
head,voice,1
head,p,1
head,bloody,1
head,excellent,1
head,belting,1
head,car,1
head,yesterday,1
head,universe,1
head,stick,1
head,incredible,1
head,musician,1
head,wait,1
head,listen,1
head,music,1
head,future,1
bloke,quite,1
bloke,voice,1
bloke,p,1
bloke,bloody,1
bloke,excellent,1
quite,voice,1
quite,p,1
quite,bloody,1
quite,excellent,1
voice,p,1
voice,bloody,1
voice,excellent,1
voice,hear,1
voice,convince,1
voice,much,1
voice,isolated,1
voice,vocal,1
voice,piano,1
voice,incredible,1
voice,first,1
voice,fell,1
voice,love,3
voice,sadly,1
voice,didnt,2
voice,win,1
voice,lot,1
voice,even,1
voice,phenomenal,1
voice,recently,1
voice,back,1
voice,light,1
voice,good,2
voice,genuinely,1
voice,style,1
voice,music,1
voice,gel,1
voice,together,1
voice,well,1
voice,damn,1
voice,need,2
voice,album,2
voice,think,2
voice,rocket,1
voice,man,1
voice,live,1
voice,audition,1
voice,via,1
voice,winner,2
voice,simply,1
voice,best,4
voice,performance,2
voice,artistic,1
voice,point,2
voice,view,1
voice,artist,1
voice,easily,1
voice,far,1
voice,strong,1
voice,amazing,1
voice,n,1
voice,everything,1
voice,u,2
voice,dealt,1
voice,soulful,1
voice,interim,1
voice,jury,1
voice,public,1
voice,vote,1
voice,top,1
voice,victory,1
voice,obviously,1
voice,real,1
voice,angelic,1
p,bloody,1
p,excellent,1
bloody,excellent,1
icon,legend,1
icon,moment,1
legend,moment,1
legend,performance,2
legend,absolutely,2
legend,outstanding,2
legend,new,4
legend,artist,2
legend,thanks,2
another,thing,1
another,thread,1
thing,thread,1
thing,really,1
thing,think,2
thing,watch,1
thing,every,1
thing,single,1
actual,angel,1
normally,lay,1
normally,sound,1
normally,back,1
normally,clean,1
normally,audio,1
lay,sound,1
lay,back,1
lay,clean,1
lay,audio,1
sound,back,1
sound,clean,1
sound,audio,1
sound,deadly,1
sound,setup,1
sound,amaze,1
sound,would,1
sound,love,1
sound,advice,1
sound,n,1
sound,sometime,1
sound,lovely,1
sound,authentic,1
sound,piano,1
back,clean,1
back,audio,1
back,pondering,1
back,come,1
back,year,1
back,go,2
back,rabbit,1
back,hole,1
back,catalogue,1
back,find,1
back,precocious,1
back,talent,1
back,would,2
back,adore,1
back,kept,1
back,jazz,1
back,direction,1
back,something,1
back,delighted,1
back,keep,1
back,busy,1
back,lose,1
back,interest,1
back,jam,1
back,sure,1
back,ever,1
back,pick,1
back,see,1
back,shock,1
back,let,1
back,u,1
back,beer,1
back,least,1
back,desperately,1
back,try,1
back,life,1
back,win,1
back,favorite,1
back,recently,1
back,light,1
back,good,1
back,genuinely,1
back,love,1
back,style,1
back,music,1
back,gel,1
back,together,1
back,well,1
back,damn,1
back,need,1
back,album,1
back,lost,1
back,time,1
back,bring,1
back,establish,1
back,greater,1
clean,audio,1
deadly,setup,1
deadly,amaze,1
deadly,would,1
deadly,love,1
deadly,advice,1
deadly,n,1
deadly,sometime,1
deadly,lovely,1
deadly,authentic,1
deadly,piano,1
setup,amaze,1
setup,would,1
setup,love,1
setup,advice,1
setup,n,1
setup,sometime,1
setup,lovely,1
setup,authentic,1
setup,piano,1
amaze,would,2
amaze,love,3
amaze,advice,1
amaze,n,1
amaze,sometime,1
amaze,lovely,1
amaze,authentic,1
amaze,piano,1
amaze,performance,1
amaze,result,1
amaze,even,1
amaze,though,1
amaze,deserve,1
amaze,well,1
amaze,legit,1
amaze,fell,1
amaze,u,1
amaze,thank,1
amaze,making,1
amaze,much,1
amaze,obviously,1
amaze,heart,2
amaze,country,1
amaze,hate,1
amaze,general,1
amaze,nevertheless,1
amaze,absolutely,1
amaze,stun,1
amaze,wait,1
amaze,release,1
amaze,new,1
amaze,music,1
amaze,whole,1
would,love,1
would,advice,1
would,n,1
would,sometime,1
would,lovely,1
would,authentic,1
would,piano,1
would,pondering,2
would,come,3
would,year,2
would,go,2
would,rabbit,2
would,hole,2
would,catalogue,2
would,find,2
would,precocious,2
would,talent,2
would,adore,2
would,kept,2
would,jazz,2
would,direction,2
would,something,2
would,obviously,1
would,heart,1
would,country,1
would,hate,1
would,general,1
would,nevertheless,1
would,absolutely,1
would,stun,1
would,new,1
would,buzz,1
would,euphemism,1
would,vulgar,1
would,group,1
would,show,1
would,tell,1
would,open,1
would,collaboration,1
would,awesome,1
would,right,1
love,advice,1
love,n,1
love,sometime,1
love,lovely,1
love,authentic,1
love,piano,1
love,lot,3
love,serve,1
love,concept,1
love,fashion,1
love,mean,1
love,u,2
love,one,1
love,still,1
love,absolutely,1
love,fabulous,1
love,impressive,1
love,listen,2
love,best,1
love,school,1
love,sorry,1
love,name,1
love,food,1
love,story,1
love,relate,1
love,dutch,2
love,win,2
love,cool,1
love,rock,1
love,many,1
love,worthy,1
love,year,1
love,though,1
love,favorite,1
love,whole,2
love,day,3
love,winner,2
love,heart,2
love,fall,2
love,hard,2
love,repeat,2
love,every,2
love,since,2
love,come,3
love,release,2
love,music,5
love,grand,2
love,final,2
love,south,2
love,much,5
love,legit,1
love,fell,3
love,well,2
love,deserve,1
love,babe,1
love,lots,2
love,rest,1
love,wait,2
love,hear,2
love,support,1
love,russia,1
love,new,1
love,first,1
love,sadly,1
love,didnt,1
love,even,1
love,recently,1
love,light,1
love,good,1
love,genuinely,1
love,style,1
love,gel,1
love,together,1
love,damn,1
love,need,1
love,album,1
love,think,1
love,rocket,1
love,man,1
love,live,1
love,audition,1
love,via,1
love,hello,1
advice,n,1
advice,sometime,1
advice,lovely,1
advice,authentic,1
advice,piano,1
n,sometime,1
n,lovely,1
n,authentic,1
n,piano,1
n,strong,1
n,amazing,1
n,point,1
n,everything,1
n,performance,1
n,u,2
n,dealt,1
n,soulful,1
n,good,1
n,interim,1
n,jury,1
n,public,1
n,vote,1
n,didnt,1
n,think,1
n,top,1
sometime,lovely,1
sometime,authentic,1
sometime,piano,1
lovely,authentic,1
lovely,piano,1
lovely,hello,1
lovely,people,1
lovely,want,1
lovely,say,1
lovely,life,1
lovely,world,1
lovely,go,1
lovely,follow,1
lovely,human,1
lovely,super,1
lovely,amazing,1
lovely,huge,1
lovely,real,1
lovely,lesson,1
lovely,humility,1
lovely,lie,1
lovely,kick,1
authentic,piano,1
piano,hear,1
piano,convince,1
piano,much,1
piano,isolated,2
piano,vocal,2
piano,incredible,3
piano,hi,1
piano,think,1
piano,performance,1
piano,hope,1
piano,mind,1
piano,live,1
piano,version,1
piano,issue,1
piano,please,1
piano,let,1
piano,know,1
hear,convince,1
hear,much,2
hear,isolated,1
hear,vocal,1
hear,incredible,1
hear,beautiful,1
hear,performance,1
hear,vote,1
hear,look,2
hear,forward,2
hear,music,3
hear,lots,2
hear,rest,1
hear,wait,2
hear,support,1
hear,russia,1
hear,new,1
hear,possibly,1
hear,see,1
hear,tour,1
convince,much,1
convince,isolated,1
convince,vocal,1
convince,incredible,1
much,isolated,1
much,vocal,1
much,incredible,3
much,go,1
much,show,1
much,effort,1
much,entire,1
much,swiss,1
much,delegation,1
much,put,1
much,deliver,1
much,truly,1
much,flawless,1
much,performance,2
much,last,1
much,thank,1
much,making,1
much,could,1
much,ever,1
much,miss,1
much,rehearsal,1
much,final,1
much,well,1
much,do,1
much,thanks,1
much,lots,1
much,rest,1
much,wait,1
much,music,1
much,hello,1
much,feel,1
much,even,1
much,though,1
much,nothing,1
much,little,1
much,deep,1
much,true,1
much,winner,1
isolated,vocal,2
isolated,incredible,3
isolated,hi,1
isolated,think,1
isolated,performance,1
isolated,hope,1
isolated,mind,1
isolated,live,1
isolated,version,1
isolated,issue,1
isolated,please,1
isolated,let,1
isolated,know,1
vocal,incredible,3
vocal,hi,1
vocal,think,1
vocal,performance,1
vocal,hope,1
vocal,mind,1
vocal,live,1
vocal,version,1
vocal,issue,1
vocal,please,1
vocal,let,1
vocal,know,1
incredible,original,1
incredible,track,1
incredible,honestly,1
incredible,one,1
incredible,ever,2
incredible,opinion,1
incredible,hi,2
incredible,think,2
incredible,performance,3
incredible,hope,2
incredible,mind,2
incredible,live,2
incredible,version,2
incredible,issue,2
incredible,please,2
incredible,let,2
incredible,know,2
incredible,could,1
incredible,miss,1
incredible,rehearsal,1
incredible,final,1
incredible,well,1
incredible,do,1
incredible,thanks,1
incredible,talent,1
incredible,count,1
incredible,brand,1
incredible,new,1
incredible,fan,1
incredible,wait,2
incredible,see,1
incredible,music,2
incredible,go,1
incredible,win,2
incredible,jury,1
incredible,vote,1
incredible,wonderful,1
incredible,placement,1
incredible,best,1
incredible,even,2
incredible,though,2
incredible,definitely,1
incredible,many,1
incredible,heart,1
incredible,involve,1
incredible,year,1
incredible,wave,1
incredible,flag,1
incredible,almighty,1
incredible,special,1
incredible,r,1
incredible,land,1
incredible,contest,1
incredible,universe,1
incredible,stick,1
incredible,musician,1
incredible,listen,1
incredible,future,1
incredible,feel,1
incredible,nothing,1
incredible,little,1
incredible,deep,1
incredible,true,1
incredible,winner,1
beautiful,rendition,1
beautiful,singer,1
beautiful,writer,1
beautiful,performance,3
beautiful,fabulous,1
beautiful,last,1
beautiful,one,1
beautiful,vote,1
beautiful,look,1
beautiful,forward,1
beautiful,music,1
beautiful,absolutely,1
lot,serve,1
lot,concept,1
lot,fashion,1
lot,mean,1
lot,u,1
lot,first,1
lot,fell,1
lot,sadly,1
lot,didnt,1
lot,win,1
lot,even,1
serve,concept,1
serve,fashion,1
serve,mean,1
concept,fashion,1
concept,mean,1
fashion,mean,1
go,show,1
go,effort,1
go,entire,1
go,swiss,1
go,delegation,1
go,put,1
go,deliver,1
go,truly,1
go,flawless,1
go,performance,1
go,last,1
go,let,1
go,tea,3
go,longer,1
go,hot,1
go,meanwhile,1
go,work,1
go,perfectly,1
go,situation,1
go,episode,1
go,hand,2
go,well,1
go,wow,1
go,place,2
go,pondering,1
go,come,1
go,year,1
go,rabbit,1
go,hole,1
go,catalogue,1
go,find,1
go,precocious,1
go,talent,2
go,adore,1
go,kept,1
go,jazz,1
go,direction,1
go,something,1
go,count,1
go,brand,1
go,new,1
go,fan,1
go,wait,1
go,see,1
go,music,1
go,win,1
go,jury,1
go,vote,1
go,wonderful,1
go,placement,1
go,best,1
go,concerned,1
go,genocide,2
go,cut,1
go,without,1
go,war,1
go,stop,1
go,though,1
go,aid,1
go,administration,1
go,hello,1
go,people,1
go,want,1
go,say,2
go,life,1
go,world,1
go,follow,1
go,lost,1
go,time,1
go,bring,1
go,establish,1
go,greater,1
go,wonder,1
go,able,1
go,buy,1
go,concert,1
go,opinion,1
go,marvelous,1
go,especially,1
go,huge,1
go,discovery,1
go,point,1
go,feel,1
go,nervous,1
go,blas,1
go,dress,1
go,room,1
go,comfort,1
show,effort,1
show,entire,1
show,swiss,1
show,delegation,1
show,put,1
show,deliver,1
show,truly,1
show,flawless,1
show,performance,1
show,last,1
show,come,1
show,tell,1
show,open,1
show,collaboration,1
show,awesome,1
show,right,1
effort,entire,1
effort,swiss,1
effort,delegation,1
effort,put,1
effort,deliver,1
effort,truly,1
effort,flawless,1
effort,performance,1
effort,last,1
entire,swiss,1
entire,delegation,1
entire,put,1
entire,deliver,1
entire,truly,1
entire,flawless,1
entire,performance,2
entire,last,1
entire,family,1
swiss,delegation,1
swiss,put,1
swiss,deliver,1
swiss,truly,1
swiss,flawless,1
swiss,performance,2
swiss,last,1
swiss,may,1
swiss,come,1
swiss,third,1
swiss,contest,2
swiss,stole,1
swiss,heart,1
swiss,u,1
swiss,know,1
swiss,today,1
swiss,guess,1
swiss,year,1
delegation,put,1
delegation,deliver,1
delegation,truly,1
delegation,flawless,1
delegation,performance,1
delegation,last,1
put,deliver,1
put,truly,1
put,flawless,1
put,performance,1
put,last,1
deliver,truly,1
deliver,flawless,1
deliver,performance,1
deliver,last,1
truly,flawless,1
truly,performance,1
truly,last,1
flawless,performance,1
flawless,last,1
flawless,look,1
flawless,simply,1
performance,last,2
performance,singer,1
performance,writer,1
performance,fabulous,1
performance,one,1
performance,absolutely,3
performance,outstanding,1
performance,new,2
performance,artist,3
performance,thanks,2
performance,hello,1
performance,fantastic,1
performance,wonderful,1
performance,magnificent,1
performance,terrific,1
performance,best,6
performance,future,2
performance,result,1
performance,even,1
performance,though,1
performance,deserve,1
performance,well,2
performance,hi,1
performance,think,2
performance,hope,2
performance,mind,1
performance,live,1
performance,version,1
performance,issue,1
performance,please,1
performance,let,1
performance,know,2
performance,world,1
performance,vote,2
performance,look,1
performance,forward,1
performance,music,1
performance,family,1
performance,extremely,1
performance,wait,1
performance,see,1
performance,work,1
performance,alright,1
performance,could,1
performance,ever,1
performance,miss,1
performance,rehearsal,1
performance,final,1
performance,do,1
performance,may,1
performance,come,1
performance,third,1
performance,contest,2
performance,stole,1
performance,heart,1
performance,u,3
performance,today,1
performance,guess,1
performance,year,1
performance,far,3
performance,present,1
performance,winner,2
performance,simply,1
performance,artistic,1
performance,point,2
performance,view,1
performance,easily,1
performance,strong,1
performance,amazing,1
performance,everything,1
performance,dealt,1
performance,soulful,1
performance,good,1
performance,interim,1
performance,jury,1
performance,public,1
performance,didnt,1
performance,top,1
last,singer,1
last,writer,1
last,fabulous,1
last,one,1
come,dinner,1
come,pondering,1
come,year,2
come,rabbit,1
come,hole,1
come,catalogue,1
come,find,1
come,precocious,1
come,talent,1
come,adore,1
come,kept,1
come,jazz,1
come,direction,1
come,something,1
come,fall,1
come,hard,1
come,repeat,1
come,every,1
come,day,1
come,since,1
come,release,1
come,music,1
come,grand,1
come,final,1
come,south,1
come,may,1
come,third,1
come,contest,2
come,stole,1
come,heart,1
come,u,1
come,know,1
come,today,1
come,guess,1
come,tell,1
come,open,1
come,collaboration,1
come,awesome,1
come,right,1
u,anyway,1
u,guess,2
u,see,2
u,insane,1
u,actually,1
u,let,2
u,delighted,1
u,keep,1
u,busy,1
u,lose,1
u,interest,1
u,jam,1
u,sure,1
u,ever,1
u,pick,1
u,shock,1
u,beer,1
u,least,1
u,legit,1
u,fell,1
u,amazing,3
u,winner,1
u,heart,3
u,shy,1
u,bless,1
u,album,1
u,may,1
u,third,1
u,contest,2
u,stole,1
u,know,1
u,today,1
u,year,1
u,dear,1
u,message,1
u,leave,1
u,believe,1
u,read,1
u,write,1
u,soul,1
u,strong,2
u,point,2
u,everything,2
u,dealt,2
u,soulful,2
u,good,2
u,interim,2
u,jury,2
u,public,2
u,vote,2
u,didnt,2
u,think,2
u,top,2
let,tea,3
let,longer,1
let,hot,1
let,meanwhile,1
let,actually,1
let,delighted,1
let,keep,1
let,busy,1
let,lose,1
let,interest,1
let,jam,1
let,sure,1
let,ever,1
let,pick,1
let,see,1
let,shock,1
let,beer,1
let,least,1
let,hi,1
let,think,1
let,hope,1
let,mind,1
let,live,1
let,version,1
let,issue,1
let,please,1
let,know,1
tea,longer,3
tea,hot,3
tea,meanwhile,3
longer,hot,1
longer,meanwhile,1
hot,meanwhile,1
meanwhile,everyone,1
meanwhile,singer,1
meanwhile,team,1
anyway,guess,1
anyway,see,1
anyway,insane,1
anyway,think,1
anyway,neat,1
guess,see,1
guess,insane,1
guess,may,1
guess,third,1
guess,contest,2
guess,stole,1
guess,heart,1
guess,know,1
guess,today,1
guess,year,1
see,insane,1
see,absolutely,1
see,brilliant,1
see,tweet,1
see,one,1
see,delighted,1
see,keep,1
see,busy,1
see,lose,1
see,interest,1
see,jam,1
see,sure,1
see,ever,1
see,pick,1
see,shock,1
see,beer,1
see,least,1
see,extremely,1
see,wait,2
see,future,1
see,work,1
see,hope,1
see,alright,1
see,talent,1
see,count,1
see,brand,1
see,new,1
see,fan,1
see,music,1
see,win,1
see,jury,1
see,vote,1
see,wonderful,1
see,placement,1
see,best,1
see,imagine,1
see,sing,1
see,part,1
see,need,1
see,happen,1
see,look,1
see,forward,1
see,possibly,1
see,tour,1
one,still,1
one,absolutely,2
one,fabulous,2
one,must,1
one,admit,1
one,singer,1
one,writer,1
one,brilliant,1
one,tweet,1
one,original,1
one,track,1
one,honestly,1
one,ever,1
one,opinion,1
one,leave,1
still,absolutely,1
still,fabulous,1
still,wonder,1
still,consider,1
still,entry,1
still,captivate,1
still,lyrically,1
still,poetic,1
still,winning,1
still,stop,1
still,listening,1
absolutely,fabulous,1
absolutely,outstanding,1
absolutely,new,2
absolutely,artist,1
absolutely,thanks,1
absolutely,brilliant,1
absolutely,tweet,1
absolutely,hello,1
absolutely,fantastic,1
absolutely,wonderful,1
absolutely,magnificent,1
absolutely,terrific,1
absolutely,best,1
absolutely,future,1
absolutely,winner,1
absolutely,obviously,1
absolutely,heart,1
absolutely,country,1
absolutely,hate,1
absolutely,general,1
absolutely,nevertheless,1
absolutely,stun,1
fabulous,singer,1
fabulous,writer,1
fabulous,great,1
dark,mode,1
dark,please,1
dark,visit,1
dark,posh,1
dark,secret,1
dark,draw,1
mode,please,1
mode,visit,1
please,visit,1
please,hi,1
please,think,1
please,hope,1
please,mind,1
please,live,1
please,version,1
please,issue,1
please,know,1
please,someone,1
please,help,1
please,settlement,1
please,account,1
please,log,1
please,also,1
please,reset,1
please,mail,1
sad,glad,1
sad,discover,1
glad,discover,1
work,perfectly,1
work,situation,1
work,episode,1
work,hand,2
work,well,1
work,wow,1
work,extremely,1
work,wait,1
work,future,1
work,hope,1
work,alright,1
perfectly,situation,1
perfectly,episode,1
perfectly,hand,2
perfectly,well,1
perfectly,wow,1
situation,episode,1
situation,hand,2
situation,well,1
situation,wow,1
episode,hand,2
episode,well,1
episode,wow,1
hand,well,2
hand,wow,2
well,wow,1
well,result,1
well,even,1
well,though,1
well,deserve,3
well,could,1
well,ever,1
well,miss,1
well,rehearsal,1
well,final,1
well,do,1
well,thanks,1
well,talented,1
well,young,1
well,man,1
well,babe,1
well,stage,1
well,day,2
well,yes,1
well,every,1
well,cheer,1
well,hard,1
well,recently,1
well,light,1
well,good,1
well,genuinely,1
well,style,1
well,music,2
well,gel,1
well,together,1
well,damn,1
well,need,1
well,album,1
well,people,1
well,upset,1
well,drug,1
well,bully,1
well,offensive,1
well,expert,1
well,vote,1
well,fine,1
well,apparently,1
well,selective,1
well,outrage,1
well,always,1
well,great,1
best,also,1
best,fan,2
best,listen,1
best,school,1
best,sorry,1
best,name,1
best,hello,1
best,fantastic,1
best,wonderful,2
best,magnificent,1
best,terrific,1
best,future,1
best,competition,1
best,adore,1
best,talent,1
best,count,1
best,brand,1
best,new,1
best,wait,1
best,music,1
best,win,1
best,jury,1
best,vote,1
best,placement,1
best,thank,1
best,person,1
best,dear,1
best,classic,1
best,found,1
best,recent,1
best,medal,1
best,result,2
best,since,2
best,far,6
best,artist,5
best,present,1
best,winner,5
best,simply,4
best,artistic,4
best,point,4
best,view,4
best,easily,4
best,solid,1
best,finish,1
best,leave,1
best,thanks,1
best,take,1
best,big,1
best,outstanding,1
best,outcome,1
also,fan,1
also,year,1
also,enter,1
also,official,1
also,german,1
also,high,1
also,position,1
also,winner,1
also,since,1
also,top,1
also,someone,1
also,help,1
also,settlement,1
also,account,1
also,log,1
also,reset,1
also,mail,1
fan,dirty,1
fan,bet,1
fan,miss,1
fan,stream,1
fan,cause,1
fan,talent,1
fan,count,1
fan,brand,1
fan,new,1
fan,wait,1
fan,music,1
fan,win,1
fan,jury,1
fan,vote,1
fan,wonderful,1
fan,placement,1
live,tape,1
live,semi,1
live,final,1
live,hi,1
live,think,2
live,hope,1
live,mind,1
live,version,1
live,issue,1
live,know,1
live,rocket,1
live,man,1
live,audition,1
live,via,1
tape,semi,1
tape,final,1
semi,final,1
final,fall,1
final,hard,1
final,repeat,1
final,every,1
final,day,1
final,since,1
final,release,1
final,music,1
final,grand,1
final,south,1
final,could,1
final,ever,1
final,miss,1
final,rehearsal,1
final,do,1
final,thanks,1
edit,te,1
cool,precious,1
cool,boy,1
cool,win,1
cool,rock,1
cool,many,1
cool,worthy,1
cool,year,1
cool,though,1
cool,always,1
cool,say,1
cool,trust,1
cool,process,1
cool,post,1
cool,translate,1
cool,art,1
precious,boy,1
great,winner,1
great,top,2
great,twenty,1
great,make,1
great,fifty,1
great,people,1
great,upset,1
great,drug,1
great,bully,1
great,offensive,1
great,music,1
great,expert,1
great,vote,1
great,fine,1
great,apparently,1
great,selective,1
great,outrage,1
great,always,1
winner,top,3
winner,twenty,1
winner,make,1
winner,fifty,1
winner,year,1
winner,enter,1
winner,official,1
winner,german,1
winner,high,1
winner,position,1
winner,since,1
winner,favorite,2
winner,listen,2
winner,whole,2
winner,day,2
winner,heart,5
winner,really,1
winner,win,1
winner,finish,1
winner,public,1
winner,voting,1
winner,sure,1
winner,brutal,1
winner,amazing,1
winner,forever,1
winner,far,3
winner,artist,2
winner,present,1
winner,simply,1
winner,artistic,1
winner,point,1
winner,view,1
winner,easily,1
winner,victory,1
winner,obviously,1
winner,real,1
winner,angelic,1
winner,need,1
winner,album,1
winner,feel,1
winner,even,1
winner,though,1
winner,nothing,1
winner,little,1
winner,deep,1
winner,true,1
top,twenty,2
top,make,2
top,fifty,2
top,reach,2
top,number,2
top,plus,2
top,year,1
top,enter,1
top,official,1
top,german,1
top,high,1
top,position,1
top,since,2
top,entering,1
top,music,1
top,talent,1
top,failure,1
top,way,1
top,look,1
top,sibling,1
top,sorry,1
top,angelic,1
top,family,1
top,literally,1
top,thank,2
top,everyone,1
top,listen,1
top,masterpiece,1
top,sang,1
top,contest,1
top,strong,1
top,amazing,1
top,point,1
top,everything,1
top,dealt,1
top,soulful,1
top,good,1
top,interim,1
top,jury,1
top,public,1
top,vote,1
top,didnt,1
top,think,1
twenty,make,1
twenty,fifty,1
make,fifty,1
make,kind,1
make,little,2
make,bit,2
make,understatement,1
make,listen,1
make,every,1
make,thank,1
make,mistake,1
make,stop,1
make,high,1
make,school,1
make,king,1
make,happen,1
make,girl,1
make,eria,1
make,cover,1
reach,number,1
reach,plus,1
number,plus,1
summer,stream,2
summer,turn,2
summer,finish,2
summer,original,2
summer,growing,2
summer,old,2
summer,e,2
stream,turn,1
stream,finish,1
stream,original,1
stream,growing,1
stream,old,1
stream,e,1
stream,dirty,1
stream,bet,1
stream,miss,1
stream,cause,1
turn,finish,1
turn,original,1
turn,growing,1
turn,old,1
turn,e,1
finish,original,1
finish,growing,1
finish,old,1
finish,e,1
finish,really,1
finish,win,1
finish,public,1
finish,voting,1
finish,sure,1
finish,brutal,1
finish,solid,1
finish,result,1
finish,since,1
finish,leave,1
finish,thanks,1
finish,take,1
finish,big,1
finish,outstanding,1
finish,outcome,1
original,growing,1
original,old,1
original,e,1
original,track,1
original,honestly,1
original,ever,1
original,opinion,1
growing,old,1
growing,e,1
old,e,1
year,enter,1
year,official,1
year,german,1
year,high,1
year,position,1
year,since,1
year,pondering,1
year,rabbit,1
year,hole,1
year,catalogue,1
year,find,1
year,precocious,1
year,talent,1
year,adore,1
year,kept,1
year,jazz,1
year,direction,1
year,something,1
year,win,2
year,rock,1
year,many,1
year,worthy,1
year,though,1
year,involve,1
year,wave,1
year,flag,1
year,almighty,1
year,special,1
year,r,1
year,land,1
year,contest,3
year,maybe,1
year,next,1
year,learn,1
year,perform,1
year,may,1
year,third,1
year,stole,1
year,heart,1
year,know,1
year,today,1
enter,official,1
enter,german,1
enter,high,1
enter,position,1
enter,since,1
official,german,1
official,high,1
official,position,1
official,since,1
german,high,1
german,position,1
german,since,1
german,wish,1
german,think,1
german,bad,1
high,position,1
high,since,1
high,mistake,1
high,stop,1
high,school,1
high,king,1
position,since,1
since,fall,1
since,hard,1
since,repeat,1
since,every,1
since,day,1
since,release,1
since,music,1
since,grand,1
since,south,1
since,literally,1
since,thank,2
since,everyone,1
since,listen,1
since,masterpiece,1
since,sang,1
since,contest,1
since,dear,1
since,classic,1
since,found,1
since,recent,1
since,medal,1
since,result,2
since,solid,1
since,leave,1
since,thanks,1
since,take,1
since,big,1
since,outstanding,1
since,outcome,1
organic,channel,1
organic,promotion,1
organic,active,1
channel,promotion,1
channel,active,1
promotion,active,1
twitter,airdrop,2
twitter,tag,1
airdrop,tag,2
nice,project,4
history,book,1
history,shelf,1
history,almost,1
history,credit,1
book,shelf,1
book,almost,1
book,credit,1
shelf,almost,1
shelf,credit,1
almost,credit,1
entering,music,1
entering,talent,1
entering,failure,1
music,talent,2
music,failure,1
music,fall,1
music,hard,1
music,repeat,1
music,every,1
music,day,1
music,release,2
music,grand,1
music,south,1
music,vote,3
music,look,1
music,forward,1
music,count,1
music,brand,1
music,new,3
music,wait,5
music,win,1
music,jury,1
music,wonderful,1
music,placement,1
music,lots,2
music,rest,1
music,support,1
music,russia,1
music,recently,1
music,light,1
music,good,1
music,genuinely,1
music,style,1
music,gel,1
music,together,1
music,damn,1
music,need,1
music,album,1
music,viral,1
music,apple,1
music,people,1
music,upset,1
music,drug,1
music,bully,1
music,offensive,1
music,expert,1
music,fine,1
music,apparently,1
music,selective,1
music,outrage,1
music,always,1
music,universe,1
music,stick,1
music,musician,1
music,listen,1
music,future,1
talent,failure,1
talent,pondering,1
talent,rabbit,1
talent,hole,1
talent,catalogue,1
talent,find,1
talent,precocious,1
talent,adore,1
talent,kept,1
talent,jazz,1
talent,direction,1
talent,something,1
talent,count,1
talent,brand,1
talent,new,1
talent,wait,1
talent,win,1
talent,jury,1
talent,vote,1
talent,wonderful,1
talent,placement,1
place,concerned,1
place,genocide,2
place,cut,1
place,without,1
place,war,1
place,stop,1
place,though,1
place,aid,1
place,administration,1
place,give,2
listen,school,1
listen,sorry,1
listen,name,1
listen,kind,1
listen,little,2
listen,bit,2
listen,understatement,1
listen,every,2
listen,favorite,1
listen,whole,1
listen,day,1
listen,heart,1
listen,literally,1
listen,thank,2
listen,everyone,2
listen,masterpiece,2
listen,sang,1
listen,contest,1
listen,downside,1
listen,belt,1
listen,repeat,1
listen,global,1
listen,need,1
listen,feel,1
listen,single,1
listen,time,1
listen,universe,1
listen,stick,1
listen,musician,1
listen,wait,1
listen,future,1
school,sorry,1
school,name,1
school,mistake,1
school,stop,1
school,king,1
sorry,name,1
sorry,way,1
sorry,look,1
sorry,sibling,1
sorry,angelic,1
sorry,family,1
heart,melt,1
heart,favorite,1
heart,whole,2
heart,day,1
heart,amazing,1
heart,obviously,1
heart,country,1
heart,hate,1
heart,general,1
heart,nevertheless,1
heart,stun,1
heart,even,1
heart,though,1
heart,win,1
heart,definitely,1
heart,many,1
heart,forever,1
heart,may,1
heart,third,1
heart,contest,2
heart,stole,1
heart,know,1
heart,today,1
heart,dear,1
heart,message,1
heart,leave,1
heart,believe,1
heart,read,1
heart,write,1
heart,soul,1
send,chocolate,1
must,admit,1
singer,writer,1
singer,everyone,1
singer,team,1
outstanding,new,2
outstanding,artist,1
outstanding,thanks,2
outstanding,solid,1
outstanding,result,1
outstanding,leave,1
outstanding,take,1
outstanding,big,1
outstanding,outcome,1
new,artist,2
new,thanks,2
new,count,1
new,brand,1
new,wait,3
new,win,1
new,jury,1
new,vote,1
new,wonderful,1
new,placement,1
new,release,1
new,lots,1
new,support,1
new,russia,1
new,draw,1
new,buzz,1
new,euphemism,1
new,vulgar,1
new,group,1
artist,thanks,1
artist,far,3
artist,present,1
artist,simply,1
artist,artistic,1
artist,point,1
artist,view,1
artist,easily,1
thanks,aw,1
thanks,could,1
thanks,ever,1
thanks,miss,1
thanks,rehearsal,1
thanks,do,1
thanks,solid,1
thanks,result,1
thanks,leave,1
thanks,take,1
thanks,big,1
thanks,outcome,1
actually,really,1
actually,need,1
actually,tell,1
actually,happen,1
actually,hope,1
dirty,bet,1
dirty,miss,1
dirty,cause,1
bet,miss,1
bet,cause,1
miss,cause,1
miss,could,1
miss,ever,1
miss,rehearsal,1
miss,do,1
cause,take,1
cause,first,1
cause,pic,1
cause,two,1
cause,ago,1
cause,upcoming,1
cause,concert,1
cause,simply,1
cause,iconic,1
cause,look,1
cause,glow,1
meant,tell,1
meant,took,1
tell,took,1
tell,really,1
tell,need,1
tell,happen,1
tell,hope,1
tell,open,1
tell,collaboration,1
tell,awesome,1
tell,right,1
think,neat,1
think,wish,1
think,bad,1
think,hi,1
think,hope,1
think,mind,1
think,version,1
think,issue,1
think,know,1
think,really,2
think,watch,2
think,every,2
think,single,2
think,rocket,1
think,man,1
think,audition,1
think,via,1
think,strong,1
think,amazing,1
think,point,1
think,everything,1
think,dealt,1
think,soulful,1
think,good,1
think,interim,1
think,jury,1
think,public,1
think,vote,1
think,didnt,1
brilliant,tweet,1
wish,bad,1
hair,everywhere,1
kind,little,2
kind,bit,2
kind,understatement,1
kind,every,1
little,bit,4
little,understatement,2
little,every,2
little,feel,1
little,even,1
little,though,1
little,nothing,1
little,deep,1
little,true,1
bit,understatement,2
bit,every,2
bit,everything,1
bit,first,1
bit,falsetto,1
bit,amazing,1
understatement,every,1
every,fall,1
every,hard,2
every,repeat,1
every,day,3
every,release,1
every,grand,1
every,south,1
every,really,1
every,watch,1
every,single,2
every,stage,1
every,yes,1
every,cheer,1
every,feel,1
every,time,1
food,story,1
food,relate,1
food,dutch,2
story,relate,1
story,dutch,2
relate,dutch,2
pondering,rabbit,1
pondering,hole,1
pondering,catalogue,1
pondering,find,1
pondering,precocious,1
pondering,adore,1
pondering,kept,1
pondering,jazz,1
pondering,direction,1
pondering,something,1
rabbit,hole,1
rabbit,catalogue,1
rabbit,find,1
rabbit,precocious,1
rabbit,adore,1
rabbit,kept,1
rabbit,jazz,1
rabbit,direction,1
rabbit,something,1
hole,catalogue,1
hole,find,1
hole,precocious,1
hole,adore,1
hole,kept,1
hole,jazz,1
hole,direction,1
hole,something,1
catalogue,find,1
catalogue,precocious,1
catalogue,adore,1
catalogue,kept,1
catalogue,jazz,1
catalogue,direction,1
catalogue,something,1
find,precocious,1
find,adore,1
find,kept,1
find,jazz,1
find,direction,1
find,something,1
precocious,adore,1
precocious,kept,1
precocious,jazz,1
precocious,direction,1
precocious,something,1
adore,kept,1
adore,jazz,1
adore,direction,1
adore,something,1
adore,competition,1
kept,jazz,1
kept,direction,1
kept,something,1
jazz,direction,1
jazz,something,1
direction,something,1
good,way,1
good,recently,1
good,light,1
good,genuinely,1
good,style,1
good,gel,1
good,together,1
good,damn,1
good,need,1
good,album,1
good,strong,1
good,amazing,1
good,point,1
good,everything,1
good,dealt,1
good,soulful,1
good,interim,1
good,jury,1
good,public,1
good,vote,1
good,didnt,1
way,look,1
way,sibling,1
way,angelic,1
way,family,1
win,rock,1
win,many,2
win,worthy,1
win,though,2
win,really,1
win,public,1
win,voting,1
win,sure,1
win,brutal,1
win,count,1
win,brand,1
win,wait,1
win,jury,1
win,vote,1
win,wonderful,1
win,placement,1
win,first,1
win,fell,1
win,sadly,1
win,didnt,1
win,even,2
win,definitely,1
win,desperately,1
win,try,1
win,life,1
win,favorite,1
win,maybe,1
win,next,1
win,learn,1
win,perform,1
rock,many,1
rock,worthy,1
rock,though,1
many,worthy,1
many,though,2
many,even,1
many,definitely,1
worthy,though,1
though,result,1
though,even,3
though,deserve,1
though,definitely,1
though,concerned,1
though,genocide,2
though,cut,1
though,without,1
though,war,1
though,stop,1
though,aid,1
though,administration,1
though,feel,1
though,nothing,1
though,deep,1
though,true,1
thank,making,1
thank,person,1
thank,literally,2
thank,everyone,2
thank,masterpiece,2
thank,sang,2
thank,contest,2
keep,excitement,1
keep,mystery,1
keep,somehow,1
keep,always,1
keep,brutal,1
keep,delighted,1
keep,busy,1
keep,lose,1
keep,interest,1
keep,jam,1
keep,sure,1
keep,ever,1
keep,pick,1
keep,shock,1
keep,beer,1
keep,least,1
excitement,mystery,1
excitement,somehow,1
excitement,always,1
mystery,somehow,1
mystery,always,1
mystery,musical,1
mystery,deep,1
mystery,soul,1
somehow,always,1
always,say,1
always,trust,1
always,process,1
always,post,1
always,translate,1
always,art,1
always,people,1
always,upset,1
always,drug,1
always,bully,1
always,offensive,1
always,expert,1
always,vote,1
always,fine,1
always,apparently,1
always,selective,1
always,outrage,1
always,extra,1
always,watch,1
always,favorite,1
always,mine,1
always,definitely,1
favorite,whole,1
favorite,day,1
favorite,desperately,1
favorite,try,1
favorite,life,1
favorite,extra,1
favorite,watch,1
favorite,mine,1
favorite,definitely,1
whole,day,1
whole,ask,1
day,fall,1
day,hard,3
day,repeat,1
day,release,1
day,grand,1
day,south,1
day,stage,2
day,yes,2
day,cheer,2
fall,hard,1
fall,repeat,1
fall,release,1
fall,grand,1
fall,south,1
hard,repeat,1
hard,release,1
hard,grand,1
hard,south,1
hard,stage,1
hard,yes,1
hard,cheer,1
repeat,release,1
repeat,grand,1
repeat,south,1
repeat,downside,1
repeat,belt,1
release,grand,1
release,south,1
release,wait,1
grand,south,1
brutal,really,1
brutal,public,1
brutal,voting,1
brutal,sure,1
say,trust,1
say,process,1
say,post,1
say,translate,1
say,art,1
say,hello,1
say,people,1
say,want,1
say,life,1
say,world,1
say,follow,1
say,opinion,1
say,marvelous,1
say,especially,1
say,huge,1
say,discovery,1
say,point,1
say,feel,1
say,nervous,1
say,blas,1
say,dress,1
say,room,1
say,comfort,1
trust,process,1
trust,post,1
trust,translate,1
trust,art,1
process,post,1
process,translate,1
process,art,1
post,translate,1
post,art,1
translate,art,1
album,late,1
album,early,1
album,wait,1
album,tour,1
album,shy,1
album,bless,1
album,recently,1
album,light,1
album,genuinely,1
album,style,1
album,gel,1
album,together,1
album,damn,1
album,need,2
album,victory,1
album,obviously,1
album,real,1
album,angelic,1
late,early,1
hello,fantastic,1
hello,wonderful,1
hello,magnificent,1
hello,terrific,1
hello,future,1
hello,people,1
hello,want,1
hello,life,1
hello,world,1
hello,follow,1
fantastic,wonderful,1
fantastic,magnificent,1
fantastic,terrific,1
fantastic,future,1
wonderful,magnificent,1
wonderful,terrific,1
wonderful,future,1
wonderful,count,1
wonderful,brand,1
wonderful,wait,1
wonderful,jury,1
wonderful,vote,1
wonderful,placement,1
magnificent,terrific,1
magnificent,future,1
terrific,future,1
future,extremely,1
future,wait,2
future,hope,1
future,alright,1
future,universe,1
future,stick,1
future,musician,1
really,public,1
really,voting,1
really,sure,1
really,watch,1
really,single,1
really,need,1
really,happen,1
really,hope,1
public,voting,1
public,sure,1
public,strong,1
public,amazing,1
public,point,1
public,everything,1
public,dealt,1
public,soulful,1
public,interim,1
public,jury,1
public,vote,1
public,didnt,1
voting,sure,1
sure,delighted,1
sure,busy,1
sure,lose,1
sure,interest,1
sure,jam,1
sure,ever,1
sure,pick,1
sure,shock,1
sure,beer,1
sure,least,1
result,even,1
result,deserve,1
result,dear,1
result,classic,1
result,found,1
result,recent,1
result,medal,1
result,solid,1
result,leave,1
result,take,1
result,big,1
result,outcome,1
even,deserve,1
even,first,1
even,fell,1
even,sadly,1
even,didnt,1
even,definitely,1
even,feel,1
even,nothing,1
even,deep,1
even,true,1
deserve,talented,1
deserve,young,1
deserve,man,1
deserve,babe,1
look,sibling,1
look,angelic,1
look,family,1
look,vote,1
look,forward,2
look,simply,2
look,possibly,1
look,tour,1
look,take,1
look,first,1
look,pic,1
look,two,1
look,ago,1
look,upcoming,1
look,concert,1
look,iconic,1
look,glow,1
sibling,angelic,1
sibling,family,1
angelic,family,1
angelic,victory,1
angelic,obviously,1
angelic,real,1
angelic,need,1
delighted,busy,1
delighted,lose,1
delighted,interest,1
delighted,jam,1
delighted,ever,1
delighted,pick,1
delighted,shock,1
delighted,beer,1
delighted,least,1
busy,lose,1
busy,interest,1
busy,jam,1
busy,ever,1
busy,pick,1
busy,shock,1
busy,beer,1
busy,least,1
lose,interest,1
lose,jam,1
lose,ever,1
lose,pick,1
lose,shock,1
lose,beer,1
lose,least,1
interest,jam,1
interest,ever,1
interest,pick,1
interest,shock,1
interest,beer,1
interest,least,1
jam,ever,1
jam,pick,1
jam,shock,1
jam,beer,1
jam,least,1
ever,pick,1
ever,shock,1
ever,beer,1
ever,least,1
ever,track,1
ever,honestly,1
ever,opinion,1
ever,could,1
ever,rehearsal,1
ever,do,1
ever,refuse,1
ever,shut,1
ever,extraordinary,1
pick,shock,1
pick,beer,1
pick,least,1
shock,beer,1
shock,least,1
beer,least,1
track,honestly,1
track,opinion,1
honestly,opinion,1
opinion,marvelous,1
opinion,especially,1
opinion,huge,1
opinion,discovery,1
opinion,point,1
opinion,feel,1
opinion,nervous,1
opinion,blas,1
opinion,dress,1
opinion,room,1
opinion,comfort,1
hi,hope,1
hi,mind,1
hi,version,1
hi,issue,1
hi,know,1
hope,mind,1
hope,version,1
hope,issue,1
hope,know,1
hope,extremely,1
hope,wait,1
hope,alright,1
hope,need,1
hope,happen,1
mind,version,1
mind,issue,1
mind,know,1
version,issue,1
version,know,1
issue,know,1
know,may,1
know,third,1
know,contest,2
know,stole,1
know,today,1
world,collapse,1
world,sing,1
world,together,1
world,people,1
world,want,1
world,life,1
world,follow,1
wait,extremely,1
wait,alright,1
wait,count,1
wait,brand,1
wait,jury,1
wait,vote,1
wait,placement,1
wait,lots,2
wait,rest,1
wait,support,1
wait,russia,1
wait,universe,1
wait,stick,1
wait,musician,1
vote,forward,1
vote,count,1
vote,brand,1
vote,jury,2
vote,placement,1
vote,people,1
vote,upset,1
vote,drug,1
vote,bully,1
vote,offensive,1
vote,expert,1
vote,fine,1
vote,apparently,1
vote,selective,1
vote,outrage,1
vote,strong,1
vote,amazing,1
vote,point,1
vote,everything,1
vote,dealt,1
vote,soulful,1
vote,interim,1
vote,didnt,1
forward,possibly,1
forward,tour,1
leave,dear,1
leave,message,1
leave,believe,1
leave,read,1
leave,write,1
leave,soul,1
leave,solid,1
leave,take,1
leave,big,1
leave,outcome,1
watch,single,1
watch,never,1
watch,stop,1
watch,extra,1
watch,mine,1
watch,definitely,1
single,feel,1
single,time,1
legit,fell,1
fell,first,1
fell,sadly,1
fell,didnt,1
amazing,human,1
amazing,super,1
amazing,huge,1
amazing,real,1
amazing,lesson,1
amazing,humility,1
amazing,lie,1
amazing,kick,1
amazing,everything,2
amazing,first,1
amazing,falsetto,1
amazing,strong,1
amazing,point,1
amazing,dealt,1
amazing,soulful,1
amazing,interim,1
amazing,jury,1
amazing,didnt,1
extremely,alright,1
could,rehearsal,1
could,do,1
rehearsal,do,1
mistake,stop,1
mistake,king,1
stop,king,1
stop,never,1
stop,concerned,1
stop,genocide,2
stop,cut,1
stop,without,1
stop,war,1
stop,aid,1
stop,administration,1
stop,entry,1
stop,captivate,1
stop,lyrically,1
stop,poetic,1
stop,winning,1
stop,listening,1
king,slay,1
obviously,country,1
obviously,hate,1
obviously,general,1
obviously,nevertheless,1
obviously,stun,1
obviously,victory,1
obviously,real,1
obviously,need,1
country,hate,1
country,general,1
country,nevertheless,1
country,stun,1
hate,general,1
hate,nevertheless,1
hate,stun,1
general,nevertheless,1
general,stun,1
nevertheless,stun,1
talented,young,1
talented,man,1
young,man,1
man,rocket,1
man,audition,1
man,via,1
count,brand,1
count,jury,1
count,placement,1
brand,jury,1
brand,placement,1
jury,placement,1
jury,strong,1
jury,point,1
jury,everything,1
jury,dealt,1
jury,soulful,1
jury,interim,1
jury,didnt,1
tour,possibly,1
lots,rest,1
lots,support,1
lots,russia,1
stage,yes,1
stage,cheer,1
yes,cheer,1
support,russia,1
imagine,sing,1
imagine,part,1
imagine,need,1
imagine,happen,1
sing,part,1
sing,need,1
sing,happen,1
sing,collapse,1
sing,together,1
part,need,1
part,happen,1
need,happen,2
need,recently,1
need,light,1
need,genuinely,1
need,style,1
need,gel,1
need,together,1
need,damn,1
need,global,1
need,everyone,1
need,masterpiece,1
need,victory,1
need,real,1
happen,girl,1
first,sadly,1
first,didnt,1
first,everything,1
first,falsetto,1
first,take,1
first,pic,1
first,two,1
first,ago,1
first,upcoming,1
first,concert,1
first,simply,1
first,iconic,1
first,glow,1
sadly,didnt,1
didnt,strong,1
didnt,point,1
didnt,everything,1
didnt,dealt,1
didnt,soulful,1
didnt,interim,1
simply,take,1
simply,pic,1
simply,two,1
simply,ago,1
simply,upcoming,1
simply,concert,1
simply,iconic,1
simply,glow,1
simply,artistic,1
simply,point,1
simply,view,1
simply,easily,1
simply,far,1
definitely,extra,1
definitely,mine,1
concerned,genocide,2
concerned,cut,1
concerned,without,1
concerned,war,1
concerned,aid,1
concerned,administration,1
genocide,cut,2
genocide,without,2
genocide,war,2
genocide,aid,2
genocide,administration,2
cut,without,1
cut,war,1
cut,aid,1
cut,administration,1
without,war,1
without,aid,1
without,administration,1
war,aid,1
war,administration,1
aid,administration,1
posh,secret,1
posh,draw,1
secret,draw,1
desperately,try,1
desperately,life,1
try,life,1
life,people,1
life,want,1
life,follow,1
literally,everyone,1
literally,masterpiece,1
literally,sang,1
literally,contest,1
everyone,masterpiece,2
everyone,sang,1
everyone,contest,1
everyone,global,1
everyone,team,1
masterpiece,sang,1
masterpiece,contest,1
masterpiece,global,1
sang,contest,1
contest,involve,1
contest,wave,1
contest,flag,1
contest,almighty,1
contest,special,1
contest,r,1
contest,land,1
contest,may,2
contest,third,2
contest,stole,2
contest,today,2
shy,bless,1
dear,classic,1
dear,found,1
dear,recent,1
dear,medal,1
dear,message,1
dear,believe,1
dear,read,1
dear,write,1
dear,soul,1
classic,found,1
classic,recent,1
classic,medal,1
found,recent,1
found,medal,1
recent,medal,1
collapse,together,1
together,recently,1
together,light,1
together,genuinely,1
together,style,1
together,gel,1
together,damn,1
people,want,1
people,follow,1
people,upset,1
people,drug,1
people,bully,1
people,offensive,1
people,expert,1
people,fine,1
people,apparently,1
people,selective,1
people,outrage,1
want,follow,1
refuse,shut,1
refuse,extraordinary,1
shut,extraordinary,1
viral,apple,1
human,super,1
human,huge,1
human,real,1
human,lesson,1
human,humility,1
human,lie,1
human,kick,1
super,huge,1
super,real,1
super,lesson,1
super,humility,1
super,lie,1
super,kick,1
huge,real,1
huge,lesson,1
huge,humility,1
huge,lie,1
huge,kick,1
huge,marvelous,1
huge,especially,1
huge,discovery,1
huge,point,1
huge,feel,1
huge,nervous,1
huge,blas,1
huge,dress,1
huge,room,1
huge,comfort,1
real,lesson,1
real,humility,1
real,lie,1
real,kick,1
real,victory,1
lesson,humility,1
lesson,lie,1
lesson,kick,1
humility,lie,1
humility,kick,1
lie,kick,1
involve,wave,1
involve,flag,1
involve,almighty,1
involve,special,1
involve,r,1
involve,land,1
wave,flag,1
wave,almighty,1
wave,special,1
wave,r,1
wave,land,1
flag,almighty,1
flag,special,1
flag,r,1
flag,land,1
almighty,special,1
almighty,r,1
almighty,land,1
special,r,1
special,land,1
r,land,1
belting,car,1
belting,yesterday,1
car,yesterday,1
recently,light,1
recently,genuinely,1
recently,style,1
recently,gel,1
recently,damn,1
light,genuinely,1
light,style,1
light,gel,1
light,damn,1
genuinely,style,1
genuinely,gel,1
genuinely,damn,1
style,gel,1
style,damn,1
gel,damn,1
rocket,audition,1
rocket,via,1
audition,via,1
everything,falsetto,1
everything,strong,1
everything,point,1
everything,dealt,1
everything,soulful,1
everything,interim,1
eria,cover,1
lost,time,1
lost,bring,1
lost,establish,1
lost,greater,1
time,bring,1
time,establish,1
time,greater,1
time,feel,1
bring,establish,1
bring,greater,1
establish,greater,1
maybe,next,1
maybe,learn,1
maybe,perform,1
next,learn,1
next,perform,1
learn,perform,1
wonder,able,1
wonder,buy,1
wonder,concert,1
wonder,consider,1
able,buy,1
able,concert,1
buy,concert,1
concert,take,1
concert,pic,1
concert,two,1
concert,ago,1
concert,upcoming,1
concert,iconic,1
concert,glow,1
downside,belt,1
feel,marvelous,1
feel,especially,1
feel,discovery,1
feel,point,1
feel,nervous,1
feel,blas,1
feel,dress,1
feel,room,1
feel,comfort,1
feel,nothing,1
feel,deep,1
feel,true,1
someone,help,1
someone,settlement,1
someone,account,1
someone,log,1
someone,reset,1
someone,mail,1
help,settlement,1
help,account,1
help,log,1
help,reset,1
help,mail,1
settlement,account,1
settlement,log,1
settlement,reset,1
settlement,mail,1
account,log,1
account,reset,1
account,mail,1
log,reset,1
log,mail,1
reset,mail,1
upset,drug,1
upset,bully,1
upset,offensive,1
upset,expert,1
upset,fine,1
upset,apparently,1
upset,selective,1
upset,outrage,1
drug,bully,1
drug,offensive,1
drug,expert,1
drug,fine,1
drug,apparently,1
drug,selective,1
drug,outrage,1
bully,offensive,1
bully,expert,1
bully,fine,1
bully,apparently,1
bully,selective,1
bully,outrage,1
offensive,expert,1
offensive,fine,1
offensive,apparently,1
offensive,selective,1
offensive,outrage,1
expert,fine,1
expert,apparently,1
expert,selective,1
expert,outrage,1
fine,apparently,1
fine,selective,1
fine,outrage,1
apparently,selective,1
apparently,outrage,1
selective,outrage,1
take,pic,1
take,two,1
take,ago,1
take,upcoming,1
take,iconic,1
take,glow,1
take,solid,1
take,big,1
take,outcome,1
pic,two,1
pic,ago,1
pic,upcoming,1
pic,iconic,1
pic,glow,1
two,ago,1
two,upcoming,1
two,iconic,1
two,glow,1
ago,upcoming,1
ago,iconic,1
ago,glow,1
upcoming,iconic,1
upcoming,glow,1
iconic,glow,1
universe,stick,1
universe,musician,1
stick,musician,1
may,third,1
may,stole,1
may,today,1
third,stole,1
third,today,1
stole,today,1
far,present,2
far,artistic,1
far,point,1
far,view,1
far,easily,1
artistic,point,1
artistic,view,1
artistic,easily,1
point,view,1
point,easily,1
point,marvelous,1
point,especially,1
point,discovery,1
point,nervous,1
point,blas,1
point,dress,1
point,room,1
point,comfort,1
point,strong,1
point,dealt,1
point,soulful,1
point,interim,1
view,easily,1
quick,throwback,1
message,believe,1
message,read,1
message,write,1
message,soul,1
believe,read,1
believe,write,1
believe,soul,1
read,write,1
read,soul,1
write,soul,1
soul,musical,1
soul,deep,1
marvelous,especially,1
marvelous,discovery,1
marvelous,nervous,1
marvelous,blas,1
marvelous,dress,1
marvelous,room,1
marvelous,comfort,1
especially,discovery,1
especially,nervous,1
especially,blas,1
especially,dress,1
especially,room,1
especially,comfort,1
discovery,nervous,1
discovery,blas,1
discovery,dress,1
discovery,room,1
discovery,comfort,1
nervous,blas,1
nervous,dress,1
nervous,room,1
nervous,comfort,1
blas,dress,1
blas,room,1
blas,comfort,1
dress,room,1
dress,comfort,1
room,comfort,1
buzz,euphemism,1
buzz,vulgar,1
buzz,group,1
euphemism,vulgar,1
euphemism,group,1
vulgar,group,1
strong,dealt,1
strong,soulful,1
strong,interim,1
dealt,soulful,1
dealt,interim,1
soulful,interim,1
entry,captivate,1
entry,lyrically,1
entry,poetic,1
entry,winning,1
entry,listening,1
captivate,lyrically,1
captivate,poetic,1
captivate,winning,1
captivate,listening,1
lyrically,poetic,1
lyrically,winning,1
lyrically,listening,1
poetic,winning,1
poetic,listening,1
winning,listening,1
extra,mine,1
musical,deep,1
deep,nothing,1
deep,true,1
open,collaboration,1
open,awesome,1
open,right,1
collaboration,awesome,1
collaboration,right,1
awesome,right,1
solid,big,1
solid,outcome,1
big,outcome,1
nothing,true,1
