Source,Target,Weight
please,tell,3
please,delegation,2
please,change,4
please,stag,2
please,want,2
please,win,2
please,dance,2
please,incredibly,2
please,great,1
please,entry,1
please,amazing,1
please,volume,1
please,go,1
please,way,1
please,high,1
please,class,1
please,tomorrow,1
please,link,1
please,page,1
please,translation,1
please,video,1
please,spot,1
tell,delegation,1
tell,change,2
tell,stag,1
tell,want,1
tell,win,1
tell,dance,1
tell,incredibly,1
tell,great,1
tell,entry,1
tell,amazing,1
tell,volume,1
tell,go,1
tell,way,1
tell,high,1
tell,class,1
tell,tomorrow,1
tell,link,1
tell,page,1
tell,translation,1
tell,video,1
tell,spot,1
tell,two,1
tell,think,2
tell,qualification,1
tell,opinion,1
tell,yes,1
tell,u,1
delegation,change,2
delegation,stag,1
delegation,want,1
delegation,win,1
delegation,dance,1
delegation,incredibly,1
change,stag,2
change,want,2
change,win,2
change,dance,2
change,incredibly,2
stag,want,1
stag,win,1
stag,dance,1
stag,incredibly,1
stag,hey,1
stag,open,1
stag,constructive,1
stag,criticism,1
stag,love,1
stag,concept,1
stag,perfect,1
stag,emotional,1
stag,delivery,1
stag,great,2
stag,say,1
stag,still,2
stag,work,1
stag,needs,1
stag,slow,1
stag,little,1
stag,less,1
stag,aggressive,1
stag,winner,1
stag,tho,1
stag,actually,1
stag,matter,1
stag,glad,1
stag,job,1
stag,song,1
stag,like,1
stag,watch,1
stag,many,1
stag,thank,1
want,win,2
want,dance,1
want,incredibly,1
want,pro,1
want,fan,1
want,appeal,1
want,similar,1
want,last,1
want,winner,1
want,reward,1
want,level,1
want,melancholy,1
want,remember,1
want,era,1
want,alive,1
win,dance,1
win,incredibly,1
win,take,1
win,part,1
win,year,2
win,wish,1
win,best,1
win,luck,1
win,song,1
win,one,1
win,last,2
win,due,1
win,pandemic,1
win,still,1
win,keep,1
win,pro,1
win,fan,1
win,appeal,1
win,similar,1
win,winner,1
win,reward,1
win,level,1
win,melancholy,1
win,remember,1
win,era,1
win,alive,1
dance,incredibly,1
take,part,1
take,year,1
take,wish,1
take,best,1
take,luck,1
take,look,1
part,year,1
part,wish,1
part,best,1
part,luck,1
year,wish,1
year,best,1
year,luck,1
year,song,1
year,one,1
year,last,1
year,due,1
year,pandemic,1
wish,best,1
wish,luck,1
best,luck,1
best,lovely,1
best,excited,1
best,see,2
best,performance,1
best,week,1
best,learn,1
best,hitchhiker,1
best,would,1
best,love,1
best,hear,1
best,mark,1
best,one,1
best,live,1
best,performer,1
best,ever,1
best,next,1
luck,let,1
luck,good,1
luck,everyone,1
listen,morning,1
listen,look,1
listen,song,1
listen,week,1
listen,mercy,1
listen,couple,1
listen,ago,1
listen,entry,1
listen,good,1
listen,one,1
listen,sadly,1
listen,still,1
listen,relevant,1
listen,thank,1
listen,goodness,1
listen,demand,1
listen,preview,1
listen,tout,1
listen,l,1
listen,radio,1
listen,home,1
listen,live,1
listen,grab,1
listen,follow,1
listen,get,2
listen,see,2
morning,look,1
morning,song,1
morning,week,1
morning,mercy,1
morning,couple,1
morning,ago,1
morning,entry,1
morning,good,1
morning,one,1
morning,sadly,1
morning,still,1
morning,relevant,1
look,song,1
look,week,1
look,mercy,1
look,couple,1
look,ago,1
look,entry,1
look,good,1
look,one,1
look,sadly,1
look,still,1
look,relevant,1
song,week,1
song,mercy,1
song,couple,1
song,ago,1
song,entry,1
song,good,1
song,one,4
song,sadly,1
song,still,3
song,relevant,1
song,whole,1
song,image,1
song,tout,3
song,l,3
song,follow,1
song,link,1
song,check,1
song,braving,2
song,pencil,2
song,case,2
song,wonder,2
song,today,2
song,wonderful,3
song,next,2
song,come,2
song,session,2
song,poll,2
song,last,1
song,due,1
song,pandemic,1
song,meaning,1
song,key,1
song,starry,1
song,fast,1
song,favorite,1
song,actually,1
song,matter,1
song,glad,1
song,great,1
song,job,1
song,like,1
song,watch,1
song,many,1
song,thank,1
week,mercy,1
week,couple,1
week,ago,1
week,entry,1
week,good,1
week,one,2
week,sadly,1
week,still,1
week,relevant,1
week,thanks,1
week,join,1
week,today,1
week,waterline,1
week,decide,1
week,next,3
week,lovely,1
week,excited,1
week,see,2
week,performance,1
week,learn,1
week,hitchhiker,1
week,would,1
week,love,1
week,hear,1
week,mark,1
week,live,1
week,performer,1
week,ever,1
week,edition,1
week,radio,1
week,international,1
week,may,1
week,available,1
week,link,1
week,excite,1
mercy,couple,1
mercy,ago,1
mercy,entry,1
mercy,good,1
mercy,one,1
mercy,sadly,1
mercy,still,1
mercy,relevant,1
couple,ago,1
couple,entry,1
couple,good,1
couple,one,1
couple,sadly,1
couple,still,1
couple,relevant,1
couple,battle,1
couple,odds,1
couple,past,1
couple,read,1
ago,entry,1
ago,good,1
ago,one,1
ago,sadly,1
ago,still,1
ago,relevant,1
entry,good,1
entry,one,1
entry,sadly,1
entry,still,1
entry,relevant,1
entry,great,1
entry,amazing,1
entry,volume,1
entry,go,1
entry,way,1
entry,high,1
entry,class,1
entry,tomorrow,1
entry,link,1
entry,page,1
entry,translation,1
entry,video,1
entry,spot,1
entry,braving,2
entry,pencil,4
entry,case,4
entry,wonder,4
entry,today,2
entry,truly,2
entry,lovely,2
entry,next,2
entry,come,2
good,one,2
good,sadly,1
good,still,1
good,relevant,1
good,give,1
good,culture,1
good,recognition,1
good,everything,1
good,touch,1
good,turn,1
good,gold,1
good,love,2
good,number,1
good,let,1
good,everyone,1
one,sadly,1
one,still,1
one,relevant,1
one,whole,1
one,image,1
one,tout,1
one,l,1
one,follow,1
one,link,1
one,check,1
one,lovely,1
one,excited,1
one,see,2
one,performance,1
one,learn,1
one,hitchhiker,1
one,would,1
one,love,3
one,hear,1
one,mark,1
one,live,1
one,performer,1
one,ever,1
one,next,1
one,last,1
one,due,1
one,pandemic,1
one,wonderful,1
one,meaning,1
one,key,1
one,starry,1
one,fast,1
one,give,1
one,culture,1
one,recognition,1
one,everything,1
one,touch,1
one,turn,1
one,gold,1
one,number,1
one,sure,1
one,fit,1
one,two,1
sadly,still,1
sadly,relevant,1
still,relevant,1
still,braving,2
still,pencil,2
still,case,2
still,wonder,2
still,today,2
still,wonderful,2
still,tout,2
still,l,2
still,next,2
still,come,2
still,session,2
still,poll,2
still,keep,1
still,hey,2
still,open,2
still,constructive,2
still,criticism,2
still,love,2
still,concept,2
still,perfect,2
still,emotional,2
still,delivery,2
still,great,2
still,say,2
still,work,2
still,needs,2
still,slow,2
still,little,2
still,less,2
still,aggressive,2
still,winner,2
still,tho,2
great,amazing,1
great,volume,1
great,go,1
great,way,1
great,high,1
great,class,1
great,tomorrow,1
great,link,1
great,page,1
great,translation,1
great,video,1
great,spot,1
great,hey,1
great,open,1
great,constructive,1
great,criticism,1
great,love,1
great,concept,1
great,perfect,1
great,emotional,1
great,delivery,1
great,say,2
great,work,1
great,needs,1
great,slow,1
great,little,1
great,less,1
great,aggressive,1
great,winner,1
great,tho,1
great,see,1
great,time,1
great,final,2
great,directly,1
great,assume,1
great,definitely,1
great,make,1
great,actually,1
great,matter,1
great,glad,1
great,job,1
great,like,1
great,watch,1
great,many,1
great,thank,1
amazing,volume,1
amazing,go,1
amazing,way,1
amazing,high,1
amazing,class,1
amazing,tomorrow,1
amazing,link,1
amazing,page,1
amazing,translation,1
amazing,video,1
amazing,spot,1
amazing,outfit,1
amazing,show,1
amazing,today,1
amazing,session,1
amazing,pencil,1
amazing,case,1
amazing,wonder,1
amazing,interview,1
amazing,x,1
volume,go,1
volume,way,1
volume,high,1
volume,class,1
volume,tomorrow,1
volume,link,1
volume,page,1
volume,translation,1
volume,video,1
volume,spot,1
go,way,1
go,high,1
go,class,1
go,tomorrow,1
go,link,1
go,page,1
go,translation,1
go,video,1
go,spot,1
go,day,1
go,string,1
go,arrangement,1
go,cover,1
go,tout,1
go,l,1
go,hot,1
go,today,1
go,live,1
go,get,1
go,trophy,1
way,high,1
way,class,1
way,tomorrow,1
way,link,1
way,page,1
way,translation,1
way,video,1
way,spot,1
way,rehearsal,1
way,big,1
way,stage,1
high,class,1
high,tomorrow,1
high,link,1
high,page,1
high,translation,1
high,video,1
high,spot,1
class,tomorrow,1
class,link,1
class,page,1
class,translation,1
class,video,1
class,spot,1
tomorrow,link,1
tomorrow,page,1
tomorrow,translation,1
tomorrow,video,1
tomorrow,spot,1
tomorrow,ready,1
tomorrow,special,1
link,page,1
link,translation,1
link,video,1
link,spot,1
link,whole,1
link,image,1
link,tout,1
link,l,1
link,follow,1
link,check,2
link,new,1
link,post,1
link,rapid,1
link,short,1
link,sweet,1
link,slightly,1
link,vincent,1
link,edition,1
link,radio,1
link,international,1
link,may,1
link,available,1
page,translation,1
page,video,1
page,spot,1
translation,video,1
translation,spot,1
video,spot,1
live,turquoise,1
live,carpet,1
live,lovely,1
live,excited,1
live,see,3
live,performance,1
live,learn,1
live,hitchhiker,1
live,would,1
live,love,1
live,hear,1
live,mark,1
live,performer,1
live,ever,1
live,next,1
live,top,1
live,show,1
live,preview,1
live,tout,1
live,l,1
live,radio,1
live,home,1
live,grab,1
live,follow,1
live,new,1
live,cover,1
live,front,1
live,might,2
live,cheekily,1
live,stick,1
live,oh,1
live,absolutely,1
live,really,1
live,winner,1
live,hot,1
live,today,1
turquoise,carpet,1
whole,image,1
whole,tout,1
whole,l,1
whole,follow,1
whole,check,1
image,tout,1
image,l,1
image,follow,1
image,check,1
tout,l,8
tout,follow,2
tout,check,1
tout,braving,2
tout,pencil,2
tout,case,2
tout,wonder,2
tout,today,2
tout,wonderful,2
tout,next,2
tout,come,2
tout,session,2
tout,poll,2
tout,counting,1
tout,inspired,1
tout,personal,1
tout,top,1
tout,preview,1
tout,radio,1
tout,home,1
tout,grab,1
tout,day,1
tout,string,1
tout,arrangement,1
tout,cover,1
tout,first,1
tout,rehearsal,1
l,follow,2
l,check,1
l,braving,2
l,pencil,2
l,case,2
l,wonder,2
l,today,2
l,wonderful,2
l,next,2
l,come,2
l,session,2
l,poll,2
l,counting,1
l,inspired,1
l,personal,1
l,top,1
l,preview,1
l,radio,1
l,home,1
l,grab,1
l,day,1
l,string,1
l,arrangement,1
l,cover,1
l,first,1
l,rehearsal,1
follow,check,1
follow,preview,1
follow,radio,1
follow,home,1
follow,grab,1
check,new,1
check,post,1
check,rapid,1
check,short,1
check,sweet,1
check,slightly,1
check,vincent,1
check,quote,1
winner,material,1
winner,hey,1
winner,open,1
winner,constructive,1
winner,criticism,1
winner,love,1
winner,concept,1
winner,perfect,1
winner,emotional,1
winner,delivery,1
winner,say,1
winner,work,1
winner,needs,1
winner,slow,1
winner,little,1
winner,less,1
winner,aggressive,1
winner,tho,1
winner,pro,1
winner,fan,1
winner,appeal,1
winner,similar,1
winner,last,1
winner,reward,1
winner,level,1
winner,melancholy,1
winner,remember,1
winner,era,1
winner,alive,1
winner,absolutely,2
winner,oh,1
winner,really,1
winner,see,1
winner,might,1
show,today,1
show,session,1
show,pencil,2
show,case,2
show,wonder,2
show,interview,1
show,x,1
show,top,1
show,braving,1
show,special,1
show,next,1
show,brilliant,1
show,hear,1
show,brave,1
show,tune,1
show,may,1
show,lots,1
today,session,3
today,pencil,7
today,case,7
today,wonder,7
today,interview,1
today,x,1
today,thanks,1
today,join,1
today,waterline,1
today,decide,1
today,next,5
today,braving,4
today,wonderful,2
today,come,4
today,poll,2
today,truly,2
today,lovely,2
today,distance,1
today,hot,1
session,pencil,4
session,case,4
session,wonder,4
session,interview,1
session,x,1
session,braving,2
session,wonderful,2
session,next,2
session,come,2
session,poll,2
session,girl,1
session,special,1
session,brave,1
session,v,1
pencil,case,14
pencil,wonder,14
pencil,interview,2
pencil,x,2
pencil,amaze,1
pencil,tune,2
pencil,braving,7
pencil,wonderful,2
pencil,next,7
pencil,come,6
pencil,poll,2
pencil,truly,4
pencil,lovely,4
pencil,girl,1
pencil,special,2
pencil,brave,2
pencil,v,1
pencil,brilliant,1
pencil,hear,1
pencil,may,1
pencil,lots,1
case,wonder,14
case,interview,2
case,x,2
case,amaze,1
case,tune,2
case,braving,7
case,wonderful,2
case,next,7
case,come,6
case,poll,2
case,truly,4
case,lovely,4
case,girl,1
case,special,2
case,brave,2
case,v,1
case,brilliant,1
case,hear,1
case,may,1
case,lots,1
wonder,interview,2
wonder,x,2
wonder,amaze,1
wonder,tune,2
wonder,braving,7
wonder,wonderful,2
wonder,next,7
wonder,come,6
wonder,poll,2
wonder,truly,4
wonder,lovely,4
wonder,girl,1
wonder,special,2
wonder,brave,2
wonder,v,1
wonder,brilliant,1
wonder,hear,1
wonder,may,1
wonder,lots,1
interview,x,2
interview,amaze,1
interview,tune,1
x,amaze,1
x,tune,1
thanks,join,1
thanks,waterline,1
thanks,decide,1
thanks,next,1
join,waterline,1
join,decide,1
join,next,1
waterline,decide,1
waterline,next,1
decide,next,1
next,lovely,3
next,excited,1
next,see,2
next,performance,1
next,learn,1
next,hitchhiker,1
next,would,1
next,love,1
next,hear,2
next,mark,1
next,performer,1
next,ever,1
next,braving,5
next,wonderful,2
next,come,4
next,poll,2
next,truly,2
next,excite,1
next,special,1
next,brilliant,1
next,brave,1
next,tune,1
next,may,1
next,lots,1
amaze,tune,1
tune,braving,1
tune,special,1
tune,brilliant,1
tune,hear,1
tune,brave,1
tune,may,1
tune,lots,1
lovely,excited,1
lovely,see,2
lovely,performance,1
lovely,learn,1
lovely,hitchhiker,1
lovely,would,1
lovely,love,2
lovely,hear,1
lovely,mark,1
lovely,performer,1
lovely,ever,1
lovely,fell,1
lovely,little,1
lovely,braving,2
lovely,truly,2
lovely,come,2
excited,see,2
excited,performance,1
excited,learn,1
excited,hitchhiker,1
excited,would,1
excited,love,1
excited,hear,1
excited,mark,1
excited,performer,1
excited,ever,1
see,performance,2
see,learn,2
see,hitchhiker,2
see,would,2
see,love,2
see,hear,2
see,mark,2
see,performer,2
see,ever,2
see,get,1
see,time,1
see,say,1
see,final,2
see,directly,1
see,assume,1
see,definitely,1
see,make,1
see,wow,1
see,first,1
see,rehearsal,1
see,nice,1
see,everything,1
see,come,1
see,together,1
see,big,1
see,stage,1
see,oh,1
see,absolutely,1
see,really,1
see,might,1
performance,learn,1
performance,hitchhiker,1
performance,would,1
performance,love,1
performance,hear,1
performance,mark,1
performance,performer,1
performance,ever,1
learn,hitchhiker,1
learn,would,1
learn,love,1
learn,hear,1
learn,mark,1
learn,performer,1
learn,ever,1
hitchhiker,would,1
hitchhiker,love,1
hitchhiker,hear,1
hitchhiker,mark,1
hitchhiker,performer,1
hitchhiker,ever,1
would,love,1
would,hear,1
would,mark,1
would,performer,1
would,ever,1
would,yes,1
would,less,1
would,aggressive,1
would,better,1
love,hear,1
love,mark,1
love,performer,1
love,ever,1
love,fell,1
love,little,2
love,sweet,1
love,hey,1
love,open,1
love,constructive,1
love,criticism,1
love,concept,1
love,perfect,1
love,emotional,1
love,delivery,1
love,say,1
love,work,1
love,needs,1
love,slow,1
love,less,1
love,aggressive,1
love,tho,1
love,give,2
love,culture,2
love,recognition,2
love,everything,2
love,touch,2
love,turn,2
love,gold,2
love,number,2
hear,mark,1
hear,performer,1
hear,ever,1
hear,poll,1
hear,time,1
hear,grandfather,1
hear,cry,2
hear,sing,1
hear,braving,1
hear,special,1
hear,brilliant,1
hear,brave,1
hear,may,1
hear,lots,1
mark,performer,1
mark,ever,1
performer,ever,1
fell,little,1
little,hey,1
little,open,1
little,constructive,1
little,criticism,1
little,concept,1
little,perfect,1
little,emotional,1
little,delivery,1
little,say,1
little,work,1
little,needs,1
little,slow,1
little,less,1
little,aggressive,1
little,tho,1
sweet,new,1
sweet,post,1
sweet,rapid,1
sweet,short,1
sweet,slightly,1
sweet,vincent,1
braving,wonderful,2
braving,come,4
braving,poll,2
braving,truly,2
braving,special,1
braving,brilliant,1
braving,brave,1
braving,may,1
braving,lots,1
wonderful,come,2
wonderful,poll,2
wonderful,meaning,1
wonderful,key,1
wonderful,starry,1
wonderful,fast,1
come,poll,2
come,truly,2
come,wow,1
come,first,1
come,rehearsal,1
come,nice,1
come,everything,1
come,together,1
come,big,1
come,stage,1
poll,time,1
poll,grandfather,1
poll,cry,2
poll,sing,1
brilliant,choice,1
brilliant,special,1
brilliant,brave,1
brilliant,may,1
brilliant,lots,1
thank,goodness,1
thank,demand,1
thank,actually,1
thank,matter,1
thank,glad,1
thank,job,1
thank,like,1
thank,watch,1
thank,many,1
goodness,demand,1
sensational,blue,4
sensational,sound,2
sensational,summer,2
sensational,life,2
sensational,soon,2
sensational,brave,2
sensational,music,2
blue,sound,4
blue,summer,4
blue,life,4
blue,soon,4
blue,brave,4
blue,music,4
sound,summer,2
sound,life,2
sound,soon,2
sound,brave,2
sound,music,2
summer,life,2
summer,soon,2
summer,brave,2
summer,music,2
life,soon,2
life,brave,2
life,music,2
soon,brave,2
soon,music,2
brave,music,2
brave,girl,1
brave,special,2
brave,v,1
brave,may,1
brave,lots,1
name,sensuous,1
girl,special,1
girl,v,1
special,v,1
special,ready,1
special,may,1
special,lots,1
second,rehearsal,2
second,clip,1
second,make,1
second,successful,1
rehearsal,clip,1
rehearsal,make,1
rehearsal,successful,1
rehearsal,big,2
rehearsal,stage,2
rehearsal,first,2
rehearsal,wow,1
rehearsal,nice,1
rehearsal,everything,1
rehearsal,together,1
clip,make,1
make,everyone,1
make,cry,1
make,become,1
make,shock,1
make,qualifier,1
make,pity,1
make,wrong,1
make,concern,1
make,act,1
make,give,1
make,enough,1
make,credit,1
make,stage,1
make,magic,1
make,happen,2
make,like,1
make,time,1
make,say,1
make,final,2
make,directly,1
make,assume,1
make,definitely,1
counting,inspired,1
counting,personal,1
counting,top,1
inspired,personal,1
inspired,top,1
personal,top,1
since,sang,1
since,lipstick,1
sang,lipstick,1
last,due,1
last,pandemic,1
last,pro,1
last,fan,1
last,appeal,1
last,similar,1
last,reward,1
last,level,1
last,melancholy,1
last,remember,1
last,era,1
last,alive,1
due,pandemic,1
everyone,cry,1
everyone,become,1
everyone,shock,1
everyone,qualifier,1
everyone,let,1
cry,become,1
cry,shock,1
cry,qualifier,1
cry,time,2
cry,grandfather,2
cry,sing,2
become,shock,1
become,qualifier,1
shock,qualifier,1
time,grandfather,1
time,sing,1
time,say,1
time,final,2
time,directly,1
time,assume,1
time,definitely,1
grandfather,sing,1
preview,radio,1
preview,home,1
preview,grab,1
radio,home,1
radio,grab,1
radio,edition,1
radio,international,1
radio,may,1
radio,available,1
home,grab,1
pity,wrong,1
pity,concern,1
pity,act,1
wrong,concern,1
wrong,act,1
concern,act,1
less,fast,1
less,camera,1
less,cut,1
less,yes,1
less,aggressive,2
less,better,1
less,hey,1
less,open,1
less,constructive,1
less,criticism,1
less,concept,1
less,perfect,1
less,emotional,1
less,delivery,1
less,say,1
less,work,1
less,needs,1
less,slow,1
less,tho,1
fast,camera,1
fast,cut,1
fast,meaning,1
fast,key,1
fast,starry,1
camera,cut,1
day,string,1
day,arrangement,1
day,cover,1
day,final,1
string,arrangement,1
string,cover,1
arrangement,cover,1
cover,new,1
cover,front,1
cover,might,1
cover,cheekily,1
cover,stick,1
give,enough,1
give,credit,1
give,stage,1
give,magic,1
give,happen,1
give,like,1
give,culture,1
give,recognition,1
give,everything,1
give,touch,1
give,turn,1
give,gold,1
give,number,1
enough,credit,1
enough,stage,1
enough,magic,1
enough,happen,1
enough,like,1
credit,stage,1
credit,magic,1
credit,happen,1
credit,like,1
stage,magic,1
stage,happen,1
stage,like,1
stage,big,2
stage,prefer,1
stage,piano,1
stage,dynamic,1
stage,voice,1
stage,need,1
stage,anything,1
stage,else,1
stage,wow,1
stage,first,1
stage,nice,1
stage,everything,1
stage,together,1
magic,happen,1
magic,like,1
happen,like,1
like,actually,1
like,matter,1
like,glad,1
like,job,1
like,watch,1
like,many,1
yes,aggressive,1
yes,better,1
yes,two,1
yes,think,2
yes,qualification,1
yes,opinion,1
yes,u,1
yes,bring,1
yes,contest,1
yes,back,1
aggressive,better,1
aggressive,hey,1
aggressive,open,1
aggressive,constructive,1
aggressive,criticism,1
aggressive,concept,1
aggressive,perfect,1
aggressive,emotional,1
aggressive,delivery,1
aggressive,say,1
aggressive,work,1
aggressive,needs,1
aggressive,slow,1
aggressive,tho,1
hey,open,1
hey,constructive,1
hey,criticism,1
hey,concept,1
hey,perfect,1
hey,emotional,1
hey,delivery,1
hey,say,1
hey,work,1
hey,needs,1
hey,slow,1
hey,tho,1
open,constructive,1
open,criticism,1
open,concept,1
open,perfect,1
open,emotional,1
open,delivery,1
open,say,1
open,work,1
open,needs,1
open,slow,1
open,tho,1
constructive,criticism,1
constructive,concept,1
constructive,perfect,1
constructive,emotional,1
constructive,delivery,1
constructive,say,1
constructive,work,1
constructive,needs,1
constructive,slow,1
constructive,tho,1
criticism,concept,1
criticism,perfect,1
criticism,emotional,1
criticism,delivery,1
criticism,say,1
criticism,work,1
criticism,needs,1
criticism,slow,1
criticism,tho,1
concept,perfect,1
concept,emotional,1
concept,delivery,1
concept,say,1
concept,work,1
concept,needs,1
concept,slow,1
concept,tho,1
perfect,emotional,1
perfect,delivery,1
perfect,say,1
perfect,work,1
perfect,needs,1
perfect,slow,1
perfect,tho,1
emotional,delivery,1
emotional,say,1
emotional,work,1
emotional,needs,1
emotional,slow,1
emotional,tho,1
delivery,say,1
delivery,work,1
delivery,needs,1
delivery,slow,1
delivery,tho,1
say,work,1
say,needs,1
say,slow,1
say,tho,1
say,final,2
say,directly,1
say,assume,1
say,definitely,1
work,needs,1
work,slow,1
work,tho,1
needs,slow,1
needs,tho,1
slow,tho,1
get,trophy,1
weird,hand,1
two,think,2
two,qualification,1
two,opinion,1
two,u,1
two,sure,1
two,fit,1
think,qualification,2
think,opinion,2
think,u,2
qualification,opinion,1
qualification,u,1
opinion,u,1
vol,stream,1
vol,track,1
vol,calypso,1
vol,every,1
vol,stunning,1
vol,staging,1
vol,die,1
stream,track,1
stream,calypso,1
stream,every,1
track,calypso,1
track,every,1
calypso,every,1
new,post,1
new,rapid,1
new,short,1
new,slightly,1
new,vincent,1
new,front,1
new,might,1
new,cheekily,1
new,stick,1
post,rapid,1
post,short,1
post,slightly,1
post,vincent,1
rapid,short,1
rapid,slightly,1
rapid,vincent,1
short,slightly,1
short,vincent,1
slightly,vincent,1
pro,fan,1
pro,appeal,1
pro,similar,1
pro,reward,1
pro,level,1
pro,melancholy,1
pro,remember,1
pro,era,1
pro,alive,1
fan,appeal,1
fan,similar,1
fan,reward,1
fan,level,1
fan,melancholy,1
fan,remember,1
fan,era,1
fan,alive,1
appeal,similar,1
appeal,reward,1
appeal,level,1
appeal,melancholy,1
appeal,remember,1
appeal,era,1
appeal,alive,1
similar,reward,1
similar,level,1
similar,melancholy,1
similar,remember,1
similar,era,1
similar,alive,1
reward,level,1
reward,melancholy,1
reward,remember,1
reward,era,1
reward,alive,1
level,melancholy,1
level,remember,1
level,era,1
level,alive,1
melancholy,remember,1
melancholy,era,1
melancholy,alive,1
remember,era,1
remember,alive,1
era,alive,1
big,wow,1
big,first,1
big,nice,1
big,everything,1
big,together,1
meaning,key,1
meaning,starry,1
key,starry,1
prefer,piano,1
prefer,dynamic,1
prefer,voice,1
prefer,need,1
prefer,anything,1
prefer,else,1
piano,dynamic,1
piano,voice,1
piano,need,1
piano,anything,1
piano,else,1
dynamic,voice,1
dynamic,need,1
dynamic,anything,1
dynamic,else,1
voice,need,1
voice,anything,1
voice,else,1
need,anything,1
need,else,1
anything,else,1
edition,international,1
edition,may,1
edition,available,1
international,may,1
international,available,1
may,available,1
may,lots,1
final,directly,2
final,assume,2
final,definitely,2
directly,assume,1
directly,definitely,1
assume,definitely,1
bet,odds,1
bet,first,1
odds,first,1
odds,battle,1
odds,past,1
odds,read,1
first,wow,1
first,nice,1
first,everything,1
first,together,1
battle,past,1
battle,read,1
past,read,1
account,hope,1
culture,recognition,1
culture,everything,1
culture,touch,1
culture,turn,1
culture,gold,1
culture,number,1
recognition,everything,1
recognition,touch,1
recognition,turn,1
recognition,gold,1
recognition,number,1
everything,touch,1
everything,turn,1
everything,gold,1
everything,number,1
everything,wow,1
everything,nice,1
everything,together,1
touch,turn,1
touch,gold,1
touch,number,1
turn,gold,1
turn,number,1
gold,number,1
front,might,1
front,cheekily,1
front,stick,1
might,cheekily,1
might,stick,1
might,oh,1
might,absolutely,1
might,really,1
cheekily,stick,1
wow,nice,1
wow,together,1
nice,together,1
actually,matter,1
actually,glad,1
actually,job,1
actually,watch,1
actually,many,1
matter,glad,1
matter,job,1
matter,watch,1
matter,many,1
glad,job,1
glad,watch,1
glad,many,1
job,watch,1
job,many,1
watch,many,1
sure,fit,1
stunning,staging,1
stunning,die,1
staging,die,1
absolutely,oh,1
absolutely,really,1
oh,really,1
saving,geneva,1
safe,trip,1
safe,la,1
trip,la,1
bring,contest,1
bring,back,1
contest,back,1
