Id,Label,Count
thank,thank,3
enjoy,enjoy,2
voice,voice,4
since,since,1
hope,hope,2
see,see,2
time,time,2
soon,soon,1
whole,whole,1
universe,universe,1
love,love,4
heart,heart,1
soul,soul,1
song,song,6
wonderful,wonderful,2
lovely,lovely,1
friend,friend,1
blas,blas,2
contest,contest,1
cry,cry,1
thanks,thanks,3
stream,stream,1
clear,clear,1
skin,skin,1
turn,turn,1
already,already,2
entertaining,entertaining,1
interview,interview,2
bomb,bomb,1
fun,fun,2
let,let,1
mixed,mixed,1
language,language,1
translate,translate,1
answer,answer,1
say,say,1
yeah,yeah,1
singer,singer,2
edit,edit,1
trace,trace,1
copy,copy,1
repost,repost,1
art,art,1
type,type,1
reproduction,reproduction,1
strictly,strictly,1
watch,watch,1
performance,performance,1
grand,grand,1
final,final,2
like,like,1
cute,cute,1
amaze,amaze,1
would,would,3
give,give,1
life,life,2
crazy,crazy,1
maybe,maybe,1
less,less,1
minute,minute,1
version,version,2
tout,tout,4
l,l,4
get,get,1
stuck,stuck,1
head,head,1
consider,consider,1
full,full,1
need,need,1
amazing,amazing,1
community,community,1
enlight,enlight,1
go,go,2
club,club,1
calling,calling,1
anyone,anyone,1
record,record,1
live,live,1
singing,singing,1
beautiful,beautiful,1
winner,winner,1
know,know,2
apart,apart,1
u,u,1
truth,truth,1
really,really,1
miserable,miserable,1
man,man,1
f,f,1
choreography,choreography,1
king,king,2
hot,hot,1
mess,mess,1
actually,actually,1
handle,handle,1
though,though,1
review,review,1
react,react,1
top,top,1
year,year,1
make,make,2
catch,catch,1
cover,cover,1
schweizer,schweizer,1
one,one,1
boy,boy,1
world,world,1
el,el,1
look,look,1
forward,forward,1
day,day,1
add,add,1
new,new,1
complete,complete,1
collection,collection,1
release,release,1
merch,merch,1
power,power,1
tweet,tweet,1
wholesome,wholesome,1
case,case,1
spontaneous,spontaneous,1
reaction,reaction,1
might,might,1
best,best,1
single,single,1
backstage,backstage,1
moment,moment,2
dynamic,dynamic,1
strong,strong,1
father,father,1
autobiographical,autobiographical,1
aesthetic,aesthetic,1
semifinal,semifinal,1
split,split,1
screen,screen,1
angelic,angelic,1
soothe,soothe,1
well,well,1
check,check,1
swiss,swiss,1
experience,experience,1
friendly,friendly,1
reminder,reminder,1
proper,proper,1
recording,recording,1
put,put,1
money,money,1
cause,cause,1
repeat,repeat,1
rest,rest,1
