Source,Target,Weight
thank,enjoy,1
thank,voice,2
thank,since,1
thank,hope,1
thank,see,1
thank,time,1
thank,soon,1
thank,beautiful,1
thank,song,2
thank,winner,1
thank,thanks,1
thank,know,2
thank,apart,1
thank,u,1
thank,truth,1
thank,really,1
thank,miserable,1
thank,man,1
thank,f,1
thank,release,1
thank,merch,1
enjoy,voice,1
enjoy,since,1
enjoy,hope,1
enjoy,see,1
enjoy,time,1
enjoy,soon,1
enjoy,turn,1
enjoy,already,1
enjoy,entertaining,1
enjoy,interview,1
enjoy,bomb,1
enjoy,fun,1
enjoy,let,1
enjoy,mixed,1
enjoy,language,1
enjoy,blas,1
enjoy,translate,1
enjoy,answer,1
enjoy,say,1
enjoy,yeah,1
voice,since,1
voice,hope,1
voice,see,1
voice,time,2
voice,soon,1
voice,watch,1
voice,performance,1
voice,grand,1
voice,final,2
voice,like,1
voice,cute,1
voice,amaze,1
voice,would,1
voice,give,1
voice,life,1
voice,crazy,1
voice,beautiful,1
voice,song,2
voice,winner,1
voice,thanks,1
voice,know,2
voice,apart,1
voice,u,1
voice,truth,1
voice,really,1
voice,miserable,1
voice,man,1
voice,f,1
voice,tout,1
voice,l,1
voice,semifinal,1
voice,split,1
voice,screen,1
voice,angelic,1
voice,soothe,1
voice,well,1
since,hope,1
since,see,1
since,time,1
since,soon,1
hope,see,1
hope,time,1
hope,soon,1
hope,love,1
hope,dynamic,1
hope,strong,1
hope,song,1
hope,father,1
hope,autobiographical,1
see,time,1
see,soon,1
see,need,1
time,soon,1
time,watch,1
time,performance,1
time,grand,1
time,final,1
time,like,1
time,cute,1
time,amaze,1
time,would,1
time,give,1
time,life,1
time,crazy,1
whole,universe,1
love,heart,1
love,soul,1
love,one,1
love,boy,1
love,world,1
love,dynamic,1
love,strong,1
love,song,1
love,father,1
love,autobiographical,1
heart,soul,1
song,wonderful,6
song,lovely,3
song,friend,3
song,blas,3
song,contest,3
song,cry,3
song,thanks,5
song,beautiful,2
song,winner,2
song,know,4
song,apart,2
song,u,2
song,truth,2
song,really,2
song,miserable,2
song,man,2
song,f,2
song,dynamic,1
song,strong,1
song,father,1
song,autobiographical,1
wonderful,lovely,2
wonderful,friend,2
wonderful,blas,2
wonderful,contest,2
wonderful,cry,2
wonderful,thanks,2
lovely,friend,1
lovely,blas,1
lovely,contest,1
lovely,cry,1
lovely,thanks,1
friend,blas,1
friend,contest,1
friend,cry,1
friend,thanks,1
blas,contest,1
blas,cry,1
blas,thanks,1
blas,turn,1
blas,already,1
blas,entertaining,1
blas,interview,1
blas,bomb,1
blas,fun,1
blas,let,1
blas,mixed,1
blas,language,1
blas,translate,1
blas,answer,1
blas,say,1
blas,yeah,1
contest,cry,1
contest,thanks,1
cry,thanks,1
thanks,beautiful,1
thanks,winner,1
thanks,know,2
thanks,apart,1
thanks,u,1
thanks,truth,1
thanks,really,1
thanks,miserable,1
thanks,man,1
thanks,f,1
stream,clear,1
stream,skin,1
clear,skin,1
turn,already,1
turn,entertaining,1
turn,interview,1
turn,bomb,1
turn,fun,1
turn,let,1
turn,mixed,1
turn,language,1
turn,translate,1
turn,answer,1
turn,say,1
turn,yeah,1
already,entertaining,1
already,interview,1
already,bomb,1
already,fun,1
already,let,1
already,mixed,1
already,language,1
already,translate,1
already,answer,1
already,say,1
already,yeah,1
already,less,1
already,minute,1
already,version,2
already,tout,1
already,l,1
already,get,1
already,stuck,1
already,head,1
already,consider,1
already,full,1
entertaining,interview,1
entertaining,bomb,1
entertaining,fun,1
entertaining,let,1
entertaining,mixed,1
entertaining,language,1
entertaining,translate,1
entertaining,answer,1
entertaining,say,1
entertaining,yeah,1
interview,bomb,1
interview,fun,1
interview,let,1
interview,mixed,1
interview,language,1
interview,translate,1
interview,answer,1
interview,say,1
interview,yeah,1
interview,check,1
interview,swiss,1
interview,singer,1
interview,experience,1
bomb,fun,1
bomb,let,1
bomb,mixed,1
bomb,language,1
bomb,translate,1
bomb,answer,1
bomb,say,1
bomb,yeah,1
fun,let,1
fun,mixed,1
fun,language,1
fun,translate,1
fun,answer,1
fun,say,1
fun,yeah,1
fun,go,1
fun,club,1
let,mixed,1
let,language,1
let,translate,1
let,answer,1
let,say,1
let,yeah,1
mixed,language,1
mixed,translate,1
mixed,answer,1
mixed,say,1
mixed,yeah,1
language,translate,1
language,answer,1
language,say,1
language,yeah,1
translate,answer,1
translate,say,1
translate,yeah,1
answer,say,1
answer,yeah,1
say,yeah,1
singer,edit,1
singer,trace,1
singer,copy,1
singer,repost,1
singer,art,1
singer,type,1
singer,reproduction,1
singer,strictly,1
singer,check,1
singer,swiss,1
singer,experience,1
edit,trace,1
edit,copy,1
edit,repost,1
edit,art,1
edit,type,1
edit,reproduction,1
edit,strictly,1
trace,copy,1
trace,repost,1
trace,art,1
trace,type,1
trace,reproduction,1
trace,strictly,1
copy,repost,1
copy,art,1
copy,type,1
copy,reproduction,1
copy,strictly,1
repost,art,1
repost,type,1
repost,reproduction,1
repost,strictly,1
art,type,1
art,reproduction,1
art,strictly,1
type,reproduction,1
type,strictly,1
reproduction,strictly,1
watch,performance,1
watch,grand,1
watch,final,1
watch,like,1
watch,cute,1
watch,amaze,1
watch,would,1
watch,give,1
watch,life,1
watch,crazy,1
performance,grand,1
performance,final,1
performance,like,1
performance,cute,1
performance,amaze,1
performance,would,1
performance,give,1
performance,life,1
performance,crazy,1
grand,final,1
grand,like,1
grand,cute,1
grand,amaze,1
grand,would,1
grand,give,1
grand,life,1
grand,crazy,1
final,like,1
final,cute,1
final,amaze,1
final,would,1
final,give,1
final,life,1
final,crazy,1
final,tout,1
final,l,1
final,semifinal,1
final,split,1
final,screen,1
final,angelic,1
final,soothe,1
final,well,1
like,cute,1
like,amaze,1
like,would,1
like,give,1
like,life,1
like,crazy,1
cute,amaze,1
cute,would,1
cute,give,1
cute,life,1
cute,crazy,1
amaze,would,1
amaze,give,1
amaze,life,1
amaze,crazy,1
would,give,1
would,life,3
would,crazy,1
would,proper,2
would,recording,2
would,put,2
would,make,2
would,money,2
would,cause,2
would,repeat,2
would,rest,2
give,life,1
give,crazy,1
life,crazy,1
life,proper,1
life,recording,1
life,put,1
life,make,1
life,money,1
life,cause,1
life,repeat,1
life,rest,1
less,minute,1
less,version,2
less,tout,1
less,l,1
less,get,1
less,stuck,1
less,head,1
less,consider,1
less,full,1
minute,version,2
minute,tout,1
minute,l,1
minute,get,1
minute,stuck,1
minute,head,1
minute,consider,1
minute,full,1
version,tout,2
version,l,2
version,get,2
version,stuck,2
version,head,2
version,consider,2
version,full,2
tout,l,4
tout,get,1
tout,stuck,1
tout,head,1
tout,consider,1
tout,full,1
tout,el,1
tout,case,1
tout,spontaneous,1
tout,reaction,1
tout,might,1
tout,best,1
tout,single,1
tout,backstage,1
tout,moment,1
tout,semifinal,1
tout,split,1
tout,screen,1
tout,angelic,1
tout,soothe,1
tout,well,1
l,get,1
l,stuck,1
l,head,1
l,consider,1
l,full,1
l,el,1
l,case,1
l,spontaneous,1
l,reaction,1
l,might,1
l,best,1
l,single,1
l,backstage,1
l,moment,1
l,semifinal,1
l,split,1
l,screen,1
l,angelic,1
l,soothe,1
l,well,1
get,stuck,1
get,head,1
get,consider,1
get,full,1
stuck,head,1
stuck,consider,1
stuck,full,1
head,consider,1
head,full,1
consider,full,1
go,club,1
go,review,1
go,react,1
go,top,1
go,year,1
go,make,1
go,catch,1
calling,anyone,1
calling,record,1
calling,live,1
calling,singing,1
anyone,record,1
anyone,live,1
anyone,singing,1
record,live,1
record,singing,1
live,singing,1
beautiful,winner,1
beautiful,know,2
beautiful,apart,1
beautiful,u,1
beautiful,truth,1
beautiful,really,1
beautiful,miserable,1
beautiful,man,1
beautiful,f,1
winner,know,2
winner,apart,1
winner,u,1
winner,truth,1
winner,really,1
winner,miserable,1
winner,man,1
winner,f,1
know,apart,2
know,u,2
know,truth,2
know,really,2
know,miserable,2
know,man,2
know,f,2
apart,u,1
apart,truth,1
apart,really,1
apart,miserable,1
apart,man,1
apart,f,1
u,truth,1
u,really,1
u,miserable,1
u,man,1
u,f,1
truth,really,1
truth,miserable,1
truth,man,1
truth,f,1
really,miserable,1
really,man,1
really,f,1
miserable,man,1
miserable,f,1
man,f,1
choreography,king,1
king,hot,1
king,mess,1
king,actually,1
king,handle,1
king,though,1
hot,mess,1
hot,actually,1
hot,handle,1
hot,though,1
mess,actually,1
mess,handle,1
mess,though,1
actually,handle,1
actually,though,1
handle,though,1
review,react,1
review,top,1
review,year,1
review,make,1
review,catch,1
react,top,1
react,year,1
react,make,1
react,catch,1
top,year,1
top,make,1
top,catch,1
year,make,1
year,catch,1
make,catch,1
make,proper,1
make,recording,1
make,put,1
make,money,1
make,cause,1
make,repeat,1
make,rest,1
cover,schweizer,1
one,boy,1
one,world,1
boy,world,1
look,forward,1
look,day,1
look,add,1
look,new,1
look,complete,1
look,collection,1
forward,day,1
forward,add,1
forward,new,1
forward,complete,1
forward,collection,1
day,add,1
day,new,1
day,complete,1
day,collection,1
add,new,1
add,complete,1
add,collection,1
new,complete,1
new,collection,1
complete,collection,1
release,merch,1
tweet,wholesome,1
case,spontaneous,1
case,reaction,1
case,might,1
case,best,1
case,single,1
case,backstage,1
case,moment,1
spontaneous,reaction,1
spontaneous,might,1
spontaneous,best,1
spontaneous,single,1
spontaneous,backstage,1
spontaneous,moment,1
reaction,might,1
reaction,best,1
reaction,single,1
reaction,backstage,1
reaction,moment,1
might,best,1
might,single,1
might,backstage,1
might,moment,1
best,single,1
best,backstage,1
best,moment,1
single,backstage,1
single,moment,1
backstage,moment,1
moment,aesthetic,1
dynamic,strong,1
dynamic,father,1
dynamic,autobiographical,1
strong,father,1
strong,autobiographical,1
father,autobiographical,1
semifinal,split,1
semifinal,screen,1
semifinal,angelic,1
semifinal,soothe,1
semifinal,well,1
split,screen,1
split,angelic,1
split,soothe,1
split,well,1
screen,angelic,1
screen,soothe,1
screen,well,1
angelic,soothe,1
angelic,well,1
soothe,well,1
check,swiss,1
check,experience,1
swiss,experience,1
friendly,reminder,1
proper,recording,1
proper,put,1
proper,money,1
proper,cause,1
proper,repeat,1
proper,rest,1
recording,put,1
recording,money,1
recording,cause,1
recording,repeat,1
recording,rest,1
put,money,1
put,cause,1
put,repeat,1
put,rest,1
money,cause,1
money,repeat,1
money,rest,1
cause,repeat,1
cause,rest,1
repeat,rest,1
