Id,Label,Count
look,look,14
moisture,moisture,1
please,please,36
come,come,60
place,place,3
let,let,15
remember,remember,4
also,also,29
serve,serve,3
baron,baron,1
piano,piano,1
cover,cover,2
hope,hope,15
like,like,33
official,official,8
read,read,6
local,local,2
turn,turn,5
true,true,8
old,old,5
stage,stage,6
wait,wait,21
say,say,20
new,new,16
entry,entry,10
last,last,8
year,year,38
competition,competition,2
super,super,4
good,good,24
big,big,14
energy,energy,4
hot,hot,1
boy,boy,2
summer,summer,5
tomorrow,tomorrow,1
yes,yes,23
button,button,1
ready,ready,2
spend,spend,1
money,money,4
release,release,2
merch,merch,2
give,give,11
every,every,8
time,time,20
listen,listen,45
start,start,9
watching,watching,1
documentary,documentary,4
government,government,2
really,really,19
support,support,10
country,country,5
people,people,15
culture,culture,3
world,world,18
happy,happy,16
go,go,29
take,take,6
opportunity,opportunity,2
way,way,9
success,success,4
future,future,7
speak,speak,3
language,language,8
track,track,5
absolutely,absolutely,7
though,though,8
co,co,2
except,except,16
much,much,42
select,select,1
academy,academy,1
help,help,21
promote,promote,1
band,band,35
internationally,internationally,1
add,add,2
translation,translation,4
stream,stream,20
next,next,9
watch,watch,13
understand,understand,7
single,single,3
word,word,5
well,well,30
maybe,maybe,4
finally,finally,5
know,know,31
many,many,7
live,live,22
brutal,brutal,1
fear,fear,1
hit,hit,6
million,million,6
combine,combine,1
someone,someone,2
else,else,3
three,three,2
top,top,28
ryder,ryder,1
different,different,5
career,career,1
train,train,1
routine,routine,1
running,running,1
rhythm,rhythm,1
love,love,85
song,song,81
definitely,definitely,9
party,party,3
thank,thank,29
make,make,56
amazing,amazing,19
fashion,fashion,2
inspire,inspire,2
album,album,10
nonstop,nonstop,1
part,part,4
series,series,2
statement,statement,1
ex,ex,1
prime,prime,1
minister,minister,1
still,still,13
impression,impression,1
performance,performance,17
stun,stun,2
wonder,wonder,2
wife,wife,2
decide,decide,1
winner,winner,7
concert,concert,7
replay,replay,1
unique,unique,2
cannot,cannot,2
stop,stop,21
listening,listening,15
music,music,43
genre,genre,3
showing,showing,1
soon,soon,8
damn,damn,2
creative,creative,1
rave,rave,4
everyone,everyone,9
remix,remix,1
aesthetic,aesthetic,2
since,since,12
mean,mean,3
shout,shout,3
german,german,3
city,city,2
get,get,39
one,one,45
best,best,29
ever,ever,15
ko,ko,1
fi,fi,1
need,need,17
real,real,19
damage,damage,15
sad,sad,15
nice,nice,10
do,do,5
great,great,23
animation,animation,1
cute,cute,1
little,little,4
ur,ur,4
run,run,5
whole,whole,5
day,day,27
electro,electro,6
folk,folk,11
hat,hat,3
supposedly,supposedly,1
another,another,4
weird,weird,1
niche,niche,1
ob,ob,1
saw,saw,3
lead,lead,1
vocalist,vocalist,1
mood,mood,5
right,right,7
crying,crying,1
scream,scream,1
note,note,2
manage,manage,3
even,even,20
better,better,1
backup,backup,1
tape,tape,3
could,could,11
replicate,replicate,1
effect,effect,3
romaine,romaine,1
peter,peter,1
thing,thing,5
thread,thread,1
gorgeous,gorgeous,5
major,major,1
vampire,vampire,1
video,video,6
game,game,3
art,art,11
currently,currently,6
indeed,indeed,2
discovery,discovery,2
awesome,awesome,9
iconic,iconic,4
moment,moment,6
wow,wow,10
small,small,2
studio,studio,1
set,set,3
along,along,1
night,night,3
want,want,16
life,life,5
see,see,34
festival,festival,2
sometime,sometime,2
happen,happen,8
send,send,4
admiration,admiration,1
gratitude,gratitude,1
brain,brain,3
responsible,responsible,1
staging,staging,1
craft,craft,1
school,school,2
planner,planner,1
lovely,lovely,3
among,among,1
goa,goa,3
find,find,6
mismatch,mismatch,1
links,links,1
would,would,29
learning,learning,1
reason,reason,3
masterpiece,masterpiece,3
memento,memento,1
courtesy,courtesy,1
always,always,6
charitable,charitable,1
event,event,1
might,might,2
problem,problem,1
sure,sure,18
news,news,4
chance,chance,6
anywhere,anywhere,1
brother,brother,1
keep,keep,7
sing,sing,11
heart,heart,7
slay,slay,1
queen,queen,6
yet,yet,3
miss,miss,8
absolute,absolute,1
banger,banger,4
huge,huge,5
compliment,compliment,2
sweet,sweet,1
fellow,fellow,1
u,u,18
blast,blast,2
open,open,2
street,street,1
enjoy,enjoy,4
personal,personal,2
finland,finland,4
brilliant,brilliant,3
sound,sound,4
crazy,crazy,2
incredible,incredible,7
oh,oh,12
far,far,3
singer,singer,3
edit,edit,1
trace,trace,1
copy,copy,1
repost,repost,3
type,type,2
reproduction,reproduction,1
strictly,strictly,1
amaze,amaze,15
adore,adore,2
hey,hey,2
reach,reach,2
twitter,twitter,2
together,together,7
hill,hill,1
use,use,3
whatever,whatever,1
second,second,6
neither,neither,1
hear,hear,5
e,e,4
pretty,pretty,3
rad,rad,1
stick,stick,2
head,head,13
thanks,thanks,13
chose,chose,1
thumbnail,thumbnail,1
beloved,beloved,1
god,god,4
talented,talented,3
lady,lady,1
beautiful,beautiful,11
holy,holy,4
elle,elle,1
fun,fun,5
w,w,3
glad,glad,7
stunning,stunning,2
think,think,11
work,work,7
limit,limit,1
often,often,1
complementary,complementary,1
color,color,1
palette,palette,1
highly,highly,2
weekly,weekly,1
may,may,3
nearly,nearly,2
week,week,10
completely,completely,4
utterly,utterly,1
hooked,hooked,2
become,become,4
total,total,2
earworm,earworm,2
two,two,11
conclude,conclude,1
massive,massive,3
bird,bird,1
prey,prey,1
arm,arm,1
member,member,2
dance,dance,14
chart,chart,12
buy,buy,5
merchandise,merchandise,2
actually,actually,4
twenty,twenty,1
fifty,fifty,1
source,source,1
inspiration,inspiration,2
respect,respect,2
end,end,9
important,important,2
leave,leave,3
impact,impact,4
looking,looking,1
forward,forward,3
hold,hold,3
number,number,8
plus,plus,3
sheer,sheer,1
curiosity,curiosity,1
instantly,instantly,1
k,k,2
random,random,1
fix,fix,2
put,put,3
finish,finish,3
original,original,5
growing,growing,1
tout,tout,1
l,l,3
enter,enter,2
high,high,7
position,position,1
lot,lot,10
fan,fan,12
around,around,4
surprisingly,surprisingly,1
portrait,portrait,1
first,first,13
fall,fall,1
cry,cry,6
happiness,happiness,1
outfit,outfit,2
viral,viral,18
global,global,17
rise,rise,1
everything,everything,5
folklore,folklore,1
learn,learn,5
educate,educate,1
must,must,2
celebrate,celebrate,2
spring,spring,4
minimum,minimum,1
investment,investment,1
profit,profit,1
commission,commission,1
ask,ask,4
via,via,6
interested,interested,1
guess,guess,1
wish,wish,6
list,list,2
us,us,4
wear,wear,1
shirt,shirt,1
breed,breed,1
cane,cane,1
friend,friend,3
rock,rock,3
feat,feat,1
glory,glory,1
version,version,8
daily,daily,1
tribute,tribute,2
recommend,recommend,2
show,show,4
hi,hi,5
tell,tell,8
switch,switch,1
probably,probably,4
idea,idea,5
log,log,1
brighten,brighten,1
post,post,7
electronic,electronic,2
enough,enough,1
face,face,4
frame,frame,1
kat,kat,1
adorable,adorable,2
agree,agree,1
later,later,1
domination,domination,3
phenomenal,phenomenal,1
religion,religion,1
cultural,cultural,2
interesting,interesting,1
bunch,bunch,1
killer,killer,2
tattoo,tattoo,1
pod,pod,1
dam,dam,1
meant,meant,1
took,took,1
brick,brick,1
cool,cool,9
content,content,3
sorry,sorry,1
extremely,extremely,2
jam,jam,2
kind,kind,3
stranger,stranger,1
worth,worth,2
dramatic,dramatic,1
stuck,stuck,4
touched,touched,2
discussion,discussion,1
interview,interview,3
someday,someday,2
mail,mail,1
recently,recently,2
totally,totally,4
forgot,forgot,2
session,session,1
already,already,7
cycling,cycling,1
result,result,1
pure,pure,2
perfection,perfection,2
outstanding,outstanding,1
perfect,perfect,4
baby,baby,3
point,point,2
difference,difference,1
public,public,3
vote,vote,4
bad,bad,4
culturally,culturally,1
comparison,comparison,1
sadly,sadly,1
easier,easier,1
repeat,repeat,4
background,background,1
back,back,12
catalogue,catalogue,1
lazy,lazy,1
step,step,1
comfort,comfort,1
zone,zone,2
beyond,beyond,1
nose,nose,1
nobody,nobody,4
fact,fact,2
upset,upset,2
useless,useless,1
comment,comment,1
twit,twit,1
account,account,3
story,story,4
failing,failing,1
sold,sold,1
soul,soul,1
addict,addict,4
channel,channel,5
blocked,blocked,1
exactly,exactly,5
boomer,boomer,1
trust,trust,1
knew,knew,2
twin,twin,1
whisper,whisper,1
loudly,loudly,1
thirty,thirty,2
collaboration,collaboration,3
sung,sung,1
welsh,welsh,1
deserve,deserve,28
discovered,discovered,1
discover,discover,4
quick,quick,1
aloof,aloof,1
eldest,eldest,1
wild,wild,1
child,child,1
especially,especially,1
wake,wake,1
current,current,3
fame,fame,1
metal,metal,1
towards,towards,1
deep,deep,2
dive,dive,1
chill,chill,2
j,j,1
audition,audition,1
ago,ago,4
zombie,zombie,1
insert,insert,1
quite,quite,1
addicted,addicted,1
non,non,4
car,car,1
free,free,3
tempo,tempo,2
understood,understood,1
represent,represent,1
cheer,cheer,2
ahead,ahead,1
follow,follow,3
ritual,ritual,1
humming,humming,1
forest,forest,2
midnight,midnight,1
sun,sun,1
dear,dear,3
truth,truth,4
mainly,mainly,1
shake,shake,1
late,late,3
respond,respond,1
name,name,1
attention,attention,1
pic,pic,2
contest,contest,5
patiently,patiently,2
trip,trip,1
covid,covid,5
control,control,1
near,near,2
upcoming,upcoming,2
yesterday,yesterday,2
brazil,brazil,1
draw,draw,4
bank,bank,1
rent,rent,1
si,si,1
extra,extra,1
as,as,2
cause,cause,3
raise,raise,1
ash,ash,1
design,design,1
seem,seem,1
distort,distort,1
audience,audience,2
however,however,1
offer,offer,1
multiple,multiple,1
access,access,1
tradition,tradition,2
mix,mix,2
voice,voice,4
gusto,gusto,1
elegant,elegant,1
glass,glass,1
wine,wine,1
inspired,inspired,2
nymph,nymph,1
delirium,delirium,1
seriously,seriously,3
checked,checked,1
feature,feature,1
globally,globally,1
beauty,beauty,1
singing,singing,2
technique,technique,1
pet,pet,2
c,c,1
b,b,1
receive,receive,1
welcome,welcome,4
line,line,1
weekend,weekend,1
crossover,crossover,1
century,century,1
survive,survive,1
excellence,excellence,1
tune,tune,1
meanwhile,meanwhile,1
loop,loop,6
either,either,2
yeah,yeah,3
behind,behind,2
interest,interest,3
excellent,excellent,1
movie,movie,1
fantastic,fantastic,4
play,play,6
travel,travel,1
properly,properly,1
tour,tour,12
blame,blame,1
diving,diving,1
promise,promise,1
full,full,3
quarantine,quarantine,1
acoustic,acoustic,2
favorite,favorite,7
present,present,1
composition,composition,1
process,process,1
alright,alright,1
never,never,5
surprise,surprise,2
admit,admit,1
ghost,ghost,1
mythology,mythology,1
mask,mask,2
wholesome,wholesome,2
fire,fire,2
piece,piece,1
excite,excite,3
slim,slim,1
push,push,1
blind,blind,2
morning,morning,3
study,study,1
gone,gone,1
figure,figure,1
ecstatic,ecstatic,1
pas,pas,1
away,away,2
peacefully,peacefully,1
long,long,2
today,today,5
retrospect,retrospect,1
mile,mile,1
hard,hard,4
simp,simp,2
alive,alive,1
final,final,6
demand,demand,1
sudden,sudden,1
independent,independent,1
hetmanate,hetmanate,1
russia,russia,3
nation,nation,1
fought,fought,1
national,national,2
possible,possible,3
jazzy,jazzy,1
glasses,glasses,1
foil,foil,1
cat,cat,5
steal,steal,1
cherry,cherry,2
bowl,bowl,1
posh,posh,1
dark,dark,2
secret,secret,1
girl,girl,1
con,con,1
hush,hush,1
alone,alone,2
blue,blue,1
kiss,kiss,1
understanding,understanding,1
butter,butter,1
feel,feel,4
somehow,somehow,1
walk,walk,2
beat,beat,2
bit,bit,3
difficult,difficult,1
anyone,anyone,3
eastern,eastern,1
tweet,tweet,6
group,group,4
taste,taste,4
rush,rush,1
everyday,everyday,1
powerful,powerful,1
supremacy,supremacy,3
win,win,4
image,image,1
spill,spill,3
expect,expect,2
bring,bring,1
peace,peace,2
cook,cook,2
dinner,dinner,1
search,search,1
actual,actual,2
telling,telling,1
ca,ca,1
prove,prove,1
theyre,theyre,1
racist,racist,1
try,try,2
unbelievable,unbelievable,1
entire,entire,1
truly,truly,1
forget,forget,4
despite,despite,1
dead,dead,2
social,social,1
medium,medium,2
something,something,3
winning,winning,1
complete,complete,1
chile,chile,2
smart,smart,1
main,main,1
confuse,confuse,2
em,em,1
path,path,1
obvious,obvious,1
join,join,1
road,road,1
past,past,2
flood,flood,1
check,check,2
tease,tease,2
artist,artist,4
sum,sum,2
thrive,thrive,2
living,living,4
west,west,2
fad,fad,1
decade,decade,1
deserved,deserved,17
without,without,3
tank,tank,1
harder,harder,1
bitch,bitch,3
hate,hate,1
stay,stay,1
anybody,anybody,1
smash,smash,4
dream,dream,1
criminally,criminally,1
ended,ended,2
tanked,tanked,1
heartbreaking,heartbreaking,1
mang,mang,1
green,green,2
room,room,3
serving,serving,1
outside,outside,2
poet,poet,1
least,least,3
birthday,birthday,1
save,save,1
safe,safe,2
link,link,3
perfectly,perfectly,1
epic,epic,3
grand,grand,3
hell,hell,1
comedown,comedown,1
feathery,feathery,1
lit,lit,1
plenty,plenty,1
heartbeat,heartbeat,1
suggest,suggest,1
remake,remake,1
la,la,2
pointless,pointless,1
format,format,1
minute,minute,2
excited,excited,2
confirm,confirm,1
visit,visit,1
spirit,spirit,1
ability,ability,1
grateful,grateful,1
hello,hello,2
chorus,chorus,1
sunshine,sunshine,1
exam,exam,1
literally,literally,6
worse,worse,1
nonsense,nonsense,1
disappointed,disappointed,1
sneer,sneer,1
tone,tone,1
report,report,1
everybody,everybody,2
ridicule,ridicule,1
genuinely,genuinely,3
kitchen,kitchen,1
baking,baking,1
mantra,mantra,1
col,col,1
perform,perform,2
bless,bless,1
doodle,doodle,2
icon,icon,1
dancing,dancing,1
introduction,introduction,1
nebulous,nebulous,1
concept,concept,1
pagan,pagan,1
question,question,1
delete,delete,1
period,period,2
standing,standing,1
issue,issue,1
wonderful,wonderful,1
history,history,2
symbolism,symbolism,1
march,march,1
barely,barely,1
monthly,monthly,1
close,close,1
crystal,crystal,1
fast,fast,1
eat,eat,2
jury,jury,5
proof,proof,1
plague,plague,1
renaissance,renaissance,1
rotation,rotation,1
delegation,delegation,1
smile,smile,1
collapse,collapse,3
clearly,clearly,1
honestly,honestly,2
sometimes,sometimes,1
uninteresting,uninteresting,1
landscape,landscape,1
blend,blend,1
unplugged,unplugged,1
hopefully,hopefully,3
book,book,2
agency,agency,1
convince,convince,1
went,went,1
immediately,immediately,1
ami,ami,2
dominate,dominate,1
middle,middle,1
olive,olive,1
matter,matter,2
worried,worried,1
considering,considering,1
trainer,trainer,1
spin,spin,1
class,class,1
superb,superb,1
anyways,anyways,2
write,write,2
peak,peak,1
otherwise,otherwise,1
continuously,continuously,1
talent,talent,1
press,press,1
united,united,1
special,special,1
polish,polish,1
san,san,1
casually,casually,1
making,making,1
thats,thats,1
nul,nul,1
kingdom,kingdom,1
screen,screen,1
spending,spending,1
mine,mine,1
iceland,iceland,1
five,five,1
particular,particular,1
order,order,1
voting,voting,2
cos,cos,1
appreciate,appreciate,3
honest,honest,1
goddess,goddess,1
thankful,thankful,1
amount,amount,3
thankfully,thankfully,1
obsessive,obsessive,1
nature,nature,1
risk,risk,1
monster,monster,1
regularly,regularly,1
flat,flat,1
streaming,streaming,2
accord,accord,2
nick,nick,1
obviously,obviously,1
aint,aint,1
force,force,1
obsession,obsession,2
grandmother,grandmother,1
mother,mother,1
gurl,gurl,1
bore,bore,1
ballad,ballad,1
yo,yo,1
boat,boat,1
sit,sit,1
sitting,sitting,1
white,white,2
powder,powder,1
begin,begin,1
sense,sense,1
contestant,contestant,1
delight,delight,1
drunk,drunk,1
review,review,1
airport,airport,1
meet,meet,1
owner,owner,1
everywhere,everywhere,1
function,function,1
choose,choose,2
insanely,insanely,1
explore,explore,1
course,course,2
luck,luck,1
south,south,1
serious,serious,1
message,message,1
photography,photography,3
experience,experience,1
industry,industry,1
murder,murder,1
pack,pack,1
waiting,waiting,1
announcement,announcement,1
anything,anything,1
front,front,1
row,row,1
feasible,feasible,1
opening,opening,1
house,house,1
pay,pay,1
cost,cost,1
achievement,achievement,1
legend,legend,1
fine,fine,1
twice,twice,1
test,test,1
consecutive,consecutive,1
ship,ship,2
tasteless,tasteless,3
opinion,opinion,3
continuation,continuation,1
black,black,1
care,care,1
less,less,1
month,month,1
shock,shock,1
fully,fully,1
husband,husband,1
church,church,1
spontaneous,spontaneous,1
tho,tho,1
food,food,2
higher,higher,1
short,short,1
notice,notice,1
power,power,1
rude,rude,1
traditional,traditional,4
mixed,mixed,1
grow,grow,1
swear,swear,1
mind,mind,1
nothing,nothing,1
ethnic,ethnic,1
stuff,stuff,1
congratulation,congratulation,1
talk,talk,1
collaborate,collaborate,1
hockey,hockey,1
pray,pray,1
challenge,challenge,1
smashing,smashing,1
lie,lie,1
cant,cant,3
silence,silence,1
silly,silly,1
harry,harry,1
shut,shut,1
maid,maid,1
dont,dont,2
bop,bop,2
becomes,becomes,1
reminder,reminder,1
besides,besides,1
popular,popular,1
experienced,experienced,1
amazed,amazed,1
dug,dug,1
rip,rip,1
shredder,shredder,1
ear,ear,1
inexplicably,inexplicably,1
bus,bus,1
afternoon,afternoon,1
ride,ride,1
adopt,adopt,1
stare,stare,1
picture,picture,1
tag,tag,1
tagged,tagged,1
partner,partner,1
imagine,imagine,1
four,four,1
outsider,outsider,1
muster,muster,2
tele,tele,1
affair,affair,2
apron,apron,1
slipknot,slipknot,1
anyway,anyway,2
obscene,obscene,1
got,got,1
repeatedly,repeatedly,1
gosh,gosh,1
several,several,1
hopeful,hopeful,1
vinyl,vinyl,1
thought,thought,1
bet,bet,1
aware,aware,1
flute,flute,1
ascend,ascend,1
rag,rag,1
suppose,suppose,1
pick,pick,1
lover,lover,1
exploring,exploring,1
lose,lose,1
heritage,heritage,1
modern,modern,1
advise,advise,1
pash,pash,1
previously,previously,1
rank,rank,1
noise,noise,2
large,large,1
bravo,bravo,1
nominated,nominated,1
recording,recording,1
joy,joy,1
pal,pal,1
x,x,1
category,category,1
v,v,1
able,able,1
wick,wick,1
fighting,fighting,1
ring,ring,1
ding,ding,3
consume,consume,1
dong,dong,1
p,p,1
hypnotic,hypnotic,1
text,text,1
