Id,Label,Count
train,train,1
pretty,pretty,8
favorite,favorite,16
literally,literally,11
official,official,2
music,music,48
video,video,21
need,need,30
put,put,6
together,together,9
eastern,eastern,2
good,good,99
meet,meet,3
greet,greet,2
text,text,3
banner,banner,1
buy,buy,8
fur,fur,2
coat,coat,2
live,live,50
grand,grand,48
final,final,158
one,one,66
thing,thing,15
ever,ever,17
change,change,2
fact,fact,4
second,second,18
big,big,7
share,share,9
popular,popular,8
vote,vote,129
joy,joy,2
whole,whole,7
coming,coming,1
year,year,57
forgot,forgot,1
tag,tag,1
draw,draw,3
absolute,absolute,11
queen,queen,35
clean,clean,1
sorry,sorry,7
future,future,6
reference,reference,1
call,call,3
major,major,1
international,international,2
dance,dance,22
late,late,3
cannot,cannot,6
believe,believe,4
forever,forever,5
since,since,14
something,something,12
like,like,54
wait,wait,43
finish,finish,4
performance,performance,100
great,great,61
job,job,7
petition,petition,1
represent,represent,1
every,every,13
please,please,60
well,well,84
do,do,36
voice,voice,18
pure,pure,4
perfection,perfection,1
love,love,223
watch,watch,80
first,first,57
time,time,39
life,life,14
absolutely,absolutely,33
amaze,amaze,62
cry,cry,6
many,many,19
really,really,54
beautiful,beautiful,13
best,best,90
look,look,21
culture,culture,7
aesthetic,aesthetic,1
superior,superior,1
demand,demand,1
leader,leader,1
hymn,hymn,1
u,u,56
hear,hear,16
pray,pray,3
art,art,6
come,come,65
line,line,2
visit,visit,3
hope,hope,33
listen,listen,23
non,non,2
stop,stop,9
amazing,amazing,67
still,still,27
take,take,14
know,know,42
enhance,enhance,2
version,version,5
book,book,2
wholesome,wholesome,1
pack,pack,1
edition,edition,3
girl,girl,8
dirty,dirty,2
simply,simply,3
perfect,perfect,11
barcelona,barcelona,1
wish,wish,15
see,see,90
direct,direct,1
show,show,30
baby,baby,2
sphinx,sphinx,2
deserved,deserved,17
song,song,246
thank,thank,67
get,get,72
back,back,13
cat,cat,7
star,star,1
ce,ce,1
thread,thread,4
un,un,1
bonbon,bonbon,1
pour,pour,1
mon,mon,1
fantastic,fantastic,17
throw,throw,4
around,around,6
room,room,9
little,little,4
arse,arse,1
provide,provide,3
spring,spring,10
incantation,incantation,1
bonfire,bonfire,1
obscure,obscure,1
folk,folk,23
native,native,6
language,language,10
beat,beat,6
way,way,19
go,go,198
try,try,8
round,round,1
living,living,4
god,god,12
would,would,49
track,track,13
someone,someone,6
help,help,9
think,think,38
much,much,58
rave,rave,14
drive,drive,1
street,street,1
today,today,20
solidarity,solidarity,1
fist,fist,1
bump,bump,1
feedback,feedback,1
rock,rock,11
summer,summer,4
sure,sure,17
stole,stole,1
heart,heart,33
day,day,20
quite,quite,7
tonight,tonight,61
insomnia,insomnia,1
decide,decide,3
team,team,7
also,also,42
russia,russia,11
visual,visual,3
sound,sound,7
wise,wise,1
ex,ex,1
dancer,dancer,2
anything,anything,4
folky,folky,1
send,send,13
next,next,14
remember,remember,6
niche,niche,1
combination,combination,2
vocal,vocal,1
technique,technique,3
work,work,12
enough,enough,4
must,must,6
find,find,20
listening,listening,4
p,p,4
nut,nut,1
dark,dark,6
sweaty,sweaty,1
club,club,1
stage,stage,16
dad,dad,1
car,car,2
similar,similar,2
everybody,everybody,5
say,say,27
amen,amen,2
goddess,goddess,8
oh,oh,23
yes,yes,40
want,want,26
woodland,woodland,1
full,full,7
certainly,certainly,3
make,make,85
edit,edit,1
via,via,8
page,page,3
even,even,23
anywhere,anywhere,3
mood,mood,5
awesome,awesome,31
repeat,repeat,4
real,real,12
two,two,14
witch,witch,8
spirit,spirit,7
anyway,anyway,8
understandable,understandable,1
unnatural,unnatural,1
mystic,mystic,1
glad,glad,16
entry,entry,20
public,public,18
least,least,12
jury,jury,17
fabulous,fabulous,2
cooler,cooler,1
hold,hold,2
beer,beer,2
sad,sad,8
win,win,74
piece,piece,1
discover,discover,6
shut,shut,2
yet,yet,7
casually,casually,1
top,top,45
save,save,2
ancient,ancient,4
folklore,folklore,9
white,white,5
somewhat,somewhat,1
scream,scream,4
air,air,1
fully,fully,3
open,open,6
throat,throat,1
end,end,9
vampire,vampire,1
masquerade,masquerade,1
resist,resist,1
paint,paint,2
ace,ace,1
thanks,thanks,26
closely,closely,1
follow,follow,8
forward,forward,7
mind,mind,6
immediately,immediately,2
mean,mean,14
never,never,12
forget,forget,5
fall,fall,1
week,week,8
epic,epic,5
moment,moment,7
support,support,46
global,global,4
viral,viral,12
currently,currently,4
high,high,8
lots,lots,2
winner,winner,23
night,night,34
world,world,20
prepared,prepared,1
excellent,excellent,2
quality,quality,4
wide,wide,1
variety,variety,1
enjoy,enjoy,6
course,course,8
as,as,4
another,another,8
last,last,38
decent,decent,1
set,set,5
cracking,cracking,1
light,light,2
new,new,21
fan,fan,13
check,check,5
bootleg,bootleg,1
remix,remix,4
properly,properly,1
let,let,54
home,home,7
airport,airport,1
cool,cool,13
waiting,waiting,2
discovery,discovery,3
spectacle,spectacle,1
totally,totally,9
sign,sign,3
outside,outside,3
ignorant,ignorant,1
hearing,hearing,1
highlight,highlight,2
album,album,4
jam,jam,4
play,play,5
situation,situation,1
tour,tour,9
hey,hey,10
close,close,5
used,used,1
maybe,maybe,7
people,people,11
celebrate,celebrate,2
far,far,11
credit,credit,3
noir,noir,1
front,front,1
woman,woman,5
band,band,72
beloved,beloved,3
inner,inner,1
animal,animal,2
us,us,8
mine,mine,3
feel,feel,10
magic,magic,1
deserve,deserve,75
placement,placement,1
thousand,thousand,1
king,king,6
total,total,4
choice,choice,3
breaking,breaking,1
crazy,crazy,10
madness,madness,2
honest,honest,1
dancing,dancing,4
cover,cover,5
lit,lit,3
million,million,3
energy,energy,9
talent,talent,1
innovation,innovation,1
creativity,creativity,3
happy,happy,51
rest,rest,3
felt,felt,6
protect,protect,2
stay,stay,5
away,away,4
behind,behind,2
incapable,incapable,1
without,without,5
part,part,9
otherwise,otherwise,2
nice,nice,5
gorgeous,gorgeous,3
ya,ya,1
building,building,1
shook,shook,1
kitchen,kitchen,3
acoustic,acoustic,2
tho,tho,5
incredible,incredible,20
stream,stream,2
discography,discography,1
whatever,whatever,2
volume,volume,2
whenever,whenever,1
give,give,23
story,story,7
hidden,hidden,1
available,available,3
head,head,6
matter,matter,3
stand,stand,2
tweet,tweet,8
update,update,1
current,current,3
united,united,3
heaven,heaven,3
earth,earth,1
translate,translate,1
semi,semi,51
iconic,iconic,11
crossover,crossover,1
mix,mix,3
meeting,meeting,1
sing,sing,20
beauty,beauty,2
nature,nature,2
competition,competition,8
yesterday,yesterday,6
reason,reason,2
use,use,6
hard,hard,5
act,act,3
lead,lead,4
normal,normal,1
saw,saw,6
moral,moral,1
podium,podium,2
opinion,opinion,5
different,different,7
hypnotic,hypnotic,3
add,add,4
list,list,5
however,however,1
lot,lot,11
stun,stun,7
talented,talented,4
agreed,agreed,2
choose,choose,1
rather,rather,1
actually,actually,15
sadly,sadly,3
bite,bite,1
clearly,clearly,4
plenty,plenty,2
care,care,4
chosen,chosen,1
keep,keep,7
alive,alive,2
proven,proven,2
easily,easily,6
digestible,digestible,2
pop,pop,4
nicely,nicely,1
kilter,kilter,1
agree,agree,4
suffer,suffer,1
horrible,horrible,2
trauma,trauma,1
less,less,5
long,long,7
vibrant,vibrant,1
erase,erase,2
throughout,throughout,2
history,history,4
powerful,powerful,5
hell,hell,5
addicted,addicted,1
peace,peace,1
morning,morning,5
sow,sow,10
hemp,hemp,5
sowing,sowing,3
smoke,smoke,1
audience,audience,5
unique,unique,2
despite,despite,3
tell,tell,6
opposite,opposite,1
wrap,wrap,1
bring,bring,5
base,base,1
ritual,ritual,2
sang,sang,2
traditional,traditional,8
authentic,authentic,4
ethnic,ethnic,3
modern,modern,4
electronic,electronic,4
subtitle,subtitle,2
tune,tune,3
portman,portman,1
black,black,1
swan,swan,1
could,could,28
spot,spot,4
bop,bop,5
banger,banger,7
atmosphere,atmosphere,1
ahoy,ahoy,3
extremely,extremely,5
x,x,6
taste,taste,8
gig,gig,1
community,community,1
appreciate,appreciate,4
mobile,mobile,1
worthy,worthy,2
cause,cause,4
anyone,anyone,2
footage,footage,1
green,green,6
inject,inject,1
skull,skull,1
entire,entire,2
crew,crew,3
partner,partner,2
beg,beg,1
friend,friend,2
welcome,welcome,3
blowing,blowing,1
old,old,1
par,par,1
accord,accord,1
voting,voting,12
generation,generation,1
waive,waive,1
pandemic,pandemic,4
money,money,1
frankly,frankly,1
everything,everything,18
publish,publish,1
place,place,24
country,country,25
damn,damn,6
regardless,regardless,1
badly,badly,1
experience,experience,4
normally,normally,2
chance,chance,7
got,got,2
beside,beside,1
important,important,6
legendary,legendary,1
overall,overall,4
soon,soon,7
religion,religion,4
already,already,12
revelation,revelation,1
struggle,struggle,1
hopefully,hopefully,6
able,able,6
trin,trin,1
super,super,10
roll,roll,3
result,result,5
looking,looking,2
guess,guess,5
r,r,2
n,n,3
someday,someday,2
daughter,daughter,1
electro,electro,7
stupid,stupid,3
political,political,2
hello,hello,7
contest,contest,63
lifetime,lifetime,1
definitely,definitely,13
often,often,2
host,host,1
evident,evident,1
scam,scam,1
sister,sister,2
number,number,59
continue,continue,4
man,man,5
interesting,interesting,2
documentary,documentary,4
warm,warm,2
person,person,3
personality,personality,2
tough,tough,4
youth,youth,2
heavy,heavy,1
blast,blast,2
meaningful,meaningful,1
fire,fire,6
stag,stag,3
thought,thought,2
eventually,eventually,1
trance,trance,1
understand,understand,4
word,word,2
blood,blood,1
operation,operation,1
test,test,1
bunch,bunch,1
multiple,multiple,1
game,game,4
project,project,1
red,red,1
mi,mi,1
winer,winer,1
immortal,immortal,1
may,may,10
twice,twice,4
thinking,thinking,1
ago,ago,5
recent,recent,3
immense,immense,1
enthusiasm,enthusiasm,2
creative,creative,1
blend,blend,1
local,local,2
musical,musical,6
heritage,heritage,2
straight,straight,3
single,single,1
huge,huge,6
success,success,2
demi,demi,1
unknown,unknown,1
crush,crush,4
dope,dope,1
join,join,2
party,party,6
threat,threat,1
dead,dead,2
serious,serious,2
brilliant,brilliant,13
superb,superb,1
park,park,2
rocking,rocking,1
iceland,iceland,14
routine,routine,1
disappoint,disappoint,1
bottle,bottle,1
wine,wine,1
commiserate,commiserate,1
trinity,trinity,2
matrix,matrix,5
singer,singer,7
engage,engage,1
k,k,2
nil,nil,1
sober,sober,1
unfortunately,unfortunately,1
grateful,grateful,3
always,always,8
happen,happen,6
pull,pull,1
san,san,2
finland,finland,17
catch,catch,1
electric,electric,1
start,start,5
force,force,1
national,national,3
impressive,impressive,2
drop,drop,3
retrieval,retrieval,1
miss,miss,5
neck,neck,1
kill,kill,2
banging,banging,1
swear,swear,2
minding,minding,1
business,business,1
awake,awake,1
stuck,stuck,1
nothing,nothing,3
finale,finale,5
shame,shame,6
press,press,6
conference,conference,3
wrong,wrong,7
e,e,7
honestly,honestly,8
speechless,speechless,2
dream,dream,3
feat,feat,2
respect,respect,4
bravo,bravo,1
interaction,interaction,1
blind,blind,3
channel,channel,4
natural,natural,1
receive,receive,1
reaction,reaction,2
muse,muse,1
age,age,3
horribly,horribly,1
twelve,twelve,1
hearts,hearts,1
special,special,7
hilarious,hilarious,1
expect,expect,2
f,f,4
hi,hi,4
style,style,7
following,following,1
surprise,surprise,2
goa,goa,2
dutch,dutch,2
harp,harp,2
player,player,1
daily,daily,1
truly,truly,1
describe,describe,1
nervous,nervous,4
question,question,3
deceased,deceased,1
pick,pick,2
body,body,1
present,present,2
sacrifice,sacrifice,2
almighty,almighty,1
attention,attention,1
original,original,8
wonderfully,wonderfully,2
interest,interest,8
stick,stick,1
order,order,3
personally,personally,3
festival,festival,1
serve,serve,1
potential,potential,2
everyone,everyone,11
month,month,1
point,point,10
shout,shout,3
screen,screen,4
bit,bit,4
steady,steady,1
though,though,8
dress,dress,1
move,move,3
balalaika,balalaika,1
spend,spend,1
winter,winter,3
garden,garden,2
sit,sit,3
maple,maple,1
tree,tree,1
spin,spin,1
shirt,shirt,2
edge,edge,2
forest,forest,13
owl,owl,1
blow,blow,3
water,water,1
right,right,12
kiss,kiss,1
dug,dug,1
recorder,recorder,4
along,along,3
excuse,excuse,3
strong,strong,5
almost,almost,7
especially,especially,3
distant,distant,1
zero,zero,1
triumph,triumph,1
dull,dull,1
factor,factor,2
dear,dear,2
incorporate,incorporate,1
ding,ding,2
dong,dong,1
shall,shall,1
cross,cross,5
massive,massive,1
luck,luck,35
house,house,3
relevant,relevant,1
content,content,1
profile,profile,1
giddy,giddy,1
prospect,prospect,1
might,might,8
evening,evening,2
seem,seem,1
shamanism,shamanism,1
thankful,thankful,2
participate,participate,1
perverse,perverse,1
supposedly,supposedly,1
unnecessary,unnecessary,1
context,context,1
b,b,1
demonstrably,demonstrably,1
incompetent,incompetent,1
self,self,1
vinyl,vinyl,1
heartbreaking,heartbreaking,1
happiness,happiness,1
picture,picture,1
bore,bore,1
ballad,ballad,3
true,true,6
score,score,2
noise,noise,2
unfair,unfair,2
seriously,seriously,1
prestation,prestation,1
polish,polish,2
commentator,commentator,1
broadcast,broadcast,3
worried,worried,3
unsure,unsure,1
salty,salty,1
wow,wow,8
messy,messy,1
mess,mess,1
enchant,enchant,1
blown,blown,1
en,en,1
el,el,2
inspirational,inspirational,1
perfectly,perfectly,2
corona,corona,1
giant,giant,1
hug,hug,2
somewhere,somewhere,2
wished,wished,1
whose,whose,2
conclusion,conclusion,1
prefer,prefer,2
unlucky,unlucky,1
hop,hop,1
told,told,2
brain,brain,1
inspired,inspired,1
derive,derive,1
difficult,difficult,1
bed,bed,1
inspiring,inspiring,1
furious,furious,1
anyways,anyways,1
company,company,2
remain,remain,1
season,season,2
fine,fine,2
quirky,quirky,1
eclectic,eclectic,1
dynamic,dynamic,1
gigantic,gigantic,1
lovely,lovely,7
covid,covid,2
concert,concert,2
came,came,1
risk,risk,1
fifth,fifth,1
obviously,obviously,3
diversity,diversity,1
hint,hint,2
professional,professional,1
correct,correct,1
actual,actual,3
wonderful,wonderful,11
congratulation,congratulation,1
didnt,didnt,2
precious,precious,1
feed,feed,1
faster,faster,1
rubbish,rubbish,1
none,none,1
done,done,2
suppose,suppose,3
eat,eat,1
borscht,borscht,1
yo,yo,1
conspiracy,conspiracy,1
consolation,consolation,1
arent,arent,1
shake,shake,2
code,code,1
fancy,fancy,2
side,side,7
account,account,4
pagan,pagan,2
fae,fae,1
else,else,2
reckon,reckon,1
fortune,fortune,1
teller,teller,1
survive,survive,1
apple,apple,1
spent,spent,1
darkness,darkness,1
bad,bad,3
victory,victory,3
tradition,tradition,3
artistic,artistic,1
vision,vision,1
backstage,backstage,1
reach,reach,4
judge,judge,2
clear,clear,3
skin,skin,1
half,half,2
hour,hour,2
three,three,2
probably,probably,2
message,message,4
submission,submission,2
bucket,bucket,1
cast,cast,1
incredibly,incredibly,1
cant,cant,5
id,id,2
times,times,1
florence,florence,1
group,group,6
unbelievably,unbelievably,1
fallen,fallen,1
angel,angel,1
birth,birth,1
la,la,1
representative,representative,2
underdog,underdog,1
tonite,tonite,1
possibly,possibly,1
climb,climb,1
slowly,slowly,1
surely,surely,2
break,break,3
brought,brought,2
presence,presence,4
plus,plus,2
lady,lady,4
murder,murder,1
brace,brace,1
pathologic,pathologic,1
run,run,6
mad,mad,4
return,return,3
golden,golden,1
thus,thus,1
magical,magical,1
floor,floor,1
ur,ur,2
addict,addict,2
hair,hair,1
gel,gel,1
bath,bath,1
supply,supply,1
hotel,hotel,1
face,face,4
scene,scene,1
accurately,accurately,1
space,space,1
men,men,1
background,background,1
crack,crack,1
led,led,1
abstract,abstract,1
fast,fast,3
running,running,1
note,note,1
middle,middle,1
arena,arena,2
center,center,1
che,che,1
trip,trip,3
ignore,ignore,2
recognize,recognize,2
singing,singing,2
child,child,2
cult,cult,1
outfit,outfit,1
lamp,lamp,1
slay,slay,3
pot,pot,1
ready,ready,11
reward,reward,1
information,information,1
cheering,cheering,2
genre,genre,2
finally,finally,3
sucker,sucker,1
joint,joint,1
stomper,stomper,2
smash,smash,1
incoming,incoming,2
supremacy,supremacy,3
bow,bow,1
watching,watching,4
canada,canada,3
admit,admit,1
preview,preview,2
metal,metal,1
accessible,accessible,1
sweet,sweet,1
personal,personal,2
bless,bless,2
glimpse,glimpse,1
spread,spread,1
turkey,turkey,2
beating,beating,1
fun,fun,4
adore,adore,2
magnificent,magnificent,1
poorly,poorly,1
guilty,guilty,2
pleasure,pleasure,2
exactly,exactly,6
embrace,embrace,1
confidence,confidence,1
power,power,3
peacock,peacock,2
rarely,rarely,1
excited,excited,1
regular,regular,1
attempt,attempt,1
replicate,replicate,1
benny,benny,1
tribute,tribute,2
silver,silver,1
tramp,tramp,1
rocky,rocky,1
mention,mention,1
karma,karma,1
odd,odd,1
clockwork,clockwork,1
orange,orange,1
per,per,1
qualify,qualify,14
dune,dune,1
instead,instead,1
wake,wake,1
sleep,sleep,2
suck,suck,1
completely,completely,2
waste,waste,1
discussion,discussion,1
bloke,bloke,1
zone,zone,2
exist,exist,1
idea,idea,3
bon,bon,1
south,south,1
predictable,predictable,1
farm,farm,1
cloth,cloth,1
rope,rope,1
mental,mental,1
health,health,2
urge,urge,1
learn,learn,5
gift,gift,1
kind,kind,4
class,class,1
radio,radio,1
khan,khan,1
phone,phone,3
cheer,cheer,3
praying,praying,1
circle,circle,2
ahead,ahead,3
genuinely,genuinely,2
yeah,yeah,7
destiny,destiny,1
prevail,prevail,1
aint,aint,1
dont,dont,3
replace,replace,1
spoon,spoon,1
inspire,inspire,2
mouth,mouth,1
penny,penny,1
whistle,whistle,1
terrific,terrific,1
riot,riot,3
rout,rout,2
camera,camera,2
sweetheart,sweetheart,2
budget,budget,1
post,post,4
officially,officially,2
certify,certify,1
wear,wear,1
summon,summon,1
phenomenal,phenomenal,1
wild,wild,3
turn,turn,2
translation,translation,3
grad,grad,1
basically,basically,1
prayer,prayer,1
nearly,nearly,8
growing,growing,1
meant,meant,1
perfected,perfected,1
sport,sport,2
ground,ground,1
cricket,cricket,1
bang,bang,1
small,small,1
everywhere,everywhere,1
carol,carol,1
apparently,apparently,1
healthy,healthy,2
recognition,recognition,1
humming,humming,1
cloudy,cloudy,1
cos,cos,1
fly,fly,2
cultural,cultural,8
interpretation,interpretation,2
writer,writer,1
trust,trust,1
greatly,greatly,2
towards,towards,1
interview,interview,7
explore,explore,1
artistry,artistry,1
lose,lose,2
unremarkable,unremarkable,1
sponsorship,sponsorship,1
tear,tear,1
resilient,resilient,2
convince,convince,2
loyal,loyal,1
possible,possible,2
write,write,4
german,german,1
unparalleled,unparalleled,1
masterpiece,masterpiece,2
church,church,3
tara,tara,1
flour,flour,1
nose,nose,1
slipknot,slipknot,4
apron,apron,1
jump,jump,1
grab,grab,1
treat,treat,1
study,study,1
fascinate,fascinate,3
become,become,3
perform,perform,51
amazingly,amazingly,3
intimate,intimate,1
revealing,revealing,1
genuine,genuine,1
admirable,admirable,1
guardian,guardian,1
pattern,pattern,1
witchy,witchy,1
stitcher,stitcher,1
strongly,strongly,1
nightingale,nightingale,1
leave,leave,3
corner,corner,1
plant,plant,1
seed,seed,1
match,match,2
transformation,transformation,2
trend,trend,1
chart,chart,2
addition,addition,1
low,low,2
doc,doc,1
film,film,1
infectious,infectious,1
drug,drug,1
tomorrow,tomorrow,32
wave,wave,1
distract,distract,1
creation,creation,1
collaboration,collaboration,4
gusto,gusto,1
bet,bet,4
figuratively,figuratively,1
sixth,sixth,1
episode,episode,1
role,role,1
sweepstake,sweepstake,1
reveal,reveal,2
memory,memory,2
hit,hit,3
cest,cest,45
bake,bake,1
ask,ask,1
emotional,emotional,1
performer,performer,1
fam,fam,1
link,link,1
facial,facial,1
expression,expression,2
suitable,suitable,2
cruel,cruel,1
stepmother,stepmother,1
pete,pete,1
needless,needless,1
bum,bum,1
cut,cut,1
imagine,imagine,2
announce,announce,2
empty,empty,1
tenth,tenth,1
position,position,1
insane,insane,3
heck,heck,1
proper,proper,1
detailed,detailed,3
analysis,analysis,1
rhythm,rhythm,1
embody,embody,1
grace,grace,1
inform,inform,1
festivity,festivity,1
soap,soap,2
opera,opera,2
rich,rich,2
trying,trying,1
sneak,sneak,1
pin,pin,1
humour,humour,1
include,include,1
member,member,1
tee,tee,3
ah,ah,1
script,script,1
clothing,clothing,2
embroidery,embroidery,1
town,town,1
eye,eye,1
holiday,holiday,1
unite,unite,1
dude,dude,1
although,although,4
pity,pity,2
afraid,afraid,2
compete,compete,1
crossed,crossed,1
thats,thats,1
renaissance,renaissance,1
recently,recently,1
sort,sort,1
associate,associate,1
happening,happening,1
cherry,cherry,1
westerner,westerner,1
ear,ear,1
breakthrough,breakthrough,1
short,short,1
breakdown,breakdown,2
meaning,meaning,3
legit,legit,2
historian,historian,2
honor,honor,1
theyre,theyre,1
flood,flood,2
gif,gif,4
falsetto,falsetto,1
pronunciation,pronunciation,2
speak,speak,4
nevertheless,nevertheless,1
broadcaster,broadcaster,1
record,record,3
distribution,distribution,1
main,main,4
insult,insult,1
better,better,2
term,term,1
fair,fair,1
gutter,gutter,1
state,state,2
streaming,streaming,1
shock,shock,1
useless,useless,1
garbage,garbage,1
dialect,dialect,1
type,type,1
joke,joke,1
produce,produce,2
contestant,contestant,2
previous,previous,3
connect,connect,1
kindly,kindly,3
refrain,refrain,2
dumb,dumb,1
anthem,anthem,1
portrait,portrait,1
tie,tie,1
gold,gold,1
spicy,spicy,1
ooze,ooze,1
crumb,crumb,1
merchandise,merchandise,1
holy,holy,1
extraordinary,extraordinary,1
madly,madly,1
instantly,instantly,1
goodness,goodness,1
enigmatic,enigmatic,1
alien,alien,1
tried,tried,1
drawing,drawing,1
wherever,wherever,1
previously,previously,1
slap,slap,1
logy,logy,1
respectively,respectively,1
student,student,1
museum,museum,1
deeply,deeply,2
concerned,concerned,2
c,c,2
related,related,2
semifinal,semifinal,7
moreover,moreover,2
wo,wo,6
name,name,3
rule,rule,1
responsible,responsible,2
merch,merch,1
domination,domination,1
sight,sight,1
plane,plane,1
ticket,ticket,1
date,date,1
stressful,stressful,1
sometimes,sometimes,1
journey,journey,2
shine,shine,1
sending,sending,2
indeed,indeed,2
ala,ala,1
evaluate,evaluate,1
rabbit,rabbit,1
hole,hole,2
refresh,refresh,1
partially,partially,1
create,create,1
exhibition,exhibition,1
case,case,1
odds,odds,2
tight,tight,1
rid,rid,1
shot,shot,1
among,among,1
recording,recording,1
considering,considering,1
membership,membership,1
free,free,1
tea,tea,1
overwhelming,overwhelming,1
devastate,devastate,1
watched,watched,1
war,war,1
aggression,aggression,1
destroy,destroy,1
experienced,experienced,1
grief,grief,1
vocalist,vocalist,1
worth,worth,1
hotly,hotly,1
feast,feast,1
presentation,presentation,2
deaf,deaf,1
awaken,awaken,1
begin,begin,1
yas,yas,2
motherland,motherland,1
ide,ide,1
classic,classic,1
sprinkle,sprinkle,1
da,da,2
reading,reading,1
ani,ani,1
icon,icon,2
couple,couple,1
co,co,1
shoe,shoe,1
effort,effort,1
dislike,dislike,1
flute,flute,3
pas,pas,1
near,near,1
failure,failure,1
doubt,doubt,2
utterly,utterly,1
glorious,glorious,1
alone,alone,1
flawless,flawless,1
honesty,honesty,1
school,school,1
four,four,1
rob,rob,3
city,city,1
colour,colour,1
qualification,qualification,6
early,early,1
gosh,gosh,1
relatable,relatable,1
nuclear,nuclear,1
guide,guide,1
daft,daft,1
unsuited,unsuited,1
task,task,1
verse,verse,1
comment,comment,1
anxiety,anxiety,1
excite,excite,4
making,making,2
alarm,alarm,1
tone,tone,1
streak,streak,4
level,level,1
usually,usually,2
remotely,remotely,1
career,career,3
admiration,admiration,1
across,across,1
hoot,hoot,1
bated,bated,1
breath,breath,1
onto,onto,3
sweetie,sweetie,2
behalf,behalf,1
ouch,ouch,1
bleeding,bleeding,1
cosmic,cosmic,1
qualified,qualified,2
talk,talk,1
random,random,1
easy,easy,1
blame,blame,1
huh,huh,1
queer,queer,1
extra,extra,1
flag,flag,2
settle,settle,1
ship,ship,1
loud,loud,1
moon,moon,1
apart,apart,1
alongside,alongside,1
roster,roster,1
thoughtful,thoughtful,1
donate,donate,1
twitter,twitter,1
shade,shade,3
carry,carry,2
allocation,allocation,1
photo,photo,1
wen,wen,1
sis,sis,1
worry,worry,1
powerhouse,powerhouse,2
bragger,bragger,1
pound,pound,1
boy,boy,1
disappointed,disappointed,1
slot,slot,1
human,human,1
fatal,fatal,1
mother,mother,1
siren,siren,1
entertain,entertain,1
audio,audio,1
aggressive,aggressive,2
faith,faith,1
either,either,3
upset,upset,1
appropriate,appropriate,1
elimination,elimination,1
shocking,shocking,1
memorable,memorable,1
tense,tense,1
qualifier,qualifier,1
heartbroken,heartbroken,1
bathroom,bathroom,1
bomb,bomb,1
reprise,reprise,1
outstanding,outstanding,2
count,count,1
social,social,1
gain,gain,1
tempo,tempo,1
solo,solo,1
pose,pose,1
nerve,nerve,2
wreck,wreck,1
attack,attack,8
fell,fell,1
sofa,sofa,1
ate,ate,1
hall,hall,1
loudly,loudly,1
participation,participation,1
scare,scare,1
knew,knew,1
artist,artist,2
brazil,brazil,1
overdo,overdo,1
illegally,illegally,1
flex,flex,1
third,third,1
trophy,trophy,1
feeling,feeling,1
karaoke,karaoke,1
movie,movie,1
stress,stress,1
selection,selection,1
necessarily,necessarily,1
burn,burn,1
ashes,ashes,1
made,made,1
aye,aye,1
dub,dub,1
tick,tick,1
tock,tock,1
bill,bill,1
cell,cell,1
provider,provider,1
deal,deal,1
anyhow,anyhow,1
exclusive,exclusive,1
opportunity,opportunity,1
smashing,smashing,1
praise,praise,1
purely,purely,1
butt,butt,1
hectic,hectic,1
progress,progress,1
musically,musically,1
eagerly,eagerly,1
arm,arm,1
van,van,1
rehearsal,rehearsal,1
commentary,commentary,1
several,several,1
image,image,1
perhaps,perhaps,1
strike,strike,1
importance,importance,1
literature,literature,1
period,period,1
w,w,1
cute,cute,1
liege,liege,1
revolution,revolution,1
passive,passive,1
shady,shady,1
grow,grow,1
deep,deep,1
wisdom,wisdom,1
dying,dying,1
hyperactive,hyperactive,1
ridiculously,ridiculously,1
catchy,catchy,1
turquoise,turquoise,1
carpet,carpet,1
replay,replay,1
drink,drink,1
walk,walk,1
lane,lane,1
remind,remind,1
tope,tope,1
clarify,clarify,1
root,root,1
hand,hand,1
replacement,replacement,1
wonder,wonder,1
statement,statement,1
leg,leg,1
technical,technical,1
whether,whether,1
apparent,apparent,1
quickly,quickly,1
slip,slip,1
sense,sense,1
gender,gender,1
conquer,conquer,1
massively,massively,1
soloist,soloist,1
participant,participant,1
authenticity,authenticity,1
originality,originality,1
battle,battle,1
poll,poll,1
somebody,somebody,1
thirsty,thirsty,1
argue,argue,1
passion,passion,1
guy,guy,1
