Source,Target,Weight
listen,album,1
listen,many,1
listen,would,1
listen,fit,1
listen,ghost,1
listen,shell,1
listen,stand,1
listen,alone,1
listen,complex,1
listen,wonder,1
listen,like,1
listen,much,1
listen,cool,1
listen,idea,1
listen,sing,1
listen,love,1
listen,learn,1
listen,friend,1
listen,sure,1
listen,style,1
listen,damn,1
listen,awesome,1
listen,still,1
listen,meanwhile,1
listen,get,1
listen,nuclear,1
listen,spring,1
listen,fantasy,1
album,many,1
album,would,1
album,fit,1
album,ghost,1
album,shell,1
album,stand,1
album,alone,1
album,complex,1
album,wonder,1
album,like,1
album,much,1
album,release,2
album,new,1
album,soon,1
album,let,1
album,grandma,1
album,free,1
many,would,1
many,fit,1
many,ghost,1
many,shell,1
many,stand,1
many,alone,1
many,complex,1
many,wonder,1
many,like,1
many,much,1
many,week,1
many,still,1
many,smash,1
many,time,1
many,day,1
would,fit,1
would,ghost,1
would,shell,1
would,stand,1
would,alone,1
would,complex,1
would,wonder,1
would,like,2
would,much,1
would,please,1
would,come,1
would,total,1
would,blast,1
would,lent,1
would,festival,1
would,love,2
would,see,2
would,could,2
would,add,2
would,date,2
would,neat,1
would,find,1
would,cool,1
would,orchestra,1
would,cover,1
would,thought,1
would,dancing,1
would,right,1
would,need,1
would,merch,1
would,life,1
would,pride,1
would,joy,1
would,clothing,1
would,collection,1
would,good,1
would,idea,1
would,future,1
fit,ghost,1
fit,shell,1
fit,stand,1
fit,alone,1
fit,complex,1
fit,wonder,1
fit,like,1
fit,much,1
ghost,shell,1
ghost,stand,1
ghost,alone,1
ghost,complex,1
ghost,wonder,1
ghost,like,1
ghost,much,1
shell,stand,1
shell,alone,1
shell,complex,1
shell,wonder,1
shell,like,1
shell,much,1
stand,alone,1
stand,complex,1
stand,wonder,1
stand,like,1
stand,much,1
alone,complex,1
alone,wonder,1
alone,like,1
alone,much,1
complex,wonder,1
complex,like,1
complex,much,1
wonder,like,1
wonder,much,1
wonder,dove,1
wonder,powerful,1
wonder,duo,1
wonder,successful,1
like,much,1
like,hope,1
like,something,1
like,upcoming,1
like,host,3
like,country,3
like,every,1
like,year,1
like,reading,1
like,go,1
like,long,1
like,tour,1
like,find,1
like,cool,1
like,orchestra,1
like,cover,1
like,thought,1
like,see,1
like,dancing,1
like,right,1
like,man,1
like,even,1
like,dare,1
like,put,1
like,big,1
like,venue,2
like,make,1
like,production,1
like,slicker,1
like,plus,1
like,scrap,1
like,jury,1
like,let,1
like,present,1
much,girl,1
much,deserve,1
much,love,3
much,dove,1
much,thank,1
much,hold,1
much,mental,1
much,health,1
much,strong,1
much,good,1
much,kind,1
much,supportive,1
amaze,please,1
amaze,invite,1
amaze,sing,1
amaze,choir,1
amaze,day,1
amaze,bunch,1
amaze,talented,1
amaze,magical,1
amaze,people,1
please,invite,1
please,come,16
please,crossed,3
please,total,1
please,blast,1
please,lent,1
please,festival,1
please,maybe,1
please,spare,1
please,southern,1
please,south,1
please,stop,1
please,turkey,1
please,dont,1
please,forget,2
please,finland,1
please,bridge,1
please,add,1
please,canada,1
please,love,2
please,heritage,1
please,back,1
please,prison,1
please,island,1
please,open,1
please,know,1
please,country,1
please,terrible,1
please,destroy,1
please,yes,3
please,merch,1
please,dove,1
please,give,1
please,u,1
dream,sell,1
dream,could,1
dream,get,1
dream,one,1
sell,could,1
sell,get,1
sell,one,1
could,get,1
could,one,2
could,add,2
could,date,2
could,love,1
could,neat,1
could,far,1
could,gather,1
could,particular,1
could,form,1
could,black,1
could,art,1
could,occasion,1
could,connect,1
could,sow,1
could,hemp,1
could,seed,1
could,handful,1
could,carry,1
could,girl,1
could,hardy,1
could,thematically,1
could,link,1
get,one,1
get,ready,1
get,added,1
get,het,1
get,line,1
get,grab,1
get,check,1
get,confirm,1
get,far,1
get,u,3
get,know,1
get,love,1
get,right,1
get,say,1
get,come,1
get,point,1
get,release,1
get,version,1
get,tell,1
get,q,1
get,video,1
get,still,1
get,meanwhile,1
get,nuclear,1
get,spring,1
get,fantasy,1
get,watching,1
get,documentary,1
get,treat,1
get,writer,1
get,heart,1
get,inspiration,1
get,weave,1
get,music,2
get,magical,1
get,band,1
get,put,1
get,map,1
one,love,1
one,see,2
one,come,1
one,day,1
one,far,1
one,gather,1
one,particular,1
one,form,1
one,black,1
one,art,1
one,occasion,1
one,connect,1
one,sow,1
one,hemp,1
one,seed,1
one,handful,1
one,carry,1
one,girl,1
one,hardy,1
one,thematically,1
one,link,1
one,jury,1
one,post,1
one,perform,1
one,make,1
one,want,1
one,travel,1
soft,power,1
soft,music,1
soft,strong,1
soft,response,1
soft,hybrid,1
soft,democracy,2
soft,band,1
soft,action,1
soft,zero,1
soft,corruption,1
soft,conference,1
soft,last,1
soft,minute,1
soft,register,1
power,music,1
power,strong,1
power,response,1
power,hybrid,1
power,democracy,2
power,band,1
power,action,1
power,zero,1
power,corruption,1
power,conference,1
power,last,1
power,minute,1
power,register,1
music,strong,1
music,response,1
music,hybrid,1
music,democracy,2
music,band,5
music,action,1
music,zero,1
music,corruption,1
music,conference,3
music,last,1
music,minute,1
music,register,3
music,great,2
music,news,2
music,musical,2
music,component,2
music,already,2
music,make,2
music,lot,2
music,noise,2
music,song,2
music,contest,2
music,top,2
music,apple,2
music,see,3
music,love,4
music,really,1
music,style,1
music,yeah,1
music,performance,1
music,video,1
music,also,1
music,art,1
music,gorgeous,1
music,want,3
music,green,1
music,cloth,1
music,even,1
music,supportive,2
music,history,2
music,rivalry,2
music,admire,2
music,support,2
music,care,2
music,achieve,2
music,success,2
music,true,2
music,spirit,2
music,watching,2
music,documentary,2
music,treat,2
music,writer,2
music,heart,2
music,inspiration,2
music,weave,2
music,magical,2
music,put,2
music,map,2
strong,response,1
strong,hybrid,1
strong,democracy,2
strong,band,1
strong,action,1
strong,zero,1
strong,corruption,1
strong,conference,1
strong,last,1
strong,minute,1
strong,register,1
strong,thank,1
strong,hold,1
strong,mental,1
strong,health,1
strong,love,1
response,hybrid,1
response,democracy,2
response,band,1
response,action,1
response,zero,1
response,corruption,1
response,conference,1
response,last,1
response,minute,1
response,register,1
hybrid,democracy,2
hybrid,band,1
hybrid,action,1
hybrid,zero,1
hybrid,corruption,1
hybrid,conference,1
hybrid,last,1
hybrid,minute,1
hybrid,register,1
democracy,band,2
democracy,action,2
democracy,zero,2
democracy,corruption,2
democracy,conference,2
democracy,last,2
democracy,minute,2
democracy,register,2
band,action,1
band,zero,1
band,corruption,1
band,conference,2
band,last,1
band,minute,1
band,register,2
band,great,1
band,news,1
band,musical,1
band,component,1
band,already,1
band,make,1
band,lot,1
band,noise,1
band,song,1
band,contest,1
band,top,2
band,apple,1
band,see,1
band,current,1
band,voice,1
band,work,1
band,wow,1
band,unbelievable,1
band,awesome,1
band,track,1
band,electro,2
band,folk,2
band,chart,1
band,become,1
band,winner,1
band,week,1
band,meet,1
band,new,1
band,member,1
band,interview,1
band,singer,1
band,watching,1
band,documentary,1
band,treat,1
band,writer,1
band,heart,1
band,inspiration,1
band,weave,1
band,magical,1
band,put,1
band,map,1
action,zero,1
action,corruption,1
action,conference,1
action,last,1
action,minute,1
action,register,1
zero,corruption,1
zero,conference,1
zero,last,1
zero,minute,1
zero,register,1
corruption,conference,1
corruption,last,1
corruption,minute,1
corruption,register,1
conference,last,1
conference,minute,1
conference,register,2
conference,great,1
conference,news,1
conference,musical,1
conference,component,1
conference,already,1
conference,make,1
conference,lot,1
conference,noise,1
conference,song,1
conference,contest,1
conference,top,1
conference,apple,1
conference,see,1
last,minute,1
last,register,1
minute,register,1
register,great,1
register,news,1
register,musical,1
register,component,1
register,already,1
register,make,1
register,lot,1
register,noise,1
register,song,1
register,contest,1
register,top,1
register,apple,1
register,see,1
great,news,1
great,musical,1
great,component,1
great,already,1
great,make,1
great,lot,1
great,noise,1
great,song,1
great,contest,1
great,top,1
great,apple,1
great,see,1
news,musical,1
news,component,1
news,already,1
news,make,1
news,lot,1
news,noise,1
news,song,1
news,contest,1
news,top,1
news,apple,1
news,see,1
musical,component,1
musical,already,1
musical,make,1
musical,lot,1
musical,noise,1
musical,song,1
musical,contest,1
musical,top,1
musical,apple,1
musical,see,1
component,already,1
component,make,1
component,lot,1
component,noise,1
component,song,1
component,contest,1
component,top,1
component,apple,1
component,see,1
already,make,1
already,lot,1
already,noise,1
already,song,1
already,contest,1
already,top,1
already,apple,1
already,see,1
already,inspire,1
already,learn,1
already,beautiful,1
already,language,1
already,love,1
already,ready,1
already,back,1
already,first,1
already,version,1
already,knew,1
already,bless,1
make,lot,1
make,noise,1
make,song,1
make,contest,1
make,top,2
make,apple,1
make,see,2
make,radio,1
make,u,1
make,hear,1
make,bank,1
make,wall,1
make,stop,1
make,review,1
make,go,1
make,react,1
make,year,1
make,catch,1
make,jury,2
make,post,1
make,perform,1
make,want,1
make,travel,1
make,even,1
make,dare,1
make,put,1
make,big,1
make,venue,2
make,production,1
make,slicker,1
make,plus,1
make,scrap,1
make,let,1
make,present,1
make,channelling,1
make,realness,1
make,game,1
make,need,1
make,though,1
make,two,1
make,set,1
make,convincing,1
lot,noise,1
lot,song,1
lot,contest,1
lot,top,1
lot,apple,1
lot,see,1
noise,song,1
noise,contest,1
noise,top,1
noise,apple,1
noise,see,1
song,contest,1
song,top,3
song,apple,1
song,see,1
song,listening,1
song,id,1
song,go,1
song,people,1
song,dance,1
song,anime,1
song,cringe,1
song,fan,1
song,covering,2
song,black,6
song,metal,6
song,style,2
song,win,2
song,saw,2
song,potential,2
song,viral,1
song,chart,1
song,day,1
song,straight,1
song,become,1
song,first,1
song,enter,1
song,billboard,1
song,happy,1
song,drunk,1
song,groove,1
contest,top,1
contest,apple,1
contest,see,1
top,apple,1
top,see,1
top,wow,1
top,unbelievable,1
top,awesome,1
top,track,1
top,electro,1
top,folk,1
top,chart,3
top,become,2
top,winner,1
top,week,1
top,crack,1
top,global,1
top,actually,1
top,two,1
top,list,1
top,via,1
top,review,1
top,go,1
top,react,1
top,year,1
top,catch,1
top,viral,1
top,day,1
top,straight,1
top,first,1
top,enter,1
top,billboard,1
top,happy,1
top,drunk,1
top,groove,1
apple,see,1
see,say,1
see,n,1
see,ne,1
see,nobody,1
see,ready,1
see,happy,1
see,people,1
see,good,1
see,love,5
see,really,1
see,style,1
see,come,1
see,day,1
see,find,1
see,cool,1
see,orchestra,1
see,cover,1
see,thought,1
see,dancing,1
see,right,1
see,summer,1
see,u,3
see,ur,1
see,wait,1
see,go,2
see,live,2
see,concert,1
see,desperate,1
see,start,1
see,happen,1
see,jury,1
see,post,1
see,perform,1
see,want,1
see,travel,1
come,beg,1
come,crossed,1
come,total,1
come,blast,1
come,lent,1
come,festival,1
come,let,1
come,rock,1
come,house,1
come,together,1
come,southern,2
come,south,2
come,hope,1
come,able,1
come,somewhere,1
come,nearby,1
come,forgot,1
come,twitter,1
come,join,1
come,well,1
come,regretfully,1
come,live,1
come,waiting,1
come,u,3
come,know,2
come,love,3
come,right,1
come,say,1
come,point,1
come,bridge,1
come,day,1
come,back,1
come,prison,1
come,island,1
come,open,1
come,country,1
come,terrible,1
come,destroy,1
come,us,1
tried,sing,3
tried,discover,1
tried,stop,1
tried,listening,1
tried,learn,1
tried,pronunciation,1
tried,well,1
tried,yeah,1
tried,try,1
sing,discover,3
sing,stop,3
sing,listening,3
sing,learn,4
sing,pronunciation,3
sing,well,3
sing,yeah,3
sing,try,3
sing,choir,1
sing,day,1
sing,bunch,1
sing,talented,1
sing,magical,1
sing,people,1
sing,idea,1
sing,love,1
sing,friend,1
sing,sure,1
sing,style,1
sing,damn,1
sing,awesome,1
discover,stop,1
discover,listening,1
discover,learn,1
discover,pronunciation,1
discover,well,1
discover,yeah,1
discover,try,1
stop,listening,1
stop,learn,1
stop,pronunciation,1
stop,well,1
stop,yeah,1
stop,try,1
stop,ready,1
stop,radio,1
stop,u,1
stop,hear,1
stop,bank,1
stop,wall,1
stop,turkey,1
listening,learn,1
listening,pronunciation,1
listening,well,1
listening,yeah,1
listening,try,1
listening,id,1
listening,go,1
listening,people,1
listening,dance,1
listening,anime,1
listening,cringe,1
listening,fan,1
learn,pronunciation,1
learn,well,1
learn,yeah,1
learn,try,1
learn,inspire,1
learn,beautiful,1
learn,language,1
learn,love,2
learn,idea,1
learn,friend,1
learn,sure,1
learn,style,1
learn,damn,1
learn,awesome,1
pronunciation,well,1
pronunciation,yeah,1
pronunciation,try,1
well,yeah,1
well,try,1
well,deserve,1
yeah,try,1
yeah,performance,1
yeah,video,1
yeah,also,1
yeah,art,1
yeah,gorgeous,1
yeah,want,1
yeah,green,1
yeah,cloth,1
yeah,even,1
hope,something,1
hope,upcoming,1
hope,host,3
hope,country,3
hope,every,1
hope,year,1
hope,hold,1
hope,mean,1
hope,keep,1
hope,tour,1
hope,able,2
hope,somewhere,1
hope,nearby,1
hope,visit,1
hope,finland,1
hope,yea,1
hope,remember,1
hope,world,1
hope,give,1
something,upcoming,1
something,host,3
something,country,3
something,every,1
something,year,1
something,knew,1
something,say,1
upcoming,host,3
upcoming,country,3
upcoming,every,1
upcoming,year,1
host,country,9
host,every,3
host,year,3
country,every,3
country,year,3
country,know,1
country,terrible,1
country,love,1
every,year,1
year,review,1
year,go,1
year,react,1
year,catch,1
year,never,1
year,usually,1
year,watch,2
year,felt,1
year,urge,1
year,glad,1
year,week,1
ready,added,1
ready,het,1
ready,line,1
ready,grab,1
ready,check,1
ready,confirm,1
ready,far,1
ready,say,1
ready,n,1
ready,ne,1
ready,nobody,1
ready,happy,1
ready,people,1
ready,good,1
ready,yes,1
ready,back,1
ready,first,1
ready,version,1
ready,knew,1
ready,bless,1
added,het,1
added,line,1
added,grab,1
added,check,1
added,confirm,1
added,far,1
het,line,1
het,grab,1
het,check,1
het,confirm,1
het,far,1
het,chance,1
het,performance,1
line,grab,1
line,check,1
line,confirm,1
line,far,1
grab,check,1
grab,confirm,1
grab,far,1
check,confirm,1
check,far,1
check,june,1
check,u,1
check,visit,1
check,hey,1
check,hi,1
check,might,1
check,want,1
check,making,1
check,united,1
confirm,far,1
far,gather,1
far,particular,1
far,form,1
far,black,1
far,art,1
far,occasion,1
far,connect,1
far,sow,1
far,hemp,1
far,seed,1
far,handful,1
far,carry,1
far,girl,1
far,hardy,1
far,thematically,1
far,link,1
total,blast,1
total,lent,1
total,festival,1
blast,lent,1
blast,festival,1
lent,festival,1
funny,begin,1
funny,also,1
funny,similar,1
funny,appearance,1
begin,also,1
begin,similar,1
begin,appearance,1
also,similar,1
also,appearance,1
also,performance,1
also,video,1
also,art,1
also,gorgeous,1
also,want,1
also,green,1
also,cloth,1
also,even,1
similar,appearance,1
wait,hear,1
wait,polish,1
wait,summer,1
wait,love,1
wait,u,3
wait,ur,1
wait,go,1
wait,drop,1
wait,share,1
wait,remix,1
hear,radio,1
hear,u,1
hear,bank,1
hear,wall,1
hear,go,2
hear,maybe,2
hear,even,2
say,n,1
say,ne,1
say,nobody,1
say,happy,1
say,people,1
say,good,1
say,u,3
say,know,1
say,love,1
say,right,1
say,point,1
say,knew,1
say,remix,1
say,nana,1
n,ne,1
n,nobody,1
n,happy,1
n,people,1
n,good,1
ne,nobody,1
ne,happy,1
ne,people,1
ne,good,1
nobody,happy,1
nobody,people,1
nobody,good,1
happy,people,1
happy,good,1
happy,viral,1
happy,chart,1
happy,day,1
happy,straight,1
happy,become,1
happy,first,1
happy,enter,1
happy,billboard,1
people,good,1
people,id,1
people,go,1
people,dance,1
people,anime,1
people,cringe,1
people,fan,1
people,choir,1
people,day,1
people,bunch,1
people,talented,1
people,magical,1
good,morning,1
good,release,1
good,merch,2
good,need,1
good,life,1
good,pride,1
good,joy,1
good,clothing,1
good,collection,1
good,idea,1
good,future,1
good,love,1
good,kind,1
good,supportive,1
chance,performance,1
chance,include,1
chance,unfortunately,1
performance,video,1
performance,art,1
performance,gorgeous,1
performance,want,1
performance,green,1
performance,cloth,1
performance,even,1
everybody,still,1
everybody,talk,1
everybody,literally,1
still,talk,1
still,literally,1
still,absolutely,1
still,likely,1
still,think,1
still,meanwhile,1
still,nuclear,1
still,spring,1
still,fantasy,1
still,week,1
still,smash,1
still,time,1
still,day,1
talk,literally,1
maybe,go,1
maybe,even,1
inspire,beautiful,1
inspire,language,1
inspire,love,1
beautiful,language,1
beautiful,love,1
language,love,1
love,really,2
love,style,3
love,use,1
love,often,1
love,u,6
love,know,2
love,right,1
love,point,1
love,add,2
love,canada,1
love,heritage,1
love,day,1
love,terrible,1
love,date,1
love,store,1
love,buy,1
love,merch,1
love,summer,1
love,ur,1
love,go,1
love,idea,1
love,friend,1
love,sure,1
love,damn,1
love,awesome,1
love,girl,1
love,deserve,1
love,dove,1
love,thank,1
love,hold,1
love,mental,1
love,health,1
love,supportive,2
love,history,1
love,rivalry,1
love,admire,1
love,support,1
love,care,1
love,want,1
love,achieve,1
love,success,1
love,true,1
love,spirit,1
love,kind,1
reading,go,1
reading,long,1
reading,tour,1
go,long,1
go,tour,1
go,id,1
go,dance,1
go,anime,1
go,cringe,1
go,fan,1
go,together,1
go,place,1
go,summer,1
go,u,3
go,ur,1
go,review,1
go,react,1
go,catch,1
go,really,1
go,even,1
go,month,1
go,recently,1
go,decide,1
go,win,1
go,live,1
go,concert,1
long,tour,1
tour,hold,1
tour,mean,1
tour,keep,1
hold,mean,1
hold,keep,1
hold,thank,1
hold,mental,1
hold,health,1
mean,keep,1
really,style,1
style,covering,1
style,black,3
style,metal,3
style,win,1
style,saw,1
style,potential,1
style,idea,1
style,friend,1
style,sure,1
style,damn,1
style,awesome,1
let,rock,1
let,house,1
let,together,1
let,release,1
let,new,1
let,soon,1
let,grandma,1
let,free,1
let,know,1
let,currently,1
let,c,1
let,mon,1
let,sponsor,1
let,promise,2
let,stream,1
let,worth,1
let,chaos,1
let,commence,1
let,even,1
let,dare,1
let,put,1
let,big,1
let,venue,2
let,production,1
let,slicker,1
let,plus,1
let,scrap,1
let,jury,1
let,present,1
rock,house,1
rock,together,1
house,together,1
together,dove,1
together,magical,1
give,public,1
give,vote,1
give,forget,2
give,dove,1
give,u,1
give,world,1
public,vote,1
public,forget,1
vote,forget,1
forget,dont,1
forget,finland,1
forget,yes,1
forget,merch,1
id,dance,1
id,anime,1
id,cringe,1
id,fan,1
dance,anime,1
dance,cringe,1
dance,fan,1
dance,week,1
dance,hot,1
dance,electronic,1
dance,chart,1
dance,taste,1
dance,drop,1
anime,cringe,1
anime,fan,1
cringe,fan,1
radio,u,1
radio,bank,1
radio,wall,1
u,bank,1
u,wall,1
u,june,1
u,visit,1
u,know,3
u,right,3
u,point,3
u,summer,3
u,ur,3
u,dove,1
u,sale,1
u,k,1
bank,wall,1
release,new,1
release,soon,1
release,grandma,1
release,free,1
release,version,1
release,tell,1
release,q,1
release,video,1
release,morning,1
release,merch,1
new,soon,1
new,grandma,1
new,free,1
new,member,2
new,meet,1
soon,grandma,1
soon,free,1
grandma,free,1
know,currently,1
know,right,1
know,point,1
know,terrible,1
know,need,1
know,footage,1
know,queen,1
know,yesterday,1
know,concert,1
southern,south,1
able,somewhere,1
able,nearby,1
able,visit,1
able,finland,1
somewhere,nearby,1
turkey,list,1
serve,folk,1
serve,reality,1
folk,reality,1
folk,wow,1
folk,unbelievable,1
folk,awesome,1
folk,track,1
folk,electro,2
folk,chart,1
folk,become,1
folk,winner,1
folk,week,1
folk,interview,1
folk,singer,1
comment,yes,1
comment,imagine,1
yes,imagine,1
yes,merch,1
yes,queen,1
yes,oh,1
yes,god,1
yes,need,1
forgot,twitter,1
forgot,join,1
twitter,join,1
use,often,1
regretfully,live,1
live,concert,1
live,desperate,1
live,start,1
live,happen,1
dont,finland,1
finland,visit,1
june,visit,1
right,point,1
right,find,1
right,cool,1
right,orchestra,1
right,cover,1
right,thought,1
right,dancing,1
add,canada,1
add,heritage,1
add,date,2
add,neat,1
canada,heritage,1
day,choir,1
day,bunch,1
day,talented,1
day,magical,1
day,viral,1
day,chart,1
day,straight,1
day,become,1
day,first,1
day,enter,1
day,billboard,1
day,week,1
day,smash,1
day,time,1
list,crack,1
list,global,1
list,chart,1
list,actually,1
list,two,1
list,via,1
back,prison,1
back,island,1
back,open,1
back,first,1
back,version,1
back,knew,1
back,bless,1
prison,island,1
prison,open,1
island,open,1
praying,circle,1
praying,concert,1
circle,concert,1
concert,need,1
concert,footage,1
concert,queen,1
concert,yesterday,1
knew,first,1
knew,version,1
knew,bless,1
date,neat,1
us,billboard,1
us,global,1
us,exclude,1
us,e,1
yea,remember,1
merch,morning,1
merch,store,1
merch,buy,1
merch,need,1
merch,life,1
merch,pride,1
merch,joy,1
merch,clothing,1
merch,collection,1
merch,idea,1
merch,future,1
current,voice,1
current,work,1
voice,work,1
late,video,1
late,analyse,1
late,hit,1
video,analyse,1
video,hit,1
video,version,1
video,tell,1
video,q,1
video,art,1
video,gorgeous,1
video,want,1
video,green,1
video,cloth,1
video,even,1
analyse,hit,1
version,tell,1
version,q,1
version,first,1
version,bless,1
tell,q,1
find,cool,1
find,orchestra,1
find,cover,1
find,thought,1
find,dancing,1
cool,orchestra,1
cool,cover,1
cool,thought,1
cool,dancing,1
orchestra,cover,1
orchestra,thought,1
orchestra,dancing,1
cover,thought,1
cover,dancing,1
thought,dancing,1
thought,dove,1
wow,unbelievable,1
wow,awesome,1
wow,track,1
wow,electro,1
wow,chart,1
wow,become,1
wow,winner,1
wow,week,1
unbelievable,awesome,1
unbelievable,track,1
unbelievable,electro,1
unbelievable,chart,1
unbelievable,become,1
unbelievable,winner,1
unbelievable,week,1
awesome,track,1
awesome,electro,1
awesome,chart,1
awesome,become,1
awesome,winner,1
awesome,week,1
awesome,idea,1
awesome,friend,1
awesome,sure,1
awesome,damn,1
track,electro,1
track,chart,1
track,become,1
track,winner,1
track,week,1
electro,chart,1
electro,become,1
electro,winner,1
electro,week,1
electro,interview,1
electro,singer,1
chart,become,2
chart,winner,1
chart,week,2
chart,crack,1
chart,global,1
chart,actually,1
chart,two,1
chart,via,1
chart,viral,1
chart,straight,1
chart,first,1
chart,enter,1
chart,billboard,1
chart,hot,1
chart,electronic,1
chart,taste,1
chart,drop,1
become,winner,1
become,week,1
become,viral,1
become,straight,1
become,first,1
become,enter,1
become,billboard,1
winner,week,1
week,hot,1
week,electronic,1
week,taste,1
week,drop,1
week,smash,1
week,time,1
week,never,1
week,usually,1
week,watch,2
week,felt,1
week,urge,1
week,glad,1
choir,bunch,1
choir,talented,1
choir,magical,1
bunch,talented,1
bunch,magical,1
bunch,support,1
bunch,best,1
bunch,supportive,1
bunch,group,1
talented,magical,1
magical,dove,1
magical,watching,1
magical,documentary,1
magical,treat,1
magical,writer,1
magical,heart,1
magical,inspiration,1
magical,weave,1
magical,put,1
magical,map,1
daily,reminder,1
daily,win,1
reminder,win,1
win,covering,1
win,black,3
win,metal,3
win,saw,1
win,potential,1
win,month,1
win,recently,1
win,decide,1
store,buy,1
gather,particular,1
gather,form,1
gather,black,1
gather,art,1
gather,occasion,1
gather,connect,1
gather,sow,1
gather,hemp,1
gather,seed,1
gather,handful,1
gather,carry,1
gather,girl,1
gather,hardy,1
gather,thematically,1
gather,link,1
particular,form,1
particular,black,1
particular,art,1
particular,occasion,1
particular,connect,1
particular,sow,1
particular,hemp,1
particular,seed,1
particular,handful,1
particular,carry,1
particular,girl,1
particular,hardy,1
particular,thematically,1
particular,link,1
form,black,1
form,art,1
form,occasion,1
form,connect,1
form,sow,1
form,hemp,1
form,seed,1
form,handful,1
form,carry,1
form,girl,1
form,hardy,1
form,thematically,1
form,link,1
black,art,1
black,occasion,1
black,connect,1
black,sow,1
black,hemp,1
black,seed,1
black,handful,1
black,carry,1
black,girl,1
black,hardy,1
black,thematically,1
black,link,1
black,covering,3
black,metal,9
black,saw,3
black,potential,3
art,occasion,1
art,connect,1
art,sow,1
art,hemp,1
art,seed,1
art,handful,1
art,carry,1
art,girl,1
art,hardy,1
art,thematically,1
art,link,1
art,gorgeous,1
art,want,1
art,green,1
art,cloth,1
art,even,1
occasion,connect,1
occasion,sow,1
occasion,hemp,1
occasion,seed,1
occasion,handful,1
occasion,carry,1
occasion,girl,1
occasion,hardy,1
occasion,thematically,1
occasion,link,1
connect,sow,1
connect,hemp,1
connect,seed,1
connect,handful,1
connect,carry,1
connect,girl,1
connect,hardy,1
connect,thematically,1
connect,link,1
sow,hemp,1
sow,seed,1
sow,handful,1
sow,carry,1
sow,girl,1
sow,hardy,1
sow,thematically,1
sow,link,1
hemp,seed,1
hemp,handful,1
hemp,carry,1
hemp,girl,1
hemp,hardy,1
hemp,thematically,1
hemp,link,1
seed,handful,1
seed,carry,1
seed,girl,1
seed,hardy,1
seed,thematically,1
seed,link,1
handful,carry,1
handful,girl,1
handful,hardy,1
handful,thematically,1
handful,link,1
carry,girl,1
carry,hardy,1
carry,thematically,1
carry,link,1
girl,hardy,1
girl,thematically,1
girl,link,1
girl,deserve,1
girl,dove,1
hardy,thematically,1
hardy,link,1
thematically,link,1
number,baby,1
covering,metal,3
covering,saw,1
covering,potential,1
metal,saw,3
metal,potential,3
saw,potential,1
absolutely,likely,1
absolutely,think,1
absolutely,agree,1
likely,think,1
member,meet,1
crack,global,1
crack,actually,1
crack,two,1
crack,via,1
global,actually,1
global,two,1
global,via,1
global,billboard,1
global,exclude,1
global,e,1
actually,two,1
actually,via,1
two,via,1
two,channelling,1
two,realness,1
two,game,1
two,need,1
two,though,1
two,set,1
two,convincing,1
queen,read,1
queen,surgery,1
queen,remove,1
queen,true,1
queen,need,1
queen,footage,1
queen,yesterday,1
summer,ur,1
summer,pride,1
summer,month,1
summer,taste,1
summer,best,1
summer,way,1
summer,start,1
deserve,dove,1
dove,supremacy,2
dove,world,1
dove,domination,1
dove,powerful,1
dove,duo,1
dove,successful,1
supremacy,taste,2
read,surgery,1
read,remove,1
read,true,1
surgery,remove,1
surgery,true,1
remove,true,1
true,supportive,1
true,history,1
true,rivalry,1
true,admire,1
true,support,1
true,care,1
true,want,1
true,achieve,1
true,success,1
true,spirit,1
pride,month,1
pride,taste,1
pride,best,1
pride,way,1
pride,start,1
pride,need,1
pride,life,1
pride,joy,1
pride,clothing,1
pride,collection,1
pride,idea,1
pride,future,1
month,taste,1
month,best,1
month,way,1
month,start,1
month,recently,1
month,decide,1
taste,best,1
taste,way,1
taste,start,1
taste,hot,1
taste,electronic,1
taste,drop,1
best,way,1
best,start,1
best,support,1
best,supportive,1
best,group,1
way,start,1
start,desperate,1
start,happen,1
dive,legend,1
gorgeous,want,1
gorgeous,green,1
gorgeous,cloth,1
gorgeous,even,1
want,green,1
want,cloth,1
want,even,1
want,hey,1
want,hi,1
want,might,1
want,making,1
want,united,1
want,supportive,1
want,history,1
want,rivalry,1
want,admire,1
want,support,1
want,care,1
want,achieve,1
want,success,1
want,spirit,1
want,jury,1
want,post,1
want,perform,1
want,travel,1
green,cloth,1
green,even,1
cloth,even,1
even,dare,1
even,put,1
even,big,1
even,venue,2
even,production,1
even,slicker,1
even,plus,1
even,scrap,1
even,jury,1
even,present,1
idea,friend,1
idea,sure,1
idea,damn,1
idea,need,1
idea,life,1
idea,joy,1
idea,clothing,1
idea,collection,1
idea,future,1
friend,sure,1
friend,damn,1
sure,damn,1
review,react,1
review,catch,1
react,catch,1
viral,straight,1
viral,first,1
viral,enter,1
viral,billboard,1
straight,first,1
straight,enter,1
straight,billboard,1
first,enter,1
first,billboard,1
first,bless,1
enter,billboard,1
billboard,exclude,1
billboard,e,1
world,domination,1
powerful,duo,1
powerful,successful,1
duo,successful,1
hot,electronic,1
hot,drop,1
electronic,drop,1
drop,share,1
drop,remix,1
exclude,e,1
hey,hi,1
hey,might,1
hey,making,1
hey,united,1
hi,might,1
hi,making,1
hi,united,1
might,making,1
might,united,1
making,united,1
c,mon,1
c,sponsor,1
c,promise,2
c,stream,1
c,worth,1
c,chaos,1
c,commence,1
mon,sponsor,1
mon,promise,2
mon,stream,1
mon,worth,1
mon,chaos,1
mon,commence,1
sponsor,promise,2
sponsor,stream,1
sponsor,worth,1
sponsor,chaos,1
sponsor,commence,1
promise,stream,2
promise,worth,2
promise,chaos,2
promise,commence,2
stream,worth,1
stream,chaos,1
stream,commence,1
worth,chaos,1
worth,commence,1
chaos,commence,1
interview,singer,1
meanwhile,nuclear,1
meanwhile,spring,1
meanwhile,fantasy,1
nuclear,spring,1
nuclear,fantasy,1
spring,fantasy,1
acoustic,quarantine,1
acoustic,show,1
acoustic,wonderful,1
acoustic,thing,1
quarantine,show,1
quarantine,wonderful,1
quarantine,thing,1
show,wonderful,1
show,thing,1
wonderful,thing,1
recently,decide,1
need,life,1
need,joy,1
need,clothing,1
need,collection,1
need,future,1
need,oh,1
need,god,1
need,footage,1
need,yesterday,1
need,channelling,1
need,realness,1
need,game,1
need,though,1
need,set,1
need,convincing,1
life,joy,1
life,clothing,1
life,collection,1
life,future,1
joy,clothing,1
joy,collection,1
joy,future,1
clothing,collection,1
clothing,future,1
collection,future,1
drunk,groove,1
oh,god,1
thank,fam,1
thank,mental,1
thank,health,1
desperate,happen,1
mental,health,1
yo,con,1
yo,aint,1
con,aint,1
sale,k,1
remix,nana,1
remix,share,1
smash,time,1
supportive,history,1
supportive,rivalry,1
supportive,admire,1
supportive,support,2
supportive,care,1
supportive,achieve,1
supportive,success,1
supportive,spirit,1
supportive,group,1
supportive,kind,1
history,rivalry,1
history,admire,1
history,support,1
history,care,1
history,achieve,1
history,success,1
history,spirit,1
rivalry,admire,1
rivalry,support,1
rivalry,care,1
rivalry,achieve,1
rivalry,success,1
rivalry,spirit,1
admire,support,1
admire,care,1
admire,achieve,1
admire,success,1
admire,spirit,1
support,care,1
support,achieve,1
support,success,1
support,spirit,1
support,group,1
care,achieve,1
care,success,1
care,spirit,1
achieve,success,1
achieve,spirit,1
success,spirit,1
jury,post,1
jury,perform,1
jury,travel,1
jury,dare,1
jury,put,1
jury,big,1
jury,venue,2
jury,production,1
jury,slicker,1
jury,plus,1
jury,scrap,1
jury,present,1
post,perform,1
post,travel,1
perform,travel,1
entry,draw,1
entry,majesty,1
draw,majesty,1
never,usually,1
never,watch,2
never,felt,1
never,urge,1
never,glad,1
usually,watch,2
usually,felt,1
usually,urge,1
usually,glad,1
watch,felt,2
watch,urge,2
watch,glad,2
felt,urge,1
felt,glad,1
urge,glad,1
footage,yesterday,1
dare,put,1
dare,big,1
dare,venue,2
dare,production,1
dare,slicker,1
dare,plus,1
dare,scrap,1
dare,present,1
put,big,1
put,venue,2
put,production,1
put,slicker,1
put,plus,1
put,scrap,1
put,present,1
put,watching,1
put,documentary,1
put,treat,1
put,writer,1
put,heart,1
put,inspiration,1
put,weave,1
put,map,1
big,venue,2
big,production,1
big,slicker,1
big,plus,1
big,scrap,1
big,present,1
venue,production,2
venue,slicker,2
venue,plus,2
venue,scrap,2
venue,present,2
production,slicker,1
production,plus,1
production,scrap,1
production,present,1
slicker,plus,1
slicker,scrap,1
slicker,present,1
plus,scrap,1
plus,present,1
scrap,present,1
channelling,realness,1
channelling,game,1
channelling,though,1
channelling,set,1
channelling,convincing,1
realness,game,1
realness,though,1
realness,set,1
realness,convincing,1
game,though,1
game,set,1
game,convincing,1
though,set,1
though,convincing,1
set,convincing,1
watching,documentary,1
watching,treat,1
watching,writer,1
watching,heart,1
watching,inspiration,1
watching,weave,1
watching,map,1
documentary,treat,1
documentary,writer,1
documentary,heart,1
documentary,inspiration,1
documentary,weave,1
documentary,map,1
treat,writer,1
treat,heart,1
treat,inspiration,1
treat,weave,1
treat,map,1
writer,heart,1
writer,inspiration,1
writer,weave,1
writer,map,1
heart,inspiration,1
heart,weave,1
heart,map,1
inspiration,weave,1
inspiration,map,1
weave,map,1
