Id,Label,Count
serve,serve,1
plastic,plastic,2
entry,entry,4
year,year,13
complete,complete,1
blast,blast,1
support,support,1
whole,whole,3
heart,heart,2
new,new,3
member,member,2
band,band,2
love,love,14
see,see,10
music,music,4
artist,artist,1
different,different,1
talk,talk,5
really,really,1
nice,nice,1
enjoyable,enjoyable,1
end,end,2
thanks,thanks,4
everyone,everyone,1
blind,blind,2
channel,channel,2
ultimate,ultimate,2
urgently,urgently,1
need,need,6
entertain,entertain,1
two,two,1
good,good,10
luck,luck,2
please,please,3
appreciate,appreciate,1
fantastic,fantastic,1
concept,concept,2
party,party,1
like,like,7
found,found,1
older,older,1
live,live,5
footage,footage,1
call,call,1
drum,drum,1
n,n,1
kvass,kvass,1
make,make,6
rest,rest,2
bitch,bitch,1
face,face,1
amaze,amaze,6
turquoise,turquoise,2
carpet,carpet,2
noise,noise,1
song,song,15
idea,idea,1
wake,wake,1
people,people,1
life,life,1
pretend,pretend,1
someone,someone,1
else,else,1
fashion,fashion,1
icon,icon,1
sustainable,sustainable,1
come,come,5
time,time,4
week,week,6
officially,officially,1
begin,begin,1
wait,wait,4
especially,especially,1
particular,particular,1
order,order,1
finland,finland,1
available,available,3
size,size,1
link,link,5
art,art,1
one,one,2
image,image,1
follow,follow,1
check,check,28
excellent,excellent,1
long,long,27
thread,thread,1
w,w,1
everything,everything,3
u,u,4
know,know,6
might,might,1
win,win,4
lead,lead,2
much,much,2
think,think,3
original,original,3
version,version,3
even,even,2
current,current,1
way,way,2
crescendo,crescendo,1
blend,blend,1
folk,folk,4
electronic,electronic,3
video,video,1
shot,shot,1
captivate,captivate,1
go,go,7
intend,intend,1
vote,vote,2
genius,genius,1
snaps,snaps,1
still,still,1
torn,torn,1
best,best,10
cover,cover,2
categorically,categorically,1
creative,creative,1
click,click,1
watch,watch,3
interview,interview,2
try,try,1
connect,connect,1
modern,modern,1
punk,punk,1
performance,performance,28
campaign,campaign,1
masterpiece,masterpiece,1
want,want,2
back,back,3
next,next,3
hi,hi,1
merch,merch,1
sale,sale,1
could,could,1
purchase,purchase,1
seriously,seriously,1
well,well,5
tour,tour,1
bad,bad,3
invite,invite,2
semi,semi,28
final,final,28
season,season,1
favorite,favorite,3
wonder,wonder,1
perfect,perfect,1
triangle,triangle,1
nothing,nothing,1
post,post,2
rave,rave,1
tiny,tiny,1
growing,growing,1
getting,getting,1
old,old,2
hurricane,hurricane,1
loco,loco,2
last,last,5
dance,dance,2
relieved,relieved,1
perform,perform,4
agree,agree,2
great,great,4
gesture,gesture,1
least,least,1
album,album,2
digitally,digitally,1
would,would,4
hear,hear,6
full,full,3
crush,crush,1
tho,tho,1
yeah,yeah,3
glad,glad,1
test,test,5
negative,negative,8
rip,rip,2
movie,movie,2
tron,tron,4
free,free,2
advertising,advertising,2
sequel,sequel,2
rapid,rapid,1
short,short,2
sweet,sweet,1
slightly,slightly,1
vincent,vincent,1
happy,happy,4
heat,heat,1
get,get,5
do,do,1
super,super,2
hero,hero,1
news,news,4
positive,positive,1
outstanding,outstanding,2
honestly,honestly,1
extremely,extremely,1
ability,ability,1
learn,learn,3
difficult,difficult,1
span,span,1
amazing,amazing,4
splendid,splendid,1
absolutely,absolutely,1
incredible,incredible,3
yes,yes,2
let,let,27
day,day,4
probably,probably,1
track,track,1
something,something,2
special,special,2
close,close,1
ever,ever,1
hail,hail,1
queen,queen,1
blessed,blessed,1
presence,presence,1
part,part,3
dutch,dutch,1
vocal,vocal,1
hire,hire,1
technical,technical,2
feel,feel,3
better,better,1
soon,soon,5
awesome,awesome,1
another,another,1
sit,sit,1
group,group,1
together,together,1
decide,decide,1
stag,stag,2
sending,sending,1
stand,stand,3
right,right,1
language,language,1
open,open,1
playback,playback,1
play,play,1
queue,queue,1
disappoint,disappoint,1
result,result,2
hope,hope,6
tell,tell,1
job,job,3
lot,lot,1
away,away,1
epic,epic,1
rehearsal,rehearsal,6
big,big,1
fan,fan,1
camera,camera,1
work,work,1
energy,energy,1
must,must,1
total,total,1
deserve,deserve,1
top,top,28
wishing,wishing,2
say,say,2
moment,moment,1
already,already,2
voice,voice,2
prepare,prepare,1
dress,dress,1
smoky,smoky,1
eyeline,eyeline,1
case,case,1
remix,remix,1
duet,duet,1
contest,contest,27
preview,preview,1
share,share,1
wont,wont,1
covid,covid,2
unfair,unfair,1
girl,girl,1
course,course,2
beautiful,beautiful,1
edition,edition,1
radio,radio,1
international,international,1
may,may,28
stage,stage,2
allegorically,allegorically,1
move,move,1
white,white,2
raft,raft,1
past,past,1
future,future,1
explain,explain,1
meaning,meaning,1
show,show,2
press,press,1
conference,conference,1
spoke,spoke,1
men,men,1
mixture,mixture,1
folklore,folklore,1
culture,culture,1
find,find,1
dream,dream,1
look,look,27
successful,successful,26
history,history,26
forward,forward,26
first,first,29
key,key,24
beloved,beloved,26
hey,hey,1
singer,singer,3
felt,felt,1
morning,morning,1
reason,reason,1
today,today,2
perfection,perfection,1
little,little,1
ill,ill,1
afternoon,afternoon,1
team,team,1
actual,actual,1
magic,magic,1
reinterpretation,reinterpretation,1
spring,spring,3
similarly,similarly,1
awake,awake,1
listen,listen,1
clip,clip,1
multiple,multiple,1
ready,ready,2
flag,flag,1
obviously,obviously,1
never,never,1
late,late,1
q,q,1
many,many,1
take,take,1
rucksack,rucksack,1
sing,sing,2
easy,easy,1
unlike,unlike,1
use,use,1
sadly,sadly,1
forget,forget,1
pleasure,pleasure,1
speak,speak,1
spectacular,spectacular,1
upcoming,upcoming,1
odds,odds,1
western,western,1
nine,nine,1
believe,believe,1
via,via,1
