Id,Label,Count
forget,forget,8
listen,listen,4
album,album,3
many,many,2
would,would,7
fit,fit,1
ghost,ghost,1
shell,shell,1
stand,stand,1
alone,alone,1
complex,complex,1
wonder,wonder,2
like,like,6
much,much,4
amaze,amaze,2
please,please,33
invite,invite,1
dream,dream,1
sell,sell,1
could,could,4
get,get,7
one,one,4
soft,soft,1
power,power,1
music,music,9
strong,strong,2
response,response,1
hybrid,hybrid,1
democracy,democracy,2
band,band,7
action,action,1
zero,zero,1
corruption,corruption,1
conference,conference,2
last,last,1
minute,minute,1
register,register,2
great,great,1
news,news,1
musical,musical,1
component,component,1
already,already,3
make,make,6
lot,lot,1
noise,noise,1
song,song,6
contest,contest,1
top,top,6
apple,apple,1
see,see,10
want,want,5
absolutely,absolutely,3
come,come,26
beg,beg,1
tried,tried,1
sing,sing,5
discover,discover,1
stop,stop,4
listening,listening,2
learn,learn,3
pronunciation,pronunciation,1
well,well,3
yeah,yeah,2
try,try,1
hope,hope,6
something,something,2
upcoming,upcoming,1
host,host,3
country,country,4
every,every,1
year,year,3
ready,ready,8
added,added,1
het,het,2
line,line,1
grab,grab,1
check,check,3
confirm,confirm,1
far,far,2
iconic,iconic,1
happy,happy,3
crossed,crossed,1
total,total,1
blast,blast,1
lent,lent,1
festival,festival,1
hopefully,hopefully,1
excite,excite,1
funny,funny,1
begin,begin,1
also,also,2
similar,similar,1
appearance,appearance,1
wait,wait,5
hear,hear,4
say,say,4
n,n,1
ne,ne,1
nobody,nobody,1
people,people,3
good,good,5
chance,chance,3
performance,performance,2
everybody,everybody,1
still,still,4
talk,talk,1
literally,literally,1
maybe,maybe,2
especially,especially,1
inspire,inspire,1
beautiful,beautiful,1
language,language,1
love,love,18
reading,reading,1
go,go,10
long,long,1
tour,tour,2
hold,hold,2
mean,mean,1
keep,keep,1
polish,polish,1
really,really,3
style,style,3
include,include,1
let,let,5
rock,rock,1
house,house,1
together,together,3
give,give,4
public,public,1
vote,vote,1
id,id,1
dance,dance,2
anime,anime,1
cringe,cringe,1
fan,fan,1
radio,radio,1
u,u,10
bank,bank,1
wall,wall,1
second,second,1
release,release,4
new,new,3
soon,soon,1
grandma,grandma,1
free,free,1
announce,announce,1
spare,spare,1
know,know,4
currently,currently,1
favor,favor,1
southern,southern,1
south,south,1
notify,notify,1
able,able,2
somewhere,somewhere,1
nearby,nearby,1
turkey,turkey,3
serve,serve,1
folk,folk,3
reality,reality,1
comment,comment,1
yes,yes,7
imagine,imagine,1
forgot,forgot,1
twitter,twitter,1
join,join,1
thanks,thanks,2
use,use,1
often,often,1
depression,depression,1
regretfully,regretfully,1
live,live,3
waiting,waiting,1
dont,dont,1
finland,finland,2
concert,concert,4
unfortunately,unfortunately,1
june,june,1
visit,visit,2
slay,slay,1
right,right,2
point,point,1
bridge,bridge,1
add,add,3
canada,canada,1
heritage,heritage,1
day,day,4
german,german,1
excited,excited,1
list,list,2
back,back,2
prison,prison,1
island,island,1
open,open,1
praying,praying,1
circle,circle,1
knew,knew,2
date,date,3
terrible,terrible,1
destroy,destroy,1
us,us,2
yea,yea,1
remember,remember,1
neat,neat,1
merch,merch,4
current,current,1
voice,voice,1
work,work,1
late,late,1
video,video,4
analyse,analyse,1
hit,hit,1
version,version,2
tell,tell,1
q,q,1
morning,morning,1
find,find,1
cool,cool,2
orchestra,orchestra,1
cover,cover,1
thought,thought,2
dancing,dancing,1
wow,wow,1
unbelievable,unbelievable,1
awesome,awesome,4
track,track,1
electro,electro,2
chart,chart,4
become,become,2
winner,winner,1
week,week,4
bisexual,bisexual,1
choir,choir,1
bunch,bunch,2
talented,talented,1
magical,magical,3
stream,stream,2
daily,daily,1
reminder,reminder,2
win,win,3
store,store,1
buy,buy,1
gather,gather,1
particular,particular,1
form,form,1
black,black,4
art,art,2
occasion,occasion,1
connect,connect,1
sow,sow,1
hemp,hemp,1
seed,seed,1
handful,handful,1
carry,carry,1
girl,girl,4
hardy,hardy,1
thematically,thematically,1
link,link,1
number,number,1
baby,baby,1
place,place,2
member,member,3
covering,covering,1
metal,metal,3
saw,saw,1
potential,potential,1
likely,likely,1
think,think,1
meet,meet,1
crack,crack,1
global,global,2
actually,actually,1
two,two,2
via,via,1
deserve,deserve,3
queen,queen,4
summer,summer,2
ur,ur,1
dove,dove,13
supremacy,supremacy,4
read,read,1
surgery,surgery,1
remove,remove,1
true,true,2
pride,pride,2
month,month,2
taste,taste,6
best,best,3
way,way,1
start,start,2
dive,dive,1
legend,legend,1
gorgeous,gorgeous,1
green,green,1
cloth,cloth,1
even,even,3
idea,idea,2
friend,friend,1
sure,sure,1
damn,damn,1
review,review,1
react,react,1
catch,catch,1
viral,viral,1
straight,straight,1
first,first,3
enter,enter,1
billboard,billboard,2
world,world,2
domination,domination,1
moment,moment,1
powerful,powerful,1
duo,duo,1
successful,successful,1
man,man,1
deserved,deserved,1
care,care,2
hot,hot,1
electronic,electronic,1
drop,drop,2
bless,bless,1
exclude,exclude,1
e,e,1
hey,hey,1
hi,hi,1
might,might,1
making,making,1
united,united,1
c,c,1
mon,mon,1
sponsor,sponsor,1
promise,promise,2
worth,worth,1
chaos,chaos,1
commence,commence,1
interview,interview,1
singer,singer,1
meanwhile,meanwhile,1
nuclear,nuclear,1
spring,spring,1
fantasy,fantasy,1
acoustic,acoustic,1
quarantine,quarantine,1
show,show,1
wonderful,wonderful,1
thing,thing,1
recently,recently,1
decide,decide,1
need,need,4
life,life,1
joy,joy,1
clothing,clothing,1
collection,collection,1
future,future,1
nice,nice,1
drunk,drunk,1
groove,groove,1
outfit,outfit,1
oh,oh,1
god,god,1
thank,thank,2
fam,fam,1
desperate,desperate,1
happen,happen,1
mental,mental,1
health,health,1
yo,yo,1
con,con,1
aint,aint,1
sale,sale,1
k,k,1
remix,remix,2
nana,nana,1
smash,smash,1
time,time,1
agree,agree,1
fantastic,fantastic,1
supportive,supportive,3
history,history,1
rivalry,rivalry,1
admire,admire,1
support,support,2
achieve,achieve,1
success,success,1
spirit,spirit,1
jury,jury,2
post,post,1
perform,perform,1
travel,travel,1
share,share,1
entry,entry,1
draw,draw,1
majesty,majesty,1
group,group,1
kind,kind,1
never,never,1
usually,usually,1
watch,watch,2
felt,felt,1
urge,urge,1
glad,glad,1
footage,footage,1
yesterday,yesterday,1
dare,dare,1
put,put,2
big,big,1
venue,venue,2
production,production,1
slicker,slicker,1
plus,plus,1
scrap,scrap,1
present,present,1
channelling,channelling,1
realness,realness,1
game,game,1
though,though,1
set,set,1
convincing,convincing,1
watching,watching,1
documentary,documentary,1
treat,treat,1
writer,writer,1
heart,heart,1
inspiration,inspiration,1
weave,weave,1
map,map,1
