Source,Target,Weight
serve,plastic,1
plastic,make,1
entry,year,3
entry,complete,1
entry,blast,1
entry,support,1
entry,whole,1
entry,heart,1
entry,love,1
entry,please,1
entry,appreciate,1
entry,fantastic,1
entry,preview,1
entry,something,1
entry,special,1
entry,share,1
entry,thanks,1
entry,agree,1
entry,day,1
entry,western,1
year,complete,1
year,blast,1
year,support,1
year,whole,1
year,heart,1
year,entertain,1
year,two,1
year,good,5
year,luck,1
year,love,1
year,please,1
year,appreciate,1
year,fantastic,1
year,week,2
year,go,2
year,intend,1
year,vote,2
year,genius,1
year,snaps,1
year,campaign,1
year,win,2
year,folk,3
year,masterpiece,1
year,performance,1
year,want,1
year,back,1
year,next,1
year,ultimate,1
year,crush,1
year,tho,1
year,last,4
year,best,3
year,day,2
year,probably,1
year,know,1
year,band,1
year,electronic,1
year,track,1
year,another,1
year,interview,1
year,time,1
year,sit,1
year,talk,1
year,group,1
year,come,2
year,together,1
year,decide,1
year,stag,1
year,hear,2
year,say,2
year,moment,2
year,already,2
year,amazing,2
year,job,2
year,stand,2
year,voice,2
year,preview,1
year,something,1
year,special,1
year,share,1
year,thanks,1
year,agree,1
year,magic,1
year,song,3
year,original,1
year,reinterpretation,1
year,spring,3
year,similarly,1
year,old,1
year,awake,1
year,listen,1
complete,blast,1
complete,support,1
complete,whole,1
complete,heart,1
blast,support,1
blast,whole,1
blast,heart,1
support,whole,1
support,heart,1
whole,heart,1
whole,song,2
whole,one,1
whole,image,1
whole,follow,1
whole,link,1
whole,check,1
whole,wait,1
whole,see,1
whole,performance,1
whole,outstanding,1
heart,course,1
heart,beautiful,1
new,member,1
new,band,1
new,excellent,1
new,long,1
new,thread,1
new,w,1
new,everything,1
new,u,1
new,know,1
new,might,1
new,win,1
new,lead,1
new,much,1
new,post,1
new,rapid,1
new,short,1
new,sweet,1
new,slightly,1
new,check,1
new,vincent,1
new,link,1
member,band,1
member,like,1
band,day,1
band,probably,1
band,know,1
band,folk,1
band,electronic,1
band,track,1
love,see,3
love,music,3
love,artist,1
love,different,1
love,talk,2
love,really,1
love,nice,1
love,enjoyable,1
love,end,1
love,thanks,2
love,please,1
love,appreciate,1
love,fantastic,1
love,fashion,1
love,icon,1
love,sustainable,1
love,hi,1
love,merch,1
love,sale,1
love,could,1
love,purchase,1
love,much,1
love,invite,1
love,semi,1
love,final,2
love,favorite,3
love,song,4
love,wonder,1
love,perfect,1
love,triangle,1
love,relieved,1
love,wait,1
love,perform,1
love,next,1
love,week,1
love,album,1
love,digitally,1
love,amaze,1
love,would,1
love,hear,1
love,full,1
love,glad,1
love,test,1
love,come,2
love,negative,2
love,go,1
love,need,3
love,sending,1
love,hope,2
love,result,1
love,soon,1
love,rehearsal,1
love,big,1
love,fan,1
love,think,1
love,part,2
love,well,1
love,camera,1
love,work,1
love,energy,1
love,like,1
love,must,1
love,total,1
love,deserve,1
love,top,1
love,wishing,1
love,best,1
see,music,3
see,artist,1
see,different,1
see,talk,2
see,really,1
see,nice,1
see,enjoyable,1
see,end,1
see,thanks,1
see,fashion,1
see,icon,1
see,sustainable,1
see,turquoise,1
see,carpet,1
see,time,1
see,week,2
see,officially,1
see,begin,1
see,wait,4
see,especially,1
see,particular,1
see,order,1
see,finland,1
see,seriously,1
see,well,1
see,tour,1
see,need,1
see,live,2
see,bad,1
see,relieved,1
see,perform,1
see,next,1
see,great,1
see,news,1
see,performance,1
see,outstanding,1
see,obviously,2
see,already,2
see,first,2
see,rehearsal,2
see,never,2
see,late,2
see,pleasure,1
see,speak,1
see,spectacular,1
see,stag,1
see,would,1
see,like,1
see,upcoming,1
see,album,1
music,artist,2
music,different,2
music,talk,4
music,really,2
music,nice,2
music,enjoyable,2
music,end,3
music,thanks,2
music,relieved,1
music,wait,1
music,perform,1
music,next,1
music,week,1
music,spoke,1
music,men,1
music,day,1
music,mixture,1
music,folklore,1
music,culture,1
music,electronic,1
music,find,1
music,dream,1
music,show,1
music,would,1
music,look,1
music,like,1
artist,different,1
artist,talk,2
artist,really,1
artist,nice,1
artist,enjoyable,1
artist,end,1
artist,thanks,1
different,talk,2
different,really,1
different,nice,1
different,enjoyable,1
different,end,1
different,thanks,1
talk,really,2
talk,nice,2
talk,enjoyable,2
talk,end,2
talk,thanks,2
talk,everyone,1
talk,blind,2
talk,channel,2
talk,ultimate,1
talk,urgently,1
talk,need,1
talk,try,1
talk,connect,1
talk,modern,1
talk,punk,1
talk,u,1
talk,concept,1
talk,performance,1
talk,another,1
talk,interview,1
talk,time,1
talk,sit,1
talk,group,1
talk,come,1
talk,together,1
talk,decide,1
talk,last,1
talk,stag,1
really,nice,1
really,enjoyable,1
really,end,1
really,thanks,1
nice,enjoyable,1
nice,end,1
nice,thanks,1
enjoyable,end,1
enjoyable,thanks,1
end,thanks,1
end,spoke,1
end,men,1
end,day,1
end,mixture,1
end,folklore,1
end,culture,1
end,electronic,1
end,find,1
end,dream,1
end,show,1
end,would,1
end,look,1
end,like,1
thanks,invite,1
thanks,semi,1
thanks,final,1
thanks,preview,1
thanks,something,1
thanks,special,1
thanks,share,1
thanks,agree,1
thanks,learn,2
thanks,sing,2
thanks,easy,1
thanks,best,1
thanks,unlike,1
thanks,use,1
thanks,white,1
thanks,voice,1
thanks,sadly,1
everyone,blind,2
everyone,channel,2
everyone,ultimate,1
everyone,urgently,1
everyone,need,1
blind,channel,4
blind,ultimate,2
blind,urgently,2
blind,need,2
channel,ultimate,2
channel,urgently,2
channel,need,2
ultimate,urgently,1
ultimate,need,1
ultimate,crush,1
ultimate,tho,1
urgently,need,1
need,seriously,1
need,well,3
need,tour,1
need,live,1
need,bad,1
need,come,1
need,sending,1
need,great,1
need,back,1
need,hope,2
need,soon,2
need,rehearsal,2
need,big,2
need,fan,2
need,think,2
need,final,2
need,part,4
need,camera,2
need,work,2
need,energy,2
need,like,2
need,must,2
need,total,2
need,deserve,2
need,top,2
entertain,two,1
entertain,good,1
entertain,luck,1
two,good,1
two,luck,1
good,luck,2
good,outstanding,1
good,honestly,1
good,extremely,1
good,ability,1
good,learn,1
good,perform,1
good,difficult,1
good,song,1
good,short,1
good,span,1
good,time,1
good,amazing,4
good,splendid,1
good,absolutely,1
good,incredible,1
good,technical,1
good,stand,3
good,get,1
good,everything,1
good,right,1
good,language,1
good,even,1
good,amaze,1
good,feel,2
good,please,1
good,tell,1
good,u,1
good,available,1
good,news,1
good,hear,2
good,say,2
good,moment,2
good,already,2
good,last,2
good,best,2
good,job,2
good,voice,2
good,lead,1
good,singer,1
good,today,1
good,test,1
good,covid,1
good,negative,1
good,team,1
luck,lead,1
luck,singer,1
luck,today,1
luck,test,1
luck,covid,1
luck,negative,1
luck,team,1
please,appreciate,1
please,fantastic,1
please,feel,1
please,tell,1
please,u,1
please,available,1
please,amazing,1
please,make,1
please,remix,1
please,duet,1
please,contest,1
appreciate,fantastic,1
concept,party,1
concept,try,1
concept,connect,1
concept,modern,1
concept,punk,1
concept,u,1
concept,performance,1
like,turquoise,1
like,carpet,1
like,make,1
like,noise,1
like,song,2
like,idea,1
like,wake,1
like,people,1
like,live,1
like,life,1
like,pretend,1
like,someone,1
like,else,1
like,rip,2
like,movie,2
like,tron,4
like,free,2
like,advertising,2
like,sequel,2
like,hope,1
like,soon,1
like,rehearsal,1
like,big,1
like,fan,1
like,think,1
like,final,1
like,part,2
like,well,1
like,camera,1
like,work,1
like,energy,1
like,must,1
like,total,1
like,deserve,1
like,top,1
like,spoke,1
like,men,1
like,day,1
like,mixture,1
like,folklore,1
like,culture,1
like,electronic,1
like,find,1
like,dream,1
like,show,1
like,would,2
like,look,1
like,pleasure,1
like,speak,1
like,spectacular,1
like,stag,1
like,upcoming,1
like,album,1
found,older,1
found,live,1
found,footage,1
found,call,1
found,drum,1
found,n,1
found,kvass,1
older,live,1
older,footage,1
older,call,1
older,drum,1
older,n,1
older,kvass,1
live,footage,1
live,call,1
live,drum,1
live,n,1
live,kvass,1
live,turquoise,1
live,carpet,1
live,make,1
live,noise,1
live,song,2
live,idea,1
live,wake,1
live,people,1
live,life,1
live,pretend,1
live,someone,1
live,else,1
live,seriously,1
live,well,1
live,tour,1
live,bad,1
live,great,1
live,news,1
live,wait,1
footage,call,1
footage,drum,1
footage,n,1
footage,kvass,1
call,drum,1
call,n,1
call,kvass,1
drum,n,1
drum,kvass,1
n,kvass,1
make,turquoise,1
make,carpet,1
make,noise,1
make,song,3
make,idea,1
make,wake,1
make,people,1
make,life,1
make,pretend,1
make,someone,1
make,else,1
make,something,1
make,special,1
make,close,1
make,ever,1
make,go,1
make,win,1
make,amazing,1
make,remix,1
make,duet,1
make,contest,1
make,everything,1
make,stage,2
make,allegorically,1
make,move,1
make,white,1
make,raft,1
make,past,1
make,future,1
make,explain,1
make,meaning,1
make,show,1
make,press,1
make,conference,1
make,hey,1
make,bad,2
make,news,1
make,singer,1
make,felt,1
make,morning,1
make,reason,1
make,today,1
make,know,1
make,test,1
make,course,1
make,hope,1
make,negative,1
rest,bitch,1
rest,face,1
rest,amaze,1
rest,little,1
rest,ill,1
rest,perform,2
rest,afternoon,1
rest,stand,1
rest,singer,1
bitch,face,1
bitch,amaze,1
face,amaze,1
amaze,would,1
amaze,hear,2
amaze,full,1
amaze,song,1
amaze,technical,1
amaze,stand,1
amaze,get,2
amaze,everything,1
amaze,right,1
amaze,language,1
amaze,even,1
amaze,great,1
amaze,job,1
amaze,happy,1
amaze,hope,1
amaze,back,1
amaze,soon,1
turquoise,carpet,2
turquoise,noise,1
turquoise,song,2
turquoise,idea,1
turquoise,wake,1
turquoise,people,1
turquoise,life,1
turquoise,pretend,1
turquoise,someone,1
turquoise,else,1
turquoise,time,1
turquoise,week,1
turquoise,officially,1
turquoise,begin,1
turquoise,wait,1
turquoise,especially,1
turquoise,particular,1
turquoise,order,1
turquoise,finland,1
carpet,noise,1
carpet,song,2
carpet,idea,1
carpet,wake,1
carpet,people,1
carpet,life,1
carpet,pretend,1
carpet,someone,1
carpet,else,1
carpet,time,1
carpet,week,1
carpet,officially,1
carpet,begin,1
carpet,wait,1
carpet,especially,1
carpet,particular,1
carpet,order,1
carpet,finland,1
noise,song,2
noise,idea,1
noise,wake,1
noise,people,1
noise,life,1
noise,pretend,1
noise,someone,1
noise,else,1
song,idea,2
song,wake,2
song,people,2
song,life,2
song,pretend,2
song,someone,2
song,else,2
song,one,2
song,image,2
song,follow,2
song,link,2
song,check,2
song,way,1
song,crescendo,1
song,blend,1
song,folk,4
song,electronic,1
song,video,1
song,shot,1
song,captivate,1
song,favorite,9
song,wonder,3
song,perfect,3
song,triangle,3
song,would,1
song,hear,1
song,full,1
song,outstanding,1
song,honestly,1
song,extremely,1
song,ability,1
song,learn,1
song,perform,1
song,difficult,1
song,short,1
song,span,1
song,time,1
song,amazing,1
song,splendid,1
song,absolutely,1
song,incredible,1
song,something,1
song,special,1
song,close,1
song,ever,1
song,go,1
song,win,1
song,actual,1
song,cover,1
song,magic,3
song,original,3
song,reinterpretation,3
song,spring,9
song,similarly,3
song,old,3
song,day,3
song,awake,3
song,come,3
song,listen,3
idea,wake,1
idea,people,1
idea,life,1
idea,pretend,1
idea,someone,1
idea,else,1
wake,people,1
wake,life,1
wake,pretend,1
wake,someone,1
wake,else,1
people,life,1
people,pretend,1
people,someone,1
people,else,1
life,pretend,1
life,someone,1
life,else,1
pretend,someone,1
pretend,else,1
someone,else,1
fashion,icon,1
fashion,sustainable,1
icon,sustainable,1
time,week,1
time,officially,1
time,begin,1
time,wait,1
time,especially,1
time,particular,1
time,order,1
time,finland,1
time,outstanding,1
time,honestly,1
time,extremely,1
time,ability,1
time,learn,1
time,perform,1
time,difficult,1
time,short,1
time,span,1
time,amazing,1
time,splendid,1
time,absolutely,1
time,incredible,1
time,another,1
time,interview,1
time,sit,1
time,group,1
time,come,1
time,together,1
time,decide,1
time,last,1
time,stag,1
time,rehearsal,2
time,clip,1
time,watch,1
time,multiple,1
time,ready,1
time,next,1
week,officially,1
week,begin,1
week,wait,2
week,especially,1
week,particular,1
week,order,1
week,finland,1
week,go,2
week,intend,1
week,vote,2
week,genius,1
week,snaps,1
week,campaign,1
week,win,1
week,folk,1
week,masterpiece,1
week,performance,1
week,want,1
week,back,1
week,next,2
week,relieved,1
week,perform,1
week,best,1
week,news,1
week,edition,1
week,radio,1
week,international,1
week,may,1
week,available,1
week,link,1
officially,begin,1
officially,wait,1
officially,especially,1
officially,particular,1
officially,order,1
officially,finland,1
begin,wait,1
begin,especially,1
begin,particular,1
begin,order,1
begin,finland,1
wait,especially,1
wait,particular,1
wait,order,1
wait,finland,1
wait,relieved,1
wait,perform,1
wait,next,1
wait,great,1
wait,news,1
wait,performance,1
wait,outstanding,1
especially,particular,1
especially,order,1
especially,finland,1
particular,order,1
particular,finland,1
order,finland,1
available,size,1
available,link,2
available,art,1
available,feel,1
available,tell,1
available,u,1
available,edition,1
available,radio,1
available,international,1
available,may,1
size,link,1
size,art,1
link,art,1
link,one,1
link,image,1
link,follow,1
link,check,2
link,creative,1
link,click,1
link,watch,1
link,interview,1
link,post,1
link,rapid,1
link,short,1
link,sweet,1
link,slightly,1
link,vincent,1
link,edition,1
link,radio,1
link,international,1
link,may,1
one,image,1
one,follow,1
one,check,1
one,think,1
one,original,1
one,version,1
one,even,1
one,current,1
image,follow,1
image,check,1
follow,check,1
check,post,1
check,rapid,1
check,short,1
check,sweet,1
check,slightly,1
check,vincent,1
check,long,26
check,successful,26
check,history,26
check,look,26
check,forward,26
check,performance,25
check,first,26
check,semi,26
check,final,26
check,may,26
check,let,26
check,top,26
check,key,24
check,beloved,26
check,contest,26
check,flag,1
excellent,long,1
excellent,thread,1
excellent,w,1
excellent,everything,1
excellent,u,1
excellent,know,1
excellent,might,1
excellent,win,1
excellent,lead,1
excellent,much,1
long,thread,1
long,w,1
long,everything,1
long,u,1
long,know,1
long,might,1
long,win,1
long,lead,1
long,much,1
long,successful,26
long,history,26
long,look,26
long,forward,26
long,performance,25
long,first,26
long,semi,26
long,final,26
long,may,26
long,let,26
long,top,26
long,key,24
long,beloved,26
long,contest,26
long,flag,1
thread,w,1
thread,everything,1
thread,u,1
thread,know,1
thread,might,1
thread,win,1
thread,lead,1
thread,much,1
w,everything,1
w,u,1
w,know,1
w,might,1
w,win,1
w,lead,1
w,much,1
everything,u,1
everything,know,1
everything,might,1
everything,win,1
everything,lead,1
everything,much,1
everything,technical,1
everything,stand,1
everything,get,1
everything,right,1
everything,language,1
everything,even,1
everything,stage,2
everything,allegorically,1
everything,move,1
everything,white,1
everything,raft,1
everything,past,1
everything,future,1
everything,explain,1
everything,meaning,1
everything,show,1
everything,press,1
everything,conference,1
u,know,1
u,might,1
u,win,1
u,lead,1
u,much,1
u,try,1
u,connect,1
u,modern,1
u,punk,1
u,performance,1
u,feel,1
u,tell,1
u,forget,1
know,might,1
know,win,1
know,lead,1
know,much,1
know,still,2
know,day,1
know,probably,1
know,folk,1
know,electronic,1
know,track,1
know,result,1
know,test,2
know,hey,1
know,bad,2
know,news,1
know,singer,1
know,felt,1
know,morning,1
know,reason,1
know,today,1
know,course,1
know,hope,1
know,negative,1
might,win,1
might,lead,1
might,much,1
win,lead,1
win,much,1
win,campaign,1
win,vote,1
win,folk,1
win,masterpiece,1
win,performance,1
win,want,1
win,go,2
win,back,1
win,next,1
win,last,1
win,best,1
win,something,1
win,special,1
win,close,1
win,ever,1
lead,much,1
lead,singer,1
lead,today,1
lead,test,1
lead,covid,1
lead,negative,1
lead,team,1
much,hi,1
much,merch,1
much,sale,1
much,could,1
much,purchase,1
think,original,2
think,version,2
think,even,1
think,current,1
think,torn,1
think,best,2
think,cover,1
think,hope,1
think,soon,1
think,rehearsal,1
think,big,1
think,fan,1
think,final,1
think,part,2
think,well,1
think,camera,1
think,work,1
think,energy,1
think,must,1
think,total,1
think,deserve,1
think,top,1
original,version,2
original,even,1
original,current,1
original,torn,1
original,best,2
original,cover,1
original,magic,1
original,reinterpretation,1
original,folk,1
original,spring,3
original,similarly,1
original,old,1
original,day,1
original,awake,1
original,come,1
original,listen,1
version,even,1
version,current,1
version,torn,1
version,best,2
version,cover,1
even,current,1
even,technical,1
even,stand,1
even,get,1
even,right,1
even,language,1
way,crescendo,1
way,blend,1
way,folk,1
way,electronic,1
way,video,1
way,shot,1
way,captivate,1
way,yeah,3
crescendo,blend,1
crescendo,folk,1
crescendo,electronic,1
crescendo,video,1
crescendo,shot,1
crescendo,captivate,1
blend,folk,1
blend,electronic,1
blend,video,1
blend,shot,1
blend,captivate,1
folk,electronic,2
folk,video,1
folk,shot,1
folk,captivate,1
folk,campaign,1
folk,vote,1
folk,masterpiece,1
folk,performance,1
folk,want,1
folk,go,1
folk,back,1
folk,next,1
folk,day,2
folk,probably,1
folk,track,1
folk,magic,1
folk,reinterpretation,1
folk,spring,3
folk,similarly,1
folk,old,1
folk,awake,1
folk,come,1
folk,listen,1
electronic,video,1
electronic,shot,1
electronic,captivate,1
electronic,day,2
electronic,probably,1
electronic,track,1
electronic,spoke,1
electronic,men,1
electronic,mixture,1
electronic,folklore,1
electronic,culture,1
electronic,find,1
electronic,dream,1
electronic,show,1
electronic,would,1
electronic,look,1
video,shot,1
video,captivate,1
shot,captivate,1
go,intend,1
go,vote,2
go,genius,1
go,snaps,1
go,campaign,1
go,masterpiece,1
go,performance,1
go,want,2
go,back,1
go,next,1
go,nothing,1
go,post,1
go,rave,1
go,tiny,1
go,glad,1
go,test,1
go,come,1
go,negative,1
go,something,1
go,special,1
go,close,1
go,ever,1
go,open,1
go,playback,1
go,play,1
go,last,1
go,dance,1
go,queue,1
go,disappoint,1
go,prepare,1
go,full,1
go,dress,1
go,smoky,1
go,eyeline,1
go,semi,1
go,case,1
intend,vote,1
intend,genius,1
intend,snaps,1
vote,genius,1
vote,snaps,1
vote,campaign,1
vote,masterpiece,1
vote,performance,1
vote,want,1
vote,back,1
vote,next,1
genius,snaps,1
torn,best,2
torn,cover,1
best,cover,2
best,season,1
best,last,2
best,news,1
best,wishing,2
best,hear,1
best,say,1
best,moment,1
best,already,1
best,amazing,1
best,job,2
best,stand,1
best,voice,2
best,incredible,1
best,learn,2
best,sing,2
best,easy,1
best,unlike,1
best,use,1
best,white,1
best,sadly,1
best,nine,1
best,first,1
best,rehearsal,1
best,may,1
best,believe,1
best,via,1
cover,actual,1
creative,click,1
creative,watch,1
creative,interview,1
click,watch,1
click,interview,1
watch,interview,1
watch,rehearsal,2
watch,clip,1
watch,multiple,1
watch,ready,1
watch,next,1
interview,another,1
interview,sit,1
interview,group,1
interview,come,1
interview,together,1
interview,decide,1
interview,last,1
interview,stag,1
try,connect,1
try,modern,1
try,punk,1
try,performance,1
connect,modern,1
connect,punk,1
connect,performance,1
modern,punk,1
modern,performance,1
punk,performance,1
performance,campaign,1
performance,masterpiece,1
performance,want,1
performance,back,1
performance,next,1
performance,successful,25
performance,history,25
performance,look,25
performance,forward,25
performance,first,25
performance,semi,25
performance,final,25
performance,may,25
performance,let,25
performance,top,25
performance,key,24
performance,beloved,25
performance,contest,25
performance,flag,1
performance,outstanding,1
campaign,masterpiece,1
campaign,want,1
campaign,back,1
campaign,next,1
masterpiece,want,1
masterpiece,back,1
masterpiece,next,1
want,back,1
want,next,1
want,nothing,1
want,post,1
want,rave,1
want,tiny,1
back,next,1
back,great,2
back,job,1
back,happy,1
back,hear,1
back,hope,1
back,get,1
back,soon,1
next,relieved,1
next,perform,1
next,rehearsal,2
next,clip,1
next,multiple,1
next,ready,1
hi,merch,1
hi,sale,1
hi,could,1
hi,purchase,1
merch,sale,1
merch,could,1
merch,purchase,1
sale,could,1
sale,purchase,1
could,purchase,1
seriously,well,1
seriously,tour,1
seriously,bad,1
well,tour,1
well,bad,1
well,hope,1
well,soon,3
well,rehearsal,1
well,big,1
well,fan,1
well,final,1
well,part,2
well,camera,1
well,work,1
well,energy,1
well,must,1
well,total,1
well,deserve,1
well,top,1
well,get,2
tour,bad,1
bad,hey,2
bad,news,2
bad,singer,2
bad,felt,2
bad,morning,2
bad,reason,2
bad,today,2
bad,test,2
bad,course,2
bad,hope,2
bad,negative,2
invite,semi,1
invite,final,1
invite,agree,1
invite,great,1
invite,gesture,1
invite,least,1
semi,final,27
semi,prepare,1
semi,full,1
semi,dress,1
semi,smoky,1
semi,eyeline,1
semi,case,1
semi,successful,26
semi,history,26
semi,look,26
semi,forward,26
semi,first,26
semi,may,26
semi,let,26
semi,top,26
semi,key,24
semi,beloved,26
semi,contest,26
semi,flag,1
final,hope,1
final,soon,1
final,rehearsal,1
final,big,1
final,fan,1
final,part,2
final,camera,1
final,work,1
final,energy,1
final,must,1
final,total,1
final,deserve,1
final,top,27
final,successful,26
final,history,26
final,look,26
final,forward,26
final,first,26
final,may,26
final,let,26
final,key,24
final,beloved,26
final,contest,26
final,flag,1
favorite,wonder,3
favorite,perfect,3
favorite,triangle,3
wonder,perfect,1
wonder,triangle,1
perfect,triangle,1
nothing,post,1
nothing,rave,1
nothing,tiny,1
post,rave,1
post,tiny,1
post,rapid,1
post,short,1
post,sweet,1
post,slightly,1
post,vincent,1
rave,tiny,1
growing,getting,1
growing,old,1
growing,hurricane,1
growing,loco,2
growing,last,1
growing,dance,1
getting,old,1
getting,hurricane,1
getting,loco,2
getting,last,1
getting,dance,1
old,hurricane,1
old,loco,2
old,last,1
old,dance,1
old,magic,1
old,reinterpretation,1
old,spring,3
old,similarly,1
old,day,1
old,awake,1
old,come,1
old,listen,1
hurricane,loco,2
hurricane,last,1
hurricane,dance,1
loco,last,2
loco,dance,2
last,dance,2
last,another,1
last,sit,1
last,group,1
last,come,1
last,together,1
last,decide,1
last,stag,1
last,open,1
last,playback,1
last,play,1
last,queue,1
last,disappoint,1
last,hear,1
last,say,1
last,moment,1
last,already,1
last,amazing,1
last,job,1
last,stand,1
last,voice,1
dance,open,1
dance,playback,1
dance,play,1
dance,queue,1
dance,disappoint,1
relieved,perform,1
perform,outstanding,1
perform,honestly,1
perform,extremely,1
perform,ability,1
perform,learn,1
perform,difficult,1
perform,short,1
perform,span,1
perform,amazing,1
perform,splendid,1
perform,absolutely,1
perform,incredible,1
perform,little,2
perform,ill,2
perform,afternoon,2
perform,stand,2
perform,singer,2
agree,great,1
agree,gesture,1
agree,least,1
agree,preview,1
agree,something,1
agree,special,1
agree,share,1
great,gesture,1
great,least,1
great,news,1
great,job,1
great,happy,1
great,hear,1
great,hope,1
great,get,1
great,soon,1
gesture,least,1
album,digitally,1
album,pleasure,1
album,speak,1
album,spectacular,1
album,stag,1
album,would,1
album,upcoming,1
would,hear,1
would,full,1
would,hope,1
would,wont,1
would,covid,1
would,unfair,1
would,say,1
would,girl,1
would,spoke,1
would,men,1
would,day,1
would,mixture,1
would,folklore,1
would,culture,1
would,find,1
would,dream,1
would,show,1
would,look,1
would,pleasure,1
would,speak,1
would,spectacular,1
would,stag,1
would,upcoming,1
hear,full,1
hear,happy,3
hear,negative,1
hear,job,2
hear,hope,1
hear,get,1
hear,soon,1
hear,say,1
hear,moment,1
hear,already,1
hear,amazing,1
hear,stand,1
hear,voice,1
full,prepare,1
full,dress,1
full,smoky,1
full,eyeline,1
full,case,1
full,q,1
full,many,1
full,take,1
full,yes,1
full,rucksack,1
crush,tho,1
glad,test,1
glad,come,1
glad,negative,1
test,come,1
test,negative,4
test,result,1
test,hey,1
test,news,1
test,singer,2
test,felt,1
test,morning,1
test,reason,1
test,today,2
test,course,1
test,hope,1
test,covid,1
test,team,1
come,negative,1
come,another,1
come,sit,1
come,group,1
come,together,1
come,decide,1
come,stag,1
come,sending,1
come,magic,1
come,reinterpretation,1
come,spring,3
come,similarly,1
come,day,1
come,awake,1
come,listen,1
negative,hail,1
negative,queen,1
negative,blessed,1
negative,presence,1
negative,hope,3
negative,result,1
negative,lot,1
negative,away,1
negative,epic,1
negative,hey,1
negative,news,1
negative,singer,2
negative,felt,1
negative,morning,1
negative,reason,1
negative,today,2
negative,course,1
negative,covid,1
negative,team,1
rip,movie,2
rip,tron,4
rip,free,2
rip,advertising,2
rip,sequel,2
movie,tron,4
movie,free,2
movie,advertising,2
movie,sequel,2
tron,free,4
tron,advertising,4
tron,sequel,4
free,advertising,2
free,sequel,2
advertising,sequel,2
rapid,short,1
rapid,sweet,1
rapid,slightly,1
rapid,vincent,1
short,sweet,1
short,slightly,1
short,vincent,1
short,outstanding,1
short,honestly,1
short,extremely,1
short,ability,1
short,learn,1
short,difficult,1
short,span,1
short,amazing,1
short,splendid,1
short,absolutely,1
short,incredible,1
sweet,slightly,1
sweet,vincent,1
slightly,vincent,1
happy,heat,1
happy,job,1
happy,hope,1
happy,get,1
happy,soon,1
get,do,1
get,super,1
get,hero,1
get,technical,1
get,stand,1
get,right,1
get,language,1
get,job,1
get,hope,1
get,soon,3
do,super,1
do,hero,1
super,hero,1
news,amazing,1
news,hey,1
news,singer,1
news,felt,1
news,morning,1
news,reason,1
news,today,1
news,course,1
news,hope,1
outstanding,honestly,1
outstanding,extremely,1
outstanding,ability,1
outstanding,learn,1
outstanding,difficult,1
outstanding,span,1
outstanding,amazing,1
outstanding,splendid,1
outstanding,absolutely,1
outstanding,incredible,1
honestly,extremely,1
honestly,ability,1
honestly,learn,1
honestly,difficult,1
honestly,span,1
honestly,amazing,1
honestly,splendid,1
honestly,absolutely,1
honestly,incredible,1
extremely,ability,1
extremely,learn,1
extremely,difficult,1
extremely,span,1
extremely,amazing,1
extremely,splendid,1
extremely,absolutely,1
extremely,incredible,1
ability,learn,1
ability,difficult,1
ability,span,1
ability,amazing,1
ability,splendid,1
ability,absolutely,1
ability,incredible,1
learn,difficult,1
learn,span,1
learn,amazing,1
learn,splendid,1
learn,absolutely,1
learn,incredible,1
learn,sing,4
learn,easy,2
learn,unlike,2
learn,use,2
learn,white,2
learn,voice,2
learn,sadly,2
difficult,span,1
difficult,amazing,1
difficult,splendid,1
difficult,absolutely,1
difficult,incredible,1
span,amazing,1
span,splendid,1
span,absolutely,1
span,incredible,1
amazing,splendid,1
amazing,absolutely,1
amazing,incredible,1
amazing,say,1
amazing,moment,1
amazing,already,1
amazing,job,1
amazing,stand,1
amazing,voice,1
amazing,remix,1
amazing,duet,1
amazing,contest,1
splendid,absolutely,1
splendid,incredible,1
absolutely,incredible,1
incredible,wishing,1
incredible,job,1
yes,let,1
yes,q,1
yes,many,1
yes,take,1
yes,rucksack,1
let,successful,26
let,history,26
let,look,26
let,forward,26
let,first,26
let,may,26
let,top,26
let,key,24
let,beloved,26
let,contest,26
let,flag,1
day,probably,1
day,track,1
day,spoke,1
day,men,1
day,mixture,1
day,folklore,1
day,culture,1
day,find,1
day,dream,1
day,show,1
day,look,1
day,magic,1
day,reinterpretation,1
day,spring,3
day,similarly,1
day,awake,1
day,listen,1
day,western,1
probably,track,1
something,special,2
something,close,1
something,ever,1
something,preview,1
something,share,1
special,close,1
special,ever,1
special,preview,1
special,share,1
close,ever,1
hail,queen,1
hail,blessed,1
hail,presence,1
queen,blessed,1
queen,presence,1
blessed,presence,1
part,dutch,1
part,vocal,1
part,hire,1
part,technical,1
part,hope,2
part,soon,2
part,rehearsal,2
part,big,2
part,fan,2
part,camera,2
part,work,2
part,energy,2
part,must,2
part,total,2
part,deserve,2
part,top,2
dutch,vocal,1
dutch,hire,1
dutch,technical,1
vocal,hire,1
vocal,technical,1
hire,technical,1
technical,stand,1
technical,right,1
technical,language,1
feel,better,1
feel,soon,1
feel,awesome,1
feel,tell,1
better,soon,1
better,awesome,1
soon,awesome,1
soon,job,1
soon,hope,2
soon,rehearsal,1
soon,big,1
soon,fan,1
soon,camera,1
soon,work,1
soon,energy,1
soon,must,1
soon,total,1
soon,deserve,1
soon,top,1
another,sit,1
another,group,1
another,together,1
another,decide,1
another,stag,1
sit,group,1
sit,together,1
sit,decide,1
sit,stag,1
group,together,1
group,decide,1
group,stag,1
together,decide,1
together,stag,1
decide,stag,1
stag,pleasure,1
stag,speak,1
stag,spectacular,1
stag,upcoming,1
stand,right,1
stand,language,1
stand,say,1
stand,moment,1
stand,already,1
stand,job,1
stand,voice,1
stand,little,1
stand,ill,1
stand,afternoon,1
stand,singer,1
right,language,1
open,playback,1
open,play,1
open,queue,1
open,disappoint,1
playback,play,1
playback,queue,1
playback,disappoint,1
play,queue,1
play,disappoint,1
queue,disappoint,1
result,hope,1
hope,job,1
hope,lot,1
hope,away,1
hope,epic,1
hope,rehearsal,1
hope,big,1
hope,fan,1
hope,camera,1
hope,work,1
hope,energy,1
hope,must,1
hope,total,1
hope,deserve,1
hope,top,1
hope,wont,1
hope,covid,1
hope,unfair,1
hope,say,1
hope,girl,1
hope,hey,1
hope,singer,1
hope,felt,1
hope,morning,1
hope,reason,1
hope,today,1
hope,course,1
job,say,1
job,moment,1
job,already,1
job,voice,1
job,wishing,1
lot,away,1
lot,epic,1
away,epic,1
rehearsal,big,1
rehearsal,fan,1
rehearsal,camera,1
rehearsal,work,1
rehearsal,energy,1
rehearsal,must,1
rehearsal,total,1
rehearsal,deserve,1
rehearsal,top,1
rehearsal,clip,2
rehearsal,multiple,2
rehearsal,ready,2
rehearsal,obviously,1
rehearsal,already,1
rehearsal,first,3
rehearsal,never,1
rehearsal,late,1
rehearsal,odds,1
rehearsal,nine,1
rehearsal,may,1
rehearsal,believe,1
rehearsal,via,1
big,fan,1
big,camera,1
big,work,1
big,energy,1
big,must,1
big,total,1
big,deserve,1
big,top,1
fan,camera,1
fan,work,1
fan,energy,1
fan,must,1
fan,total,1
fan,deserve,1
fan,top,1
camera,work,1
camera,energy,1
camera,must,1
camera,total,1
camera,deserve,1
camera,top,1
work,energy,1
work,must,1
work,total,1
work,deserve,1
work,top,1
energy,must,1
energy,total,1
energy,deserve,1
energy,top,1
must,total,1
must,deserve,1
must,top,1
total,deserve,1
total,top,1
deserve,top,1
top,successful,26
top,history,26
top,look,26
top,forward,26
top,first,26
top,may,26
top,key,24
top,beloved,26
top,contest,26
top,flag,1
say,moment,1
say,already,1
say,voice,1
say,wont,1
say,covid,1
say,unfair,1
say,girl,1
moment,already,1
moment,voice,1
already,voice,1
already,obviously,1
already,first,1
already,never,1
already,late,1
voice,sing,2
voice,easy,1
voice,unlike,1
voice,use,1
voice,white,1
voice,sadly,1
prepare,dress,1
prepare,smoky,1
prepare,eyeline,1
prepare,case,1
dress,smoky,1
dress,eyeline,1
dress,case,1
smoky,eyeline,1
smoky,case,1
eyeline,case,1
remix,duet,1
remix,contest,1
duet,contest,1
contest,successful,26
contest,history,26
contest,look,26
contest,forward,26
contest,first,26
contest,may,26
contest,key,24
contest,beloved,26
contest,flag,1
preview,share,1
wont,covid,1
wont,unfair,1
wont,girl,1
covid,unfair,1
covid,girl,1
covid,singer,1
covid,today,1
covid,team,1
unfair,girl,1
course,beautiful,1
course,hey,1
course,singer,1
course,felt,1
course,morning,1
course,reason,1
course,today,1
edition,radio,1
edition,international,1
edition,may,1
radio,international,1
radio,may,1
international,may,1
may,successful,26
may,history,26
may,look,26
may,forward,26
may,first,27
may,key,24
may,beloved,26
may,flag,1
may,nine,1
may,believe,1
may,via,1
stage,allegorically,2
stage,move,2
stage,white,2
stage,raft,2
stage,past,2
stage,future,2
stage,explain,2
stage,meaning,2
stage,show,2
stage,press,2
stage,conference,2
allegorically,move,1
allegorically,white,1
allegorically,raft,1
allegorically,past,1
allegorically,future,1
allegorically,explain,1
allegorically,meaning,1
allegorically,show,1
allegorically,press,1
allegorically,conference,1
move,white,1
move,raft,1
move,past,1
move,future,1
move,explain,1
move,meaning,1
move,show,1
move,press,1
move,conference,1
white,raft,1
white,past,1
white,future,1
white,explain,1
white,meaning,1
white,show,1
white,press,1
white,conference,1
white,sing,2
white,easy,1
white,unlike,1
white,use,1
white,sadly,1
raft,past,1
raft,future,1
raft,explain,1
raft,meaning,1
raft,show,1
raft,press,1
raft,conference,1
past,future,1
past,explain,1
past,meaning,1
past,show,1
past,press,1
past,conference,1
future,explain,1
future,meaning,1
future,show,1
future,press,1
future,conference,1
explain,meaning,1
explain,show,1
explain,press,1
explain,conference,1
meaning,show,1
meaning,press,1
meaning,conference,1
show,press,1
show,conference,1
show,spoke,1
show,men,1
show,mixture,1
show,folklore,1
show,culture,1
show,find,1
show,dream,1
show,look,1
press,conference,1
spoke,men,1
spoke,mixture,1
spoke,folklore,1
spoke,culture,1
spoke,find,1
spoke,dream,1
spoke,look,1
men,mixture,1
men,folklore,1
men,culture,1
men,find,1
men,dream,1
men,look,1
mixture,folklore,1
mixture,culture,1
mixture,find,1
mixture,dream,1
mixture,look,1
folklore,culture,1
folklore,find,1
folklore,dream,1
folklore,look,1
culture,find,1
culture,dream,1
culture,look,1
find,dream,1
find,look,1
dream,look,1
look,successful,26
look,history,26
look,forward,26
look,first,26
look,key,24
look,beloved,26
look,flag,1
successful,history,26
successful,forward,26
successful,first,26
successful,key,24
successful,beloved,26
successful,flag,1
history,forward,26
history,first,26
history,key,24
history,beloved,26
history,flag,1
forward,first,26
forward,key,24
forward,beloved,26
forward,flag,1
first,key,24
first,beloved,26
first,flag,1
first,obviously,1
first,never,1
first,late,1
first,odds,1
first,nine,1
first,believe,1
first,via,1
key,beloved,24
key,flag,1
beloved,flag,1
hey,singer,1
hey,felt,1
hey,morning,1
hey,reason,1
hey,today,1
singer,felt,1
singer,morning,1
singer,reason,1
singer,today,2
singer,little,1
singer,ill,1
singer,afternoon,1
singer,team,1
felt,morning,1
felt,reason,1
felt,today,1
morning,reason,1
morning,today,1
reason,today,1
today,team,1
little,ill,1
little,afternoon,1
ill,afternoon,1
magic,reinterpretation,1
magic,spring,3
magic,similarly,1
magic,awake,1
magic,listen,1
reinterpretation,spring,3
reinterpretation,similarly,1
reinterpretation,awake,1
reinterpretation,listen,1
spring,similarly,3
spring,awake,3
spring,listen,3
similarly,awake,1
similarly,listen,1
awake,listen,1
clip,multiple,1
clip,ready,1
multiple,ready,1
obviously,never,1
obviously,late,1
never,late,1
q,many,1
q,take,1
q,rucksack,1
many,take,1
many,rucksack,1
take,rucksack,1
sing,easy,2
sing,unlike,2
sing,use,2
sing,sadly,2
easy,unlike,1
easy,use,1
easy,sadly,1
unlike,use,1
unlike,sadly,1
use,sadly,1
pleasure,speak,1
pleasure,spectacular,1
pleasure,upcoming,1
speak,spectacular,1
speak,upcoming,1
spectacular,upcoming,1
nine,believe,1
nine,via,1
believe,via,1
