Source,Target,Weight
excuse,beauty,1
excuse,think,1
excuse,love,1
beauty,think,1
beauty,love,1
beauty,like,1
beauty,say,1
beauty,different,1
beauty,either,1
beauty,ultra,1
beauty,emotional,1
beauty,super,1
beauty,old,1
beauty,school,1
beauty,chanson,1
beauty,swagger,1
beauty,face,1
beauty,glam,1
beauty,rock,1
beauty,song,1
beauty,something,1
beauty,every,1
beauty,taste,1
beauty,contradictory,1
think,love,1
think,go,3
think,piss,1
think,high,1
think,time,1
think,rock,3
think,come,3
think,back,1
think,life,1
think,take,1
think,revenge,1
think,set,1
think,automatic,1
think,ever,2
think,like,1
think,real,1
think,contender,1
think,stag,1
think,elevated,1
think,awesome,1
think,song,3
think,strong,1
think,year,1
think,wrong,1
think,else,1
think,really,3
think,may,1
think,give,1
think,u,4
think,rocky,1
think,top,4
think,second,1
think,rehearsal,3
think,clip,1
think,check,1
think,never,2
think,say,1
think,also,1
think,idea,1
think,aesthetic,1
think,want,1
think,make,2
think,people,1
think,feel,2
think,watch,1
think,discuss,1
think,connect,1
think,clothing,1
think,music,1
think,press,1
think,conference,1
think,see,1
think,finally,1
think,reach,1
think,betting,1
think,odds,1
think,win,2
think,winner,1
think,finish,2
think,grand,2
think,final,2
think,opinion,2
think,tell,2
think,know,1
think,could,1
think,chance,1
think,surprise,1
think,hate,1
think,outfit,1
think,need,1
think,clothes,1
think,fire,1
think,first,3
think,hour,1
think,honest,1
think,review,1
think,full,1
think,use,1
think,width,1
think,stage,1
think,might,1
think,elsewhere,1
think,performance,1
think,shirtlessness,1
think,shiny,1
think,violet,1
think,trouser,1
think,band,1
think,classy,1
think,group,1
love,hi,1
love,finally,1
love,finish,1
love,new,1
love,amazing,1
love,wish,1
love,best,2
love,peace,1
love,chile,1
love,green,1
love,carpet,2
love,nice,1
love,almost,1
love,like,1
love,grass,1
love,well,2
love,lawn,1
love,flag,1
love,queen,1
love,turquoise,1
love,experience,1
love,cool,1
love,song,7
love,express,1
love,add,1
love,blind,1
love,channel,1
love,much,4
love,today,2
love,shine,2
love,light,2
love,music,3
love,come,2
love,refresh,1
love,glam,1
love,rock,3
love,truly,1
love,sea,1
love,full,1
love,pop,1
love,dance,1
love,half,1
love,draw,1
love,band,2
love,position,1
love,win,1
love,contest,1
love,first,2
love,place,3
love,odds,1
love,go,1
love,please,1
love,sense,1
love,fashion,1
love,whole,1
love,fell,2
love,second,1
love,pic,1
love,understand,1
love,entry,1
love,hope,2
love,learn,1
love,far,1
love,fast,1
love,though,1
love,beautiful,1
love,feeling,1
love,uncomfortable,1
love,see,2
love,cringe,1
love,happen,1
love,literal,1
love,share,1
love,brain,1
love,cell,1
love,anyways,1
love,amaze,1
love,group,1
love,young,1
love,talented,1
love,wishing,1
love,next,1
love,week,1
love,r,1
love,u,1
love,e,1
love,time,1
love,find,1
love,definitely,1
love,absolutely,1
love,press,1
love,conference,1
love,third,1
love,cry,1
love,death,1
love,drop,1
love,energy,1
love,speechless,1
love,voting,1
love,make,1
love,another,1
love,run,1
love,even,1
love,polish,1
love,rehearsal,2
love,organic,1
love,feel,1
love,san,1
love,pyro,1
love,final,1
love,minute,1
love,wow,1
love,class,1
love,act,1
love,stag,1
love,red,2
love,graphic,1
love,raise,1
love,plinth,1
love,burn,1
love,onto,1
love,delft,1
love,really,1
love,try,1
love,keep,1
love,calm,1
love,yet,1
love,know,1
love,everyone,1
love,fall,1
hi,forget,1
hi,right,1
hi,offer,1
hi,pizza,1
hi,spaghetti,1
hi,free,1
hi,let,1
hi,introduce,1
hi,welcome,1
hi,everybody,2
hi,say,1
hi,listen,1
hi,e,1
blonde,guy,1
blonde,super,1
blonde,cute,1
guy,super,1
guy,cute,1
super,cute,1
super,like,1
super,say,1
super,different,1
super,either,1
super,ultra,1
super,emotional,1
super,old,1
super,school,1
super,chanson,1
super,swagger,1
super,face,1
super,glam,1
super,rock,1
super,song,1
super,something,1
super,every,1
super,taste,1
super,contradictory,1
super,bet,1
super,happy,1
super,meet,1
super,non,1
super,fan,1
cute,actually,1
cute,crying,1
cute,four,1
cute,lady,1
cute,group,1
go,today,1
go,awesome,1
go,whole,1
go,city,1
go,buzz,1
go,meet,1
go,afternoon,1
go,many,1
go,turquoise,1
go,carpet,1
go,way,1
go,dream,1
go,come,5
go,true,1
go,piss,1
go,country,1
go,let,5
go,really,2
go,said,1
go,oh,1
go,man,1
go,much,4
go,glam,1
go,happy,2
go,high,1
go,time,2
go,rock,2
go,back,3
go,life,1
go,take,3
go,revenge,1
go,happen,1
go,next,2
go,idea,1
go,pretty,1
go,wide,1
go,open,1
go,almost,1
go,never,2
go,right,1
go,fervently,1
go,hope,2
go,every,1
go,year,3
go,may,1
go,best,2
go,song,3
go,win,5
go,list,1
go,full,1
go,repeat,1
go,top,2
go,two,2
go,forth,1
go,one,2
go,like,2
go,even,2
go,though,1
go,maybe,1
go,dissimilar,1
go,call,1
go,week,1
go,first,2
go,place,2
go,odds,2
go,feel,1
go,see,4
go,finally,1
go,reach,1
go,betting,1
go,need,2
go,sedative,2
go,watch,2
go,final,3
go,perform,3
go,half,1
go,grand,1
go,long,1
go,shirtless,1
go,everything,2
go,surprise,1
go,everyone,1
go,still,2
go,cannot,1
go,enough,1
go,past,1
go,jury,1
go,friendly,1
go,party,1
go,girl,1
go,world,1
go,per,2
go,braccio,1
go,believe,1
go,e,1
go,jam,1
go,describe,1
go,want,1
go,deserve,2
go,favorite,1
go,general,1
go,good,1
go,rightful,1
go,participate,1
go,vote,1
go,maximum,1
go,excitement,1
go,keep,1
go,music,1
go,pride,1
go,alive,1
go,literally,1
go,burn,1
go,stage,2
go,wait,2
go,performance,1
go,slay,1
go,burnt,1
go,excite,2
go,group,1
go,quite,1
go,pyro,1
go,finland,1
go,huge,1
go,curtain,1
go,finish,1
go,bonus,1
go,warm,1
go,nicely,1
go,new,1
go,amazing,1
go,coin,1
go,moon,1
go,soon,1
go,miss,1
go,train,1
go,bocca,1
go,al,1
go,get,1
go,trophy,1
go,better,1
go,excited,1
go,l,1
go,solo,1
go,otto,1
go,contest,2
go,end,1
go,eight,1
go,day,1
today,awesome,1
today,whole,1
today,city,1
today,buzz,1
today,meet,1
today,afternoon,1
today,many,1
today,turquoise,2
today,carpet,2
today,way,1
today,dream,1
today,come,3
today,true,1
today,wait,1
today,see,3
today,serve,1
today,song,4
today,shine,2
today,light,2
today,music,2
today,day,4
today,qualify,1
today,press,1
today,conference,1
today,big,2
today,take,1
today,stage,1
today,rehearsal,1
today,cross,1
today,everybody,1
today,especially,1
today,distance,1
today,contest,1
today,five,1
today,plus,1
today,first,1
today,time,1
today,official,1
today,live,1
today,open,1
today,say,1
today,hello,1
today,great,1
today,national,2
today,totally,1
today,call,1
today,san,1
today,final,1
today,e,1
awesome,whole,1
awesome,city,1
awesome,buzz,1
awesome,meet,1
awesome,afternoon,1
awesome,many,1
awesome,turquoise,1
awesome,carpet,1
awesome,way,1
awesome,dream,1
awesome,come,1
awesome,true,1
awesome,set,1
awesome,automatic,1
awesome,ever,1
awesome,like,1
awesome,real,1
awesome,contender,1
awesome,stag,1
awesome,elevated,1
awesome,song,1
awesome,strong,1
awesome,year,1
awesome,well,1
whole,city,1
whole,buzz,1
whole,meet,1
whole,afternoon,1
whole,many,1
whole,turquoise,1
whole,carpet,1
whole,way,1
whole,dream,1
whole,come,1
whole,true,1
whole,listen,1
whole,look,1
whole,mean,1
whole,even,1
whole,fan,1
whole,music,1
whole,genre,1
whole,thing,1
whole,fell,1
whole,song,1
whole,one,1
whole,image,1
whole,e,1
whole,follow,1
whole,link,1
whole,check,1
whole,damn,1
whole,get,1
whole,squad,1
whole,laugh,1
city,buzz,1
city,meet,1
city,afternoon,1
city,many,1
city,turquoise,1
city,carpet,1
city,way,1
city,dream,1
city,come,1
city,true,1
city,start,1
city,take,1
city,accommodation,1
city,every,2
city,week,1
city,may,1
buzz,meet,1
buzz,afternoon,1
buzz,many,1
buzz,turquoise,1
buzz,carpet,1
buzz,way,1
buzz,dream,1
buzz,come,1
buzz,true,1
meet,afternoon,1
meet,many,1
meet,turquoise,1
meet,carpet,1
meet,way,1
meet,dream,1
meet,come,1
meet,true,1
meet,tournament,1
meet,far,1
meet,finally,1
meet,match,1
meet,e,1
meet,bet,1
meet,happy,1
meet,non,1
meet,fan,1
afternoon,many,1
afternoon,turquoise,1
afternoon,carpet,1
afternoon,way,1
afternoon,dream,1
afternoon,come,1
afternoon,true,1
many,turquoise,1
many,carpet,1
many,way,1
many,dream,1
many,come,1
many,true,1
many,know,1
many,time,1
many,already,1
many,last,1
many,audio,1
many,live,1
many,repeat,1
many,best,1
many,performance,1
turquoise,carpet,9
turquoise,way,1
turquoise,dream,1
turquoise,come,1
turquoise,true,1
turquoise,wear,1
turquoise,purple,1
turquoise,feat,1
turquoise,best,1
turquoise,dressed,1
turquoise,al,1
turquoise,experience,1
turquoise,cool,1
turquoise,song,1
turquoise,express,1
turquoise,add,1
turquoise,blind,1
turquoise,channel,1
turquoise,time,1
turquoise,week,1
turquoise,officially,1
turquoise,begin,1
turquoise,wait,2
turquoise,see,2
turquoise,especially,1
turquoise,particular,1
turquoise,order,1
turquoise,finland,1
turquoise,ready,1
turquoise,serve,1
turquoise,waiting,1
turquoise,together,1
carpet,way,1
carpet,dream,1
carpet,come,1
carpet,true,1
carpet,feat,1
carpet,first,1
carpet,best,1
carpet,dressed,1
carpet,green,1
carpet,nice,1
carpet,almost,1
carpet,like,1
carpet,grass,1
carpet,well,1
carpet,lawn,1
carpet,al,1
carpet,red,1
carpet,experience,1
carpet,cool,1
carpet,song,1
carpet,express,1
carpet,add,1
carpet,blind,1
carpet,channel,1
carpet,time,1
carpet,week,1
carpet,officially,1
carpet,begin,1
carpet,wait,2
carpet,see,2
carpet,especially,1
carpet,particular,1
carpet,order,1
carpet,finland,1
carpet,ready,1
carpet,serve,1
carpet,waiting,1
carpet,together,1
way,dream,1
way,come,2
way,true,1
way,hope,1
way,see,1
way,one,1
way,amaze,1
way,little,1
way,air,1
way,kiss,1
way,mean,1
way,man,1
way,oh,1
way,grab,1
way,trophy,1
way,shamelessly,1
dream,come,1
dream,true,2
dream,came,1
dream,stage,1
dream,rather,1
dream,extremely,1
dream,brutal,1
dream,end,1
dream,pyrotechnic,1
dream,lit,1
dream,time,1
dream,alarm,1
dream,trigger,1
dream,caught,1
dream,rehearsal,1
dream,oh,1
dream,ga,1
dream,pyro,1
dream,shirtless,1
come,true,1
come,high,2
come,time,2
come,rock,3
come,back,2
come,life,2
come,take,2
come,revenge,2
come,across,2
come,someone,1
come,would,1
come,watch,2
come,kind,2
come,expect,1
come,though,1
come,song,3
come,shine,2
come,light,2
come,music,2
come,never,1
come,say,1
come,actually,1
come,prefer,1
come,draw,1
come,far,1
come,away,1
come,possible,1
come,easier,1
come,define,1
come,space,1
come,near,1
come,whichever,1
come,big,1
come,hitter,1
come,half,1
come,close,1
come,question,1
come,kill,1
come,award,1
come,must,2
come,tour,1
come,two,1
come,perform,1
come,let,2
come,party,2
come,girl,2
come,world,2
come,per,2
come,braccio,2
come,io,2
come,little,1
come,air,1
come,kiss,1
come,mean,1
come,man,1
come,pro,1
come,raw,1
come,energetic,1
come,sex,1
come,appeal,2
come,glam,1
come,broad,1
come,staging,1
come,could,1
come,easily,1
come,hot,1
come,mess,1
come,remember,1
come,la,1
come,worrying,1
come,sing,1
come,show,1
come,support,1
come,know,1
come,gibberish,1
come,still,1
come,feel,1
come,good,1
come,delft,1
come,great,1
true,masterpiece,1
true,holy,1
true,crap,1
true,look,1
true,amazing,1
true,wait,1
true,show,1
true,rest,1
true,talent,1
true,came,1
share,important,2
share,beautiful,1
share,feeling,1
share,uncomfortable,1
share,see,1
share,much,1
share,cringe,1
share,happen,1
share,literal,1
share,brain,1
share,cell,1
share,anyways,1
share,ignore,2
share,could,8
share,story,4
share,please,4
share,help,4
share,u,4
share,crucial,4
share,find,4
share,recognize,2
important,please,1
important,ignore,1
tournament,far,1
tournament,finally,1
tournament,match,1
tournament,e,1
far,finally,1
far,match,1
far,e,1
far,actually,1
far,prefer,1
far,draw,1
far,away,1
far,possible,1
far,easier,1
far,define,1
far,space,1
far,near,1
far,whichever,1
far,big,1
far,hitter,1
far,half,1
far,close,1
far,question,1
far,kill,1
far,entry,1
far,hope,1
far,learn,1
far,fast,1
far,though,1
finally,match,1
finally,e,2
finally,finish,1
finally,new,1
finally,amazing,1
finally,wish,1
finally,best,2
finally,peace,1
finally,chile,1
finally,may,1
finally,stress,1
finally,first,3
finally,time,2
finally,send,1
finally,winner,1
finally,song,1
finally,let,1
finally,win,3
finally,vote,1
finally,please,1
finally,really,1
finally,feel,1
finally,see,1
finally,reach,1
finally,top,1
finally,betting,1
finally,odds,1
finally,good,1
finally,also,1
finally,leave,1
finally,believe,1
finally,happen,1
finally,year,1
finally,sugar,1
finally,tick,1
finally,tock,1
finally,glamour,1
finally,rock,1
finally,take,2
finally,stage,1
finally,contest,1
finally,since,1
finally,return,1
finally,check,1
finally,review,1
finally,rehearsal,1
finally,girl,1
finally,entry,1
finally,hurricane,1
finally,get,1
finally,chance,1
finally,photo,1
finally,shame,1
finally,single,1
match,e,1
e,song,4
e,second,1
e,time,2
e,ahoy,1
e,dam,1
e,one,1
e,image,1
e,follow,1
e,link,2
e,check,1
e,take,1
e,band,1
e,name,1
e,word,1
e,moonlight,1
e,tribute,1
e,bassist,1
e,home,1
e,country,2
e,hybrid,1
e,rock,2
e,glam,1
e,best,1
e,good,1
e,also,1
e,leave,1
e,believe,2
e,happen,1
e,year,1
e,sugar,1
e,tick,1
e,tock,1
e,l,1
e,starter,1
e,pack,1
e,yeah,1
e,yes,2
e,beautiful,1
e,r,4
e,u,1
e,find,1
e,still,1
e,first,2
e,jam,1
e,describe,1
e,much,1
e,want,1
e,win,1
e,deserve,1
e,ai,1
e,credit,1
e,w,3
e,n,6
e,entirely,1
e,shirtless,1
e,performance,1
e,bene,1
e,dell,1
e,wait,1
e,everybody,1
e,listen,1
e,day,1
e,national,2
e,totally,1
e,call,1
e,san,1
e,final,1
e,watch,1
e,official,1
e,video,1
support,intensely,1
support,week,2
support,bring,1
support,rock,1
support,back,1
support,hope,1
support,well,1
support,kind,1
support,content,1
support,post,2
support,per,1
support,fare,1
support,ai,1
support,vista,1
support,dell,1
support,comment,1
support,wish,1
support,good,2
support,luck,1
support,next,1
support,need,1
support,sing,1
support,song,1
support,show,1
support,know,1
support,gibberish,1
support,still,1
support,feel,1
intensely,week,1
week,time,2
week,officially,1
week,begin,1
week,wait,1
week,see,1
week,especially,1
week,particular,1
week,order,1
week,finland,1
week,one,2
week,start,1
week,take,1
week,accommodation,1
week,every,3
week,may,1
week,ability,1
week,bring,1
week,single,1
week,day,1
week,pause,1
week,breath,1
week,know,1
week,exactly,1
week,last,1
week,profile,2
week,pic,2
week,back,2
week,next,4
week,post,2
week,per,1
week,fare,1
week,ai,1
week,vista,1
week,dell,1
week,comment,1
week,wish,1
week,good,1
week,luck,1
week,need,1
week,amaze,1
week,group,1
week,young,1
week,talented,1
week,wishing,1
week,best,1
wear,purple,1
wear,something,1
wear,similar,1
wear,actually,1
wear,shed,1
wear,tear,1
wear,please,1
wear,basic,1
wear,work,1
wear,camera,1
wear,already,1
wear,bag,1
purple,dash,1
background,star,1
background,like,1
star,like,1
like,see,2
like,know,1
like,year,3
like,old,2
like,girl,1
like,could,1
like,person,1
like,looking,1
like,please,1
like,help,1
like,us,1
like,spread,1
like,truly,1
like,believe,1
like,power,1
like,look,1
like,edgy,1
like,high,1
like,school,2
like,end,1
like,failure,1
like,green,1
like,nice,1
like,almost,1
like,grass,1
like,well,1
like,lawn,1
like,set,1
like,automatic,1
like,ever,1
like,real,1
like,contender,1
like,stag,1
like,elevated,1
like,song,2
like,strong,2
like,say,2
like,different,1
like,either,1
like,ultra,1
like,emotional,1
like,chanson,1
like,swagger,1
like,face,1
like,glam,1
like,rock,1
like,something,1
like,every,1
like,taste,1
like,contradictory,1
like,list,1
like,full,1
like,repeat,1
like,top,1
like,two,2
like,back,2
like,forth,1
like,one,1
like,best,1
like,even,1
like,though,1
like,maybe,1
like,dissimilar,1
like,call,1
like,great,1
like,assume,1
like,odds,1
like,news,1
like,rehearsal,1
like,fire,1
like,first,1
like,wonder,1
like,grand,1
like,final,1
like,people,1
like,start,1
like,possibility,1
like,surprise,1
like,everyone,1
like,win,1
like,still,1
like,cannot,1
like,enough,1
like,past,1
like,much,1
like,jury,1
like,friendly,1
like,live,1
like,blind,1
like,channel,1
like,headliner,1
like,band,1
like,third,1
like,stage,1
joy,painter,1
acoustic,version,1
acoustic,via,1
version,via,1
via,live,1
via,entry,1
via,enjoy,1
via,following,1
via,second,2
via,automatic,2
via,may,2
via,best,2
via,one,1
via,win,1
via,prediction,1
via,market,1
via,close,2
via,six,1
via,first,1
via,believe,1
see,know,3
see,year,3
see,old,1
see,girl,2
see,could,1
see,person,1
see,looking,1
see,please,2
see,help,1
see,us,1
see,spread,1
see,truly,1
see,believe,1
see,power,1
see,hope,2
see,one,3
see,amaze,1
see,lead,1
see,singer,1
see,sexy,1
see,ever,1
see,bite,1
see,time,2
see,officially,1
see,begin,1
see,wait,8
see,especially,1
see,particular,1
see,order,1
see,finland,1
see,serve,1
see,hey,1
see,incredibly,1
see,sorry,1
see,hear,1
see,polish,1
see,song,2
see,take,1
see,care,1
see,really,2
see,feel,1
see,reach,1
see,top,2
see,betting,2
see,odds,2
see,win,6
see,draw,1
see,half,1
see,perform,3
see,final,1
see,poll,1
see,two,1
see,strong,1
see,u,1
see,crystal,1
see,trophy,1
see,wish,1
see,least,1
see,get,2
see,good,1
see,would,1
see,together,1
see,even,1
see,contest,2
see,raga,1
see,back,1
see,surprise,1
see,everyone,1
see,still,2
see,cannot,1
see,enough,1
see,past,1
see,much,2
see,jury,1
see,friendly,1
see,beautiful,1
see,feeling,1
see,uncomfortable,1
see,cringe,1
see,happen,2
see,literal,1
see,brain,1
see,cell,1
see,anyways,1
see,less,4
see,stage,4
see,part,2
see,forgot,1
see,pack,1
see,literally,1
see,burn,2
see,performance,2
see,fantastic,1
see,tour,1
see,nearby,1
see,future,1
see,must,1
see,never,1
see,excite,1
see,group,1
see,ban,1
see,entry,1
see,people,1
see,enjoy,1
see,life,1
see,country,1
see,wage,1
see,war,1
see,oh,1
see,god,1
see,energy,1
see,something,1
see,use,2
see,wow,4
see,first,2
see,polished,1
see,backdrop,1
see,rock,1
see,music,1
see,class,1
see,act,1
see,stag,1
see,red,2
see,graphic,1
see,band,1
see,raise,1
see,plinth,1
see,onto,1
see,day,1
see,big,2
see,five,1
see,plus,1
see,official,1
see,live,1
see,open,1
see,say,1
see,hello,1
see,ba,1
see,amazing,1
see,always,1
see,great,1
see,nice,1
see,shirt,1
see,culture,1
see,well,1
see,yeah,1
see,ahoy,1
see,test,1
see,arrival,1
see,en,1
see,route,1
see,excited,1
see,thing,1
see,sure,1
see,need,1
know,year,3
know,old,1
know,girl,1
know,could,2
know,person,1
know,looking,1
know,please,1
know,help,1
know,us,1
know,spread,1
know,truly,1
know,believe,1
know,power,1
know,make,1
know,want,1
know,young,1
know,combine,2
know,age,2
know,ten,1
know,two,2
know,together,1
know,still,2
know,less,1
know,four,1
know,piece,1
know,band,1
know,bloody,1
know,fabulous,1
know,right,2
know,especially,1
know,destiny,1
know,stag,1
know,excite,1
know,thats,1
know,one,1
know,ability,1
know,bring,1
know,every,1
know,single,1
know,day,1
know,pause,1
know,breath,1
know,exactly,1
know,last,2
know,time,2
know,already,2
know,shake,1
know,dirty,1
know,clothes,2
know,muddy,1
know,even,1
know,win,2
know,contest,1
know,raga,1
know,really,2
know,chance,1
know,surprise,1
know,u,1
know,hate,1
know,oh,1
know,god,1
know,energy,1
know,something,1
know,use,1
know,wow,4
know,first,2
know,polished,1
know,backdrop,1
know,sing,1
know,song,1
know,show,1
know,gibberish,1
know,feel,1
know,good,1
know,audio,1
know,live,1
know,repeat,1
know,best,1
know,performance,1
know,place,2
know,try,1
know,keep,1
know,calm,1
know,rehearsal,1
know,yet,1
know,rock,1
know,everyone,1
know,fall,1
year,old,1
year,girl,2
year,could,1
year,person,1
year,looking,1
year,please,1
year,help,1
year,us,1
year,spread,1
year,truly,1
year,believe,2
year,power,1
year,set,1
year,automatic,1
year,ever,2
year,real,1
year,contender,1
year,stag,1
year,elevated,1
year,song,3
year,strong,1
year,happen,2
year,next,1
year,idea,1
year,pretty,1
year,wide,1
year,open,2
year,almost,1
year,never,1
year,right,1
year,fervently,1
year,hope,3
year,every,2
year,may,1
year,best,3
year,win,3
year,list,1
year,full,1
year,repeat,1
year,top,1
year,two,5
year,back,1
year,forth,1
year,one,1
year,even,3
year,though,1
year,maybe,1
year,dissimilar,1
year,call,1
year,hey,1
year,incredibly,1
year,sorry,1
year,hear,1
year,polish,1
year,take,3
year,care,1
year,want,1
year,young,1
year,combine,2
year,age,2
year,ten,1
year,together,1
year,still,1
year,less,1
year,four,1
year,piece,1
year,band,1
year,bloody,1
year,fabulous,1
year,oh,2
year,wo,1
year,swap,1
year,much,2
year,exciting,1
year,god,1
year,contest,1
year,raga,1
year,good,3
year,also,1
year,leave,1
year,sugar,1
year,tick,1
year,tock,1
year,totally,1
year,cheer,1
year,voting,1
year,favorite,1
year,general,1
year,rightful,1
year,place,1
year,participate,1
year,vote,1
year,maximum,1
year,time,1
year,excitement,1
year,ignore,1
year,make,1
year,head,1
year,trophy,1
year,member,1
year,hurricane,1
year,group,1
year,crush,1
year,honey,1
year,people,1
year,unbelievable,1
year,really,1
year,tell,1
year,meeting,1
year,hard,1
year,artist,1
year,happy,1
year,came,1
old,girl,1
old,could,1
old,person,1
old,looking,1
old,please,1
old,help,1
old,us,1
old,spread,1
old,truly,1
old,believe,1
old,power,1
old,say,1
old,different,1
old,either,1
old,ultra,1
old,emotional,1
old,school,1
old,chanson,1
old,swagger,1
old,face,1
old,glam,1
old,rock,1
old,song,1
old,something,1
old,every,1
old,taste,1
old,contradictory,1
old,totally,1
old,proper,1
old,winner,1
old,drum,1
old,riser,1
old,full,1
old,scarlet,1
old,red,1
old,lighting,1
old,performance,1
old,captivate,1
old,watch,1
old,vocal,1
old,deal,1
old,thank,1
old,stage,1
girl,could,1
girl,person,1
girl,looking,1
girl,please,1
girl,help,1
girl,us,1
girl,spread,1
girl,truly,1
girl,believe,1
girl,power,1
girl,let,1
girl,party,1
girl,world,1
girl,per,1
girl,braccio,1
girl,entry,1
girl,hurricane,2
girl,get,1
girl,chance,1
girl,take,1
girl,photo,1
girl,shame,1
girl,single,1
girl,cover,1
girl,glow,1
girl,member,1
girl,group,1
girl,crush,1
girl,honey,1
girl,thank,1
girl,really,1
girl,good,2
girl,nice,1
girl,shirt,1
girl,culture,1
girl,well,1
could,person,1
could,looking,1
could,please,9
could,help,9
could,us,1
could,spread,1
could,truly,1
could,believe,1
could,power,1
could,ignore,4
could,story,8
could,u,9
could,crucial,8
could,find,8
could,recognize,4
could,really,1
could,chance,1
could,surprise,1
could,hate,1
could,pro,1
could,raw,1
could,energetic,1
could,sex,1
could,appeal,2
could,glam,1
could,rock,1
could,broad,1
could,staging,1
could,easily,1
could,across,1
could,hot,1
could,mess,1
could,remember,1
could,la,1
could,worrying,1
could,kind,1
could,time,1
could,run,1
could,radio,1
could,leave,1
could,question,1
could,answer,1
could,special,1
could,episode,1
could,may,1
could,mi,1
could,live,1
person,looking,1
person,please,1
person,help,1
person,us,1
person,spread,1
person,truly,1
person,believe,1
person,power,1
looking,please,1
looking,help,1
looking,us,1
looking,spread,1
looking,truly,1
looking,believe,1
looking,power,1
please,help,5
please,us,1
please,spread,1
please,truly,1
please,believe,1
please,power,1
please,ignore,3
please,dont,1
please,may,1
please,stress,1
please,first,1
please,time,1
please,send,1
please,winner,1
please,song,1
please,let,1
please,win,2
please,vote,1
please,room,1
please,sense,1
please,fashion,1
please,story,4
please,u,4
please,crucial,4
please,find,4
please,recognize,2
please,ban,1
please,entry,1
please,people,1
please,enjoy,1
please,life,1
please,country,1
please,wage,1
please,war,1
please,something,1
please,similar,1
please,actually,1
please,shed,1
please,tear,1
please,basic,1
help,us,1
help,spread,1
help,truly,1
help,believe,1
help,power,1
help,ignore,2
help,story,4
help,u,4
help,crucial,4
help,find,4
help,recognize,2
us,spread,1
us,truly,1
us,believe,1
us,power,1
us,vote,1
us,rock,1
us,baby,1
spread,truly,1
spread,believe,1
spread,power,1
truly,believe,1
truly,power,1
truly,refresh,1
truly,glam,1
truly,rock,1
truly,song,2
truly,sea,1
truly,full,1
truly,pop,1
truly,dance,1
truly,half,1
truly,draw,1
truly,band,1
truly,position,1
truly,win,1
truly,contest,1
believe,power,1
believe,win,2
believe,justice,1
believe,world,1
believe,best,2
believe,good,1
believe,also,1
believe,leave,1
believe,happen,1
believe,sugar,1
believe,tick,1
believe,tock,1
believe,six,1
believe,automatic,1
believe,first,2
believe,may,1
believe,still,1
believe,jam,1
believe,describe,1
believe,much,1
believe,want,1
believe,deserve,1
ignore,story,2
ignore,u,2
ignore,crucial,2
ignore,find,2
ignore,make,1
ignore,head,1
ignore,take,1
ignore,trophy,1
song,second,2
song,time,3
song,ahoy,3
song,de,1
song,arrive,1
song,contest,10
song,experience,1
song,cool,1
song,express,1
song,add,1
song,blind,1
song,channel,1
song,quick,1
song,question,1
song,beneficial,1
song,half,3
song,set,1
song,automatic,1
song,ever,2
song,real,1
song,contender,1
song,stag,1
song,elevated,1
song,strong,1
song,shine,2
song,light,2
song,music,3
song,happen,1
song,next,1
song,idea,2
song,pretty,1
song,wide,1
song,open,2
song,almost,1
song,never,2
song,right,1
song,fervently,1
song,hope,1
song,every,2
song,may,2
song,best,3
song,win,5
song,say,2
song,different,1
song,either,1
song,ultra,1
song,emotional,1
song,school,1
song,chanson,1
song,swagger,1
song,face,1
song,glam,4
song,rock,7
song,something,1
song,taste,1
song,contradictory,1
song,hey,1
song,incredibly,1
song,sorry,2
song,hear,1
song,polish,1
song,take,1
song,care,1
song,refresh,2
song,sea,2
song,full,2
song,pop,2
song,dance,2
song,draw,2
song,band,3
song,position,2
song,also,1
song,aesthetic,1
song,want,1
song,make,1
song,people,1
song,feel,2
song,watch,1
song,discuss,1
song,connect,1
song,clothing,1
song,press,1
song,conference,1
song,stress,1
song,first,2
song,send,1
song,winner,1
song,let,1
song,vote,1
song,one,1
song,image,1
song,follow,1
song,link,1
song,check,1
song,dutch,1
song,perform,1
song,rehearsal,1
song,six,1
song,qualified,1
song,annual,1
song,arena,1
song,sander,1
song,hybrid,1
song,country,1
song,definitely,1
song,day,5
song,last,1
song,place,1
song,cheesy,1
song,mon,1
song,big,1
song,five,1
song,plus,1
song,official,1
song,live,1
song,hello,1
song,favorite,1
song,sing,1
song,show,2
song,gibberish,1
song,still,1
song,good,1
song,welcome,1
song,classy,1
song,group,1
song,suggest,1
song,l,2
song,per,2
song,solo,2
song,otto,2
song,wait,2
song,end,2
song,eight,2
song,national,2
song,totally,1
song,call,1
song,san,1
song,final,1
second,time,1
second,ahoy,1
second,quick,1
second,question,1
second,beneficial,1
second,half,2
second,rehearsal,4
second,clip,1
second,check,1
second,following,1
second,automatic,1
second,may,1
second,best,1
second,one,1
second,yeah,2
second,pyro,1
second,rock,1
second,win,1
second,prediction,1
second,market,1
second,close,2
second,much,1
second,pic,1
second,test,1
second,bomb,1
second,wait,1
second,next,1
second,pull,1
second,return,1
second,ready,1
second,review,1
second,hurricane,1
time,ahoy,1
time,officially,1
time,begin,1
time,wait,2
time,especially,1
time,particular,1
time,order,1
time,finland,1
time,high,1
time,rock,2
time,back,1
time,life,1
time,take,3
time,revenge,1
time,may,2
time,stress,1
time,first,5
time,send,2
time,winner,1
time,let,2
time,win,2
time,vote,2
time,one,2
time,ability,1
time,bring,1
time,every,1
time,single,1
time,day,4
time,pause,1
time,breath,1
time,exactly,1
time,last,2
time,stage,2
time,rather,1
time,extremely,1
time,brutal,1
time,end,2
time,pyrotechnic,1
time,lit,1
time,alarm,1
time,trigger,1
time,r,1
time,u,1
time,find,1
time,favorite,1
time,general,1
time,much,1
time,good,2
time,hope,1
time,rightful,1
time,place,1
time,participate,1
time,maximum,1
time,excitement,1
time,kudos,1
time,preparation,1
time,performance,2
time,since,2
time,glamour,1
time,contest,2
time,return,1
time,check,1
time,review,1
time,rehearsal,1
time,big,1
time,five,1
time,plus,1
time,official,1
time,live,3
time,open,1
time,say,1
time,hello,1
time,already,1
time,audio,1
time,repeat,1
time,best,1
time,run,1
time,radio,1
time,leave,1
time,question,1
time,answer,1
time,special,1
time,episode,1
time,mi,1
time,national,2
time,final,2
time,although,1
time,liking,1
time,grand,1
time,interest,1
time,show,1
time,really,1
time,enjoy,1
time,monument,1
time,perform,1
ahoy,de,1
ahoy,arrive,1
ahoy,contest,2
ahoy,dutch,1
ahoy,perform,1
ahoy,rehearsal,1
ahoy,six,1
ahoy,qualified,1
ahoy,annual,1
ahoy,arena,1
ahoy,sander,1
ahoy,yeah,1
ahoy,still,1
ahoy,test,1
ahoy,arrival,1
ahoy,get,1
new,photo,1
new,finish,1
new,amazing,2
new,wish,1
new,best,1
new,peace,1
new,chile,1
new,violet,1
new,black,1
new,dell,1
new,talk,1
new,obsession,1
new,religion,1
new,half,1
new,draw,1
new,outfit,1
new,alert,1
new,confirm,1
new,silver,1
new,trouser,1
new,red,1
new,trend,1
new,perle,1
new,di,1
new,coin,1
new,moon,1
new,soon,1
new,miss,1
new,train,1
new,live,1
new,cover,1
new,front,1
new,might,1
new,cheekily,1
new,stick,1
new,merch,1
photo,wow,1
photo,credit,1
photo,extremely,1
photo,good,1
photo,well,1
photo,bugger,1
photo,entry,1
photo,hurricane,1
photo,get,1
photo,chance,1
photo,take,1
photo,shame,1
photo,single,1
good,luck,6
good,rock,1
good,u,1
good,look,2
good,choice,4
good,news,1
good,well,4
good,make,4
good,quiet,4
good,behave,4
good,right,1
good,one,2
good,best,2
good,ever,1
good,would,1
good,together,1
good,extremely,1
good,also,1
good,leave,1
good,happen,1
good,sugar,1
good,tick,1
good,tock,1
good,post,2
good,per,1
good,fare,1
good,ai,1
good,vista,1
good,dell,1
good,comment,1
good,wish,1
good,next,1
good,need,1
good,favorite,1
good,general,1
good,much,1
good,hope,1
good,take,1
good,rightful,1
good,place,1
good,participate,1
good,vote,1
good,maximum,1
good,excitement,1
good,amaze,1
good,big,1
good,get,1
good,final,3
good,reserve,1
good,spot,1
good,ready,1
good,first,1
good,rehearsal,1
good,thank,1
good,really,2
good,sing,1
good,show,2
good,gibberish,1
good,still,1
good,feel,1
good,people,1
good,unbelievable,1
good,day,1
good,national,2
good,although,1
good,end,1
good,liking,1
good,grand,1
good,interest,1
good,let,1
good,enjoy,1
good,monument,1
luck,rock,1
luck,post,2
luck,per,1
luck,fare,1
luck,ai,1
luck,vista,1
luck,dell,1
luck,comment,1
luck,wish,1
luck,next,1
luck,need,1
luck,amaze,1
luck,ready,1
luck,first,1
luck,rehearsal,1
luck,best,1
rock,ready,5
rock,high,1
rock,back,2
rock,life,1
rock,take,2
rock,revenge,1
rock,need,3
rock,bit,1
rock,although,1
rock,performance,1
rock,iconic,1
rock,opinion,1
rock,say,1
rock,different,1
rock,either,1
rock,ultra,1
rock,emotional,1
rock,school,1
rock,chanson,1
rock,swagger,1
rock,face,1
rock,glam,6
rock,something,1
rock,every,2
rock,taste,1
rock,contradictory,1
rock,amazing,1
rock,refresh,1
rock,sea,1
rock,full,1
rock,pop,1
rock,dance,1
rock,half,1
rock,draw,1
rock,band,5
rock,position,1
rock,win,4
rock,contest,2
rock,even,1
rock,well,2
rock,alone,1
rock,combine,1
rock,young,1
rock,two,1
rock,piece,1
rock,bloody,1
rock,talented,1
rock,n,3
rock,roll,5
rock,sex,2
rock,age,1
rock,incredible,1
rock,yeah,2
rock,pyro,1
rock,rehearsal,4
rock,hey,1
rock,hybrid,2
rock,country,2
rock,bring,1
rock,hope,1
rock,future,1
rock,stage,2
rock,x,1
rock,fire,1
rock,press,1
rock,conference,1
rock,always,1
rock,room,1
rock,doubt,1
rock,pro,1
rock,raw,1
rock,energetic,1
rock,appeal,2
rock,broad,1
rock,staging,1
rock,easily,1
rock,across,1
rock,hot,1
rock,mess,1
rock,remember,1
rock,la,1
rock,worrying,1
rock,kind,1
rock,keep,2
rock,music,2
rock,pride,1
rock,alive,1
rock,vote,1
rock,baby,1
rock,spectacle,1
rock,first,4
rock,glamour,1
rock,since,1
rock,return,1
rock,check,1
rock,review,1
rock,class,1
rock,act,1
rock,stag,1
rock,red,2
rock,graphic,1
rock,raise,1
rock,plinth,1
rock,burn,1
rock,onto,1
rock,landed,1
rock,never,2
rock,classy,2
rock,group,2
rock,ever,2
rock,get,1
rock,place,2
rock,really,1
rock,try,1
rock,calm,1
rock,yet,1
rock,everyone,1
rock,fall,1
de,arrive,1
de,contest,1
de,need,1
de,goddess,1
arrive,contest,1
contest,refresh,1
contest,glam,1
contest,sea,1
contest,full,1
contest,pop,1
contest,dance,1
contest,half,1
contest,draw,1
contest,band,1
contest,position,1
contest,win,5
contest,also,1
contest,would,1
contest,amaze,1
contest,general,1
contest,dutch,1
contest,perform,1
contest,rehearsal,2
contest,six,1
contest,qualified,1
contest,annual,1
contest,arena,1
contest,sander,1
contest,even,1
contest,raga,1
contest,glamour,1
contest,take,1
contest,stage,1
contest,first,3
contest,since,1
contest,return,1
contest,check,1
contest,review,1
contest,day,3
contest,big,1
contest,five,1
contest,plus,1
contest,official,1
contest,live,1
contest,open,1
contest,say,1
contest,hello,1
contest,welcome,1
contest,best,1
contest,l,2
contest,per,2
contest,solo,2
contest,otto,2
contest,wait,2
contest,end,2
contest,eight,2
hope,one,1
hope,amaze,1
hope,let,2
hope,another,1
hope,get,1
hope,happen,1
hope,next,1
hope,idea,1
hope,pretty,1
hope,wide,1
hope,open,1
hope,almost,1
hope,never,1
hope,right,1
hope,fervently,1
hope,every,2
hope,may,1
hope,best,1
hope,win,2
hope,half,1
hope,entry,1
hope,learn,1
hope,fast,1
hope,though,1
hope,bring,1
hope,back,1
hope,well,1
hope,favorite,1
hope,general,1
hope,much,1
hope,take,1
hope,rightful,1
hope,place,1
hope,participate,1
hope,vote,1
hope,maximum,1
hope,excitement,1
hope,fantastic,1
hope,tour,1
hope,nearby,1
hope,future,1
hope,must,1
hope,speechless,1
hope,voting,1
hope,make,1
hope,really,1
hope,tell,1
hope,meeting,1
hope,hard,1
hope,artist,1
hope,happy,1
hope,even,1
hope,came,1
one,amaze,1
one,lead,1
one,singer,1
one,sexy,1
one,ever,2
one,bite,1
one,literally,2
one,yeah,6
one,day,3
one,give,1
one,concert,1
one,make,1
one,right,2
one,attend,1
one,show,2
one,following,1
one,automatic,1
one,may,1
one,best,3
one,list,1
one,full,1
one,repeat,1
one,top,1
one,two,2
one,back,1
one,forth,1
one,even,1
one,though,1
one,maybe,1
one,dissimilar,1
one,call,1
one,move,1
one,image,1
one,follow,1
one,link,1
one,check,1
one,ability,1
one,bring,1
one,every,2
one,single,2
one,pause,1
one,breath,1
one,exactly,1
one,last,1
one,rehearsal,1
one,describe,1
one,stag,1
one,word,1
one,speechless,1
one,say,2
one,talented,1
one,hot,1
one,live,1
one,change,1
one,mind,1
one,happen,1
one,en,1
one,route,1
one,really,2
one,excited,1
one,performance,1
one,thing,1
one,sure,1
one,stage,1
one,big,1
one,use,1
one,need,1
one,national,2
one,final,2
one,although,1
one,end,1
one,liking,1
one,grand,1
one,interest,1
one,let,1
one,enjoy,1
one,monument,1
amaze,look,2
amaze,also,1
amaze,win,1
amaze,would,1
amaze,general,1
amaze,group,1
amaze,young,1
amaze,talented,1
amaze,wishing,1
amaze,best,1
amaze,next,1
amaze,job,1
amaze,daddy,1
amaze,u,2
amaze,happy,1
finish,amazing,1
finish,wish,1
finish,best,1
finish,peace,1
finish,chile,1
finish,run,1
finish,order,1
finish,really,1
finish,huge,2
finish,impact,1
finish,win,2
finish,remember,1
finish,republic,1
finish,end,1
finish,zero,1
finish,likely,1
finish,hardly,1
finish,ever,1
finish,grand,1
finish,final,1
finish,opinion,1
finish,top,1
finish,tell,1
finish,u,1
finish,quite,1
finish,pyro,1
finish,happy,1
finish,finland,1
finish,curtain,1
finish,bonus,1
finish,warm,1
finish,nicely,1
amazing,wish,1
amazing,best,1
amazing,peace,1
amazing,chile,1
amazing,holy,1
amazing,crap,1
amazing,look,1
amazing,wait,2
amazing,show,1
amazing,rest,1
amazing,talent,1
amazing,coin,1
amazing,moon,1
amazing,soon,1
amazing,miss,1
amazing,train,1
amazing,perform,1
amazing,ba,1
amazing,always,1
wish,best,1
wish,peace,1
wish,chile,1
wish,least,1
wish,get,1
wish,top,1
wish,post,2
wish,per,1
wish,fare,1
wish,ai,1
wish,vista,1
wish,dell,1
wish,comment,1
wish,next,1
wish,need,1
best,peace,1
best,chile,1
best,dressed,1
best,well,1
best,dress,1
best,band,1
best,following,1
best,automatic,2
best,may,3
best,happen,2
best,next,2
best,idea,1
best,pretty,1
best,wide,1
best,open,1
best,almost,1
best,never,1
best,right,2
best,fervently,1
best,every,1
best,win,1
best,list,1
best,full,1
best,repeat,2
best,top,1
best,two,2
best,back,1
best,forth,1
best,even,1
best,though,1
best,maybe,1
best,dissimilar,1
best,call,1
best,high,1
best,said,1
best,whatever,1
best,write,1
best,ever,1
best,future,1
best,present,1
best,long,1
best,live,2
best,talent,1
best,also,1
best,leave,1
best,sugar,1
best,tick,1
best,tock,1
best,six,1
best,first,1
best,group,1
best,young,1
best,talented,1
best,wishing,1
best,day,1
best,last,2
best,place,1
best,sorry,1
best,cheesy,1
best,mon,1
best,ur,1
best,artist,1
best,around,1
best,already,1
best,audio,1
best,performance,1
best,welcome,1
peace,chile,1
look,edgy,1
look,high,1
look,school,1
look,end,1
look,failure,1
look,absolutely,1
look,stunning,1
look,incredible,3
look,holy,2
look,u,4
look,yes,1
look,oh,1
look,listen,1
look,mean,1
look,even,1
look,fan,1
look,music,1
look,genre,1
look,thing,1
look,ready,1
look,stage,1
look,performance,1
look,custom,1
look,make,1
look,band,1
look,crap,1
look,wait,1
look,show,1
look,rest,1
look,talent,1
look,soft,1
look,cool,1
look,happy,1
edgy,high,1
edgy,school,1
edgy,end,1
edgy,failure,1
high,school,1
high,end,1
high,failure,1
high,back,1
high,life,1
high,take,1
high,revenge,1
high,incredible,1
high,finishing,1
high,said,1
high,whatever,1
high,write,1
school,end,1
school,failure,1
school,say,1
school,different,1
school,either,1
school,ultra,1
school,emotional,1
school,chanson,1
school,swagger,1
school,face,1
school,glam,1
school,something,1
school,every,1
school,taste,1
school,contradictory,1
end,failure,1
end,run,1
end,order,1
end,really,2
end,huge,1
end,impact,1
end,win,2
end,remember,1
end,republic,1
end,zero,1
end,likely,1
end,hardly,1
end,ever,1
end,stage,1
end,rather,1
end,extremely,1
end,brutal,1
end,pyrotechnic,1
end,lit,1
end,alarm,1
end,trigger,1
end,day,2
end,national,2
end,final,2
end,although,1
end,liking,1
end,grand,1
end,interest,1
end,show,1
end,let,1
end,enjoy,1
end,monument,1
end,l,1
end,per,1
end,solo,1
end,otto,1
end,wait,1
end,eight,1
country,let,1
country,take,1
country,band,1
country,name,1
country,word,1
country,moonlight,1
country,tribute,1
country,bassist,1
country,home,1
country,hybrid,1
country,glam,1
country,really,1
country,thing,1
country,hate,1
country,able,1
country,vote,1
country,ban,1
country,entry,1
country,people,1
country,enjoy,1
country,life,1
country,wage,1
country,war,1
let,really,2
let,said,1
let,another,1
let,get,2
let,may,1
let,stress,1
let,first,1
let,send,1
let,winner,1
let,win,2
let,vote,1
let,already,1
let,half,1
let,party,1
let,world,1
let,per,1
let,braccio,1
let,introduce,1
let,welcome,1
let,begin,1
let,day,1
let,national,2
let,final,2
let,although,1
let,liking,1
let,grand,1
let,interest,1
let,show,1
let,enjoy,1
let,monument,1
absolutely,stunning,1
absolutely,press,1
absolutely,conference,1
lead,singer,1
lead,sexy,1
lead,ever,1
lead,bite,1
singer,sexy,1
singer,ever,1
singer,bite,1
sexy,ever,1
sexy,bite,1
sexy,ur,1
sexy,date,1
sexy,thank,1
ever,bite,1
ever,run,1
ever,order,1
ever,really,1
ever,huge,1
ever,impact,1
ever,win,3
ever,remember,1
ever,republic,1
ever,zero,1
ever,likely,1
ever,hardly,1
ever,set,1
ever,automatic,1
ever,real,1
ever,contender,1
ever,stag,1
ever,elevated,1
ever,strong,1
ever,oh,1
ever,wo,1
ever,swap,1
ever,much,1
ever,exciting,1
ever,open,1
ever,right,1
ever,never,1
ever,band,1
ever,classy,1
ever,group,1
really,said,1
really,run,1
really,order,1
really,huge,1
really,impact,1
really,win,3
really,remember,1
really,republic,1
really,zero,1
really,likely,1
really,hardly,1
really,else,1
really,may,1
really,give,1
really,u,2
really,rocky,1
really,top,2
really,feel,1
really,reach,1
really,betting,1
really,odds,1
really,chance,1
really,surprise,1
really,hate,2
really,thing,2
really,able,1
really,vote,1
really,thank,1
really,tell,1
really,meeting,1
really,hard,1
really,every,1
really,artist,1
really,happy,1
really,even,1
really,came,1
really,happen,1
really,en,1
really,route,1
really,excited,1
really,performance,1
really,sure,1
really,stage,1
really,big,1
really,use,1
really,need,1
really,day,1
really,national,2
really,final,2
really,although,1
really,liking,1
really,grand,1
really,interest,1
really,show,1
really,enjoy,1
really,monument,1
really,place,2
really,try,1
really,keep,1
really,calm,1
really,first,1
really,rehearsal,1
really,yet,1
really,everyone,1
really,fall,1
said,whatever,1
said,write,1
ready,stage,2
ready,performance,1
ready,custom,1
ready,make,1
ready,band,1
ready,special,1
ready,tomorrow,1
ready,press,1
ready,conference,1
ready,ass,1
ready,hey,1
ready,roll,1
ready,win,3
ready,delay,1
ready,collapse,1
ready,first,2
ready,rehearsal,2
ready,per,1
ready,prime,1
ready,prove,1
ready,day,1
ready,two,1
ready,break,1
ready,landed,1
ready,get,1
getting,free,2
getting,autopilot,2
getting,traffic,2
getting,without,2
getting,experience,2
getting,converting,2
getting,click,2
getting,link,2
free,autopilot,2
free,traffic,2
free,without,2
free,experience,2
free,converting,2
free,click,3
free,link,2
free,get,1
free,forget,1
free,right,1
free,offer,1
free,pizza,1
free,spaghetti,1
autopilot,traffic,2
autopilot,without,2
autopilot,experience,2
autopilot,converting,2
autopilot,click,2
autopilot,link,2
traffic,without,2
traffic,experience,2
traffic,converting,2
traffic,click,2
traffic,link,2
without,experience,2
without,converting,2
without,click,2
without,link,2
without,even,2
without,found,2
without,would,1
without,get,1
without,wouldnt,1
without,possible,1
experience,converting,2
experience,click,2
experience,link,2
experience,cool,1
experience,express,1
experience,add,1
experience,blind,1
experience,channel,1
converting,click,2
converting,link,2
click,link,2
click,get,1
link,image,1
link,follow,1
link,check,1
link,watch,1
link,official,1
link,video,1
incredible,holy,1
incredible,yes,1
incredible,even,1
incredible,well,1
incredible,alone,1
incredible,combine,1
incredible,young,1
incredible,two,1
incredible,piece,1
incredible,band,1
incredible,bloody,1
incredible,talented,1
incredible,n,1
incredible,roll,1
incredible,sex,1
incredible,age,1
incredible,finishing,1
first,place,3
first,odds,3
first,may,2
first,stress,1
first,send,1
first,winner,1
first,win,4
first,vote,1
first,prefer,1
first,rehearsal,14
first,fire,2
first,wonder,1
first,grand,1
first,final,1
first,people,1
first,start,1
first,say,2
first,strong,1
first,possibility,1
first,fashion,1
first,usual,1
first,yesterday,1
first,six,1
first,automatic,1
first,still,1
first,jam,1
first,describe,1
first,much,1
first,want,1
first,deserve,1
first,shut,1
first,quiet,1
first,react,1
first,hour,2
first,honest,2
first,review,4
first,opening,1
first,press,1
first,conference,1
first,live,2
first,show,1
first,blow,1
first,away,1
first,entirely,1
first,shirtless,1
first,performance,2
first,bene,1
first,dell,1
first,wait,2
first,glam,1
first,spectacle,1
first,glamour,2
first,take,2
first,stage,3
first,since,2
first,return,2
first,check,2
first,make,1
first,full,1
first,use,2
first,width,1
first,might,1
first,elsewhere,1
first,shirtlessness,1
first,shiny,1
first,violet,1
first,trouser,1
first,oh,1
first,god,1
first,energy,1
first,something,1
first,wow,4
first,polished,1
first,backdrop,1
first,per,1
first,prime,1
first,prove,1
first,day,2
first,big,1
first,five,1
first,plus,1
first,official,1
first,open,1
first,hello,1
first,bet,1
first,try,1
first,keep,1
first,calm,1
first,yet,1
first,everyone,1
first,fall,1
first,perform,1
first,reaction,1
first,shock,1
take,soul,1
take,back,1
take,life,1
take,revenge,1
take,hey,1
take,incredibly,1
take,sorry,1
take,hear,1
take,polish,1
take,care,1
take,trophy,2
take,start,1
take,accommodation,1
take,every,2
take,may,1
take,big,1
take,stage,2
take,rehearsal,2
take,cross,1
take,everybody,1
take,especially,1
take,band,1
take,name,1
take,word,1
take,moonlight,1
take,tribute,1
take,bassist,1
take,home,1
take,watch,1
take,officially,1
take,roof,1
take,break,1
take,everyone,1
take,ear,1
take,well,1
take,need,1
take,duet,1
take,cover,1
take,anything,1
take,beg,1
take,favorite,1
take,general,1
take,much,1
take,rightful,1
take,place,1
take,participate,1
take,vote,1
take,maximum,1
take,excitement,1
take,make,1
take,head,1
take,glamour,1
take,win,1
take,since,1
take,return,1
take,check,1
take,review,1
take,entry,1
take,hurricane,1
take,get,1
take,chance,1
take,shame,1
take,single,1
get,another,1
get,least,1
get,top,1
get,emotional,1
get,even,2
get,found,2
get,would,1
get,big,1
get,final,1
get,reserve,1
get,spot,1
get,entry,1
get,hurricane,1
get,chance,1
get,shame,1
get,single,1
get,yeah,1
get,still,1
get,test,1
get,arrival,1
get,excite,1
get,bocca,1
get,al,1
get,trophy,1
get,deserve,1
get,damn,1
get,squad,1
get,laugh,1
hear,screaming,2
hear,hey,1
hear,incredibly,1
hear,sorry,1
hear,polish,1
hear,care,1
hear,crying,1
hear,u,1
screaming,crying,1
screaming,u,1
yes,agree,1
yes,exactly,1
yes,yea,1
yes,show,4
yes,also,2
yes,big,1
yes,l,2
yes,starter,2
yes,pack,2
yes,yeah,2
yes,beautiful,2
yes,x,1
yes,much,1
yes,want,1
yes,prayer,1
yes,circle,1
yes,win,2
yes,copy,1
yes,oh,1
yes,conference,1
yes,sir,3
yes,play,1
yes,kazoo,1
violet,black,1
violet,dell,1
violet,make,1
violet,full,1
violet,use,1
violet,width,1
violet,stage,1
violet,might,1
violet,elsewhere,1
violet,performance,1
violet,shirtlessness,1
violet,shiny,1
violet,trouser,1
black,dell,1
dell,post,2
dell,per,1
dell,fare,1
dell,ai,1
dell,vista,1
dell,comment,1
dell,next,1
dell,need,1
dell,entirely,1
dell,shirtless,1
dell,performance,1
dell,bene,1
dell,wait,1
ur,date,1
ur,thank,1
ur,win,1
ur,artist,1
ur,around,1
ur,break,1
date,thank,1
date,exactly,1
thank,happy,1
thank,god,1
thank,throw,1
thank,ago,1
thank,bunch,1
thank,totally,1
thank,proper,1
thank,winner,1
thank,drum,1
thank,riser,1
thank,full,1
thank,scarlet,1
thank,red,1
thank,lighting,1
thank,performance,1
thank,captivate,1
thank,watch,1
thank,vocal,1
thank,deal,1
thank,stage,1
thank,u,1
well,everyone,1
well,green,1
well,nice,2
well,almost,1
well,grass,1
well,lawn,1
well,dress,1
well,band,2
well,even,2
well,alone,1
well,combine,1
well,young,1
well,two,1
well,piece,1
well,bloody,1
well,talented,1
well,n,1
well,roll,1
well,sex,1
well,age,1
well,make,4
well,quiet,4
well,behave,4
well,bring,1
well,back,1
well,need,1
well,duet,1
well,cover,1
well,anything,1
well,beg,1
well,do,1
well,bugger,1
well,another,1
well,run,1
well,polish,1
well,rehearsal,1
well,organic,1
well,feel,1
well,fell,1
well,san,1
well,pyro,1
well,final,1
well,minute,1
well,wow,1
well,shirt,1
well,culture,1
everyone,back,1
everyone,surprise,1
everyone,win,1
everyone,still,1
everyone,cannot,1
everyone,enough,1
everyone,past,1
everyone,much,1
everyone,jury,1
everyone,friendly,1
everyone,watch,1
everyone,officially,1
everyone,roof,1
everyone,break,2
everyone,ear,1
everyone,deserve,1
everyone,show,1
everyone,everything,1
everyone,place,2
everyone,try,1
everyone,keep,1
everyone,calm,1
everyone,rehearsal,1
everyone,yet,1
everyone,fall,1
something,father,1
something,would,1
something,say,2
something,also,1
something,language,1
something,easy,1
something,speak,1
something,bear,1
something,birthday,1
something,different,1
something,either,1
something,ultra,1
something,emotional,1
something,chanson,1
something,swagger,1
something,face,1
something,glam,1
something,every,1
something,taste,1
something,contradictory,1
something,oh,1
something,god,1
something,energy,1
something,use,1
something,wow,4
something,polished,1
something,backdrop,1
something,honest,1
something,base,1
something,wore,1
something,expect,1
something,fabulous,1
something,extra,1
something,gender,1
something,fluid,1
something,similar,1
something,actually,1
something,shed,1
something,tear,1
something,basic,1
father,would,1
father,say,1
father,also,1
father,language,1
father,easy,1
father,speak,1
father,bear,1
father,birthday,1
would,say,1
would,also,2
would,language,1
would,easy,1
would,speak,1
would,bear,1
would,birthday,1
would,across,1
would,someone,1
would,watch,2
would,kind,1
would,expect,1
would,though,1
would,win,1
would,general,1
would,together,1
would,dramatic,1
would,die,1
would,even,2
would,found,2
say,also,1
say,language,1
say,easy,1
say,speak,1
say,bear,1
say,birthday,1
say,different,1
say,either,1
say,ultra,1
say,emotional,1
say,chanson,1
say,swagger,1
say,face,1
say,glam,1
say,every,3
say,taste,1
say,contradictory,1
say,never,1
say,rehearsal,1
say,fire,2
say,wonder,1
say,grand,1
say,final,1
say,people,1
say,start,1
say,strong,1
say,possibility,1
say,se,1
say,set,1
say,stage,1
say,talented,2
say,hot,2
say,single,2
say,day,1
say,big,1
say,five,1
say,plus,1
say,official,1
say,live,1
say,open,1
say,hello,1
say,actually,1
say,exist,1
also,language,1
also,easy,1
also,speak,1
also,bear,1
also,birthday,1
also,idea,1
also,aesthetic,1
also,want,1
also,make,1
also,people,1
also,feel,1
also,watch,1
also,discuss,1
also,connect,1
also,clothing,1
also,music,1
also,press,1
also,conference,1
also,win,1
also,general,1
also,show,2
also,leave,1
also,happen,1
also,sugar,1
also,tick,1
also,tock,1
language,easy,1
language,speak,1
language,bear,1
language,birthday,1
easy,speak,1
easy,bear,1
easy,birthday,1
speak,bear,1
speak,birthday,1
bear,birthday,1
green,nice,1
green,almost,1
green,grass,1
green,lawn,1
nice,almost,1
nice,grass,1
nice,lawn,1
nice,bye,1
nice,dutch,1
nice,alternative,1
nice,radio,1
nice,shirt,1
nice,culture,1
almost,grass,1
almost,lawn,1
almost,happen,1
almost,next,1
almost,idea,1
almost,pretty,1
almost,wide,1
almost,open,1
almost,never,1
almost,right,1
almost,fervently,1
almost,every,1
almost,may,1
almost,win,1
grass,lawn,1
holy,crap,1
holy,wait,1
holy,show,1
holy,rest,1
holy,talent,1
u,else,1
u,may,1
u,give,1
u,rocky,1
u,top,2
u,draw,1
u,half,1
u,perform,1
u,final,3
u,betting,1
u,odds,1
u,poll,1
u,two,1
u,strong,1
u,win,2
u,people,1
u,close,1
u,understand,1
u,crying,1
u,grand,1
u,opinion,1
u,tell,1
u,life,1
u,change,1
u,mind,1
u,la,1
u,di,1
u,film,1
u,lo,1
u,r,1
u,find,5
u,story,4
u,crucial,4
u,recognize,2
u,chance,3
u,surprise,1
u,hate,1
u,show,2
u,even,2
u,start,2
u,bless,1
u,happy,2
al,excite,1
al,bocca,1
al,trophy,1
al,deserve,1
flag,queen,1
exactly,yea,1
exactly,ability,1
exactly,bring,1
exactly,every,1
exactly,single,1
exactly,day,1
exactly,pause,1
exactly,breath,1
exactly,last,1
literally,yeah,3
literally,burn,1
literally,stage,1
literally,wait,1
literally,performance,1
literally,big,1
literally,goes,1
yeah,pyro,2
yeah,rehearsal,2
yeah,ah,2
yeah,l,1
yeah,starter,1
yeah,pack,1
yeah,beautiful,1
yeah,oh,1
yeah,still,1
yeah,test,1
yeah,arrival,1
always,outfit,1
always,point,1
always,different,1
always,every,1
always,room,1
always,doubt,1
always,wait,1
always,perform,1
always,ba,1
outfit,point,1
outfit,choose,1
outfit,alert,1
outfit,confirm,1
outfit,silver,1
outfit,trouser,1
outfit,red,1
outfit,need,1
outfit,clothes,1
outfit,fire,1
red,alert,1
red,confirm,1
red,silver,1
red,trouser,1
red,zone,2
red,totally,1
red,proper,1
red,winner,1
red,drum,1
red,riser,1
red,full,1
red,scarlet,1
red,lighting,1
red,performance,1
red,captivate,1
red,watch,1
red,vocal,1
red,deal,1
red,stage,1
red,music,2
red,class,2
red,act,2
red,stag,2
red,graphic,2
red,band,2
red,raise,2
red,plinth,2
red,burn,2
red,onto,2
queer,heart,1
queer,handle,1
heart,handle,1
handle,cannot,1
handle,hotness,1
cool,express,1
cool,add,1
cool,blind,1
cool,channel,1
cool,bloody,1
cool,soft,1
cool,manage,1
cool,keep,1
express,add,1
express,blind,1
express,channel,1
add,blind,1
add,channel,1
blind,channel,2
blind,headliner,1
blind,band,1
blind,third,1
blind,stage,1
channel,headliner,1
channel,band,1
channel,third,1
channel,stage,1
bloody,even,1
bloody,alone,1
bloody,combine,3
bloody,young,2
bloody,two,3
bloody,piece,2
bloody,band,2
bloody,talented,1
bloody,n,1
bloody,roll,1
bloody,sex,1
bloody,age,3
bloody,want,1
bloody,ten,1
bloody,together,1
bloody,still,1
bloody,less,1
bloody,four,1
bloody,fabulous,1
oh,man,1
oh,much,2
oh,glam,1
oh,happy,2
oh,wo,1
oh,swap,1
oh,exciting,1
oh,open,1
oh,god,5
oh,grab,1
oh,trophy,1
oh,shamelessly,1
oh,caught,1
oh,rehearsal,1
oh,ga,1
oh,pyro,1
oh,shirtless,1
oh,conference,1
oh,energy,1
oh,use,1
oh,wow,4
oh,polished,1
oh,backdrop,1
oh,lucky,1
officially,begin,1
officially,wait,1
officially,especially,1
officially,particular,1
officially,order,1
officially,finland,1
officially,watch,1
officially,roof,1
officially,break,1
officially,ear,1
begin,wait,1
begin,especially,1
begin,particular,1
begin,order,1
begin,finland,1
wait,especially,1
wait,particular,1
wait,order,1
wait,finland,1
wait,serve,1
wait,tell,1
wait,deserve,1
wait,win,2
wait,crystal,1
wait,trophy,1
wait,crap,1
wait,show,1
wait,rest,1
wait,talent,1
wait,test,1
wait,bomb,1
wait,next,1
wait,less,4
wait,stage,3
wait,part,2
wait,burn,1
wait,performance,2
wait,find,1
wait,repeatedly,1
wait,refresh,1
wait,rehearsal,2
wait,video,1
wait,entirely,1
wait,shirtless,1
wait,bene,1
wait,cant,1
wait,start,1
wait,cry,1
wait,right,1
wait,perform,2
wait,ba,1
wait,l,1
wait,per,1
wait,solo,1
wait,otto,1
wait,eight,1
wait,day,2
especially,particular,1
especially,order,1
especially,finland,1
especially,right,1
especially,destiny,1
especially,stag,1
especially,big,1
especially,stage,1
especially,rehearsal,1
especially,cross,1
especially,everybody,1
particular,order,1
particular,finland,1
order,finland,1
order,run,1
order,huge,1
order,impact,1
order,win,2
order,remember,1
order,republic,1
order,zero,1
order,likely,1
order,hardly,1
finland,non,1
finland,punti,1
finland,close,1
finland,alliance,1
finland,forget,1
finland,quite,1
finland,pyro,1
finland,happy,1
finland,huge,1
finland,curtain,1
finland,bonus,1
finland,warm,1
finland,nicely,1
stay,tuned,1
stay,io,1
stay,tune,1
stay,hotel,1
stay,want,1
stay,safe,1
stay,happening,2
stay,everybody,1
stay,calm,1
tuned,io,1
io,dog,1
io,non,1
run,huge,1
run,impact,1
run,win,2
run,remember,1
run,republic,1
run,zero,1
run,likely,1
run,hardly,1
run,another,1
run,even,1
run,polish,1
run,rehearsal,1
run,organic,1
run,feel,1
run,fell,1
run,san,1
run,pyro,1
run,final,1
run,minute,1
run,wow,1
run,radio,1
run,leave,1
run,question,1
run,answer,1
run,special,1
run,episode,1
run,may,1
run,mi,1
run,live,1
huge,impact,1
huge,win,2
huge,remember,1
huge,republic,1
huge,zero,1
huge,likely,1
huge,hardly,1
huge,quite,1
huge,pyro,1
huge,happy,1
huge,curtain,1
huge,bonus,1
huge,warm,1
huge,nicely,1
impact,win,2
impact,remember,1
impact,republic,1
impact,zero,1
impact,likely,1
impact,hardly,1
win,remember,2
win,republic,2
win,zero,2
win,likely,2
win,hardly,2
win,happen,1
win,next,2
win,idea,1
win,pretty,1
win,wide,1
win,open,1
win,never,2
win,right,1
win,fervently,1
win,every,1
win,may,2
win,refresh,1
win,glam,1
win,sea,1
win,full,1
win,pop,1
win,dance,1
win,half,2
win,draw,2
win,band,2
win,position,1
win,stress,1
win,send,1
win,winner,1
win,vote,1
win,feel,1
win,reach,1
win,top,1
win,betting,2
win,odds,3
win,tell,1
win,deserve,2
win,already,1
win,prediction,1
win,market,1
win,close,2
win,general,1
win,perform,1
win,final,1
win,poll,1
win,two,1
win,strong,1
win,exact,1
win,moment,1
win,hit,1
win,bet,1
win,justice,1
win,world,1
win,even,3
win,raga,2
win,back,1
win,surprise,1
win,still,2
win,cannot,1
win,enough,1
win,past,1
win,much,2
win,jury,1
win,friendly,1
win,swear,1
win,claim,1
win,fandom,1
win,manifest,1
win,hard,1
win,call,1
win,represent,1
win,jam,1
win,describe,1
win,want,1
win,prayer,1
win,circle,1
win,copy,1
win,great,1
win,fun,1
win,glamour,1
win,stage,2
win,since,1
win,return,1
win,check,1
win,review,1
win,rehearsal,1
win,classy,1
win,group,1
win,put,1
win,step,1
win,everything,1
win,better,1
win,excited,1
remember,republic,1
remember,zero,1
remember,likely,1
remember,hardly,1
remember,pro,1
remember,raw,1
remember,energetic,1
remember,sex,1
remember,appeal,2
remember,glam,1
remember,broad,1
remember,staging,1
remember,easily,1
remember,across,1
remember,hot,1
remember,mess,1
remember,la,1
remember,worrying,1
remember,kind,1
republic,zero,1
republic,likely,1
republic,hardly,1
zero,likely,1
zero,hardly,1
likely,hardly,1
quick,question,1
quick,beneficial,1
quick,half,1
question,beneficial,1
question,half,2
question,actually,1
question,prefer,1
question,draw,1
question,away,1
question,possible,1
question,easier,1
question,define,1
question,space,1
question,near,1
question,whichever,1
question,big,1
question,hitter,1
question,close,1
question,kill,1
question,radio,1
question,leave,1
question,answer,1
question,special,1
question,episode,1
question,may,1
question,mi,1
question,live,1
beneficial,half,1
half,refresh,1
half,glam,1
half,sea,1
half,full,1
half,pop,1
half,dance,1
half,draw,4
half,band,1
half,position,1
half,actually,1
half,prefer,1
half,away,1
half,possible,1
half,easier,1
half,define,1
half,space,1
half,near,1
half,whichever,1
half,big,1
half,hitter,1
half,close,1
half,kill,1
half,perform,4
half,final,4
half,betting,1
half,odds,1
half,poll,1
half,two,1
half,strong,1
half,pull,1
half,return,1
half,next,2
half,grand,2
talk,obsession,1
talk,rest,1
talk,life,1
kind,thanks,1
kind,across,2
kind,someone,1
kind,watch,2
kind,expect,1
kind,though,1
kind,content,1
kind,pro,1
kind,raw,1
kind,energetic,1
kind,sex,1
kind,appeal,2
kind,glam,1
kind,broad,1
kind,staging,1
kind,easily,1
kind,hot,1
kind,mess,1
kind,la,1
kind,worrying,1
thanks,god,1
hotel,want,1
hotel,safe,1
want,safe,1
want,idea,1
want,aesthetic,1
want,make,1
want,people,1
want,feel,1
want,watch,1
want,discuss,1
want,connect,1
want,clothing,1
want,music,1
want,press,1
want,conference,1
want,young,1
want,combine,2
want,age,2
want,ten,1
want,two,2
want,together,2
want,still,2
want,less,1
want,four,1
want,piece,1
want,band,1
want,fabulous,1
want,wife,1
want,jam,1
want,describe,1
want,much,2
want,deserve,1
want,x,1
want,picture,1
want,ne,1
safe,need,1
safe,open,1
iceland,either,1
iceland,cancel,1
either,cancel,1
either,different,1
either,ultra,1
either,emotional,1
either,chanson,1
either,swagger,1
either,face,1
either,glam,1
either,every,1
either,taste,1
either,contradictory,1
much,man,1
much,glam,1
much,happy,2
much,wo,1
much,swap,1
much,exciting,1
much,open,1
much,pic,1
much,back,1
much,surprise,1
much,still,2
much,cannot,1
much,enough,1
much,past,1
much,jury,1
much,friendly,1
much,beautiful,1
much,feeling,1
much,uncomfortable,1
much,cringe,1
much,happen,1
much,literal,1
much,brain,1
much,cell,1
much,anyways,1
much,jam,1
much,describe,1
much,deserve,1
much,x,1
much,favorite,1
much,general,1
much,rightful,1
much,place,1
much,participate,1
much,vote,1
much,maximum,1
much,excitement,1
much,awee,1
much,feel,1
much,lucky,1
another,even,1
another,polish,1
another,rehearsal,1
another,organic,1
another,feel,1
another,fell,1
another,san,1
another,pyro,1
another,final,1
another,minute,1
another,wow,1
day,give,1
day,concert,1
day,make,1
day,right,1
day,attend,1
day,show,2
day,qualify,1
day,bless,1
day,ability,1
day,bring,1
day,every,1
day,single,1
day,pause,1
day,breath,1
day,last,2
day,place,1
day,sorry,1
day,cheesy,1
day,mon,1
day,big,1
day,five,1
day,plus,1
day,official,1
day,live,1
day,open,1
day,hello,1
day,two,1
day,break,1
day,stage,1
day,winner,1
day,grow,1
day,national,4
day,final,3
day,although,1
day,liking,1
day,grand,1
day,interest,1
day,enjoy,1
day,monument,1
day,l,1
day,per,1
day,solo,1
day,otto,1
day,eight,1
day,perform,1
day,totally,1
day,call,1
day,san,1
give,concert,1
give,make,1
give,right,1
give,attend,1
give,show,2
give,else,1
give,may,1
give,rocky,1
give,top,1
give,potential,1
give,closer,1
give,spot,1
concert,make,1
concert,right,1
concert,attend,1
concert,show,1
make,right,1
make,attend,1
make,show,1
make,idea,1
make,aesthetic,1
make,people,1
make,feel,1
make,watch,1
make,discuss,1
make,connect,1
make,clothing,1
make,music,1
make,press,1
make,conference,1
make,stage,2
make,performance,2
make,custom,1
make,band,1
make,last,1
make,final,1
make,quiet,4
make,behave,4
make,head,1
make,trophy,1
make,speechless,1
make,voting,1
make,full,1
make,use,1
make,width,1
make,might,1
make,elsewhere,1
make,shirtlessness,1
make,shiny,1
make,trouser,1
right,attend,1
right,show,1
right,happen,1
right,next,1
right,idea,1
right,pretty,1
right,wide,1
right,open,1
right,never,1
right,fervently,1
right,every,1
right,may,1
right,destiny,1
right,stag,1
right,thats,1
right,forget,1
right,offer,1
right,pizza,1
right,spaghetti,1
right,start,1
right,cry,1
right,rehearsal,1
attend,show,1
show,top,1
show,live,2
show,crap,1
show,rest,1
show,talent,1
show,potential,1
show,closer,1
show,spot,1
show,must,1
show,close,1
show,deserve,1
show,break,1
show,everything,1
show,even,1
show,chance,1
show,start,1
show,blow,1
show,away,1
show,sing,1
show,gibberish,1
show,still,1
show,feel,1
show,suggest,1
show,national,2
show,final,2
show,although,1
show,liking,1
show,grand,1
show,interest,1
show,enjoy,1
show,monument,1
show,need,1
show,dramatic,1
show,skin,1
gentle,anyways,1
gentle,polish,1
gentle,vote,1
anyways,polish,1
anyways,vote,1
anyways,beautiful,1
anyways,feeling,1
anyways,uncomfortable,1
anyways,cringe,1
anyways,happen,1
anyways,literal,1
anyways,brain,1
anyways,cell,1
polish,vote,1
polish,hey,1
polish,incredibly,1
polish,sorry,1
polish,care,1
polish,even,1
polish,rehearsal,1
polish,organic,1
polish,feel,1
polish,fell,1
polish,san,1
polish,pyro,1
polish,final,1
polish,minute,1
polish,wow,1
vote,may,1
vote,stress,1
vote,send,1
vote,winner,1
vote,anyway,1
vote,favorite,1
vote,general,1
vote,rightful,1
vote,place,1
vote,participate,1
vote,maximum,1
vote,excitement,1
vote,thing,1
vote,hate,1
vote,able,1
vote,baby,1
vote,forget,1
stream,ride,1
actually,prefer,1
actually,draw,1
actually,away,1
actually,possible,1
actually,easier,1
actually,define,1
actually,space,1
actually,near,1
actually,whichever,1
actually,big,1
actually,hitter,1
actually,close,1
actually,kill,1
actually,similar,1
actually,shed,1
actually,tear,1
actually,basic,1
actually,exist,1
pic,courtesy,1
pic,profile,1
pic,back,1
pic,next,1
pic,clean,1
pic,fashion,1
tweet,hurricane,1
hurricane,review,1
hurricane,rehearsal,1
hurricane,entry,1
hurricane,chance,1
hurricane,shame,1
hurricane,single,1
hurricane,member,1
hurricane,group,1
hurricane,crush,1
hurricane,honey,1
man,glam,1
man,happy,1
man,long,1
man,haired,1
man,single,1
man,loving,1
man,silver,1
man,trouser,1
man,little,1
man,air,1
man,kiss,1
man,mean,1
glam,happy,1
glam,different,1
glam,ultra,1
glam,emotional,1
glam,chanson,1
glam,swagger,1
glam,face,1
glam,every,1
glam,taste,1
glam,contradictory,1
glam,refresh,1
glam,sea,1
glam,full,1
glam,pop,1
glam,dance,1
glam,draw,1
glam,band,1
glam,position,1
glam,hybrid,1
glam,pro,1
glam,raw,1
glam,energetic,1
glam,sex,1
glam,appeal,2
glam,broad,1
glam,staging,1
glam,easily,1
glam,across,1
glam,hot,1
glam,mess,1
glam,la,1
glam,worrying,1
glam,spectacle,1
glam,rehearsal,1
happy,quite,1
happy,pyro,1
happy,curtain,1
happy,bonus,1
happy,warm,1
happy,nicely,1
happy,lucky,2
happy,tell,1
happy,meeting,1
happy,hard,1
happy,every,1
happy,artist,1
happy,even,1
happy,came,1
happy,bet,1
happy,non,1
happy,fan,1
four,lady,1
four,group,1
four,young,1
four,combine,2
four,age,2
four,ten,1
four,two,2
four,together,1
four,still,1
four,less,1
four,piece,1
four,band,1
four,fabulous,1
lady,group,1
group,young,1
group,talented,1
group,wishing,1
group,next,1
group,never,2
group,excite,1
group,perform,1
group,member,1
group,crush,1
group,honey,1
group,band,1
group,classy,1
back,life,1
back,revenge,1
back,list,1
back,full,1
back,repeat,1
back,top,1
back,two,2
back,forth,1
back,even,1
back,though,1
back,maybe,1
back,dissimilar,1
back,call,1
back,surprise,1
back,still,1
back,cannot,1
back,enough,1
back,past,1
back,jury,1
back,friendly,1
back,profile,1
back,next,1
back,bring,1
life,revenge,1
life,rest,1
life,change,1
life,mind,1
life,la,1
life,di,1
life,film,1
life,lo,1
life,music,1
life,ban,1
life,entry,1
life,people,1
life,enjoy,1
life,wage,1
life,war,1
around,cake,1
around,artist,1
set,automatic,1
set,real,1
set,contender,1
set,stag,1
set,elevated,1
set,strong,1
set,se,1
set,stage,1
set,fire,1
automatic,real,1
automatic,contender,1
automatic,stag,1
automatic,elevated,1
automatic,strong,1
automatic,following,1
automatic,may,2
automatic,six,1
real,contender,1
real,stag,1
real,elevated,1
real,strong,1
contender,stag,1
contender,elevated,1
contender,strong,1
stag,elevated,1
stag,strong,1
stag,destiny,1
stag,rehearsal,1
stag,describe,1
stag,word,1
stag,speechless,1
stag,music,1
stag,class,1
stag,act,1
stag,graphic,1
stag,band,1
stag,raise,1
stag,plinth,1
stag,burn,1
stag,onto,1
elevated,strong,1
strong,draw,1
strong,perform,1
strong,final,2
strong,betting,1
strong,odds,1
strong,poll,1
strong,two,1
strong,rehearsal,1
strong,fire,1
strong,wonder,1
strong,grand,1
strong,people,1
strong,start,1
strong,possibility,1
thought,might,1
thought,appeal,1
thought,sensitive,1
thought,side,1
might,appeal,1
might,sensitive,1
might,side,1
might,full,1
might,use,1
might,width,1
might,stage,1
might,elsewhere,1
might,performance,1
might,shirtlessness,1
might,shiny,1
might,trouser,1
might,live,1
might,cover,1
might,front,1
might,cheekily,1
might,stick,1
appeal,sensitive,1
appeal,side,1
appeal,pro,2
appeal,raw,2
appeal,energetic,2
appeal,sex,2
appeal,broad,2
appeal,staging,2
appeal,easily,2
appeal,across,2
appeal,hot,2
appeal,mess,2
appeal,la,2
appeal,worrying,2
sensitive,side,1
across,someone,1
across,watch,2
across,expect,1
across,though,1
across,pro,1
across,raw,1
across,energetic,1
across,sex,1
across,broad,1
across,staging,1
across,easily,1
across,hot,1
across,mess,1
across,la,1
across,worrying,1
someone,watch,2
someone,expect,1
someone,though,1
watch,expect,2
watch,though,2
watch,idea,1
watch,aesthetic,1
watch,people,1
watch,feel,1
watch,discuss,1
watch,connect,1
watch,clothing,1
watch,music,1
watch,press,1
watch,conference,1
watch,need,1
watch,sedative,1
watch,final,1
watch,roof,1
watch,break,1
watch,ear,1
watch,totally,1
watch,proper,1
watch,winner,1
watch,drum,1
watch,riser,1
watch,full,1
watch,scarlet,1
watch,lighting,1
watch,performance,1
watch,captivate,1
watch,vocal,1
watch,deal,1
watch,stage,1
watch,official,1
watch,video,1
expect,though,1
expect,honest,1
expect,base,1
expect,wore,1
expect,fabulous,1
expect,extra,1
expect,gender,1
expect,fluid,1
though,list,1
though,full,1
though,repeat,1
though,top,1
though,two,2
though,forth,1
though,even,1
though,maybe,1
though,dissimilar,1
though,call,1
though,entry,1
though,learn,1
though,fast,1
forever,due,1
forever,pandemic,1
due,pandemic,1
live,entry,1
live,enjoy,1
live,top,1
live,follow,1
live,future,1
live,present,1
live,long,1
live,talent,1
live,film,1
live,action,1
live,video,1
live,blow,1
live,away,2
live,big,1
live,five,1
live,plus,1
live,official,1
live,open,1
live,hello,1
live,taxi,1
live,driver,1
live,madame,1
live,vol,1
live,obe,1
live,plaza,1
live,panic,1
live,already,1
live,last,1
live,audio,1
live,repeat,1
live,performance,1
live,radio,1
live,leave,1
live,answer,1
live,special,1
live,episode,1
live,may,1
live,mi,1
live,change,1
live,mind,1
live,cover,1
live,front,1
live,cheekily,1
live,stick,1
live,close,1
live,delft,1
entry,enjoy,2
entry,learn,1
entry,fast,1
entry,ban,1
entry,people,1
entry,wage,1
entry,war,1
entry,chance,1
entry,shame,1
entry,single,1
enjoy,ban,1
enjoy,people,1
enjoy,wage,1
enjoy,war,1
enjoy,national,2
enjoy,final,2
enjoy,although,1
enjoy,liking,1
enjoy,grand,1
enjoy,interest,1
enjoy,monument,1
need,bit,1
need,although,1
need,performance,2
need,iconic,1
need,opinion,1
need,sedative,1
need,final,1
need,post,2
need,per,1
need,fare,1
need,ai,1
need,vista,1
need,comment,1
need,next,1
need,duet,1
need,cover,1
need,anything,1
need,beg,1
need,clothes,1
need,fire,1
need,goddess,1
need,open,1
need,happen,1
need,en,1
need,route,1
need,excited,1
need,thing,1
need,sure,1
need,stage,1
need,big,1
need,use,1
need,dramatic,1
need,skin,1
bit,although,1
bit,performance,1
bit,iconic,1
bit,opinion,1
bit,already,1
bit,cry,1
bit,shaky,1
although,performance,1
although,iconic,1
although,opinion,1
although,national,2
although,final,2
although,liking,1
although,grand,1
although,interest,1
although,monument,1
performance,iconic,1
performance,opinion,1
performance,stage,5
performance,custom,1
performance,band,1
performance,totally,1
performance,proper,1
performance,winner,2
performance,drum,1
performance,riser,1
performance,full,2
performance,scarlet,1
performance,lighting,1
performance,captivate,1
performance,vocal,1
performance,deal,1
performance,kudos,1
performance,preparation,1
performance,since,1
performance,send,1
performance,scream,1
performance,burn,1
performance,entirely,1
performance,shirtless,1
performance,bene,1
performance,use,2
performance,width,1
performance,elsewhere,1
performance,shirtlessness,1
performance,shiny,1
performance,trouser,1
performance,already,1
performance,last,1
performance,audio,1
performance,repeat,1
performance,happen,1
performance,en,1
performance,route,1
performance,excited,1
performance,thing,1
performance,sure,1
performance,big,1
iconic,opinion,1
iconic,everything,1
iconic,bastard,1
opinion,grand,1
opinion,final,1
opinion,top,1
opinion,tell,1
else,may,1
else,rocky,1
else,top,1
may,rocky,1
may,top,1
may,following,1
may,happen,1
may,next,1
may,idea,1
may,pretty,1
may,wide,1
may,open,1
may,never,1
may,fervently,1
may,every,3
may,stress,1
may,send,1
may,winner,1
may,start,1
may,accommodation,1
may,six,1
may,radio,1
may,leave,1
may,answer,1
may,special,1
may,episode,1
may,mi,1
rocky,top,1
top,list,1
top,full,1
top,repeat,1
top,two,2
top,forth,1
top,even,1
top,maybe,1
top,dissimilar,1
top,call,1
top,feel,1
top,reach,1
top,betting,1
top,odds,1
top,least,1
top,grand,1
top,final,1
top,tell,1
top,stress,1
top,level,1
dress,band,1
band,refresh,1
band,sea,1
band,full,1
band,pop,1
band,dance,1
band,draw,1
band,position,1
band,even,1
band,alone,1
band,combine,3
band,young,2
band,two,3
band,piece,2
band,talented,1
band,n,1
band,roll,1
band,sex,1
band,age,3
band,ten,1
band,together,1
band,still,1
band,less,1
band,fabulous,1
band,stage,2
band,custom,1
band,name,1
band,word,1
band,moonlight,1
band,tribute,1
band,bassist,1
band,home,1
band,headliner,1
band,third,1
band,music,1
band,class,1
band,act,1
band,graphic,1
band,raise,1
band,plinth,1
band,burn,1
band,onto,1
band,never,1
band,classy,1
shine,light,2
shine,music,2
light,music,2
music,listen,1
music,mean,1
music,even,1
music,fan,1
music,genre,1
music,thing,1
music,idea,1
music,aesthetic,1
music,people,1
music,feel,1
music,discuss,1
music,connect,1
music,clothing,1
music,press,1
music,conference,1
music,keep,1
music,pride,1
music,alive,1
music,class,1
music,act,1
music,graphic,1
music,raise,1
music,plinth,1
music,burn,1
music,onto,1
excite,currently,1
excite,never,1
excite,perform,1
excite,bocca,1
excite,trophy,1
excite,deserve,1
wow,third,1
wow,even,1
wow,rehearsal,1
wow,organic,1
wow,feel,1
wow,fell,1
wow,san,1
wow,pyro,1
wow,final,1
wow,minute,1
wow,god,4
wow,energy,4
wow,use,4
wow,polished,4
wow,backdrop,4
wow,lucky,1
third,headliner,1
third,stage,1
third,cry,1
waiting,together,1
waiting,che,1
together,young,1
together,combine,2
together,age,2
together,ten,1
together,two,2
together,still,1
together,less,1
together,piece,1
together,fabulous,1
together,picture,1
together,ne,1
rehearsal,clip,1
rehearsal,check,3
rehearsal,pyro,3
rehearsal,dutch,1
rehearsal,perform,1
rehearsal,six,1
rehearsal,qualified,1
rehearsal,annual,1
rehearsal,arena,1
rehearsal,sander,1
rehearsal,describe,1
rehearsal,word,1
rehearsal,speechless,1
rehearsal,fire,2
rehearsal,wonder,1
rehearsal,grand,1
rehearsal,final,2
rehearsal,people,1
rehearsal,start,2
rehearsal,possibility,1
rehearsal,big,1
rehearsal,stage,2
rehearsal,cross,1
rehearsal,everybody,1
rehearsal,review,5
rehearsal,shut,1
rehearsal,quiet,1
rehearsal,react,1
rehearsal,hour,2
rehearsal,honest,2
rehearsal,caught,1
rehearsal,ga,1
rehearsal,shirtless,1
rehearsal,find,1
rehearsal,repeatedly,1
rehearsal,refresh,1
rehearsal,video,1
rehearsal,spectacle,1
rehearsal,full,1
rehearsal,analysis,1
rehearsal,glamour,1
rehearsal,since,1
rehearsal,return,1
rehearsal,even,1
rehearsal,organic,1
rehearsal,feel,1
rehearsal,fell,1
rehearsal,san,1
rehearsal,minute,1
rehearsal,per,1
rehearsal,prime,1
rehearsal,prove,1
rehearsal,cry,1
rehearsal,place,2
rehearsal,try,1
rehearsal,keep,1
rehearsal,calm,1
rehearsal,yet,1
rehearsal,fall,1
clip,check,1
check,image,1
check,follow,1
check,full,1
check,review,2
check,analysis,1
check,glamour,1
check,stage,1
check,since,1
check,return,1
happen,next,1
happen,idea,1
happen,pretty,1
happen,wide,1
happen,open,1
happen,never,1
happen,fervently,1
happen,every,1
happen,beautiful,1
happen,feeling,1
happen,uncomfortable,1
happen,cringe,1
happen,literal,1
happen,brain,1
happen,cell,1
happen,leave,1
happen,sugar,1
happen,tick,1
happen,tock,1
happen,en,1
happen,route,1
happen,excited,1
happen,thing,1
happen,sure,1
happen,stage,1
happen,big,1
happen,use,1
next,idea,1
next,pretty,1
next,wide,1
next,open,1
next,never,1
next,fervently,1
next,every,1
next,test,1
next,bomb,1
next,perform,2
next,grand,2
next,final,2
next,profile,1
next,post,2
next,per,1
next,fare,1
next,ai,1
next,vista,1
next,comment,1
next,young,1
next,talented,1
next,wishing,1
next,step,1
idea,pretty,1
idea,wide,1
idea,open,1
idea,never,1
idea,fervently,1
idea,every,1
idea,aesthetic,1
idea,people,1
idea,feel,1
idea,discuss,1
idea,connect,1
idea,clothing,1
idea,press,1
idea,conference,1
pretty,wide,1
pretty,open,1
pretty,never,1
pretty,fervently,1
pretty,every,1
wide,open,1
wide,never,1
wide,fervently,1
wide,every,1
open,never,1
open,fervently,1
open,every,1
open,wo,1
open,swap,1
open,exciting,1
open,big,1
open,five,1
open,plus,1
open,official,1
open,hello,1
never,fervently,1
never,every,1
never,perform,1
never,classy,1
fervently,every,1
every,different,1
every,ultra,1
every,emotional,1
every,chanson,1
every,swagger,1
every,face,1
every,taste,1
every,contradictory,1
every,start,2
every,accommodation,2
every,ability,1
every,bring,1
every,single,2
every,pause,1
every,breath,1
every,last,1
every,room,1
every,doubt,1
every,talented,1
every,hot,1
every,behind,1
every,successful,1
every,woman,1
every,tell,1
every,meeting,1
every,hard,1
every,artist,1
every,even,1
every,came,1
different,ultra,1
different,emotional,1
different,chanson,1
different,swagger,1
different,face,1
different,taste,1
different,contradictory,1
different,mind,1
ultra,emotional,1
ultra,chanson,1
ultra,swagger,1
ultra,face,1
ultra,taste,1
ultra,contradictory,1
emotional,chanson,1
emotional,swagger,1
emotional,face,1
emotional,taste,1
emotional,contradictory,1
chanson,swagger,1
chanson,face,1
chanson,taste,1
chanson,contradictory,1
swagger,face,1
swagger,taste,1
swagger,contradictory,1
face,taste,1
face,contradictory,1
taste,contradictory,1
list,full,1
list,repeat,1
list,two,2
list,forth,1
list,even,1
list,maybe,1
list,dissimilar,1
list,call,1
full,repeat,1
full,two,2
full,forth,1
full,even,1
full,maybe,1
full,dissimilar,1
full,call,1
full,refresh,1
full,sea,1
full,pop,1
full,dance,1
full,draw,1
full,position,1
full,totally,1
full,proper,1
full,winner,1
full,drum,1
full,riser,1
full,scarlet,1
full,lighting,1
full,captivate,1
full,vocal,1
full,deal,1
full,stage,2
full,review,1
full,analysis,1
full,use,1
full,width,1
full,elsewhere,1
full,shirtlessness,1
full,shiny,1
full,trouser,1
repeat,two,2
repeat,forth,1
repeat,even,1
repeat,maybe,1
repeat,dissimilar,1
repeat,call,1
repeat,already,1
repeat,last,1
repeat,audio,1
two,forth,2
two,even,3
two,maybe,2
two,dissimilar,2
two,call,2
two,alone,1
two,combine,5
two,young,3
two,piece,3
two,talented,1
two,n,1
two,roll,1
two,sex,1
two,age,5
two,ten,2
two,still,2
two,less,2
two,fabulous,2
two,draw,1
two,perform,2
two,final,1
two,betting,1
two,odds,1
two,poll,1
two,must,1
two,break,1
two,stage,1
forth,even,1
forth,maybe,1
forth,dissimilar,1
forth,call,1
even,maybe,1
even,dissimilar,1
even,call,1
even,listen,1
even,mean,1
even,fan,1
even,genre,1
even,thing,1
even,alone,1
even,combine,1
even,young,1
even,piece,1
even,talented,1
even,n,1
even,roll,1
even,sex,1
even,age,1
even,raga,1
even,chance,1
even,start,1
even,organic,1
even,feel,1
even,fell,1
even,san,1
even,pyro,1
even,final,1
even,minute,1
even,found,4
even,tell,1
even,meeting,1
even,hard,1
even,artist,1
even,came,1
even,everything,1
even,better,1
even,excited,1
maybe,dissimilar,1
maybe,call,1
maybe,grand,1
maybe,final,1
dissimilar,call,1
call,swear,1
call,claim,1
call,fandom,1
call,manifest,1
call,hard,1
call,represent,1
call,national,2
call,totally,1
call,san,1
call,final,1
hey,incredibly,1
hey,sorry,1
hey,care,1
hey,roll,1
hey,dude,1
incredibly,sorry,1
incredibly,care,1
sorry,care,1
sorry,last,1
sorry,place,1
sorry,cheesy,1
sorry,mon,1
listen,mean,1
listen,fan,1
listen,genre,1
listen,thing,1
listen,everybody,1
mean,fan,1
mean,genre,1
mean,thing,1
mean,little,1
mean,air,1
mean,kiss,1
fan,genre,1
fan,thing,1
fan,bet,1
fan,non,1
genre,thing,1
thing,hate,1
thing,able,1
thing,en,1
thing,route,1
thing,excited,1
thing,sure,1
thing,stage,1
thing,big,1
thing,use,1
refresh,sea,1
refresh,pop,1
refresh,dance,1
refresh,draw,1
refresh,position,1
refresh,find,1
refresh,repeatedly,1
refresh,video,1
sea,pop,1
sea,dance,1
sea,draw,1
sea,position,1
pop,dance,1
pop,draw,1
pop,position,1
dance,draw,1
dance,position,1
draw,position,1
draw,prefer,1
draw,away,1
draw,possible,1
draw,easier,1
draw,define,1
draw,space,1
draw,near,1
draw,whichever,1
draw,big,1
draw,hitter,1
draw,close,1
draw,kill,1
draw,perform,1
draw,final,1
draw,betting,1
draw,odds,1
draw,poll,1
aesthetic,people,1
aesthetic,feel,1
aesthetic,discuss,1
aesthetic,connect,1
aesthetic,clothing,1
aesthetic,press,1
aesthetic,conference,1
people,feel,1
people,discuss,1
people,connect,1
people,clothing,1
people,press,1
people,conference,1
people,close,1
people,final,2
people,understand,1
people,fire,1
people,wonder,1
people,grand,1
people,start,1
people,possibility,1
people,ban,1
people,wage,1
people,war,1
people,lovely,1
people,picture,1
people,charm,1
people,young,1
people,unbelievable,1
feel,discuss,1
feel,connect,1
feel,clothing,1
feel,press,1
feel,conference,1
feel,reach,1
feel,betting,1
feel,odds,1
feel,organic,1
feel,fell,1
feel,san,1
feel,pyro,1
feel,final,1
feel,minute,1
feel,sing,1
feel,gibberish,1
feel,still,1
feel,lucky,2
discuss,connect,1
discuss,clothing,1
discuss,press,1
discuss,conference,1
connect,clothing,1
connect,press,1
connect,conference,1
clothing,press,1
clothing,conference,1
clothing,quality,1
press,conference,16
press,fire,1
press,roll,1
press,opening,1
conference,fire,1
conference,roll,1
conference,opening,1
trophy,crystal,1
trophy,grab,1
trophy,shamelessly,1
trophy,head,1
trophy,bocca,1
trophy,deserve,1
alone,combine,1
alone,young,1
alone,piece,1
alone,talented,1
alone,n,1
alone,roll,1
alone,sex,1
alone,age,1
combine,young,3
combine,piece,3
combine,talented,1
combine,n,1
combine,roll,1
combine,sex,1
combine,age,5
combine,ten,2
combine,still,2
combine,less,2
combine,fabulous,2
young,piece,2
young,talented,2
young,n,1
young,roll,1
young,sex,1
young,age,3
young,ten,1
young,still,1
young,less,1
young,fabulous,1
young,wishing,1
young,lovely,1
young,picture,1
young,charm,1
piece,talented,1
piece,n,1
piece,roll,1
piece,sex,1
piece,age,3
piece,ten,1
piece,still,1
piece,less,1
piece,fabulous,1
talented,n,1
talented,roll,1
talented,sex,1
talented,age,1
talented,wishing,1
talented,hot,1
talented,single,1
n,roll,3
n,sex,1
n,age,1
n,w,6
n,r,6
roll,sex,1
roll,age,1
roll,fire,1
sex,age,1
sex,pro,1
sex,raw,1
sex,energetic,1
sex,broad,1
sex,staging,1
sex,easily,1
sex,hot,1
sex,mess,1
sex,la,1
sex,worrying,1
age,ten,2
age,still,2
age,less,2
age,fabulous,2
ten,still,1
ten,less,1
ten,fabulous,1
still,less,1
still,fabulous,1
still,surprise,1
still,cannot,1
still,enough,1
still,past,1
still,jury,1
still,friendly,1
still,jam,1
still,describe,1
still,deserve,1
still,sing,1
still,gibberish,1
still,test,1
still,arrival,1
less,fabulous,1
less,stage,4
less,part,4
fabulous,honest,1
fabulous,base,1
fabulous,wore,1
fabulous,extra,1
fabulous,gender,1
fabulous,fluid,1
place,odds,1
place,favorite,1
place,general,1
place,rightful,1
place,participate,1
place,maximum,1
place,excitement,1
place,last,1
place,cheesy,1
place,mon,1
place,try,2
place,keep,2
place,calm,2
place,yet,2
place,fall,2
odds,reach,1
odds,betting,4
odds,perform,1
odds,final,1
odds,poll,1
odds,exact,1
odds,moment,1
odds,hit,1
odds,bet,2
odds,great,1
odds,assume,1
odds,news,1
odds,rise,1
stress,send,1
stress,winner,1
stress,level,1
send,winner,1
send,kudos,1
send,preparation,1
send,since,1
winner,extremely,1
winner,alert,1
winner,totally,1
winner,proper,1
winner,drum,1
winner,riser,1
winner,scarlet,1
winner,lighting,1
winner,captivate,1
winner,vocal,1
winner,deal,1
winner,stage,1
winner,scream,1
winner,tell,1
winner,grow,1
god,woman,1
god,throw,1
god,ago,1
god,bunch,1
god,energy,1
god,use,1
god,polished,1
god,backdrop,1
god,lucky,1
woman,behind,1
woman,successful,1
room,doubt,1
flow,inimitable,1
reach,betting,1
betting,perform,1
betting,final,1
betting,poll,1
betting,rise,1
tell,deserve,1
tell,ha,1
tell,grand,1
tell,final,1
tell,meeting,1
tell,hard,1
tell,artist,1
tell,came,1
deserve,jam,1
deserve,describe,1
deserve,break,1
deserve,everything,1
deserve,honestly,1
deserve,bocca,1
pyro,caught,1
pyro,ga,1
pyro,shirtless,1
pyro,quite,1
pyro,curtain,1
pyro,bonus,1
pyro,warm,1
pyro,nicely,1
pyro,organic,1
pyro,fell,1
pyro,san,1
pyro,final,1
pyro,minute,1
already,shake,1
already,last,1
already,audio,1
already,work,1
already,camera,1
already,bag,1
already,cry,1
already,shaky,1
prediction,market,1
prediction,close,2
market,close,2
close,prefer,1
close,away,2
close,possible,1
close,easier,1
close,define,1
close,space,1
close,near,1
close,whichever,1
close,big,1
close,hitter,1
close,kill,1
close,final,1
close,understand,1
close,must,1
close,non,1
close,punti,1
close,alliance,1
close,forget,1
close,delft,1
sense,fashion,1
fashion,usual,1
fashion,yesterday,1
general,favorite,1
general,rightful,1
general,participate,1
general,maximum,1
general,excitement,1
wo,swap,1
wo,exciting,1
swap,exciting,1
actual,fruit,1
since,sang,1
since,lipstick,1
since,kudos,1
since,preparation,1
since,glamour,1
since,stage,1
since,return,1
since,review,1
sang,lipstick,1
sedative,final,1
final,perform,4
final,poll,1
final,understand,1
final,last,1
final,grand,7
final,fire,1
final,wonder,1
final,start,1
final,possibility,1
final,organic,1
final,fell,1
final,san,2
final,minute,1
final,big,1
final,reserve,1
final,spot,1
final,national,6
final,liking,2
final,interest,2
final,monument,2
final,totally,1
stage,custom,1
stage,fire,3
stage,big,2
stage,cross,1
stage,everybody,1
stage,x,1
stage,part,2
stage,rather,1
stage,extremely,1
stage,brutal,1
stage,pyrotechnic,1
stage,lit,1
stage,alarm,1
stage,trigger,1
stage,se,1
stage,totally,1
stage,proper,1
stage,drum,1
stage,riser,1
stage,scarlet,1
stage,lighting,1
stage,captivate,1
stage,vocal,1
stage,deal,1
stage,headliner,1
stage,burn,1
stage,slay,1
stage,burnt,1
stage,glamour,1
stage,return,1
stage,review,1
stage,use,2
stage,width,1
stage,elsewhere,1
stage,shirtlessness,1
stage,shiny,1
stage,trouser,1
stage,break,1
stage,put,1
stage,en,1
stage,route,1
stage,excited,1
stage,sure,1
prefer,away,1
prefer,possible,1
prefer,easier,1
prefer,define,1
prefer,space,1
prefer,near,1
prefer,whichever,1
prefer,big,1
prefer,hitter,1
prefer,kill,1
away,possible,1
away,easier,1
away,define,1
away,space,1
away,near,1
away,whichever,1
away,big,1
away,hitter,1
away,kill,1
away,blow,1
away,delft,1
possible,easier,1
possible,define,1
possible,space,1
possible,near,1
possible,whichever,1
possible,big,1
possible,hitter,1
possible,kill,1
possible,wouldnt,1
easier,define,1
easier,space,1
easier,near,1
easier,whichever,1
easier,big,1
easier,hitter,1
easier,kill,1
define,space,1
define,near,1
define,whichever,1
define,big,1
define,hitter,1
define,kill,1
space,near,1
space,whichever,1
space,big,1
space,hitter,1
space,kill,1
near,whichever,1
near,big,1
near,hitter,1
near,kill,1
whichever,big,1
whichever,hitter,1
whichever,kill,1
big,hitter,1
big,kill,1
big,cross,1
big,everybody,1
big,reserve,1
big,spot,1
big,five,1
big,plus,1
big,official,1
big,hello,1
big,en,1
big,route,1
big,excited,1
big,sure,1
big,use,1
hitter,kill,1
kill,someday,1
special,tomorrow,1
special,radio,1
special,leave,1
special,answer,1
special,episode,1
special,mi,1
perform,poll,1
perform,dutch,1
perform,six,1
perform,qualified,1
perform,annual,1
perform,arena,1
perform,sander,1
perform,grand,2
perform,long,1
perform,shirtless,1
perform,everything,1
perform,must,1
perform,ba,1
fell,organic,1
fell,san,1
fell,minute,1
repost,trash,1
image,follow,1
exact,moment,1
exact,hit,1
exact,bet,1
moment,hit,1
moment,bet,1
moment,ping,1
moment,pong,1
hit,bet,1
bet,non,1
rest,crap,1
rest,talent,2
rest,leave,1
rest,world,1
che,mood,1
justice,world,1
world,panda,1
world,perfectly,1
world,normal,1
world,party,1
world,per,1
world,braccio,1
world,living,1
world,leave,1
world,talent,1
crap,talent,1
talent,future,1
talent,present,1
talent,long,1
talent,leave,1
test,bomb,1
test,arrival,1
extremely,alert,1
extremely,rather,1
extremely,brutal,1
extremely,pyrotechnic,1
extremely,lit,1
extremely,alarm,1
extremely,trigger,1
alert,confirm,1
alert,silver,1
alert,trouser,1
dutch,six,1
dutch,qualified,1
dutch,annual,1
dutch,arena,1
dutch,sander,1
dutch,alternative,1
dutch,radio,1
six,qualified,1
six,annual,1
six,arena,1
six,sander,1
qualified,annual,1
qualified,arena,1
qualified,sander,1
annual,arena,1
annual,sander,1
arena,sander,1
pull,return,1
return,glamour,1
return,review,1
potential,closer,1
potential,spot,1
closer,spot,1
spot,great,1
spot,news,1
spot,least,1
spot,reserve,1
great,assume,1
great,news,2
great,least,1
great,fun,1
great,delft,1
assume,news,1
news,least,1
news,da,1
start,accommodation,1
start,fire,1
start,wonder,1
start,grand,1
start,possibility,1
start,chance,1
start,cry,1
start,street,1
start,ti,1
start,shake,1
last,ability,1
last,bring,1
last,single,1
last,pause,1
last,breath,1
last,cheesy,1
last,mon,1
last,audio,1
must,tour,2
must,fantastic,1
must,nearby,1
must,future,1
grand,fire,1
grand,wonder,1
grand,possibility,1
grand,national,2
grand,liking,1
grand,interest,1
grand,monument,1
aesthetics,pure,1
ability,bring,1
ability,single,1
ability,pause,1
ability,breath,1
bring,single,1
bring,pause,1
bring,breath,1
single,pause,1
single,breath,1
single,long,1
single,haired,1
single,loving,1
single,silver,1
single,trouser,1
single,hot,1
single,chance,1
single,shame,1
pause,breath,1
describe,word,1
describe,speechless,1
describe,jam,1
word,speechless,1
word,name,1
word,moonlight,1
word,tribute,1
word,bassist,1
word,home,1
speechless,voting,1
fire,wonder,1
fire,possibility,1
fire,se,1
fire,clothes,1
fire,breathe,1
wonder,possibility,1
shake,street,1
shake,ti,1
mind,change,2
mind,la,1
mind,di,1
mind,film,1
mind,lo,1
quiet,behave,4
quiet,shut,1
quiet,react,1
credit,ai,1
dirty,clothes,2
dirty,muddy,1
clothes,muddy,2
confirm,silver,1
confirm,trouser,1
confirm,fact,1
silver,trouser,2
silver,long,1
silver,haired,1
silver,loving,1
trouser,long,1
trouser,haired,1
trouser,loving,1
trouser,use,1
trouser,width,1
trouser,elsewhere,1
trouser,shirtlessness,1
trouser,shiny,1
whatever,write,1
panda,perfectly,1
panda,normal,1
perfectly,normal,1
cross,everybody,1
everybody,happening,2
everybody,calm,1
learn,fast,1
meanwhile,burn,1
meanwhile,alive,1
meanwhile,police,1
burn,alive,1
burn,police,1
burn,class,1
burn,act,1
burn,graphic,1
burn,raise,1
burn,plinth,1
burn,onto,1
alive,police,1
alive,keep,1
alive,pride,1
long,shirtless,1
long,everything,1
long,future,1
long,present,1
long,haired,1
long,loving,1
shirtless,everything,1
shirtless,caught,1
shirtless,ga,1
shirtless,entirely,1
shirtless,bene,1
everything,break,1
everything,better,1
everything,excited,1
surprise,cannot,1
surprise,enough,1
surprise,past,1
surprise,jury,1
surprise,friendly,1
surprise,chance,1
surprise,hate,1
cannot,enough,1
cannot,past,1
cannot,jury,1
cannot,friendly,1
cannot,hotness,1
enough,past,1
enough,jury,1
enough,friendly,1
past,jury,1
past,friendly,1
jury,friendly,1
swear,claim,1
swear,fandom,1
swear,manifest,1
swear,hard,1
swear,represent,1
claim,fandom,1
claim,manifest,1
claim,hard,1
claim,represent,1
fandom,manifest,1
fandom,hard,1
fandom,represent,1
manifest,hard,1
manifest,represent,1
hard,represent,1
hard,meeting,1
hard,artist,1
hard,came,1
name,moonlight,1
name,tribute,1
name,bassist,1
name,home,1
moonlight,tribute,1
moonlight,bassist,1
moonlight,home,1
tribute,bassist,1
tribute,home,1
bassist,home,1
beautiful,feeling,1
beautiful,uncomfortable,1
beautiful,cringe,1
beautiful,literal,1
beautiful,brain,1
beautiful,cell,1
beautiful,l,1
beautiful,starter,1
beautiful,pack,1
feeling,uncomfortable,1
feeling,cringe,1
feeling,literal,1
feeling,brain,1
feeling,cell,1
uncomfortable,cringe,1
uncomfortable,literal,1
uncomfortable,brain,1
uncomfortable,cell,1
cringe,literal,1
cringe,brain,1
cringe,cell,1
literal,brain,1
literal,cell,1
brain,cell,1
tour,fantastic,1
tour,nearby,1
tour,future,1
future,present,1
future,fantastic,1
future,nearby,1
leave,sugar,1
leave,tick,1
leave,tock,1
leave,radio,1
leave,answer,1
leave,episode,1
leave,mi,1
sugar,tick,1
sugar,tock,1
tick,tock,1
dramatic,die,1
dramatic,skin,1
film,action,1
film,change,1
film,la,1
film,di,1
film,lo,1
party,per,1
party,braccio,1
per,braccio,1
per,post,2
per,fare,1
per,ai,1
per,vista,1
per,comment,1
per,prime,1
per,prove,1
per,l,1
per,solo,1
per,otto,1
per,eight,1
ping,pong,1
x,art,1
dog,non,1
non,punti,1
non,alliance,1
non,forget,1
video,find,1
video,repeatedly,1
video,official,1
change,la,1
change,di,1
change,lo,1
la,di,1
la,lo,1
la,pro,1
la,raw,1
la,energetic,1
la,broad,1
la,staging,1
la,easily,1
la,hot,1
la,mess,1
la,worrying,1
di,lo,1
di,perle,1
punti,alliance,1
punti,forget,1
alliance,forget,1
forget,offer,1
forget,pizza,1
forget,spaghetti,1
came,meeting,1
came,artist,1
haired,loving,1
step,sir,1
offer,pizza,1
offer,spaghetti,1
pizza,spaghetti,1
roof,break,1
roof,ear,1
break,ear,1
audacity,remind,1
audacity,fact,1
audacity,men,1
remind,fact,1
remind,men,1
fact,men,1
post,fare,2
post,ai,2
post,vista,2
post,comment,2
fare,ai,1
fare,vista,1
fare,comment,1
ai,vista,1
ai,comment,1
vista,comment,1
totally,cheer,1
totally,voting,1
totally,proper,1
totally,drum,1
totally,riser,1
totally,scarlet,1
totally,lighting,1
totally,captivate,1
totally,vocal,1
totally,deal,1
totally,national,2
totally,san,1
cheer,voting,1
golden,boy,1
l,starter,1
l,pack,1
l,solo,1
l,otto,1
l,eight,1
starter,pack,1
pack,forgot,1
usual,yesterday,1
rather,brutal,1
rather,pyrotechnic,1
rather,lit,1
rather,alarm,1
rather,trigger,1
brutal,pyrotechnic,1
brutal,lit,1
brutal,alarm,1
brutal,trigger,1
pyrotechnic,lit,1
pyrotechnic,alarm,1
pyrotechnic,trigger,1
lit,alarm,1
lit,trigger,1
lit,rally,1
alarm,trigger,1
r,find,1
r,w,3
find,story,4
find,crucial,4
find,recognize,2
find,rotting,1
find,repeatedly,1
throw,ago,1
throw,bunch,1
ago,bunch,1
little,air,1
little,kiss,1
air,kiss,1
introduce,welcome,1
story,crucial,4
story,recognize,2
crucial,recognize,2
proper,drum,1
proper,riser,1
proper,scarlet,1
proper,lighting,1
proper,captivate,1
proper,vocal,1
proper,deal,1
drum,riser,1
drum,scarlet,1
drum,lighting,1
drum,captivate,1
drum,vocal,1
drum,deal,1
riser,scarlet,1
riser,lighting,1
riser,captivate,1
riser,vocal,1
riser,deal,1
scarlet,lighting,1
scarlet,captivate,1
scarlet,vocal,1
scarlet,deal,1
lighting,captivate,1
lighting,vocal,1
lighting,deal,1
captivate,vocal,1
captivate,deal,1
vocal,deal,1
deal,mood,1
duet,cover,1
duet,anything,1
duet,beg,1
cover,anything,1
cover,beg,1
cover,glow,1
cover,front,1
cover,cheekily,1
cover,stick,1
anything,beg,1
chance,hate,1
chance,shame,1
hate,able,1
prayer,circle,1
prayer,copy,1
circle,copy,1
picture,ne,1
picture,lovely,1
picture,charm,1
often,mention,1
review,hour,1
review,honest,1
review,analysis,1
review,glamour,1
shut,react,1
pro,raw,1
pro,energetic,1
pro,broad,1
pro,staging,1
pro,easily,1
pro,hot,1
pro,mess,1
pro,worrying,1
raw,energetic,1
raw,broad,1
raw,staging,1
raw,easily,1
raw,hot,1
raw,mess,1
raw,worrying,1
energetic,broad,1
energetic,staging,1
energetic,easily,1
energetic,hot,1
energetic,mess,1
energetic,worrying,1
broad,staging,1
broad,easily,1
broad,hot,1
broad,mess,1
broad,worrying,1
staging,easily,1
staging,hot,1
staging,mess,1
staging,worrying,1
easily,hot,1
easily,mess,1
easily,worrying,1
hot,mess,1
hot,worrying,1
hot,business,1
mess,worrying,1
favorite,rightful,1
favorite,participate,1
favorite,maximum,1
favorite,excitement,1
rightful,participate,1
rightful,maximum,1
rightful,excitement,1
participate,maximum,1
participate,excitement,1
maximum,excitement,1
alternative,radio,1
radio,answer,1
radio,episode,1
radio,mi,1
kudos,preparation,1
hour,honest,1
honest,base,1
honest,wore,1
honest,extra,1
honest,gender,1
honest,fluid,1
grab,shamelessly,1
job,daddy,1
keep,pride,1
keep,manage,1
keep,try,1
keep,calm,1
keep,yet,1
keep,fall,1
slay,burnt,1
caught,ga,1
fantastic,nearby,1
miss,lot,1
miss,coin,1
miss,moon,1
miss,soon,1
miss,train,1
cry,shaky,1
entirely,bene,1
quite,curtain,1
quite,bonus,1
quite,warm,1
quite,nicely,1
curtain,bonus,1
curtain,warm,1
curtain,nicely,1
bonus,warm,1
bonus,nicely,1
warm,nicely,1
death,drop,1
death,energy,1
drop,energy,1
energy,use,1
energy,polished,1
energy,backdrop,1
organic,san,1
organic,minute,1
san,minute,1
san,national,2
use,width,1
use,elsewhere,1
use,shirtlessness,1
use,shiny,1
use,polished,1
use,backdrop,1
use,en,1
use,route,1
use,excited,1
use,sure,1
width,elsewhere,1
width,shirtlessness,1
width,shiny,1
elsewhere,shirtlessness,1
elsewhere,shiny,1
shirtlessness,shiny,1
ban,wage,1
ban,war,1
wage,war,1
polished,backdrop,1
class,act,1
class,graphic,1
class,raise,1
class,plinth,1
class,onto,1
act,graphic,1
act,raise,1
act,plinth,1
act,onto,1
graphic,raise,1
graphic,plinth,1
graphic,onto,1
raise,plinth,1
raise,onto,1
plinth,onto,1
delay,collapse,1
lovely,charm,1
base,wore,1
base,extra,1
base,gender,1
base,fluid,1
wore,extra,1
wore,gender,1
wore,fluid,1
extra,gender,1
extra,fluid,1
gender,fluid,1
prime,prove,1
drill,building,1
drill,casually,1
building,casually,1
member,crush,1
member,honey,1
crush,honey,1
cheesy,mon,1
five,plus,1
five,official,1
five,hello,1
plus,official,1
plus,hello,1
official,hello,1
artist,meeting,1
similar,shed,1
similar,tear,1
similar,basic,1
shed,tear,1
shed,basic,1
tear,basic,1
taxi,driver,1
taxi,madame,1
taxi,vol,1
taxi,obe,1
taxi,plaza,1
taxi,panic,1
driver,madame,1
driver,vol,1
driver,obe,1
driver,plaza,1
driver,panic,1
madame,vol,1
madame,obe,1
madame,plaza,1
madame,panic,1
vol,obe,1
vol,plaza,1
vol,panic,1
obe,plaza,1
obe,panic,1
plaza,panic,1
behind,successful,1
sing,gibberish,1
answer,episode,1
answer,mi,1
episode,mi,1
slave,master,1
master,blaster,1
coin,moon,1
coin,soon,1
coin,train,1
moon,soon,1
moon,train,1
soon,train,1
work,camera,1
work,bag,1
camera,bag,1
street,ti,1
front,cheekily,1
front,stick,1
cheekily,stick,1
shirt,culture,1
play,kazoo,1
en,route,1
en,excited,1
en,sure,1
route,excited,1
route,sure,1
excited,sure,1
excited,better,1
happening,calm,2
calm,try,1
calm,yet,1
calm,fall,1
national,liking,2
national,interest,2
national,monument,2
liking,interest,1
liking,monument,1
interest,monument,1
solo,otto,1
solo,eight,1
otto,eight,1
try,yet,1
try,fall,1
yet,fall,1
damn,squad,1
damn,laugh,1
squad,laugh,1
reaction,shock,1
