Id,Label,Count
dont,dont,33
shy,shy,8
drop,drop,32
merch,merch,86
thought,thought,12
people,people,271
want,want,242
make,make,316
thank,thank,265
new,new,202
perfect,perfect,39
human,human,8
really,really,227
relevant,relevant,1
time,time,234
breakfast,breakfast,2
show,show,99
rock,rock,510
kick,kick,10
month,month,11
june,june,2
many,many,70
get,get,429
hate,hate,43
think,think,294
love,love,823
hot,hot,105
like,like,499
yes,yes,389
music,music,322
good,good,336
precious,precious,7
watching,watching,5
stuff,stuff,16
cute,cute,32
side,side,17
way,way,99
pretty,pretty,86
check,check,65
awesome,awesome,67
fan,fan,61
performance,performance,92
might,might,29
add,add,24
drummer,drummer,14
absolutely,absolutely,67
beautiful,beautiful,92
work,work,68
real,real,62
corset,corset,1
even,even,161
u,u,491
great,great,178
play,play,69
damn,damn,46
didnt,didnt,10
fall,fall,17
famous,famous,9
man,man,63
since,since,133
th,th,3
grade,grade,1
butter,butter,30
fantastic,fantastic,23
news,news,60
spread,spread,39
mine,mine,19
hell,hell,31
spend,spend,27
last,last,96
money,money,130
meant,meant,5
ur,ur,51
chart,chart,89
protect,protect,4
beg,beg,13
happiness,happiness,13
back,back,134
never,never,258
excite,excite,33
purchase,purchase,3
item,item,2
clothe,clothe,1
whole,whole,87
wardrobe,wardrobe,4
honestly,honestly,34
plus,plus,17
jury,jury,18
winner,winner,89
cool,cool,64
well,well,322
true,true,105
watch,watch,107
video,video,84
saw,saw,55
cheer,cheer,4
day,day,197
much,much,276
everything,everything,77
start,start,42
learn,learn,91
em,em,8
perfection,perfection,9
stream,stream,98
free,free,38
come,come,503
amazing,amazing,117
job,job,35
army,army,7
close,close,41
exactly,exactly,36
please,please,483
need,need,278
know,know,336
go,go,363
oversleep,oversleep,1
take,take,279
aware,aware,5
cover,cover,96
shoot,shoot,6
dead,dead,13
de,de,44
feel,feel,81
hah,hah,2
sexy,sexy,27
point,point,32
half,half,19
believe,believe,61
supremacy,supremacy,19
cannot,cannot,24
wait,wait,326
let,let,168
roll,roll,210
minor,minor,1
age,age,19
see,see,485
concert,concert,62
number,number,43
pride,pride,12
band,band,255
viral,viral,50
south,south,8
union,union,3
right,right,129
nervous,nervous,4
bitch,bitch,14
ugh,ugh,6
hey,hey,70
singer,singer,87
simply,simply,26
amaze,amaze,141
sell,sell,32
buy,buy,66
tell,tell,69
creature,creature,2
exist,exist,8
e,e,240
grand,grand,12
final,final,38
via,via,38
hello,hello,41
version,version,31
listen,listen,244
guy,guy,31
main,main,14
hear,hear,61
tweet,tweet,52
one,one,291
x,x,88
would,would,275
improve,improve,5
life,life,81
greatly,greatly,1
ruin,ruin,10
look,look,200
also,also,180
little,little,56
bit,bit,41
glad,glad,51
find,find,98
try,try,69
incredible,incredible,46
cry,cry,64
mood,mood,36
holy,holy,40
bluebell,bluebell,1
vent,vent,12
best,best,135
song,song,512
ever,ever,96
slave,slave,156
nice,nice,43
dub,dub,3
quite,quite,24
present,present,8
character,character,4
emma,emma,3
assistant,assistant,1
addict,addict,13
recording,recording,1
session,session,3
hard,hard,42
sticker,sticker,3
idea,idea,30
along,along,12
draw,draw,34
tomorrow,tomorrow,24
put,put,32
groove,groove,1
inside,inside,8
blood,blood,15
ask,ask,42
bootleg,bootleg,1
official,official,39
funky,funky,3
talented,talented,57
oh,oh,156
god,god,98
vinyl,vinyl,4
nothing,nothing,68
available,available,10
ready,ready,43
blind,blind,11
channel,channel,27
credit,credit,7
card,card,7
mistake,mistake,5
understand,understand,65
talent,talent,35
someone,someone,67
something,something,91
sound,sound,22
though,though,43
understandable,understandable,3
top,top,169
world,world,234
happy,happy,160
wallet,wallet,8
sad,sad,36
g,g,18
toad,toad,1
mi,mi,9
picture,picture,16
week,week,108
announcement,announcement,2
contest,contest,108
celebrate,celebrate,36
victory,victory,67
around,around,25
support,support,43
yet,yet,30
four,four,18
soon,soon,66
anything,anything,34
cant,cant,53
conn,conn,1
household,household,2
another,another,42
shirt,shirt,11
specific,specific,5
hour,hour,8
brain,brain,11
thanks,thanks,113
bless,bless,11
shipping,shipping,4
print,print,2
pay,pay,24
ted,ted,3
talk,talk,111
wrap,wrap,2
insanely,insanely,3
inspire,inspire,17
yeah,yeah,77
hi,hi,51
felt,felt,15
record,record,14
imagine,imagine,56
mother,mother,7
dog,dog,24
exclusive,exclusive,4
movie,movie,12
explosive,explosive,1
mix,mix,12
first,first,124
enough,enough,37
sure,sure,70
fire,fire,16
blazing,blazing,1
high,high,42
pas,pas,5
grow,grow,17
keep,keep,82
burning,burning,2
weird,weird,10
friend,friend,35
anyone,anyone,56
announce,announce,7
tour,tour,236
country,country,61
list,list,22
immediate,immediate,2
breakdown,breakdown,2
queen,queen,29
bye,bye,13
stuck,stuck,5
bookish,bookish,1
deal,deal,7
exception,exception,2
hope,hope,185
saving,saving,1
mode,mode,2
crying,crying,7
pose,pose,4
restock,restock,1
say,say,289
heart,heart,59
probably,probably,22
cost,cost,1
phone,phone,11
q,q,2
levitate,levitate,2
travel,travel,9
perform,perform,15
agree,agree,32
pathetic,pathetic,13
happen,happen,66
rabbit,rabbit,1
hole,hole,3
domination,domination,87
visually,visually,1
story,story,44
area,area,1
graduation,graduation,1
ceremony,ceremony,1
going,going,10
drain,drain,1
archive,archive,1
account,account,45
miss,miss,20
help,help,81
two,two,73
favorite,favorite,41
radio,radio,28
excited,excited,31
repeat,repeat,42
launch,launch,1
guess,guess,46
break,break,39
stop,stop,146
minute,minute,8
collaboration,collaboration,16
mind,mind,55
image,image,12
streaming,streaming,9
getting,getting,6
year,year,144
petition,petition,19
follow,follow,55
spree,spree,1
sign,sign,11
pop,pop,26
mille,mille,1
us,us,31
funny,funny,21
sketch,sketch,12
based,based,3
goddess,goddess,2
boy,boy,28
define,define,3
actually,actually,75
long,long,36
interview,interview,16
audio,audio,4
program,program,4
presenter,presenter,3
today,today,97
station,station,6
originally,originally,2
part,part,42
dropping,dropping,1
live,live,175
attack,attack,4
government,government,4
state,state,7
pervert,pervert,2
wont,wont,2
case,case,29
curious,curious,7
unfortunately,unfortunately,27
face,face,24
gee,gee,1
soul,soul,18
body,body,7
revise,revise,2
every,every,76
jump,jump,10
non,non,57
give,give,120
kiss,kiss,29
send,send,30
cease,cease,1
release,release,18
power,power,34
demand,demand,12
mean,mean,62
together,together,117
prodigy,prodigy,1
rolling,rolling,1
regret,regret,6
broke,broke,21
waiting,waiting,24
bad,bad,77
broken,broken,8
h,h,10
v,v,16
sex,sex,17
toy,toy,2
teacher,teacher,4
sin,sin,3
preacher,preacher,1
leave,leave,33
ya,ya,38
achievement,achievement,7
hopefully,hopefully,25
outside,outside,3
tho,tho,39
moment,moment,50
wow,wow,58
k,k,12
push,push,4
finally,finally,56
baby,baby,19
word,word,22
praying,praying,1
still,still,133
consistently,consistently,1
chance,chance,19
verification,verification,1
biggest,biggest,4
ship,ship,11
size,size,5
inch,inch,2
poor,poor,23
mercy,mercy,1
harm,harm,3
giving,giving,1
platform,platform,3
past,past,23
acceptable,acceptable,3
dom,dom,3
always,always,67
change,change,20
mad,mad,27
subscribe,subscribe,5
clearly,clearly,13
person,person,29
concern,concern,11
literal,literal,3
name,name,42
speak,speak,45
suppose,suppose,7
save,save,10
move,move,18
already,already,82
thing,thing,84
goo,goo,3
forward,forward,13
turkey,turkey,31
hire,hire,5
next,next,125
bass,bass,17
affordable,affordable,2
entire,entire,35
collection,collection,5
death,death,11
pass,pass,10
away,away,33
lying,lying,1
sketchbook,sketchbook,1
immediately,immediately,9
sucking,sucking,1
chili,chili,3
remember,remember,30
else,else,49
three,three,12
ryder,ryder,1
different,different,30
career,career,9
call,call,25
semi,semi,5
tag,tag,9
wrong,wrong,30
smoke,smoke,5
crazy,crazy,22
public,public,40
level,level,12
anyway,anyway,22
prepare,prepare,6
exam,exam,3
glue,glue,1
youth,youth,6
literally,literally,85
edge,edge,1
afford,afford,3
somebody,somebody,18
willingly,willingly,2
tank,tank,2
sorry,sorry,77
n,n,163
dad,dad,4
dick,dick,2
suck,suck,9
fat,fat,2
iconic,iconic,31
w,w,21
r,r,24
sale,sale,3
sanity,sanity,3
bank,bank,12
gosh,gosh,4
screaming,screaming,11
as,as,18
smoking,smoking,1
amen,amen,9
hardly,hardly,2
ridiculous,ridiculous,26
match,match,7
set,set,14
shot,shot,6
ill,ill,8
deserve,deserve,532
join,join,12
naked,naked,2
rocking,rocking,6
si,si,11
whats,whats,2
big,big,71
gay,gay,7
dice,dice,2
coin,coin,2
sis,sis,2
active,active,1
lately,lately,6
alarm,alarm,5
welcome,welcome,33
fun,fun,29
write,write,44
thinking,thinking,14
en,en,10
quick,quick,24
cause,cause,50
decide,decide,20
suddenly,suddenly,9
rob,rob,2
problem,problem,24
sigh,sigh,3
better,better,17
alright,alright,9
eat,eat,13
birthday,birthday,9
school,school,13
totally,totally,42
pull,pull,3
ladies,ladies,4
girl,girl,34
excuse,excuse,11
ten,ten,4
end,end,61
obsession,obsession,35
daily,daily,18
content,content,11
listening,listening,45
user,user,5
rip,rip,9
reaction,reaction,35
roar,roar,1
coming,coming,10
aesthetic,aesthetic,6
spare,spare,2
section,section,2
beloved,beloved,5
p,p,24
able,able,27
spot,spot,12
dear,dear,29
sincerely,sincerely,3
shut,shut,48
timing,timing,1
thats,thats,26
supposed,supposed,3
study,study,12
ideal,ideal,1
empty,empty,7
college,college,4
bride,bride,1
morning,morning,38
expensive,expensive,11
willing,willing,5
hold,hold,15
beat,beat,8
yo,yo,11
consider,consider,33
sort,sort,8
havent,havent,2
simp,simp,8
test,test,194
concept,concept,2
hoodie,hoodie,2
wear,wear,17
calling,calling,2
wore,wore,2
days,days,3
convince,convince,6
sweater,sweater,1
definitely,definitely,38
reason,reason,28
smile,smile,8
limited,limited,1
could,could,114
existent,existent,3
doesnt,doesnt,1
matter,matter,32
ass,ass,3
shaking,shaking,2
win,win,265
tattoo,tattoo,6
base,base,14
afternoon,afternoon,6
yas,yas,2
lose,lose,46
alrighty,alrighty,1
read,read,41
possible,possible,19
somewhere,somewhere,5
early,early,11
order,order,17
giveaway,giveaway,1
sick,sick,19
background,background,4
yees,yees,2
store,store,2
canada,canada,15
recently,recently,6
winning,winning,26
banger,banger,15
fashion,fashion,11
che,che,32
fell,fell,7
hungry,hungry,4
feed,feed,6
strange,strange,5
animal,animal,1
cooking,cooking,1
brazil,brazil,10
conquer,conquer,2
bravo,bravo,10
gender,gender,5
lot,lot,65
attention,attention,21
sing,sing,48
manifestation,manifestation,2
answer,answer,8
canal,canal,1
la,la,34
night,night,41
everybody,everybody,15
everywhere,everywhere,14
huh,huh,8
alternative,alternative,4
current,current,12
vote,vote,34
neem,neem,1
attach,attach,1
link,link,16
golden,golden,6
example,example,13
determination,determination,1
fight,fight,9
da,da,27
loro,loro,7
patch,patch,1
do,do,60
turn,turn,23
festival,festival,25
everyone,everyone,80
ago,ago,41
full,full,39
alone,alone,18
bisexual,bisexual,11
lyric,lyric,7
motion,motion,2
practice,practice,2
hug,hug,4
express,express,5
beauty,beauty,18
toxic,toxic,4
appreciate,appreciate,14
tried,tried,10
concerned,concerned,1
require,require,5
understatement,understatement,4
known,known,1
king,king,18
dance,dance,13
taste,taste,40
throwback,throwback,2
use,use,98
woven,woven,1
respond,respond,2
existence,existence,4
fact,fact,45
sparks,sparks,1
sit,sit,10
digging,digging,1
china,china,1
option,option,6
choker,choker,2
political,political,11
assume,assume,2
aw,aw,7
alive,alive,13
twitter,twitter,58
amelia,amelia,1
layout,layout,1
edit,edit,19
factor,factor,17
audition,audition,3
stage,stage,47
sir,sir,3
catchy,catchy,6
head,head,52
collaborate,collaborate,8
drew,drew,7
vaccination,vaccination,1
bring,bring,32
art,art,38
sea,sea,4
afraid,afraid,4
water,water,5
maybe,maybe,67
masterpiece,masterpiece,15
poster,poster,4
impact,impact,7
result,result,20
quiz,quiz,1
cyrus,cyrus,2
female,female,2
artist,artist,31
possibly,possibly,2
depend,depend,3
fast,fast,15
graham,graham,16
film,film,5
documentary,documentary,2
handsome,handsome,7
almost,almost,24
chosen,chosen,12
unreleased,unreleased,2
far,far,35
grateful,grateful,5
personally,personally,11
gratis,gratis,1
airdrop,airdrop,1
reward,reward,1
exchange,exchange,2
smart,smart,3
contract,contract,3
address,address,2
male,male,5
breath,breath,7
ultimate,ultimate,5
rager,rager,1
dig,dig,2
master,master,19
run,run,18
rent,rent,10
moot,moot,2
sobbing,sobbing,2
seduce,seduce,2
dirty,dirty,9
wake,wake,11
chose,chose,2
begging,begging,10
schoolboy,schoolboy,2
huge,huge,32
kudos,kudos,1
whomever,whomever,1
responsible,responsible,2
royal,royal,7
dramatic,dramatic,3
meet,meet,10
greet,greet,3
understanding,understanding,5
nature,nature,1
heal,heal,1
bloom,bloom,1
nick,nick,1
cap,cap,2
compliment,compliment,2
horny,horny,10
peak,peak,11
boring,boring,3
second,second,33
marry,marry,14
continue,continue,10
lifetime,lifetime,3
eh,eh,6
yesterday,yesterday,19
swim,swim,2
till,till,7
scream,scream,20
looking,looking,7
blasting,blasting,3
interested,interested,4
voting,voting,7
cup,cup,5
learning,learning,4
later,later,14
language,language,36
album,album,79
mark,mark,5
although,although,4
honest,honest,12
group,group,50
special,special,12
place,place,46
adorable,adorable,6
fair,fair,13
worth,worth,10
rail,rail,1
dream,dream,32
insane,insane,24
arctic,arctic,5
perfume,perfume,1
opinion,opinion,27
writing,writing,2
personal,personal,8
telling,telling,3
unprofessional,unprofessional,1
wasting,wasting,1
translation,translation,8
explanation,explanation,3
arrogancy,arrogancy,1
structure,structure,6
educate,educate,1
tune,tune,16
drug,drug,145
studio,studio,5
course,course,26
towards,towards,6
regularly,regularly,2
loving,loving,3
masquerade,masquerade,3
classic,classic,6
pencil,pencil,5
wonder,wonder,16
wallpaper,wallpaper,2
die,die,57
charisma,charisma,3
attitude,attitude,7
mouth,mouth,8
bet,bet,6
variation,variation,1
fine,fine,18
effort,effort,3
voice,voice,27
chorus,chorus,6
center,center,1
effortless,effortless,1
easy,easy,9
single,single,32
sentence,sentence,2
instead,instead,27
damage,damage,8
except,except,15
stand,stand,10
context,context,5
begin,begin,18
contact,contact,5
open,open,19
harry,harry,27
banging,banging,2
entry,entry,29
lady,lady,13
bon,bon,2
walk,walk,2
road,road,4
sleep,sleep,11
without,without,40
bed,bed,3
clothes,clothes,11
stick,stick,11
everyday,everyday,13
parole,parole,3
post,post,55
alter,alter,1
outfit,outfit,11
nowy,nowy,1
pack,pack,5
model,model,2
painting,painting,4
merman,merman,1
ae,ae,1
silver,silver,2
gold,gold,6
dress,dress,6
suit,suit,4
pant,pant,6
jacket,jacket,3
truth,truth,9
process,process,5
despite,despite,7
late,late,29
father,father,2
especially,especially,17
international,international,19
fandom,fandom,11
assemble,assemble,1
chat,chat,4
air,air,8
anybody,anybody,5
anger,anger,4
darling,darling,3
ex,ex,3
vocalist,vocalist,3
heavy,heavy,6
metal,metal,16
force,force,6
genre,genre,8
baku,baku,18
share,share,41
lit,lit,3
crack,crack,7
gem,gem,2
solo,solo,7
title,title,9
apparently,apparently,7
either,either,13
edition,edition,9
kill,kill,11
made,made,5
quality,quality,9
style,style,32
personality,personality,11
become,become,33
photo,photo,18
dump,dump,1
offer,offer,8
train,train,5
neither,neither,6
spiritual,spiritual,2
revelation,revelation,1
cling,cling,1
discover,discover,25
category,category,3
overall,overall,2
amazingly,amazingly,1
terrify,terrify,1
information,information,8
fabulous,fabulous,9
naw,naw,1
control,control,3
nine,nine,2
rapidly,rapidly,1
reach,reach,12
prayer,prayer,2
candle,candle,2
frame,frame,3
mantle,mantle,1
original,original,11
must,must,24
seem,seem,6
distant,distant,2
withdrawn,withdrawn,1
reality,reality,4
star,star,11
least,least,30
decent,decent,7
multiple,multiple,3
clean,clean,20
offend,offend,19
straight,straight,8
rude,rude,9
accept,accept,21
criticism,criticism,1
reasonable,reasonable,1
luck,luck,15
passive,passive,2
aggressive,aggressive,1
sarcastic,sarcastic,1
ob,ob,1
sweet,sweet,12
line,line,21
coke,coke,28
kept,kept,2
lied,lied,1
challenge,challenge,10
dissertation,dissertation,1
lie,lie,14
breathing,breathing,2
basic,basic,2
description,description,3
roller,roller,1
coaster,coaster,1
thread,thread,9
passion,passion,4
friendship,friendship,7
loyalty,loyalty,1
faith,faith,6
heartbreak,heartbreak,2
confidence,confidence,7
belive,belive,1
longer,longer,5
told,told,8
confidential,confidential,1
got,got,14
potential,potential,3
rushing,rushing,2
key,key,5
era,era,3
major,major,4
vampire,vampire,4
game,game,12
ah,ah,13
wish,wish,38
heaven,heaven,4
forgotten,forgotten,1
nome,nome,9
padre,padre,9
deep,deep,8
meaningful,meaningful,2
powerful,powerful,10
poetry,poetry,1
theyre,theyre,9
losing,losing,3
sh,sh,9
raw,raw,7
enter,enter,11
proof,proof,14
successful,successful,4
f,f,12
river,river,4
usually,usually,14
nul,nul,2
gif,gif,5
glam,glam,11
whose,whose,6
anthem,anthem,4
sweep,sweep,2
becomes,becomes,3
ignore,ignore,10
message,message,14
royale,royale,11
wrote,wrote,1
needs,needs,6
room,room,38
quartet,quartet,2
package,package,1
receive,receive,10
camera,camera,8
tape,tape,4
breathe,breathe,14
wonderful,wonderful,17
truly,truly,29
learnt,learnt,4
teach,teach,10
honor,honor,4
pregnant,pregnant,6
hair,hair,25
sympathetic,sympathetic,1
family,family,10
duo,duo,2
child,child,5
recognize,recognize,3
bathroom,bathroom,2
backstage,backstage,2
label,label,6
clip,clip,7
research,research,1
pray,pray,7
circle,circle,3
hashish,hashish,1
speechless,speechless,5
floor,floor,5
gorgeous,gorgeous,43
team,team,9
league,league,4
hit,hit,26
insecure,insecure,2
harder,harder,5
forgot,forgot,5
expose,expose,1
jealous,jealous,19
accomplishment,accomplishment,1
curse,curse,2
remove,remove,7
fault,fault,2
medicine,medicine,8
das,das,1
ist,ist,1
gut,gut,1
sitter,sitter,1
pure,pure,20
care,care,21
illustration,illustration,1
experience,experience,14
princess,princess,2
pitch,pitch,1
incredibly,incredibly,4
vita,vita,11
lovely,lovely,16
sport,sport,2
approach,approach,2
however,however,7
german,german,17
entrant,entrant,1
shall,shall,2
material,material,4
competition,competition,19
profile,profile,7
gal,gal,2
exact,exact,7
forget,forget,35
ha,ha,2
ad,ad,3
un,un,8
nutshell,nutshell,1
planner,planner,1
among,among,5
upon,upon,6
quote,quote,5
officially,officially,14
success,success,40
daddy,daddy,8
ecstatic,ecstatic,2
sake,sake,5
pyro,pyro,1
may,may,38
slightly,slightly,3
complete,complete,2
mutual,mutual,2
correct,correct,7
professor,professor,2
paragraph,paragraph,1
longe,longe,1
gon,gon,1
fully,fully,10
hang,hang,2
fifth,fifth,1
member,member,16
superior,superior,5
countless,countless,1
boost,boost,1
fake,fake,34
fa,fa,2
sung,sung,3
sa,sa,9
di,di,33
code,code,3
therapist,therapist,1
meeting,meeting,3
influence,influence,3
mush,mush,1
cream,cream,2
refresh,refresh,2
enjoy,enjoy,55
guitar,guitar,10
excellent,excellent,12
home,home,28
blow,blow,11
miraculous,miraculous,1
tale,tale,1
ladybug,ladybug,1
cat,cat,4
noir,noir,2
stranger,stranger,1
direction,direction,5
red,red,4
monster,monster,8
search,search,12
redemption,redemption,6
marketing,marketing,3
organic,organic,1
growth,growth,2
trend,trend,4
flop,flop,3
small,small,14
paint,paint,12
decorate,decorate,1
locker,locker,1
inspiration,inspiration,5
currently,currently,26
underground,underground,1
railroad,railroad,1
whitehead,whitehead,1
hearing,hearing,7
dumb,dumb,10
payed,payed,1
brainless,brainless,2
nominate,nominate,16
anxiety,anxiety,5
social,social,17
l,l,24
dell,dell,3
woman,woman,4
command,command,3
space,space,4
connect,connect,5
grapevine,grapevine,1
knight,knight,1
self,self,5
esteem,esteem,1
gripping,gripping,1
disgust,disgust,11
barely,barely,2
insight,insight,2
disorder,disorder,2
insomnia,insomnia,1
touch,touch,11
vocally,vocally,2
strong,strong,10
young,young,33
global,global,57
energy,energy,37
addition,addition,1
vol,vol,19
amazed,amazed,3
fixation,fixation,1
pin,pin,1
hand,hand,18
tiny,tiny,2
rather,rather,8
clear,clear,25
bop,bop,8
survive,survive,6
period,period,4
universe,universe,4
saint,saint,1
surely,surely,8
giro,giro,3
sitting,sitting,1
lake,lake,1
drink,drink,4
beer,beer,1
summer,summer,14
short,short,7
proxy,proxy,1
milk,milk,2
bottle,bottle,3
genial,genial,1
affirm,affirm,1
brilliant,brilliant,21
phoenix,phoenix,1
magical,magical,2
visit,visit,12
promoter,promoter,1
date,date,11
weekend,weekend,14
jean,jean,1
naughty,naughty,3
leather,leather,2
legal,legal,6
serve,serve,2
genius,genius,6
simple,simple,8
question,question,19
gig,gig,10
press,press,35
conference,conference,12
kiwi,kiwi,10
scene,scene,8
lord,lord,3
c,c,13
forever,forever,14
act,act,22
dal,dal,2
cit,cit,1
repost,repost,6
permission,permission,1
epic,epic,11
linea,linea,1
afterhours,afterhours,1
general,general,7
recognition,recognition,13
waste,waste,6
kind,kind,31
row,row,6
endorsement,endorsement,1
million,million,24
influencer,influencer,1
mor,mor,1
problematic,problematic,6
men,men,11
preview,preview,1
prove,prove,18
ethereal,ethereal,1
situation,situation,6
maria,maria,1
fury,fury,2
cash,cash,1
finale,finale,6
update,update,13
double,double,2
cultural,cultural,3
reset,reset,3
sour,sour,6
constant,constant,2
cycle,cycle,1
co,co,3
technique,technique,1
combine,combine,4
somewhat,somewhat,3
lead,lead,59
bone,bone,1
cam,cam,1
asleep,asleep,1
twice,twice,6
candy,candy,1
drip,drip,1
til,til,2
wet,wet,4
ahead,ahead,8
investigate,investigate,1
future,future,31
often,often,6
silence,silence,5
lock,lock,1
screen,screen,3
mum,mum,4
plane,plane,1
ticket,ticket,7
eternally,eternally,1
infectious,infectious,1
panda,panda,1
explain,explain,9
collapse,collapse,4
doctor,doctor,3
five,five,7
rest,rest,29
peace,peace,7
actual,actual,9
event,event,18
recent,recent,2
lounge,lounge,2
bought,bought,4
starter,starter,1
dye,dye,2
therapy,therapy,3
flat,flat,1
verse,verse,2
old,old,36
bucky,bucky,1
dial,dial,2
angry,angry,8
wholesome,wholesome,2
sadly,sadly,4
communication,communication,2
output,output,2
purpose,purpose,4
wat,wat,1
transformation,transformation,2
eye,eye,8
kat,kat,1
astonish,astonish,1
remind,remind,8
girling,girling,1
digital,digital,6
liberation,liberation,1
walnut,walnut,1
bally,bally,1
drive,drive,4
gentle,gentle,1
giant,giant,4
solely,solely,1
respectfully,respectfully,2
hereby,hereby,2
fluent,fluent,6
mon,mon,3
seriously,seriously,19
hosting,hosting,1
received,received,1
bomb,bomb,3
venue,venue,2
city,city,10
security,security,2
hook,hook,4
tonight,tonight,12
brand,brand,3
article,article,10
relate,relate,7
chico,chico,1
poem,poem,1
whenever,whenever,5
clown,clown,6
amuse,amuse,2
babe,babe,4
heartbeat,heartbeat,5
gangster,gangster,4
san,san,7
host,host,12
common,common,6
undisputed,undisputed,1
chill,chill,8
joy,joy,11
recap,recap,2
stay,stay,36
ground,ground,5
searching,searching,1
finland,finland,36
hearts,hearts,2
phrase,phrase,1
testa,testa,8
pronunciation,pronunciation,3
awake,awake,1
b,b,11
selected,selected,1
theres,theres,3
history,history,27
balance,balance,2
feminine,feminine,2
masculinity,masculinity,2
bowie,bowie,3
failure,failure,1
price,price,7
standard,standard,2
club,club,2
discography,discography,16
happier,happier,6
billboard,billboard,6
worthy,worthy,8
addicted,addicted,6
charting,charting,2
clue,clue,5
saying,saying,5
karaoke,karaoke,2
grown,grown,2
covered,covered,1
confirm,confirm,21
discovered,discovered,3
exciting,exciting,2
joke,joke,17
sketchy,sketchy,1
sensation,sensation,3
piece,piece,6
dude,dude,10
motionless,motionless,1
slander,slander,6
score,score,5
deserved,deserved,134
hotter,hotter,4
formally,formally,2
unconditional,unconditional,1
unstable,unstable,2
mental,mental,5
health,health,4
dating,dating,1
risk,risk,2
knew,knew,18
useful,useful,3
picky,picky,1
hinge,hinge,1
liner,liner,2
delight,delight,2
reveal,reveal,4
audience,audience,6
crush,crush,20
neat,neat,1
superb,superb,2
done,done,5
rad,rad,3
relief,relief,1
acceptance,acceptance,1
super,super,16
hence,hence,2
upside,upside,1
blazer,blazer,1
color,color,1
recipe,recipe,1
pic,pic,10
black,black,11
hundred,hundred,1
puff,puff,1
pipe,pipe,1
penny,penny,1
shake,shake,6
ring,ring,9
trust,trust,12
portfolio,portfolio,1
spotlight,spotlight,1
exaggerate,exaggerate,1
assure,assure,2
empire,empire,3
punk,punk,7
ballet,ballet,1
shadow,shadow,1
complain,complain,3
acoustic,acoustic,4
um,um,3
indeed,indeed,12
swear,swear,10
revenge,revenge,3
deservedly,deservedly,2
pizza,pizza,10
opportunity,opportunity,9
absolute,absolute,14
gift,gift,5
beyond,beyond,10
per,per,10
loop,loop,8
hum,hum,2
increase,increase,1
monthly,monthly,5
misunderstood,misunderstood,1
sauce,sauce,1
lucy,lucy,1
tend,tend,2
overthink,overthink,1
folk,folk,3
skin,skin,10
sensual,sensual,1
unflushed,unflushed,1
mar,mar,1
perfectly,perfectly,3
source,source,7
turned,turned,2
pour,pour,3
related,related,4
carrier,carrier,1
serious,serious,22
comment,comment,16
awful,awful,5
table,table,42
hock,hock,1
ti,ti,3
legendary,legendary,3
pan,pan,2
constantly,constantly,4
track,track,14
smash,smash,8
donna,donna,1
couple,couple,4
dislike,dislike,4
bully,bully,1
silly,silly,4
somehow,somehow,6
lucky,lucky,10
bastard,bastard,1
pur,pur,1
gove,gove,1
continent,continent,3
national,national,6
notice,notice,8
admire,admire,2
raise,raise,6
discriminatory,discriminatory,1
ban,ban,5
safety,safety,1
apply,apply,4
safely,safely,1
reunite,reunite,1
dis,dis,2
bolero,bolero,1
rose,rose,1
facial,facial,1
fragrance,fragrance,1
mist,mist,1
hyaluronic,hyaluronic,1
acid,acid,1
sassy,sassy,2
chic,chic,1
foundation,foundation,2
anti,anti,6
pollution,pollution,1
serum,serum,1
pandemic,pandemic,5
inspiring,inspiring,4
blame,blame,8
legit,legit,7
ace,ace,2
kim,kim,2
taking,taking,3
sister,sister,4
jail,jail,3
chaotic,chaotic,4
brought,brought,5
expect,expect,14
el,el,3
apart,apart,6
less,less,8
lonely,lonely,2
thirty,thirty,1
count,count,9
graze,graze,1
garden,garden,3
white,white,8
house,house,14
florence,florence,4
class,class,11
positive,positive,4
anna,anna,1
stun,stun,4
slap,slap,1
sometimes,sometimes,10
normalize,normalize,1
sight,sight,2
thalassophobia,thalassophobia,1
reincarnation,reincarnation,1
singles,singles,4
whatever,whatever,19
jack,jack,1
laura,laura,2
eros,eros,1
daughter,daughter,5
manifest,manifest,5
woo,woo,2
ay,ay,1
lo,lo,7
routine,routine,1
besides,besides,2
nova,nova,2
arrive,arrive,3
coz,coz,1
endless,endless,1
crowd,crowd,2
kindly,kindly,4
graduate,graduate,1
behind,behind,9
catch,catch,7
football,football,3
unfamiliar,unfamiliar,1
involve,involve,8
caught,caught,2
legacy,legacy,1
light,light,9
anyways,anyways,12
caroline,caroline,7
promise,promise,8
useless,useless,3
busy,busy,3
stab,stab,1
street,street,10
cross,cross,5
earth,earth,4
mill,mill,2
stupid,stupid,45
ended,ended,2
ease,ease,5
tease,tease,5
debut,debut,3
representation,representation,2
worst,worst,7
flush,flush,3
episode,episode,4
disinfect,disinfect,3
snape,snape,1
snap,snap,2
teen,teen,2
suggest,suggest,6
private,private,2
alt,alt,1
j,j,7
chi,chi,1
se,se,5
rise,rise,7
stunning,stunning,10
accent,accent,4
twenty,twenty,1
fifty,fifty,1
apple,apple,3
juice,juice,2
swiss,swiss,16
highest,highest,1
monumental,monumental,1
mask,mask,4
duet,duet,3
murder,murder,1
plan,plan,9
promote,promote,1
queerness,queerness,2
honesty,honesty,2
lust,lust,1
iceland,iceland,10
journey,journey,4
bright,bright,4
foreign,foreign,7
royalty,royalty,2
wild,wild,6
ade,ade,1
funk,funk,2
aye,aye,2
wash,wash,2
gym,gym,2
smashing,smashing,2
unless,unless,8
spectacular,spectacular,3
brill,brill,1
dominate,dominate,3
shine,shine,2
barrier,barrier,2
beneficial,beneficial,1
tolerance,tolerance,2
singlehandedly,singlehandedly,1
freak,freak,3
northern,northern,1
series,series,3
matching,matching,2
billion,billion,1
confine,confine,1
copycat,copycat,1
astonishing,astonishing,1
partly,partly,1
sooner,sooner,2
legend,legend,9
behaviour,behaviour,5
newspaper,newspaper,6
magazine,magazine,6
step,step,11
swift,swift,5
indecisive,indecisive,1
recommend,recommend,9
fear,fear,5
nobody,nobody,15
io,io,2
luna,luna,3
paving,paving,1
diverse,diverse,2
usual,usual,7
living,living,18
angel,angel,4
preach,preach,1
rap,rap,1
fiance,fiance,1
restaurant,restaurant,1
select,select,1
include,include,9
planet,planet,2
delicious,delicious,1
emotional,emotional,5
hooked,hooked,2
due,due,7
dee,dee,1
rightly,rightly,1
producer,producer,2
illegal,illegal,5
conclusion,conclusion,4
industry,industry,6
plant,plant,3
nomination,nomination,2
unlike,unlike,1
chapter,chapter,3
bloody,bloody,8
tanked,tanked,3
century,century,3
impeccable,impeccable,1
middle,middle,6
east,east,2
nonstop,nonstop,2
kai,kai,1
describe,describe,3
personification,personification,3
medium,medium,31
sue,sue,28
return,return,10
sending,sending,4
massive,massive,19
russia,russia,24
lots,lots,7
opening,opening,4
atmosphere,atmosphere,2
tip,tip,2
tien,tien,1
paper,paper,5
relatively,relatively,1
unknown,unknown,3
professional,professional,1
animate,animate,1
graphic,graphic,2
effect,effect,5
creator,creator,1
revive,revive,2
tourism,tourism,1
certainly,certainly,8
designer,designer,2
following,following,2
several,several,7
sense,sense,17
daytime,daytime,1
soft,soft,6
snake,snake,3
popular,popular,8
fame,fame,3
create,create,4
produce,produce,3
mona,mona,7
stole,stole,3
eventually,eventually,4
riddle,riddle,1
devil,devil,5
similar,similar,18
ye,ye,2
finish,finish,10
growing,growing,1
tout,tout,2
resist,resist,6
reprise,reprise,2
broadcast,broadcast,4
cut,cut,6
mighty,mighty,1
raga,raga,6
fist,fist,1
war,war,2
calm,calm,7
mess,mess,3
length,length,2
retire,retire,2
ville,ville,1
symptom,symptom,1
bag,bag,2
flag,flag,6
accurate,accurate,2
position,position,6
comedian,comedian,1
choose,choose,6
data,data,3
breaking,breaking,2
crown,crown,6
northwest,northwest,1
front,front,18
supportive,supportive,2
someday,someday,12
destroy,destroy,4
scaled,scaled,3
icy,icy,3
ghost,ghost,2
delta,delta,3
random,random,4
access,access,2
loss,loss,2
mention,mention,7
musical,musical,6
solid,solid,3
delete,delete,6
min,min,2
spirit,spirit,15
completely,completely,9
unable,unable,2
understood,understood,1
obviously,obviously,8
trade,trade,1
book,book,10
mediocre,mediocre,3
suspicious,suspicious,2
viva,viva,9
dark,dark,3
shame,shame,30
relive,relive,1
marina,marina,1
mostly,mostly,3
phase,phase,2
feat,feat,4
ate,ate,2
intense,intense,2
drama,drama,3
mate,mate,11
con,con,9
vocal,vocal,5
singing,singing,11
total,total,7
flex,flex,4
attend,attend,2
quadruple,quadruple,1
stolen,stolen,1
fit,fit,35
larry,larry,1
tweak,tweak,1
focus,focus,8
juxtaposition,juxtaposition,1
emotion,emotion,4
grit,grit,1
sexuality,sexuality,2
politeness,politeness,2
edgy,edgy,3
goodness,goodness,3
sun,sun,6
burn,burn,4
salty,salty,3
authority,authority,1
window,window,1
embarrass,embarrass,9
irony,irony,2
overwhelm,overwhelm,1
latest,latest,1
eccentric,eccentric,2
polish,polish,3
witty,witty,1
rhyme,rhyme,1
attempt,attempt,5
fabulousness,fabulousness,2
snaps,snaps,1
traditional,traditional,1
retrospective,retrospective,1
sat,sat,1
cest,cest,2
dab,dab,1
shelf,shelf,1
stray,stray,6
slump,slump,1
spell,spell,2
renaissance,renaissance,4
fresco,fresco,1
doubt,doubt,8
trip,trip,2
cope,cope,1
sudden,sudden,1
desire,desire,1
lee,lee,5
anywhere,anywhere,5
politics,politics,11
drag,drag,6
aka,aka,5
laugh,laugh,7
bite,bite,1
trap,trap,3
son,son,4
interpretation,interpretation,5
pronounce,pronounce,7
rasp,rasp,1
fry,fry,1
fold,fold,1
distortion,distortion,1
whatsoever,whatsoever,5
puppet,puppet,3
pleasure,pleasure,3
sam,sam,1
proper,proper,6
aa,aa,1
reread,reread,1
rich,rich,3
spectacularly,spectacularly,1
easily,easily,3
utopia,utopia,1
avenue,avenue,1
coffee,coffee,3
prefer,prefer,4
cheat,cheat,1
scandal,scandal,9
betting,betting,1
impulsively,impulsively,1
note,note,8
nearly,nearly,4
hyper,hyper,1
interest,interest,5
native,native,4
advice,advice,1
rotary,rotary,1
ending,ending,1
board,board,2
minimum,minimum,1
investment,investment,2
profit,profit,1
commission,commission,2
pen,pen,1
player,player,4
swag,swag,1
march,march,8
ray,ray,3
sunshine,sunshine,1
crap,crap,4
thirsty,thirsty,1
assert,assert,1
dominance,dominance,1
diversity,diversity,1
culture,culture,6
sugar,sugar,1
cutie,cutie,5
making,making,6
function,function,1
patiently,patiently,4
randomly,randomly,3
develop,develop,3
extreme,extreme,3
demi,demi,1
across,across,4
ocean,ocean,2
smelly,smelly,2
marathon,marathon,2
mirror,mirror,5
moonlight,moonlight,1
ironically,ironically,2
linnet,linnet,1
zodiac,zodiac,1
replay,replay,5
wondering,wondering,4
organize,organize,1
visual,visual,1
intoxicating,intoxicating,1
universal,universal,1
explore,explore,3
familiar,familiar,2
fascinate,fascinate,1
lay,lay,1
bare,bare,1
om,om,1
cheap,cheap,1
photographer,photographer,3
bow,bow,3
haircut,haircut,1
behave,behave,5
hat,hat,1
breed,breed,1
cane,cane,1
shout,shout,4
glory,glory,2
otherwise,otherwise,6
grandson,grandson,2
extraordinary,extraordinary,2
cougar,cougar,1
town,town,1
excitement,excitement,3
owl,owl,1
bend,bend,5
icon,icon,4
perhaps,perhaps,2
deaf,deaf,1
leader,leader,2
inimitable,inimitable,1
abroad,abroad,1
view,view,3
bang,bang,2
whilst,whilst,3
client,client,1
marriage,marriage,5
aswell,aswell,4
relationship,relationship,3
clout,clout,1
vacation,vacation,1
burnout,burnout,2
warrant,warrant,1
awee,awee,1
physical,physical,4
copy,copy,9
unfair,unfair,9
science,science,3
healthy,healthy,4
safe,safe,3
unhealthy,unhealthy,2
suicide,suicide,1
shay,shay,1
interaction,interaction,5
punch,punch,2
progress,progress,4
stalking,stalking,3
panic,panic,9
bassist,bassist,11
cigarette,cigarette,2
wolf,wolf,1
transition,transition,1
figure,figure,3
convert,convert,1
sole,sole,1
quickly,quickly,4
decade,decade,4
block,block,7
poll,poll,5
z,z,3
decease,decease,1
correctly,correctly,1
text,text,6
phenomenal,phenomenal,2
cos,cos,1
reply,reply,7
hotel,hotel,1
blast,blast,2
foreseeable,foreseeable,2
nominated,nominated,2
nirvana,nirvana,1
bout,bout,1
fume,fume,1
grip,grip,2
leg,leg,1
kath,kath,1
resemblance,resemblance,1
oil,oil,1
canvas,canvas,1
uncanny,uncanny,2
actively,actively,1
design,design,7
vee,vee,1
envy,envy,6
cop,cop,1
las,las,2
worry,worry,13
stag,stag,4
distracted,distracted,1
born,born,6
honey,honey,5
interesting,interesting,5
bunch,bunch,13
achieve,achieve,3
sol,sol,1
crossover,crossover,3
type,type,10
confident,confident,2
pole,pole,2
dancing,dancing,2
split,split,3
killer,killer,7
pod,pod,1
amateur,amateur,1
quiet,quiet,2
took,took,2
hex,hex,1
girly,girly,1
friendly,friendly,4
reminder,reminder,5
wood,wood,1
attractive,attractive,4
tu,tu,2
ness,ness,1
amount,amount,9
core,core,1
portrait,portrait,1
ashamed,ashamed,15
tenth,tenth,1
arena,arena,4
gainer,gainer,2
crux,crux,1
outrageous,outrageous,1
clothing,clothing,1
married,married,1
wife,wife,5
dive,dive,2
mass,mass,1
noise,noise,6
shocker,shocker,1
react,react,1
grandma,grandma,1
tire,tire,3
confuse,confuse,2
found,found,4
moan,moan,3
inner,inner,3
chick,chick,1
technology,technology,3
workplace,workplace,3
unbox,unbox,1
presentation,presentation,1
mentally,mentally,1
watched,watched,5
tough,tough,3
heat,heat,1
statement,statement,17
fu,fu,4
merchandise,merchandise,2
controversy,controversy,9
near,near,5
hen,hen,1
hurt,hurt,7
chemical,chemical,2
romance,romance,3
important,important,15
guilty,guilty,8
appear,appear,4
runner,runner,1
lazy,lazy,2
upcoming,upcoming,2
highly,highly,4
ridicule,ridicule,1
obvious,obvious,7
pet,pet,3
peeve,peeve,1
fail,fail,1
miserably,miserably,3
wee,wee,1
sheer,sheer,1
coolness,coolness,1
fix,fix,1
wink,wink,1
roof,roof,1
likely,likely,4
logistics,logistics,1
temporarily,temporarily,7
unavailable,unavailable,8
media,media,9
policy,policy,7
catfish,catfish,2
depress,depress,2
basis,basis,3
speaker,speaker,3
beautifully,beautifully,3
hong,hong,1
skilled,skilled,1
whoever,whoever,4
mint,mint,1
standing,standing,1
brother,brother,8
review,review,6
request,request,2
dressing,dressing,1
third,third,4
owe,owe,6
validity,validity,1
avoid,avoid,3
cocaine,cocaine,48
presence,presence,6
tragedy,tragedy,4
cable,cable,3
car,car,2
ride,ride,6
dove,dove,2
po,po,1
resurgence,resurgence,1
arrangement,arrangement,1
sold,sold,1
bos,bos,2
contribution,contribution,3
unmatched,unmatched,1
jawbone,jawbone,1
corona,corona,2
tap,tap,3
sarcasm,sarcasm,2
elsewhere,elsewhere,1
vert,vert,1
simulation,simulation,2
tasteless,tasteless,2
mollie,mollie,1
strength,strength,3
shop,shop,3
ped,ped,1
ignorant,ignorant,6
retrograde,retrograde,1
apologize,apologize,39
shin,shin,2
speaking,speaking,5
seeing,seeing,4
electro,electro,3
velvet,velvet,2
boat,boat,1
sacred,sacred,1
mission,mission,2
accomplish,accomplish,1
husband,husband,2
lover,lover,3
fare,fare,2
stoicism,stoicism,1
television,television,2
arent,arent,1
feral,feral,1
spent,spent,3
large,large,2
undisclosed,undisclosed,1
bear,bear,2
stomp,stomp,1
remix,remix,3
ni,ni,1
na,na,2
island,island,2
york,york,6
lis,lis,4
aloof,aloof,1
eldest,eldest,1
al,al,7
region,region,2
business,business,7
working,working,2
regain,regain,1
adore,adore,5
developer,developer,1
chef,chef,1
acquire,acquire,1
swing,swing,1
associate,associate,2
form,form,9
melodic,melodic,1
church,church,1
implication,implication,1
te,te,3
engage,engage,2
diamond,diamond,1
dealer,dealer,1
conversation,conversation,4
proudly,proudly,1
map,map,1
secret,secret,3
electric,electric,2
food,food,2
prohibition,prohibition,1
browse,browse,1
jam,jam,1
forest,forest,1
automatic,automatic,3
lengthy,lengthy,2
united,united,5
kingdom,kingdom,4
eu,eu,7
average,average,1
staging,staging,2
nowadays,nowadays,3
indicative,indicative,1
congratulate,congratulate,6
peter,peter,1
sibling,sibling,1
angelic,angelic,1
nana,nana,1
wearing,wearing,2
properly,properly,6
mainly,mainly,3
unholy,unholy,1
reading,reading,1
depraved,depraved,1
rubbish,rubbish,3
badly,badly,3
prelude,prelude,1
society,society,5
innocent,innocent,5
stupidity,stupidity,1
deathly,deathly,1
condition,condition,2
negative,negative,98
conspiracy,conspiracy,2
genuinely,genuinely,3
clever,clever,2
ice,ice,1
bucket,bucket,1
delegation,delegation,5
sherlock,sherlock,1
yep,yep,13
thin,thin,3
detective,detective,1
snort,snort,25
bottom,bottom,5
low,low,3
raspy,raspy,2
discovery,discovery,4
represent,represent,2
worked,worked,1
annoy,annoy,3
bush,bush,1
drunk,drunk,3
verso,verso,1
favor,favor,3
equivalent,equivalent,2
dum,dum,1
hurricane,hurricane,4
interval,interval,3
performer,performer,5
berlin,berlin,4
applause,applause,2
melt,melt,2
orbit,orbit,1
glass,glass,22
grasp,grasp,2
natural,natural,4
unbelievable,unbelievable,9
disagree,disagree,3
excellence,excellence,1
musicianship,musicianship,2
meaning,meaning,5
traitor,traitor,1
brutal,brutal,2
impatient,impatient,1
joint,joint,2
heritage,heritage,1
plug,plug,4
wind,wind,1
watering,watering,1
prize,prize,2
hallway,hallway,1
unlocked,unlocked,2
sexual,sexual,3
tension,tension,1
meanwhile,meanwhile,2
escalate,escalate,2
comprehend,comprehend,3
wrestle,wrestle,1
twilight,twilight,1
led,led,2
ear,ear,1
melody,melody,2
bud,bud,1
local,local,4
unreal,unreal,3
normally,normally,1
contestant,contestant,4
rendition,rendition,1
normal,normal,5
sync,sync,1
simultaneously,simultaneously,1
ta,ta,2
hotness,hotness,1
handy,handy,1
wrestling,wrestling,1
id,id,3
party,party,6
previous,previous,4
brighten,brighten,1
judge,judge,7
cast,cast,1
gaze,gaze,1
progeny,progeny,1
trophy,trophy,4
ideally,ideally,1
staff,staff,6
ugly,ugly,4
contradiction,contradiction,1
dope,dope,3
cell,cell,2
fow,fow,1
movement,movement,4
guano,guano,1
charcoal,charcoal,1
orientation,orientation,2
broadcaster,broadcaster,6
click,click,5
rockish,rockish,1
inform,inform,2
unsee,unsee,2
finger,finger,4
knee,knee,2
green,green,37
muse,muse,7
celebration,celebration,5
sensitive,sensitive,2
holly,holly,3
jess,jess,1
guardian,guardian,3
dot,dot,2
population,population,3
moon,moon,5
fever,fever,4
blues,blues,1
cherry,cherry,2
agenda,agenda,3
page,page,6
stalk,stalk,1
commute,commute,2
infinitely,infinitely,3
park,park,4
citizenship,citizenship,1
concerto,concerto,1
extremely,extremely,4
urgent,urgent,1
build,build,2
pianist,pianist,1
disappointed,disappointed,3
fin,fin,2
net,net,5
slowly,slowly,3
tongue,tongue,1
lick,lick,2
transgress,transgress,1
revolution,revolution,1
tender,tender,1
piano,piano,2
tuner,tuner,1
comfortable,comfortable,1
company,company,1
japan,japan,1
grace,grace,1
entirely,entirely,1
difficult,difficult,5
wany,wany,1
worse,worse,3
left,left,2
nail,nail,1
crave,crave,4
rio,rio,1
blessing,blessing,1
pattern,pattern,1
trigger,trigger,2
strategy,strategy,5
admiration,admiration,1
fly,fly,3
dutch,dutch,12
lollipop,lollipop,1
freedom,freedom,2
clint,clint,1
generation,generation,1
suspend,suspend,2
idiot,idiot,6
traffic,traffic,4
wildly,wildly,2
elegant,elegant,1
praise,praise,1
brave,brave,1
wine,wine,2
delirium,delirium,1
sofa,sofa,1
basically,basically,6
gio,gio,1
analysis,analysis,3
lewis,lewis,1
plastic,plastic,1
argument,argument,1
yawn,yawn,1
checked,checked,2
angst,angst,3
breeze,breeze,1
buddy,buddy,2
hop,hop,1
withdraw,withdraw,1
bill,bill,3
woke,woke,3
ragamuffin,ragamuffin,1
relax,relax,3
admit,admit,8
feud,feud,1
settle,settle,1
lone,lone,1
used,used,4
accompany,accompany,1
behavior,behavior,2
fellow,fellow,3
ahoy,ahoy,3
chaos,chaos,3
freeze,freeze,1
ce,ce,3
ne,ne,5
astronaut,astronaut,1
throwing,throwing,2
jealously,jealously,1
thrive,thrive,2
stays,stays,1
slip,slip,1
slice,slice,2
promotion,promotion,1
machine,machine,2
robot,robot,1
glow,glow,3
margarine,margarine,1
willow,willow,1
desperate,desperate,1
creative,creative,2
sentiment,sentiment,1
sympathy,sympathy,1
apology,apology,29
steal,steal,4
barcelona,barcelona,5
whoa,whoa,2
nope,nope,6
higher,higher,2
republic,republic,2
weak,weak,3
moral,moral,1
hilarious,hilarious,4
abandon,abandon,2
expansive,expansive,1
faster,faster,2
sizzle,sizzle,1
legitimately,legitimately,1
inspired,inspired,1
baroque,baroque,1
project,project,1
riff,riff,2
stew,stew,2
nose,nose,9
piercing,piercing,1
defamation,defamation,9
corny,corny,1
buzz,buzz,3
joyful,joyful,1
turning,turning,1
volume,volume,3
champion,champion,2
loser,loser,5
formulate,formulate,1
sheep,sheep,1
killing,killing,1
noon,noon,1
realize,realize,7
immune,immune,1
treasure,treasure,3
cook,cook,3
undead,undead,2
horizon,horizon,2
engineer,engineer,1
pick,pick,4
ax,ax,2
wealth,wealth,1
affinity,affinity,1
probe,probe,1
le,le,2
intelligent,intelligent,1
scary,scary,3
logic,logic,2
spill,spill,2
officer,officer,1
trek,trek,2
gather,gather,1
stylish,stylish,2
surprise,surprise,4
shoe,shoe,1
quickie,quickie,1
sned,sned,1
crab,crab,1
nasty,nasty,2
incident,incident,5
lyrically,lyrically,1
comparison,comparison,2
according,according,2
reflect,reflect,2
site,site,2
market,market,4
insult,insult,6
insulting,insulting,1
entertainment,entertainment,3
practically,practically,1
destiny,destiny,2
darkness,darkness,2
alike,alike,3
utter,utter,1
surprising,surprising,2
secretly,secretly,1
bark,bark,5
woof,woof,6
grr,grr,1
appreciation,appreciation,7
underestimate,underestimate,2
offering,offering,2
salt,salt,1
sniff,sniff,14
occasion,occasion,4
ranger,ranger,1
adrift,adrift,1
organization,organization,2
disrespectful,disrespectful,3
representative,representative,1
consume,consume,2
lack,lack,2
respect,respect,6
postpone,postpone,1
privately,privately,1
sheet,sheet,1
author,author,1
starting,starting,1
salve,salve,1
winter,winter,1
oddly,oddly,1
intercourse,intercourse,1
reducing,reducing,1
stress,stress,2
serenity,serenity,1
amidst,amidst,1
clarify,clarify,1
issue,issue,11
debate,debate,10
whether,whether,6
skip,skip,7
comprise,comprise,1
phonetically,phonetically,1
none,none,5
report,report,4
bob,bob,3
sept,sept,1
explode,explode,2
sadness,sadness,1
target,target,1
discuss,discuss,1
ich,ich,1
bin,bin,1
unexpected,unexpected,1
connection,connection,1
euphoria,euphoria,1
godly,godly,1
midnight,midnight,3
genesis,genesis,1
extensively,extensively,1
utterly,utterly,4
vogue,vogue,1
poorly,poorly,4
merely,merely,2
seek,seek,3
added,added,1
journalist,journalist,7
objective,objective,1
unbiased,unbiased,1
drawing,drawing,1
watcher,watcher,1
newly,newly,1
daisy,daisy,1
yea,yea,3
equal,equal,2
surpass,surpass,1
overflow,overflow,1
agreed,agreed,3
transparent,transparent,3
wise,wise,2
deeply,deeply,2
rusty,rusty,2
rebel,rebel,1
li,li,1
unique,unique,10
entirety,entirety,1
coof,coof,4
loose,loose,3
rot,rot,1
chain,chain,1
awareness,awareness,1
gain,gain,3
religion,religion,1
infect,infect,1
hatred,hatred,2
braid,braid,1
transparently,transparently,1
throw,throw,11
false,false,25
treat,treat,2
agent,agent,1
posh,posh,1
bene,bene,5
combination,combination,2
prime,prime,3
shock,shock,10
modern,modern,2
bun,bun,1
yoga,yoga,3
meditation,meditation,1
thankful,thankful,3
coca,coca,1
cola,cola,1
season,season,6
haver,haver,1
enforce,enforce,1
tribute,tribute,2
appearance,appearance,2
joe,joe,1
recover,recover,2
thirst,thirst,4
scientific,scientific,1
publication,publication,1
implode,implode,2
musicality,musicality,1
evident,evident,1
mister,mister,1
enviable,enviable,1
maturity,maturity,1
juvenile,juvenile,1
snuck,snuck,1
ceiling,ceiling,1
frank,frank,5
response,response,3
prevent,prevent,4
palla,palla,1
colleague,colleague,1
rambling,rambling,1
tou,tou,2
fallen,fallen,1
template,template,1
han,han,1
leak,leak,1
belong,belong,1
invite,invite,5
disease,disease,1
careful,careful,3
identity,identity,2
crisis,crisis,3
interact,interact,3
awkward,awkward,3
pretentious,pretentious,3
cheating,cheating,1
afterwards,afterwards,1
meta,meta,1
feeling,feeling,5
fool,fool,5
slay,slay,2
bittersweet,bittersweet,1
diabolical,diabolical,1
detail,detail,2
definition,definition,5
delightful,delightful,1
rapid,rapid,1
glance,glance,1
tabloid,tabloid,2
fish,fish,1
chip,chip,1
frankly,frankly,2
bam,bam,1
galla,galla,1
aria,aria,1
credibility,credibility,1
tired,tired,2
impressive,impressive,2
unfounded,unfounded,4
believable,believable,2
mixed,mixed,4
streets,streets,2
rule,rule,4
shallow,shallow,1
idol,idol,2
populous,populous,1
loca,loca,1
range,range,1
fortunately,fortunately,1
envious,envious,7
positivity,positivity,2
optimization,optimization,1
participate,participate,6
garbage,garbage,1
translate,translate,6
genuine,genuine,2
bean,bean,1
bitter,bitter,6
immaculate,immaculate,1
tagged,tagged,2
regard,regard,5
spoke,spoke,2
eats,eats,1
tea,tea,3
within,within,4
traceable,traceable,1
urine,urine,1
whirl,whirl,1
acknowledge,acknowledge,3
wrongdoing,wrongdoing,2
advise,advise,1
plausible,plausible,1
anime,anime,2
uncensored,uncensored,3
footage,footage,6
investigation,investigation,2
variety,variety,2
loan,loan,1
verify,verify,2
earworm,earworm,1
award,award,3
mu,mu,1
wot,wot,1
laughing,laughing,1
community,community,4
hide,hide,3
easier,easier,1
serving,serving,1
dusk,dusk,1
dawn,dawn,1
parle,parle,1
rewrite,rewrite,1
eve,eve,1
height,height,2
strip,strip,1
bust,bust,1
choice,choice,2
times,times,2
stile,stile,1
suspect,suspect,3
went,went,2
reserve,reserve,1
extraordinarily,extraordinarily,1
customary,customary,1
campaign,campaign,3
targeted,targeted,1
happening,happening,5
ruling,ruling,1
choreography,choreography,1
villain,villain,1
origin,origin,2
redraw,redraw,1
gang,gang,1
bonus,bonus,1
doodle,doodle,2
yah,yah,1
roger,roger,1
premiere,premiere,1
police,police,3
ova,ova,1
erratum,erratum,1
addiction,addiction,1
dangerously,dangerously,1
contagious,contagious,2
supermarket,supermarket,1
needing,needing,1
terrible,terrible,4
speed,speed,2
typical,typical,2
nonetheless,nonetheless,1
carry,carry,7
stamen,stamen,1
behemoth,behemoth,1
lame,lame,1
embarrassing,embarrassing,3
weigh,weigh,1
certain,certain,7
accuse,accuse,28
storm,storm,3
bigger,bigger,1
falsely,falsely,4
extra,extra,6
chair,chair,1
itch,itch,1
invest,invest,1
knock,knock,3
furor,furor,1
catalogue,catalogue,1
petty,petty,7
screw,screw,1
fill,fill,3
gap,gap,1
valid,valid,3
cousin,cousin,1
bidet,bidet,4
dentist,dentist,1
straw,straw,5
memorize,memorize,1
subscription,subscription,1
action,action,5
forgive,forgive,1
horrible,horrible,6
genocide,genocide,2
monographic,monographic,2
baldy,baldy,1
swooning,swooning,1
trait,trait,3
gone,gone,2
meal,meal,1
rep,rep,2
childish,childish,1
maliciously,maliciously,1
combust,combust,3
introduce,introduce,1
zoom,zoom,1
collide,collide,2
picked,picked,1
fashionable,fashionable,1
classy,classy,1
ran,ran,1
mouthy,mouthy,1
morgan,morgan,1
cheesy,cheesy,2
glitter,glitter,2
scale,scale,1
freshen,freshen,1
absence,absence,2
ducking,ducking,1
distance,distance,10
satisfied,satisfied,3
bureaucracy,bureaucracy,1
sane,sane,1
ordered,ordered,1
splendid,splendid,1
yellow,yellow,2
fungus,fungus,1
handle,handle,3
defeat,defeat,8
disgusting,disgusting,3
bash,bash,1
rebellion,rebellion,1
dean,dean,1
declare,declare,1
approve,approve,1
six,six,1
goliath,goliath,1
toto,toto,1
muscle,muscle,1
memory,memory,2
celebrity,celebrity,1
furore,furore,2
speculation,speculation,22
macron,macron,1
communicate,communicate,1
corporate,corporate,1
fourth,fourth,1
distract,distract,2
soccer,soccer,1
affair,affair,2
gentilesse,gentilesse,1
memorable,memorable,1
snorting,snorting,2
hight,hight,1
monopoly,monopoly,1
rare,rare,4
correlate,correlate,1
differently,differently,1
revision,revision,1
pile,pile,1
rush,rush,1
evidence,evidence,3
intake,intake,1
lab,lab,1
debacle,debacle,1
dominant,dominant,1
unlucky,unlucky,1
angle,angle,2
yew,yew,1
transcend,transcend,2
sore,sore,12
mumble,mumble,1
jazz,jazz,1
shade,shade,1
cro,cro,1
meaningless,meaningless,2
establish,establish,1
lesson,lesson,5
humility,humility,1
conservative,conservative,2
rocker,rocker,2
publish,publish,1
profession,profession,1
sky,sky,2
limit,limit,2
reputation,reputation,3
ninth,ninth,1
globally,globally,1
eleven,eleven,1
suffice,suffice,1
ratio,ratio,1
raucous,raucous,1
galore,galore,1
entertain,entertain,2
spice,spice,1
assertive,assertive,1
laundry,laundry,1
reiterate,reiterate,1
enormous,enormous,2
prompt,prompt,1
allegation,allegation,4
widely,widely,2
remarkable,remarkable,1
mount,mount,1
reprisal,reprisal,1
nonsense,nonsense,3
saved,saved,1
oii,oii,1
moaning,moaning,1
system,system,9
spoken,spoken,2
interactive,interactive,1
martin,martin,2
brick,brick,1
matrix,matrix,1
stair,stair,1
trace,trace,3
hay,hay,1
rotten,rotten,1
complex,complex,1
looser,looser,2
zero,zero,8
deny,deny,1
vacuum,vacuum,5
blackjack,blackjack,1
hooker,hooker,1
boom,boom,2
subject,subject,2
honorary,honorary,1
came,came,1
cancel,cancel,1
disgrace,disgrace,1
trinity,trinity,1
chilling,chilling,1
ought,ought,1
stone,stone,1
wicked,wicked,1
bait,bait,2
squalid,squalid,1
polemic,polemic,13
noble,noble,1
greasy,greasy,2
resonate,resonate,1
trading,trading,1
revenant,revenant,1
snow,snow,2
happily,happily,2
musician,musician,1
bocca,bocca,1
dying,dying,2
defame,defame,6
heroic,heroic,1
correctness,correctness,1
stir,stir,2
wrongly,wrongly,1
jealousy,jealousy,1
rephrase,rephrase,1
bother,bother,2
wagon,wagon,1
depth,depth,3
journalism,journalism,4
reliable,reliable,1
minister,minister,4
stare,stare,4
definitive,definitive,1
stellar,stellar,3
inaccurate,inaccurate,12
trial,trial,3
offended,offended,1
dignity,dignity,8
suspicion,suspicion,1
legitimate,legitimate,1
instantly,instantly,2
gave,gave,1
citizen,citizen,2
conservatism,conservatism,1
tram,tram,1
bikini,bikini,2
malfunction,malfunction,2
showing,showing,2
shorts,shorts,2
racist,racist,3
trashy,trashy,2
possibility,possibility,2
defend,defend,2
knowledge,knowledge,1
flamboyant,flamboyant,1
academic,academic,1
vanish,vanish,1
magic,magic,3
orchestra,orchestra,2
ben,ben,1
rotation,rotation,1
depression,depression,1
persona,persona,1
term,term,1
outstanding,outstanding,2
folder,folder,1
bitterness,bitterness,1
secure,secure,2
pond,pond,1
fiat,fiat,1
covid,covid,4
rational,rational,1
closely,closely,1
nostalgic,nostalgic,1
ultra,ultra,1
socialist,socialist,1
ensure,ensure,1
overwatch,overwatch,1
awfully,awfully,1
proven,proven,9
loosing,loosing,1
percent,percent,1
unacceptable,unacceptable,2
humiliate,humiliate,3
diabetes,diabetes,2
nil,nil,1
holden,holden,2
magically,magically,1
preparation,preparation,1
beginning,beginning,5
outcome,outcome,11
unfairly,unfairly,10
affect,affect,13
alarmed,alarmed,13
tinder,tinder,1
passport,passport,1
plenty,plenty,1
gallery,gallery,1
ding,ding,1
dong,dong,1
usage,usage,1
embarrassment,embarrassment,1
conduct,conduct,2
irresponsible,irresponsible,1
claim,claim,2
reflection,reflection,1
compare,compare,5
yuh,yuh,1
misunderstand,misunderstand,2
initially,initially,1
accusation,accusation,13
slur,slur,2
disqualification,disqualification,4
arrogant,arrogant,2
succeed,succeed,2
follicle,follicle,1
inconclusive,inconclusive,1
conscious,conscious,1
sponsor,sponsor,1
terribly,terribly,2
rain,rain,2
pants,pants,1
accidentally,accidentally,1
fae,fae,1
mail,mail,2
liar,liar,1
nudge,nudge,3
fee,fee,1
napkin,napkin,2
difference,difference,11
graph,graph,2
vanity,vanity,1
glamour,glamour,1
quest,quest,1
authenticity,authenticity,2
rudeness,rudeness,1
offensive,offensive,1
tendency,tendency,1
thesis,thesis,1
aim,aim,2
distort,distort,1
swoon,swoon,1
zo,zo,1
unfollowing,unfollowing,1
delighted,delighted,1
resolve,resolve,3
platinum,platinum,4
foreskin,foreskin,1
generous,generous,1
swipe,swipe,5
awakening,awakening,1
debit,debit,1
chap,chap,1
musk,musk,1
branch,branch,1
wide,wide,2
queer,queer,7
visible,visible,1
dull,dull,1
theme,theme,1
smell,smell,1
specifically,specifically,1
demon,demon,1
remain,remain,2
silent,silent,3
confirmation,confirmation,1
theater,theater,5
rage,rage,1
wrath,wrath,2
objectively,objectively,1
building,building,1
thankfully,thankfully,2
fra,fra,2
astral,astral,1
projection,projection,1
guitarist,guitarist,3
publicity,publicity,1
cruel,cruel,2
binge,binge,1
wig,wig,1
fascist,fascist,2
hibernation,hibernation,1
loud,loud,3
spreading,spreading,2
eighth,eighth,1
seventh,seventh,1
mud,mud,4
abuser,abuser,1
minus,minus,1
rivalry,rivalry,1
dramatically,dramatically,1
voluntarily,voluntarily,7
unsuccessfully,unsuccessfully,2
discredit,discredit,2
blowout,blowout,1
phenomenon,phenomenon,2
whiny,whiny,1
solve,solve,1
sheltered,sheltered,1
lance,lance,2
trough,trough,1
whew,whew,1
acquainted,acquainted,1
clap,clap,1
van,van,1
hoe,hoe,2
het,het,2
ga,ga,1
spectator,spectator,1
humbly,humbly,1
exaggerated,exaggerated,1
automatically,automatically,1
cardboard,cardboard,1
dit,dit,1
bower,bower,2
crystal,crystal,2
prejudice,prejudice,3
evening,evening,2
thrill,thrill,1
thousand,thousand,2
management,management,1
binary,binary,1
thorough,thorough,1
impossible,impossible,3
tables,tables,1
filled,filled,1
bowls,bowls,1
alcoholic,alcoholic,1
basta,basta,2
heartfelt,heartfelt,1
democratic,democratic,1
marvelous,marvelous,2
courage,courage,3
publicly,publicly,6
subjective,subjective,1
pity,pity,3
value,value,1
intentional,intentional,2
skate,skate,1
spoil,spoil,2
vacancy,vacancy,1
imaginary,imaginary,1
stanza,stanza,1
pot,pot,1
disgusted,disgusted,3
sabe,sabe,1
lease,lease,1
dispute,dispute,1
cole,cole,1
glorious,glorious,2
reem,reem,1
sodding,sodding,1
library,library,1
immobile,immobile,1
pussy,pussy,1
mislead,mislead,2
amma,amma,1
mardy,mardy,2
diffide,diffide,1
disturb,disturb,1
trash,trash,3
panache,panache,1
bulb,bulb,1
bore,bore,4
county,county,1
boot,boot,1
powder,powder,2
maco,maco,1
awe,awe,1
cleaner,cleaner,3
dodge,dodge,2
eyesight,eyesight,1
grumpy,grumpy,1
refuse,refuse,1
swallow,swallow,2
apologetic,apologetic,1
retraction,retraction,1
libelous,libelous,1
headline,headline,1
surmise,surmise,1
algorithm,algorithm,2
adjust,adjust,1
accordingly,accordingly,1
occur,occur,2
land,land,5
millennial,millennial,1
pub,pub,1
negativity,negativity,1
politically,politically,1
sniffer,sniffer,1
motley,motley,1
disappoint,disappoint,2
unproven,unproven,1
charge,charge,2
medal,medal,1
subsequent,subsequent,1
provide,provide,5
conclusive,conclusive,1
delay,delay,1
decisive,decisive,1
replace,replace,1
ca,ca,3
craze,craze,1
magnificent,magnificent,1
shutdown,shutdown,1
contrary,contrary,2
caption,caption,3
hint,hint,1
popcorn,popcorn,1
junior,junior,1
solution,solution,1
typo,typo,1
aquiline,aquiline,1
vile,vile,2
vicious,vicious,1
disrepute,disrepute,1
plagiarism,plagiarism,1
unsportive,unsportive,1
taken,taken,2
chapeau,chapeau,1
boo,boo,2
miracle,miracle,1
birth,birth,1
slept,slept,1
sleepy,sleepy,2
sloppy,sloppy,1
miserable,miserable,3
measure,measure,1
fourteen,fourteen,1
injure,injure,1
sophisticated,sophisticated,1
overly,overly,1
tweeter,tweeter,1
tier,tier,1
flip,flip,1
bird,bird,1
harmful,harmful,2
homeland,homeland,1
nation,nation,3
collective,collective,1
affectionate,affectionate,1
jo,jo,1
grey,grey,1
anatomy,anatomy,1
zeppelin,zeppelin,1
telecaster,telecaster,1
coverage,coverage,2
blue,blue,3
tick,tick,1
noa,noa,1
lawyer,lawyer,3
exercise,exercise,3
motor,motor,2
development,development,2
affecting,affecting,1
aboard,aboard,1
preventive,preventive,5
postural,postural,2
corrective,corrective,2
method,method,1
flexibility,flexibility,1
loudly,loudly,2
rumor,rumor,6
said,said,1
effects,effects,1
endurance,endurance,1
fitness,fitness,3
senior,senior,1
weight,weight,3
maintain,maintain,1
hypertension,hypertension,1
pain,pain,3
asthma,asthma,1
obesity,obesity,1
nutritive,nutritive,2
diet,diet,1
nutrition,nutrition,1
ado,ado,1
economy,economy,1
justice,justice,2
dare,dare,3
tasty,tasty,1
smear,smear,3
written,written,1
goal,goal,2
stupidly,stupidly,1
sportsmanship,sportsmanship,1
therefore,therefore,1
plot,plot,1
twist,twist,1
considering,considering,1
subculture,subculture,1
sober,sober,1
restrain,restrain,1
casually,casually,1
mature,mature,11
senseless,senseless,9
intelligence,intelligence,10
gen,gen,2
embrace,embrace,2
charismatic,charismatic,3
aura,aura,1
merit,merit,1
boomer,boomer,2
corpse,corpse,1
patriotic,patriotic,1
treatment,treatment,3
michigan,michigan,1
pointless,pointless,2
pansexual,pansexual,1
tacky,tacky,1
unnecessary,unnecessary,1
footnote,footnote,1
thus,thus,3
stake,stake,1
dirt,dirt,1
handmade,handmade,1
network,network,1
dan,dan,1
directly,directly,1
magnesium,magnesium,1
fuss,fuss,4
exceptional,exceptional,1
grassing,grassing,1
spite,spite,1
trajectory,trajectory,1
dingdong,dingdong,1
behalf,behalf,1
reference,reference,1
innocence,innocence,1
scientifically,scientifically,1
romantic,romantic,1
filler,filler,1
spark,spark,2
blatant,blatant,1
ai,ai,1
flash,flash,1
defiant,defiant,1
cheeky,cheeky,1
furthest,furthest,1
condescend,condescend,1
judgment,judgment,1
eating,eating,1
snail,snail,1
throughout,throughout,1
definitively,definitively,1
tha,tha,1
gullible,gullible,1
er,er,1
herbal,herbal,1
dynamite,dynamite,1
assumed,assumed,1
riot,riot,1
slandering,slandering,1
excess,excess,1
adieu,adieu,1
pianissimo,pianissimo,1
fam,fam,2
drank,drank,1
supply,supply,1
champagne,champagne,1
wud,wud,1
skeptical,skeptical,1
prerogative,prerogative,1
spurious,spurious,1
dry,dry,1
wave,wave,1
lynch,lynch,1
mob,mob,4
vigilantism,vigilantism,1
mentality,mentality,2
seen,seen,1
pardon,pardon,1
brad,brad,1
stain,stain,1
lys,lys,1
hater,hater,2
mo,mo,1
invitation,invitation,1
install,install,1
snack,snack,1
involved,involved,2
rightfully,rightfully,1
gospel,gospel,1
relieved,relieved,1
diplomacy,diplomacy,1
supposedly,supposedly,2
defamatory,defamatory,1
fairly,fairly,1
racism,racism,1
disqualify,disqualify,2
smeared,smeared,1
hub,hub,1
formal,formal,2
rat,rat,3
adamant,adamant,1
north,north,2
wearer,wearer,1
crawl,crawl,1
dust,dust,2
dealt,dealt,1
baseless,baseless,3
revoke,revoke,1
gutter,gutter,1
sling,sling,1
chile,chile,1
surround,surround,1
synonymous,synonymous,1
seriousness,seriousness,1
disgraceful,disgraceful,1
badness,badness,1
nationality,nationality,1
conformist,conformist,1
hymn,hymn,1
uniqueness,uniqueness,1
chatter,chatter,1
upset,upset,2
inconsiderate,inconsiderate,1
mortify,mortify,1
foresee,foresee,1
colossal,colossal,1
teste,teste,1
tut,tut,2
scuse,scuse,1
closed,closed,1
unnecessarily,unnecessarily,1
rightful,rightful,1
responsibility,responsibility,1
scoop,scoop,1
rape,rape,1
fiancee,fiancee,1
independent,independent,1
tarnish,tarnish,1
brush,brush,3
heroin,heroin,1
mistook,mistook,1
wander,wander,1
acquittal,acquittal,1
implicit,implicit,1
law,law,1
talking,talking,5
patriotism,patriotism,1
slender,slender,1
prejudiced,prejudiced,1
fiercely,fiercely,1
tutti,tutti,2
jobless,jobless,1
gey,gey,1
malicious,malicious,2
eagle,eagle,1
purr,purr,1
polite,polite,1
needlessly,needlessly,1
bogus,bogus,1
burry,burry,1
square,square,4
demeanor,demeanor,1
denigrate,denigrate,1
fortissimo,fortissimo,1
cough,cough,2
voluntary,voluntary,2
pro,pro,1
technically,technically,2
loosen,loosen,1
tantrum,tantrum,1
porta,porta,1
enjoyment,enjoyment,1
manager,manager,1
unjust,unjust,1
nap,nap,1
experienced,experienced,1
dug,dug,1
shredder,shredder,1
baguette,baguette,1
os,os,1
infamous,infamous,1
immense,immense,1
superficial,superficial,2
deceive,deceive,1
requirement,requirement,1
thrown,thrown,1
await,await,1
unfortunate,unfortunate,1
conclude,conclude,1
imperia,imperia,1
ink,ink,1
glen,glen,2
luxurious,luxurious,1
rebrand,rebrand,1
enthusiastically,enthusiastically,1
promptly,promptly,1
cleaning,cleaning,1
clownery,clownery,1
fret,fret,1
degrade,degrade,1
purely,purely,2
file,file,1
lawsuit,lawsuit,1
president,president,2
suing,suing,1
lightly,lightly,1
hurtful,hurtful,2
consistent,consistent,1
dire,dire,1
accreditation,accreditation,1
ethically,ethically,1
selling,selling,1
attract,attract,1
boner,boner,1
fosse,fosse,1
insist,insist,1
criterion,criterion,1
entitlement,entitlement,1
spinning,spinning,1
rory,rory,1
preferential,preferential,3
qualification,qualification,2
historic,historic,1
majority,majority,1
qualify,qualify,1
robust,robust,1
offense,offense,1
tool,tool,3
hunt,hunt,1
distorted,distorted,1
popularity,popularity,2
booster,booster,1
boozer,boozer,1
nickname,nickname,1
peaky,peaky,2
communicating,communicating,1
trouser,trouser,2
shiny,shiny,1
whop,whop,1
west,west,1
adopt,adopt,1
forbid,forbid,1
accustom,accustom,1
greenroom,greenroom,1
fundamental,fundamental,1
stereotype,stereotype,3
insidious,insidious,2
ire,ire,1
archaic,archaic,1
topic,topic,2
horseman,horseman,1
commit,commit,1
arson,arson,1
manga,manga,1
ama,ama,1
cider,cider,1
retriever,retriever,1
dreadful,dreadful,1
creation,creation,3
firsthand,firsthand,1
illness,illness,1
disintegrate,disintegrate,1
partner,partner,1
filter,filter,1
various,various,1
ut,ut,1
arm,arm,2
rate,rate,1
swagger,swagger,1
tutorial,tutorial,3
sind,sind,1
fabulously,fabulously,1
product,product,3
pound,pound,1
museum,museum,1
ora,ora,1
ignorance,ignorance,1
perspective,perspective,2
criminally,criminally,1
worship,worship,1
outsider,outsider,1
gossip,gossip,1
massacre,massacre,1
authentic,authentic,1
dressed,dressed,1
bread,bread,2
semester,semester,1
alongside,alongside,2
nu,nu,1
nostalgia,nostalgia,1
specially,specially,1
underage,underage,1
bus,bus,1
watershed,watershed,1
placebo,placebo,1
elephant,elephant,3
concentrate,concentrate,1
busted,busted,1
shampoo,shampoo,1
seventeen,seventeen,1
virtual,virtual,1
fancy,fancy,3
argue,argue,1
craving,craving,1
blas,blas,1
comfort,comfort,2
previously,previously,1
imam,imam,1
door,door,1
warsaw,warsaw,1
millions,millions,1
historically,historically,1
theirselves,theirselves,1
greatness,greatness,1
bowl,bowl,1
toe,toe,1
deserving,deserving,2
falling,falling,1
donate,donate,2
kidney,kidney,1
derogatory,derogatory,2
parliament,parliament,1
seat,seat,1
fate,fate,1
realty,realty,1
moving,moving,1
obsess,obsess,1
defy,defy,1
norm,norm,1
bland,bland,1
manage,manage,2
photogenic,photogenic,1
strikingly,strikingly,1
vocation,vocation,1
urge,urge,1
letter,letter,1
loyal,loyal,1
rocky,rocky,1
horror,horror,1
abuse,abuse,1
scholarship,scholarship,1
suff,suff,1
sec,sec,1
guest,guest,3
cheese,cheese,1
ho,ho,1
eta,eta,1
stopped,stopped,2
mug,mug,1
eventual,eventual,1
bat,bat,1
opener,opener,1
interlude,interlude,1
creep,creep,8
expression,expression,1
ascend,ascend,1
older,older,1
counterfeit,counterfeit,1
crop,crop,1
twit,twit,1
trying,trying,1
undergo,undergo,4
critic,critic,1
consequence,consequence,1
heel,heel,1
evil,evil,1
booty,booty,1
license,license,1
fictional,fictional,1
there,there,1
cringe,cringe,3
bard,bard,1
dual,dual,1
service,service,1
gracious,gracious,1
misinformation,misinformation,1
gaslighting,gaslighting,1
suffer,suffer,1
dent,dent,1
dreamt,dreamt,1
congratulation,congratulation,2
justify,justify,1
tailor,tailor,1
relentless,relentless,3
dupe,dupe,1
bingo,bingo,1
crucify,crucify,1
rile,rile,1
manipulate,manipulate,1
criminal,criminal,2
desk,desk,1
trunk,trunk,2
stardom,stardom,1
uniter,uniter,1
differ,differ,1
office,office,1
unpronounceable,unpronounceable,1
ballad,ballad,1
tax,tax,1
dynamo,dynamo,1
guarantee,guarantee,1
hysteric,hysteric,1
valentine,valentine,1
es,es,1
feeding,feeding,1
bike,bike,1
captive,captive,1
prince,prince,1
heck,heck,1
founder,founder,1
faint,faint,1
argumentation,argumentation,1
stack,stack,1
gibberish,gibberish,1
painful,painful,1
dialogue,dialogue,1
divine,divine,2
sock,sock,1
warning,warning,1
volunteer,volunteer,1
git,git,1
molly,molly,1
youve,youve,1
shi,shi,1
demonstration,demonstration,1
lean,lean,1
instant,instant,1
assumption,assumption,1
childishly,childishly,1
pierced,pierced,1
mania,mania,1
cordial,cordial,1
greeting,greeting,1
particularly,particularly,2
reduce,reduce,1
despicable,despicable,1
forbidden,forbidden,1
sweetie,sweetie,1
carpet,carpet,2
dandruff,dandruff,1
encapsulate,encapsulate,1
inappropriate,inappropriate,1
terry,terry,1
hall,hall,1
divide,divide,1
paradise,paradise,1
landslide,landslide,1
onto,onto,1
wether,wether,1
rife,rife,1
benefit,benefit,1
dedication,dedication,1
plain,plain,1
bent,bent,2
elusive,elusive,1
preference,preference,1
upstairs,upstairs,1
correspondent,correspondent,1
yell,yell,1
passionately,passionately,1
photograph,photograph,1
lost,lost,1
theory,theory,2
debunk,debunk,1
singular,singular,1
error,error,1
nicotine,nicotine,1
allow,allow,3
empathize,empathize,1
farse,farse,1
conservatively,conservatively,1
prudently,prudently,1
alcohol,alcohol,1
compilation,compilation,1
tasted,tasted,1
pyramid,pyramid,1
mystery,mystery,1
formula,formula,1
cig,cig,1
tested,tested,1
individual,individual,1
deceitful,deceitful,1
virtue,virtue,1
sho,sho,1
reproduction,reproduction,1
strictly,strictly,1
rival,rival,1
naive,naive,1
strict,strict,1
censorship,censorship,1
competitor,competitor,1
crow,crow,1
soloist,soloist,1
production,production,1
diva,diva,1
engagement,engagement,1
devote,devote,1
dictator,dictator,1
gnaw,gnaw,1
crime,crime,2
dreary,dreary,1
election,election,1
grab,grab,1
bias,bias,1
destructive,destructive,1
element,element,1
necessary,necessary,1
imbecile,imbecile,1
patchy,patchy,1
woeful,woeful,1
caliber,caliber,1
oppose,oppose,1
reasonably,reasonably,1
bloke,bloke,1
pretended,pretended,1
parody,parody,1
tie,tie,1
stoned,stoned,1
visibly,visibly,1
elderly,elderly,1
suffering,suffering,1
patriarchal,patriarchal,1
unite,unite,1
culprit,culprit,1
enrich,enrich,1
aside,aside,1
fresh,fresh,1
energetic,energetic,2
humble,humble,1
earn,earn,1
heavens,heavens,1
privilege,privilege,1
denounce,denounce,2
havoc,havoc,2
disregard,disregard,1
leadership,leadership,1
aluminium,aluminium,1
spiteful,spiteful,1
figuratively,figuratively,2
tournament,tournament,1
touring,touring,2
musically,musically,1
twain,twain,1
keen,keen,1
bridge,bridge,1
accepted,accepted,1
fishy,fishy,1
hail,hail,1
comedy,comedy,1
scratch,scratch,2
arse,arse,2
pretend,pretend,1
tame,tame,1
battle,battle,1
switch,switch,1
wist,wist,1
possession,possession,1
immature,immature,2
nowhere,nowhere,1
ordinary,ordinary,1
thoughtful,thoughtful,1
blah,blah,2
substance,substance,1
lambert,lambert,1
duty,duty,1
denial,denial,1
discussion,discussion,1
blown,blown,1
crushed,crushed,1
kerrie,kerrie,1
speculative,speculative,1
impress,impress,1
former,former,1
ambassador,ambassador,1
catwalk,catwalk,1
earthquake,earthquake,1
pete,pete,1
dey,dey,1
neck,neck,1
gene,gene,1
hiss,hiss,1
collectively,collectively,1
saga,saga,1
veil,veil,1
exultance,exultance,1
nevertheless,nevertheless,1
depressed,depressed,1
parcel,parcel,2
visibility,visibility,1
wherever,wherever,1
moonshine,moonshine,1
advance,advance,1
quake,quake,1
municipality,municipality,1
training,training,1
tight,tight,1
fitting,fitting,1
flame,flame,1
cartoon,cartoon,1
harsh,harsh,1
referral,referral,1
fellowship,fellowship,1
supper,supper,1
