Id,Label,Count
feel,feel,43
weird,weird,8
almost,almost,11
like,like,193
music,music,88
seriously,seriously,7
really,really,97
something,something,66
wrong,wrong,8
taste,taste,8
leave,leave,18
happy,happy,71
think,think,105
thats,thats,15
sad,sad,24
know,know,105
please,please,142
always,always,32
stay,stay,13
funny,funny,4
never,never,61
forget,forget,6
wish,wish,13
best,best,50
song,song,107
get,get,206
top,top,111
country,country,24
anyone,anyone,14
worst,worst,2
bland,bland,2
unimpressive,unimpressive,1
thank,thank,151
u,u,243
hot,hot,38
love,love,268
learn,learn,26
new,new,101
stuff,stuff,20
teach,teach,3
start,start,24
play,play,11
bass,bass,3
would,would,82
either,either,8
nome,nome,3
padre,padre,3
first,first,27
drug,drug,6
proven,proven,1
already,already,46
rude,rude,6
build,build,3
friendship,friendship,2
half,half,9
present,present,2
performance,performance,11
bore,bore,1
ballad,ballad,2
ever,ever,26
free,free,29
add,add,12
ly,ly,2
beyond,beyond,3
year,year,42
amazing,amazing,31
whole,whole,21
band,band,63
see,see,119
big,big,36
future,future,31
bite,bite,4
back,back,26
ref,ref,3
model,model,8
de,de,14
look,look,83
good,good,105
wonder,wonder,8
else,else,14
stop,stop,53
even,even,71
urge,urge,1
need,need,111
front,front,2
hey,hey,29
die,die,8
hear,hear,18
cover,cover,31
made,made,7
noise,noise,1
paper,paper,4
smile,smile,12
one,one,122
could,could,43
club,club,3
ageless,ageless,1
pretty,pretty,56
stun,stun,3
hi,hi,24
beautiful,beautiful,49
many,many,24
make,make,129
edit,edit,12
barricade,barricade,1
day,day,77
pray,pray,3
storm,storm,6
life,life,25
nothing,nothing,11
hard,hard,25
come,come,78
rain,rain,1
washed,washed,1
right,right,71
watch,watch,29
flood,flood,1
run,run,9
take,take,65
hand,hand,7
mine,mine,11
save,save,9
name,name,15
fandom,fandom,17
give,give,57
want,want,104
blind,blind,4
channel,channel,5
tumbler,tumbler,1
stream,stream,48
single,single,20
singer,singer,10
thanks,thanks,68
without,without,16
grateful,grateful,2
met,met,3
gorgeous,gorgeous,24
together,together,23
maybe,maybe,19
drive,drive,4
til,til,2
morning,morning,7
light,light,3
alone,alone,4
middle,middle,1
night,night,11
man,man,17
swim,swim,2
till,till,5
scream,scream,7
cry,cry,38
hold,hold,8
arm,arm,2
tonight,tonight,10
army,army,35
ur,ur,59
crazy,crazy,18
way,way,57
incredible,incredible,12
much,much,119
precious,precious,2
kind,kind,11
stunning,stunning,5
anyways,anyways,5
beauty,beauty,11
wow,wow,39
queen,queen,25
sexy,sexy,9
people,people,74
everywhere,everywhere,6
tho,tho,26
say,say,86
yes,yes,89
time,time,92
carol,carol,2
brazil,brazil,7
cool,cool,37
agenda,agenda,1
sweet,sweet,6
ill,ill,4
anything,anything,24
fly,fly,4
mind,mind,16
bad,bad,33
sing,sing,15
drinking,drinking,1
delicious,delicious,2
red,red,10
wine,wine,2
ham,ham,1
tomato,tomato,2
imagine,imagine,16
well,well,89
win,win,24
fresh,fresh,2
hate,hate,12
dislike,dislike,2
lot,lot,34
problem,problem,4
insult,insult,1
listen,listen,77
south,south,5
away,away,10
awee,awee,1
hope,hope,40
everything,everything,43
exclusively,exclusively,1
collaboration,collaboration,9
go,go,124
show,show,22
yeah,yeah,36
ask,ask,15
appreciate,appreciate,6
past,past,4
god,god,27
gift,gift,4
slave,slave,57
e,e,73
do,do,19
us,us,23
content,content,5
album,album,92
perfection,perfection,2
actually,actually,31
fun,fun,8
gain,gain,2
great,great,31
little,little,19
bit,bit,12
aka,aka,6
loca,loca,4
lady,lady,12
range,range,3
daily,daily,10
definitely,definitely,13
posting,posting,2
today,today,40
turn,turn,10
z,z,2
b,b,7
meeting,meeting,1
president,president,2
office,office,6
expression,expression,2
hell,hell,15
butter,butter,47
lost,lost,2
cause,cause,30
smoke,smoke,10
number,number,19
important,important,4
decide,decide,14
translate,translate,6
p,p,3
x,x,42
chart,chart,56
official,official,18
popular,popular,10
also,also,61
radio,radio,22
literally,literally,48
room,room,2
photo,photo,5
birdie,birdie,2
world,world,60
competition,competition,4
try,try,38
active,active,1
social,social,3
medium,medium,4
pool,pool,2
work,work,46
deserve,deserve,42
rest,rest,7
happen,happen,21
bargain,bargain,1
bribe,bribe,1
swap,swap,1
sweepstake,sweepstake,1
football,football,1
random,random,2
meant,meant,2
chemistry,chemistry,1
find,find,31
ago,ago,16
bless,bless,11
display,display,1
delft,delft,1
wall,wall,2
picture,picture,6
enter,enter,6
last,last,48
recovery,recovery,1
victory,victory,4
hundred,hundred,1
defeat,defeat,1
orphan,orphan,1
f,f,11
change,change,8
opinion,opinion,8
overcome,overcome,2
oh,oh,44
forgot,forgot,4
post,post,23
local,local,2
tell,tell,33
old,old,26
guess,guess,17
favorite,favorite,13
twitter,twitter,16
verify,verify,1
account,account,19
blink,blink,1
job,job,10
hit,hit,18
eat,eat,5
banana,banana,1
wait,wait,83
release,release,17
order,order,68
live,live,69
talk,talk,31
bias,bias,2
restock,restock,65
cannot,cannot,9
anywhere,anywhere,1
absolutely,absolutely,12
sell,sell,67
expand,expand,1
welcome,welcome,13
join,join,5
chat,chat,6
cest,cest,2
dear,dear,6
pure,pure,4
art,art,18
puzzle,puzzle,1
fit,fit,11
follow,follow,30
link,link,17
shirt,shirt,46
via,via,138
style,style,6
let,let,49
rise,rise,5
smash,smash,3
use,use,35
remix,remix,3
bomb,bomb,1
enjoy,enjoy,11
wear,wear,8
contest,contest,16
set,set,9
state,state,2
commercial,commercial,2
shame,shame,3
w,w,8
podium,podium,1
vent,vent,11
cheer,cheer,3
listening,listening,14
inspired,inspired,5
aesthetic,aesthetic,2
cant,cant,17
tour,tour,35
actual,actual,3
mostly,mostly,3
believe,believe,5
rarely,rarely,1
less,less,8
interest,interest,13
apart,apart,3
industry,industry,13
support,support,9
peak,peak,8
become,become,15
second,second,16
waiting,waiting,7
barcelona,barcelona,6
rock,rock,94
dead,dead,4
week,week,45
totally,totally,5
hook,hook,2
visit,visit,2
video,video,33
therapy,therapy,1
officially,officially,3
history,history,2
million,million,8
monthly,monthly,4
laura,laura,1
worry,worry,4
exhaust,exhaust,1
care,care,16
wee,wee,1
miss,miss,13
relive,relive,1
dog,dog,2
another,another,19
going,going,2
shipping,shipping,66
press,press,3
pearl,pearl,1
still,still,81
fire,fire,8
th,th,3
power,power,22
bottom,bottom,4
two,two,36
trend,trend,2
truly,truly,7
perfectly,perfectly,2
lovely,lovely,6
switch,switch,2
beat,beat,4
age,age,4
kiss,kiss,5
n,n,29
roll,roll,33
head,head,12
energy,energy,8
pope,pope,1
bowie,bowie,1
concert,concert,9
husband,husband,2
pop,pop,24
fill,fill,1
exactly,exactly,27
heart,heart,22
finally,finally,28
reaction,reaction,14
graham,graham,10
bust,bust,2
full,full,15
body,body,5
luck,luck,6
famous,famous,4
argue,argue,1
h,h,4
finland,finland,7
viral,viral,10
talent,talent,10
sure,sure,17
higher,higher,2
useful,useful,3
progress,progress,2
cute,cute,18
monster,monster,6
next,next,34
question,question,8
traduction,traduction,1
baby,baby,8
high,high,19
far,far,18
ahead,ahead,1
street,street,4
stage,stage,6
shake,shake,2
laugh,laugh,1
dire,dire,1
rely,rely,1
provide,provide,3
domination,domination,28
keep,keep,32
rocking,rocking,2
whilst,whilst,2
level,level,2
load,load,3
rip,rip,5
sample,sample,1
dance,dance,5
dam,dam,2
list,list,32
tweet,tweet,19
la,la,11
whether,whether,5
point,point,10
success,success,10
fact,fact,17
true,true,28
moreover,moreover,1
inspire,inspire,5
since,since,29
everyday,everyday,2
mean,mean,26
language,language,14
universal,universal,2
ambassador,ambassador,2
spread,spread,6
message,message,6
frequency,frequency,2
especially,especially,9
moment,moment,13
may,may,15
put,put,15
eye,eye,2
belive,belive,2
upon,upon,2
travel,travel,5
might,might,12
ex,ex,2
suppose,suppose,1
dont,dont,23
afternoon,afternoon,3
modern,modern,2
era,era,10
challenge,challenge,2
breakout,breakout,1
internationally,internationally,1
joey,joey,1
fan,fan,26
watching,watching,1
vale,vale,1
perfect,perfect,9
choose,choose,5
third,third,1
place,place,7
vol,vol,15
usually,usually,6
political,political,1
temporarily,temporarily,4
huge,huge,7
international,international,10
fall,fall,5
mark,mark,2
introduce,introduce,4
stupid,stupid,6
control,control,4
plan,plan,6
young,young,11
bill,bill,2
bitch,bitch,5
homework,homework,1
record,record,5
masterpiece,masterpiece,5
cutie,cutie,4
hotel,hotel,2
accusation,accusation,4
plagiarism,plagiarism,1
standard,standard,2
riff,riff,1
dutch,dutch,4
tired,tired,1
learning,learning,5
mercy,mercy,4
possibly,possibly,1
screw,screw,2
size,size,46
buy,buy,57
bag,bag,6
yet,yet,19
soon,soon,28
glad,glad,17
long,long,17
oki,oki,1
personality,personality,1
trait,trait,1
somewhere,somewhere,4
draw,draw,18
faster,faster,1
pin,pin,1
mention,mention,2
friend,friend,6
sorry,sorry,28
push,push,3
voice,voice,26
hello,hello,15
comet,comet,1
across,across,1
sky,sky,3
si,si,8
shut,shut,8
thought,thought,9
doesnt,doesnt,2
impress,impress,1
fame,fame,3
remember,remember,6
enormous,enormous,1
amount,amount,7
script,script,1
ugh,ugh,7
chosen,chosen,3
mirror,mirror,5
villa,villa,1
survive,survive,1
boy,boy,14
completely,completely,6
understandable,understandable,1
greedy,greedy,2
print,print,6
custom,custom,3
brilliant,brilliant,5
aswell,aswell,1
eternity,eternity,1
finish,finish,5
giveaway,giveaway,4
part,part,11
topic,topic,1
page,page,5
florence,florence,1
philosophy,philosophy,1
open,open,5
text,text,1
thing,thing,26
sound,sound,8
soul,soul,11
answer,answer,7
harry,harry,4
interesting,interesting,15
different,different,17
sticker,sticker,8
fake,fake,5
saw,saw,19
real,real,14
kill,kill,5
obviously,obviously,2
brand,brand,5
deep,deep,4
inside,inside,3
joke,joke,8
stroke,stroke,1
book,book,9
coke,coke,2
tomorrow,tomorrow,11
bae,bae,1
quite,quite,4
hooked,hooked,3
current,current,3
obsession,obsession,11
instead,instead,6
interested,interested,3
host,host,3
whatever,whatever,10
prefer,prefer,4
colored,colored,1
talented,talented,17
looking,looking,3
teeth,teeth,2
arch,arch,1
recognition,recognition,4
guy,guy,4
tommy,tommy,1
discover,discover,6
winner,winner,10
diverse,diverse,2
every,every,27
piece,piece,2
unique,unique,2
marked,marked,1
guitar,guitar,6
check,check,28
reason,reason,9
exist,exist,1
everybody,everybody,4
super,super,7
creator,creator,1
depress,depress,1
react,react,3
late,late,24
rule,rule,1
version,version,11
singable,singable,1
translation,translation,5
basically,basically,4
advice,advice,1
genre,genre,1
end,end,22
thread,thread,7
superior,superior,2
maria,maria,1
girl,girl,14
begin,begin,3
water,water,4
awesome,awesome,16
deserved,deserved,11
simply,simply,4
study,study,5
speak,speak,14
fail,fail,3
test,test,8
spend,spend,14
recently,recently,4
fell,fell,6
darkling,darkling,1
amaze,amaze,27
difficult,difficult,1
copycat,copycat,1
original,original,3
iconic,iconic,6
milk,milk,3
worth,worth,12
create,create,3
clean,clean,1
broadcast,broadcast,2
ground,ground,1
unusual,unusual,1
everyone,everyone,42
besides,besides,2
edition,edition,4
slay,slay,1
goliath,goliath,6
click,click,3
weekend,weekend,4
holy,holy,7
owner,owner,1
hopefully,hopefully,4
quick,quick,6
fast,fast,19
merch,merch,180
slightly,slightly,1
knowing,knowing,2
r,r,13
avid,avid,1
turkey,turkey,3
cure,cure,3
depression,depression,3
oil,oil,5
brush,brush,1
pencil,pencil,1
wanting,wanting,1
hearing,hearing,3
twice,twice,4
german,german,6
insane,insane,7
someone,someone,20
group,group,13
impossible,impossible,4
huh,huh,9
bait,bait,1
smiler,smiler,1
recent,recent,6
reveal,reveal,3
singles,singles,4
men,men,6
collection,collection,2
percent,percent,1
item,item,3
cash,cash,1
delivery,delivery,5
deliver,deliver,2
score,score,1
lead,lead,10
entry,entry,4
inspiration,inspiration,5
animal,animal,1
wolf,wolf,1
similar,similar,5
mood,mood,15
unstoppable,unstoppable,1
hurry,hurry,1
receive,receive,6
perform,perform,6
mother,mother,8
update,update,2
carve,carve,1
marker,marker,1
act,act,7
amen,amen,2
remind,remind,3
feat,feat,12
dream,dream,13
usual,usual,5
manager,manager,1
tip,tip,1
tien,tien,1
vote,vote,13
three,three,7
low,low,11
percentage,percentage,1
relative,relative,1
total,total,2
cost,cost,11
money,money,44
studio,studio,9
hug,hug,6
chili,chili,5
cyrus,cyrus,14
classic,classic,3
forever,forever,7
glam,glam,3
battery,battery,1
afraid,afraid,3
feeling,feeling,3
zone,zone,1
surely,surely,2
occupation,occupation,1
neighborhood,neighborhood,1
excellence,excellence,1
idea,idea,3
tease,tease,1
disappointed,disappointed,2
outsell,outsell,2
saying,saying,2
tank,tank,5
drake,drake,1
petition,petition,13
becomes,becomes,2
consecutive,consecutive,4
game,game,2
artist,artist,11
door,door,2
face,face,4
excited,excited,6
rush,rush,1
trip,trip,3
home,home,8
manifest,manifest,5
nice,nice,12
honestly,honestly,10
community,community,2
short,short,3
space,space,1
sense,sense,5
family,family,8
strong,strong,7
adorable,adorable,2
sister,sister,5
help,help,28
expect,expect,6
participant,participant,1
heck,heck,1
enough,enough,14
behavior,behavior,2
phone,phone,3
handle,handle,2
write,write,27
sneaky,sneaky,1
reference,reference,2
ditto,ditto,1
send,send,10
note,note,2
directly,directly,2
behind,behind,3
lamb,lamb,1
transform,transform,1
story,story,11
news,news,6
mode,mode,1
audacity,audacity,2
attack,attack,2
gurl,gurl,2
saint,saint,1
attention,attention,4
compete,compete,1
whats,whats,3
sniff,sniff,1
accord,accord,1
riley,riley,1
somehow,somehow,2
copy,copy,3
paste,paste,1
able,able,18
sweater,sweater,78
soft,soft,1
shush,shush,1
pride,pride,16
saga,saga,1
beloved,beloved,2
pay,pay,21
team,team,1
daddy,daddy,3
hoodie,hoodie,27
carl,carl,1
brave,brave,1
playback,playback,2
anyway,anyway,8
cheesy,cheesy,2
chance,chance,6
gone,gone,1
shaw,shaw,1
puppet,puppet,3
string,string,1
nowadays,nowadays,1
weekly,weekly,1
mad,mad,7
grow,grow,6
unbelievable,unbelievable,4
various,various,2
barmy,barmy,1
matching,matching,3
apparently,apparently,3
brother,brother,2
sometimes,sometimes,7
four,four,4
exchange,exchange,1
publicity,publicity,1
refund,refund,1
spill,spill,4
pathetic,pathetic,4
embarrass,embarrass,7
sore,sore,1
loser,loser,1
fear,fear,2
nobody,nobody,5
later,later,3
musical,musical,2
planet,planet,2
winning,winning,6
award,award,2
con,con,4
probably,probably,15
break,break,29
dare,dare,4
morgan,morgan,1
somebody,somebody,2
immediately,immediately,3
got,got,23
better,better,5
ye,ye,1
min,min,7
roomie,roomie,1
surprise,surprise,3
waw,waw,1
waterfall,waterfall,2
sour,sour,19
freeze,freeze,3
reprise,reprise,3
tought,tought,2
session,session,3
darling,darling,1
drawing,drawing,4
sicken,sicken,1
perhaps,perhaps,1
factor,factor,1
minor,minor,1
emotional,emotional,3
tag,tag,14
curiosity,curiosity,1
pleasantly,pleasantly,2
authentic,authentic,1
include,include,5
due,due,1
gnaw,gnaw,1
aside,aside,3
crime,crime,5
blessing,blessing,2
dude,dude,8
sick,sick,7
though,though,25
conservative,conservative,1
capital,capital,1
outfit,outfit,6
embody,embody,1
gender,gender,3
non,non,5
conformity,conformity,1
member,member,6
however,however,1
none,none,2
leather,leather,2
trouser,trouser,2
nearly,nearly,2
corset,corset,1
service,service,2
shock,shock,1
discovery,discovery,5
reverse,reverse,1
match,match,2
dethrone,dethrone,1
euphoria,euphoria,1
dark,dark,2
alter,alter,1
ego,ego,1
sort,sort,1
guitarist,guitarist,2
following,following,2
electric,electric,4
rap,rap,3
technically,technically,1
diss,diss,1
track,track,11
understand,understand,22
definition,definition,3
bean,bean,1
article,article,2
count,count,8
spontaneously,spontaneously,1
brain,brain,1
blue,blue,3
angelic,angelic,2
web,web,1
buddy,buddy,3
course,course,9
wondering,wondering,2
feasible,feasible,1
wap,wap,1
effect,effect,2
regard,regard,1
mail,mail,3
likely,likely,2
drummer,drummer,2
walk,walk,3
bisexual,bisexual,3
bye,bye,7
whew,whew,1
advocate,advocate,1
activist,activist,1
fashion,fashion,7
designer,designer,2
movement,movement,1
truth,truth,4
matter,matter,2
summer,summer,5
exclusive,exclusive,2
yo,yo,5
special,special,4
mission,mission,2
pic,pic,3
celebrity,celebrity,1
crush,crush,7
reconsider,reconsider,1
around,around,10
fully,fully,1
focus,focus,5
teen,teen,1
musician,musician,1
fluent,fluent,3
dangerous,dangerous,1
seemingly,seemingly,2
fantasy,fantasy,1
close,close,5
didnt,didnt,7
flip,flip,1
presence,presence,2
eastern,eastern,1
hemisphere,hemisphere,2
eventually,eventually,1
western,western,4
peace,peace,2
l,l,8
theyre,theyre,3
absolute,absolute,5
meet,meet,7
corpse,corpse,3
resident,resident,2
evil,evil,2
seen,seen,1
person,person,11
horror,horror,1
swear,swear,7
genuinely,genuinely,2
adore,adore,3
revolution,revolution,1
havent,havent,2
marry,marry,7
couple,couple,6
combination,combination,2
used,used,3
religiously,religiously,1
black,black,9
wise,wise,1
jury,jury,4
public,public,2
career,career,1
raga,raga,2
choice,choice,7
respond,respond,1
badly,badly,3
agree,agree,6
fantastic,fantastic,4
interview,interview,7
classy,classy,1
father,father,1
whereas,whereas,1
among,among,5
admit,admit,1
hypnotic,hypnotic,1
addict,addict,2
da,da,6
palace,palace,1
move,move,3
onto,onto,2
canny,canny,1
cat,cat,2
step,step,2
yea,yea,4
breath,breath,2
devil,devil,2
redemption,redemption,4
per,per,6
chi,chi,2
ce,ce,1
lo,lo,1
ha,ha,3
correspond,correspond,1
cosmic,cosmic,1
business,business,1
em,em,5
shot,shot,1
japan,japan,3
popularity,popularity,1
share,share,8
native,native,3
shy,shy,8
mysterious,mysterious,1
reply,reply,4
lily,lily,1
angel,angel,1
racism,racism,1
sob,sob,1
genuine,genuine,1
despite,despite,3
global,global,16
ascent,ascent,1
humble,humble,1
rhythm,rhythm,1
vogue,vogue,3
unappreciated,unappreciated,1
appreciation,appreciation,2
sleep,sleep,4
yesterday,yesterday,8
nope,nope,1
stock,stock,7
sanders,sanders,1
clothes,clothes,1
white,white,10
thinking,thinking,3
braveness,braveness,1
iceland,iceland,1
canada,canada,9
engagement,engagement,1
ten,ten,4
base,base,5
rank,rank,1
telephone,telephone,1
lower,lower,4
wife,wife,2
accept,accept,5
blonde,blonde,1
search,search,4
slow,slow,2
attempt,attempt,2
opening,opening,1
otherwise,otherwise,4
paint,paint,6
merchandise,merchandise,6
phrase,phrase,1
color,color,4
tote,tote,6
word,word,7
shop,shop,6
promotion,promotion,3
profile,profile,3
scoop,scoop,1
strut,strut,1
hallway,hallway,1
waking,waking,1
desperate,desperate,4
hunt,hunt,1
forgotten,forgotten,1
grade,grade,2
billboard,billboard,3
bloke,bloke,1
foreign,foreign,2
practice,practice,1
communicate,communicate,1
dissect,dissect,1
appeal,appeal,1
specifically,specifically,2
sketch,sketch,5
expertly,expertly,1
charisma,charisma,1
establish,establish,2
connection,connection,3
audience,audience,2
difference,difference,3
smoking,smoking,1
shape,shape,1
box,box,1
ya,ya,6
wallpaper,wallpaper,1
making,making,6
dying,dying,2
elite,elite,1
chose,chose,1
conform,conform,1
consensus,consensus,1
odd,odd,1
flash,flash,1
forward,forward,2
funky,funky,2
blow,blow,1
romance,romance,2
circle,circle,3
dramatic,dramatic,5
least,least,24
security,security,1
sh,sh,2
bet,bet,4
bloody,bloody,3
legal,legal,3
mural,mural,2
ship,ship,49
price,price,11
alongside,alongside,1
rave,rave,1
according,according,1
unbeaten,unbeaten,1
table,table,1
tennis,tennis,1
delegation,delegation,1
desperately,desperately,1
serious,serious,3
explain,explain,14
scene,scene,3
russia,russia,5
cent,cent,1
outside,outside,4
excite,excite,6
stuck,stuck,1
wild,wild,4
near,near,3
c,c,5
gay,gay,5
as,as,9
actor,actor,2
resemblance,resemblance,1
tagged,tagged,2
exact,exact,1
wonderful,wonderful,1
limit,limit,1
throw,throw,2
woman,woman,3
define,define,2
delete,delete,3
formal,formal,1
medicine,medicine,1
babe,babe,2
pine,pine,1
transition,transition,1
illegal,illegal,1
rent,rent,3
killer,killer,2
convince,convince,2
epic,epic,2
crack,crack,3
supportive,supportive,1
king,king,38
exclamation,exclamation,1
express,express,3
situation,situation,1
positive,positive,4
asleep,asleep,4
understatement,understatement,1
powerful,powerful,6
attach,attach,1
ass,ass,2
eh,eh,1
craziness,craziness,1
deserving,deserving,1
scam,scam,3
routine,routine,1
upcoming,upcoming,2
continue,continue,1
climb,climb,2
air,air,3
logically,logically,2
volume,volume,2
consume,consume,1
fee,fee,2
lie,lie,3
clearly,clearly,4
wind,wind,1
stole,stole,2
vendetta,vendetta,1
plastic,plastic,2
hearts,hearts,1
manifestation,manifestation,1
key,key,2
che,che,6
concept,concept,1
repeat,repeat,10
caroline,caroline,2
parole,parole,3
skin,skin,4
confirm,confirm,2
date,date,3
racist,racist,1
chick,chick,1
pandemic,pandemic,2
obsessive,obsessive,1
row,row,1
di,di,6
legit,legit,4
glass,glass,2
collapse,collapse,2
board,board,2
banger,banger,4
conference,conference,1
serve,serve,1
must,must,8
call,call,13
glow,glow,1
upset,upset,1
context,context,1
meaning,meaning,2
towards,towards,1
ready,ready,12
coming,coming,3
io,io,3
finding,finding,1
bop,bop,5
arent,arent,2
final,final,5
corner,corner,3
pig,pig,1
response,response,2
cease,cease,1
gesture,gesture,1
melt,melt,1
instant,instant,2
possessing,possessing,1
trading,trading,1
cocaine,cocaine,2
heroin,heroin,1
therefore,therefore,2
possession,possession,1
maximum,maximum,1
gram,gram,1
yas,yas,3
beg,beg,6
death,death,2
emergency,emergency,1
riot,riot,1
screaming,screaming,2
toto,toto,1
dose,dose,1
road,road,3
congratulation,congratulation,1
agust,agust,147
shady,shady,2
conflict,conflict,1
favoring,favoring,1
plant,plant,5
ai,ai,2
malfunction,malfunction,1
sincerely,sincerely,3
told,told,2
guest,guest,1
bring,bring,6
casually,casually,3
truck,truck,1
unbelievably,unbelievably,1
polish,polish,2
someday,someday,1
al,al,1
grand,grand,3
cordially,cordially,1
dinner,dinner,2
party,party,4
invite,invite,2
consider,consider,1
emotion,emotion,1
spreading,spreading,1
misinformation,misinformation,1
sign,sign,4
scenario,scenario,1
review,review,3
catch,catch,11
experience,experience,4
specific,specific,2
hour,hour,7
tune,tune,1
seem,seem,3
pick,pick,4
kick,kick,1
loudly,loudly,1
printable,printable,1
penny,penny,1
scrap,scrap,1
star,star,2
chaos,chaos,2
chapter,chapter,2
exodus,exodus,2
type,type,3
lyric,lyric,1
melody,melody,1
tone,tone,1
twist,twist,2
miscarriage,miscarriage,1
caption,caption,1
cope,cope,1
stand,stand,3
correct,correct,5
withdraw,withdraw,1
comment,comment,7
offer,offer,1
sincere,sincere,1
gentleman,gentleman,1
mill,mill,1
connect,connect,6
demographic,demographic,1
shooting,shooting,1
dine,dine,1
blast,blast,1
lunch,lunch,3
sidewalk,sidewalk,1
knew,knew,3
loving,loving,2
warning,warning,1
gig,gig,2
television,television,2
ordinary,ordinary,1
straight,straight,5
conquer,conquer,1
portrait,portrait,2
earn,earn,3
translucent,translucent,1
currently,currently,5
tango,tango,1
smith,smith,1
touch,touch,7
eccentric,eccentric,2
vinyl,vinyl,5
en,en,5
mask,mask,1
sex,sex,2
lucky,lucky,8
human,human,2
handsome,handsome,2
baron,baron,1
k,k,6
fellow,fellow,1
ped,ped,1
enjoyable,enjoyable,1
apple,apple,5
sit,sit,12
gasp,gasp,1
entire,entire,5
discography,discography,3
relate,relate,3
empty,empty,2
bar,bar,2
minute,minute,6
former,former,1
apartment,apartment,1
drop,drop,42
tutorial,tutorial,1
bracelet,bracelet,1
gentleness,gentleness,1
passion,passion,1
wheelhouse,wheelhouse,1
simp,simp,1
festival,festival,1
gen,gen,4
j,j,2
extremely,extremely,1
rotation,rotation,2
announce,announce,8
bullying,bullying,1
included,included,1
whip,whip,2
seat,seat,1
nearby,nearby,1
eating,eating,1
newly,newly,1
crown,crown,2
reminder,reminder,2
thingy,thingy,1
cue,cue,1
unsee,unsee,1
unhealthy,unhealthy,1
ah,ah,4
criminal,criminal,1
royalty,royalty,1
education,education,1
recognize,recognize,1
process,process,2
rough,rough,4
saxophone,saxophone,1
decent,decent,3
republic,republic,1
horizon,horizon,1
overwhelm,overwhelm,1
comfortable,comfortable,1
dysphoria,dysphoria,1
explore,explore,2
national,national,1
timeless,timeless,1
ice,ice,2
cream,cream,2
parlor,parlor,1
wellington,wellington,1
cone,cone,1
nine,nine,1
promote,promote,4
city,city,4
charismatic,charismatic,1
evening,evening,1
master,master,1
gangster,gangster,2
un,un,3
august,august,13
unreleased,unreleased,1
woke,woke,2
shipment,shipment,3
month,month,22
birthday,birthday,6
june,june,1
cult,cult,1
singing,singing,2
writing,writing,2
renaissance,renaissance,2
irony,irony,1
ire,ire,1
flex,flex,4
dress,dress,1
fine,fine,9
cod,cod,1
damn,damn,17
company,company,12
automatically,automatically,1
boss,boss,3
bigger,bigger,1
illustration,illustration,1
pen,pen,1
carry,carry,1
digital,digital,3
limited,limited,1
ga,ga,1
package,package,2
golden,golden,2
trio,trio,1
warm,warm,3
frantically,frantically,1
chill,chill,3
legend,legend,5
ratio,ratio,1
xenophobia,xenophobia,1
bang,bang,1
immobile,immobile,1
dozen,dozen,1
suck,suck,2
cozy,cozy,69
portal,portal,1
taunt,taunt,1
line,line,3
meditation,meditation,1
rate,rate,2
self,self,9
pressure,pressure,1
acceptable,acceptable,1
pain,pain,6
cop,cop,4
handmade,handmade,39
knitted,knitted,39
mohair,mohair,39
silk,silk,39
infinity,infinity,39
scarf,scarf,39
nirvana,nirvana,1
manga,manga,1
glory,glory,1
comeback,comeback,2
justice,justice,17
wont,wont,5
drunk,drunk,1
theres,theres,1
admire,admire,1
duet,duet,1
curious,curious,3
neighbor,neighbor,1
nowhere,nowhere,9
disappoint,disappoint,1
aw,aw,2
promise,promise,1
meat,meat,2
prepared,prepared,1
unchained,unchained,1
invisible,invisible,1
um,um,9
ladies,ladies,3
led,led,1
quality,quality,8
wore,wore,3
expensive,expensive,21
alight,alight,1
airdrop,airdrop,2
gold,gold,3
understood,understood,1
whoa,whoa,1
sneak,sneak,1
noa,noa,1
flirt,flirt,1
treat,treat,3
hesitate,hesitate,1
impressive,impressive,3
urgency,urgency,1
v,v,3
qua,qua,1
fa,fa,1
goose,goose,1
bos,bos,3
peek,peek,1
boo,boo,2
resort,resort,1
complex,complex,1
awful,awful,3
address,address,2
pronounce,pronounce,1
clear,clear,4
dive,dive,1
denial,denial,1
garden,garden,1
transparent,transparent,1
undressed,undressed,1
bulge,bulge,1
event,event,2
careless,careless,1
punk,punk,2
rebel,rebel,1
vampire,vampire,1
anniversary,anniversary,2
tear,tear,2
sauce,sauce,1
pizza,pizza,1
citizen,citizen,2
ruin,ruin,5
teamwork,teamwork,1
sigh,sigh,5
cut,cut,1
approachable,approachable,1
frat,frat,1
stalk,stalk,2
panic,panic,5
mammy,mammy,1
sync,sync,1
premiere,premiere,1
magic,magic,2
individual,individual,1
nostalgia,nostalgia,19
season,season,7
scaled,scaled,16
icy,icy,17
el,el,8
drain,drain,1
gang,gang,1
camera,camera,1
trouble,trouble,1
loud,loud,2
brilliantly,brilliantly,1
seamlessly,seamlessly,1
audio,audio,3
store,store,1
masse,masse,1
ride,ride,1
spotted,spotted,2
sitting,sitting,2
equally,equally,1
elegant,elegant,1
effort,effort,1
sir,sir,2
harder,harder,2
opera,opera,1
marco,marco,1
polo,polo,1
fat,fat,1
starting,starting,1
valid,valid,4
nonstop,nonstop,2
seeing,seeing,1
champion,champion,1
indeed,indeed,3
os,os,2
ministry,ministry,1
ember,ember,1
openly,openly,1
easy,easy,1
series,series,1
pun,pun,1
intend,intend,1
generating,generating,1
income,income,1
staring,staring,1
painting,painting,3
nostalgic,nostalgic,3
vulnerable,vulnerable,1
wasnt,wasnt,3
surprising,surprising,1
gio,gio,1
fallen,fallen,1
sunbeam,sunbeam,1
royale,royale,1
massacre,massacre,1
bubble,bubble,1
optional,optional,1
patiently,patiently,1
relax,relax,2
behaviour,behaviour,7
hotter,hotter,1
instrumental,instrumental,1
choreography,choreography,1
spec,spec,1
regret,regret,4
streaming,streaming,7
sung,sung,1
written,written,1
produced,produced,2
boom,boom,1
falling,falling,1
stopping,stopping,1
prove,prove,3
supremacy,supremacy,8
wet,wet,1
soloist,soloist,1
seven,seven,1
paving,paving,2
anti,anti,1
ruling,ruling,1
g,g,4
immensely,immensely,1
appearance,appearance,1
disrespect,disrespect,1
small,small,5
chaotic,chaotic,2
available,available,5
major,major,1
lose,lose,9
fighting,fighting,1
honest,honest,3
dumb,dumb,10
nonsense,nonsense,1
represent,represent,1
direction,direction,2
organic,organic,13
obvious,obvious,3
crop,crop,5
hoe,hoe,1
platform,platform,2
station,station,2
leg,leg,1
tire,tire,2
bush,bush,1
hill,hill,1
addiction,addiction,1
healthy,healthy,2
teenage,teenage,2
unavailable,unavailable,3
media,media,3
policy,policy,3
celebration,celebration,1
queer,queer,1
town,town,1
behalf,behalf,1
humanity,humanity,1
cook,cook,1
envy,envy,1
outlet,outlet,1
tee,tee,3
traditionally,traditionally,1
prevent,prevent,2
drill,drill,1
peep,peep,2
persuade,persuade,1
son,son,2
munch,munch,1
pablo,pablo,1
knowledge,knowledge,2
turner,turner,1
breathe,breathe,1
hide,hide,4
seek,seek,2
advertise,advertise,1
placement,placement,1
mon,mon,1
whoever,whoever,2
ti,ti,1
slap,slap,1
anime,anime,1
juice,juice,1
toxic,toxic,4
jealous,jealous,5
bari,bari,1
impulse,impulse,1
material,material,1
durable,durable,1
testament,testament,1
glue,glue,1
paradise,paradise,1
spot,spot,9
large,large,2
forehead,forehead,1
considering,considering,1
hungry,hungry,1
feed,feed,1
mona,mona,1
shall,shall,1
overall,overall,1
assume,assume,3
heartbreak,heartbreak,1
anthem,anthem,1
upstairs,upstairs,1
younger,younger,1
born,born,2
liner,liner,1
math,math,15
ing,ing,1
round,round,5
reality,reality,1
ghost,ghost,1
meanwhile,meanwhile,1
worthy,worthy,2
alive,alive,1
belong,belong,2
struggle,struggle,2
slide,slide,1
excuse,excuse,4
loop,loop,3
within,within,5
although,although,1
calculation,calculation,1
calculate,calculate,3
dis,dis,2
mental,mental,3
health,health,1
troll,troll,1
ignore,ignore,1
block,block,1
goodness,goodness,1
ease,ease,1
grey,grey,2
weaver,weaver,1
reject,reject,1
behave,behave,1
eu,eu,8
unpromoted,unpromoted,1
read,read,5
telling,telling,2
raise,raise,2
heal,heal,1
oily,oily,1
child,child,2
tiny,tiny,2
alphabetically,alphabetically,1
graphic,graphic,1
bonehead,bonehead,1
twenty,twenty,6
offensive,offensive,1
baffling,baffling,1
alphabetical,alphabetical,1
router,router,1
anchorage,anchorage,1
sabotage,sabotage,1
expose,expose,2
label,label,1
favor,favor,2
praising,praising,3
woo,woo,2
din,din,1
except,except,3
stre,stre,1
filter,filter,1
preorder,preorder,10
comes,comes,2
biggest,biggest,5
mistake,mistake,1
rightly,rightly,1
charting,charting,1
century,century,2
multiple,multiple,2
flag,flag,3
yuh,yuh,1
perspective,perspective,1
impact,impact,3
curse,curse,1
lover,lover,1
leery,leery,1
horny,horny,1
brought,brought,1
telepathy,telepathy,1
inspirational,inspirational,1
chef,chef,1
split,split,1
invincible,invincible,1
correctly,correctly,1
slingshot,slingshot,1
intelligence,intelligence,1
highlight,highlight,1
apiece,apiece,1
trash,trash,1
church,church,1
unpack,unpack,1
drum,drum,1
nameless,nameless,1
map,map,3
honey,honey,2
midnight,midnight,2
plus,plus,4
fever,fever,1
triumph,triumph,1
felt,felt,3
tea,tea,2
realism,realism,1
taught,taught,1
pack,pack,2
falcon,falcon,1
lad,lad,1
charge,charge,2
invest,invest,1
wisely,wisely,1
doubt,doubt,1
ability,ability,1
succeed,succeed,1
investment,investment,1
kai,kai,1
oda,oda,1
fam,fam,1
feature,feature,1
happiness,happiness,3
ordered,ordered,6
boot,boot,1
consistent,consistent,1
zero,zero,1
reading,reading,2
comprehension,comprehension,1
butt,butt,1
er,er,1
kinky,kinky,1
unlike,unlike,3
lack,lack,3
organically,organically,1
bora,bora,1
thus,thus,2
beige,beige,1
safety,safety,1
covid,covid,1
legendary,legendary,2
shipped,shipped,1
site,site,5
grew,grew,1
resist,resist,1
biochemistry,biochemistry,1
freak,freak,3
lesson,lesson,2
rang,rang,1
train,train,1
broke,broke,26
compilation,compilation,1
hypothetical,hypothetical,1
kith,kith,1
barrier,barrier,1
poetry,poetry,1
separate,separate,2
weight,weight,3
opportunity,opportunity,1
accusatory,accusatory,1
attractive,attractive,2
cross,cross,1
guarantee,guarantee,1
several,several,2
bother,bother,1
canvas,canvas,1
panel,panel,1
sale,sale,2
traffic,traffic,1
critically,critically,1
unhappy,unhappy,1
vest,vest,1
coincidence,coincidence,1
society,society,2
wardrobe,wardrobe,1
meaningful,meaningful,1
assure,assure,1
successful,successful,6
general,general,2
rare,rare,1
grasp,grasp,1
generic,generic,2
masculinity,masculinity,2
destroy,destroy,1
possible,possible,7
poor,poor,14
fair,fair,2
bond,bond,2
river,river,1
swift,swift,2
stripper,stripper,1
closer,closer,2
alexia,alexia,1
harassment,harassment,1
stressful,stressful,5
patience,patience,1
bank,bank,7
holiday,holiday,1
blame,blame,2
prettily,prettily,1
car,car,7
wash,wash,7
olive,olive,3
clout,clout,3
toilet,toilet,1
research,research,1
immune,immune,1
propaganda,propaganda,1
along,along,1
college,college,1
dirty,dirty,2
blush,blush,1
safe,safe,2
working,working,1
maya,maya,1
countless,countless,1
wherever,wherever,1
debut,debut,4
extra,extra,2
behold,behold,1
ultimate,ultimate,1
paragraph,paragraph,2
bunny,bunny,1
case,case,2
affordable,affordable,2
fault,fault,2
figure,figure,1
cast,cast,1
singe,singe,1
mille,mille,1
drink,drink,5
stick,stick,2
statement,statement,1
tall,tall,2
heartbroken,heartbroken,1
heavy,heavy,2
metal,metal,1
ridiculously,ridiculously,1
luxury,luxury,1
inclusive,inclusive,2
confusion,confusion,1
sugar,sugar,2
side,side,4
clothing,clothing,1
bootleg,bootleg,1
supposedly,supposedly,1
motto,motto,1
throne,throne,1
march,march,2
st,st,1
wallet,wallet,4
thankful,thankful,1
watermark,watermark,1
credit,credit,3
showing,showing,1
drag,drag,4
peaked,peaked,1
massive,massive,2
six,six,2
produce,produce,5
direct,direct,3
compose,compose,1
crushed,crushed,1
prior,prior,1
apply,apply,1
whichever,whichever,1
aint,aint,2
cold,cold,1
luckily,luckily,1
clue,clue,1
conversation,conversation,1
lately,lately,1
mass,mass,1
crying,crying,2
bu,bu,1
embrace,embrace,1
design,design,4
visual,visual,4
personal,personal,1
testa,testa,1
jean,jean,1
wearing,wearing,1
conspiracy,conspiracy,1
logic,logic,1
suit,suit,2
immortal,immortal,1
impression,impression,1
class,class,3
example,example,3
synchronize,synchronize,1
application,application,1
food,food,2
essay,essay,1
caught,caught,4
flop,flop,3
thirst,thirst,1
traps,traps,1
growth,growth,2
pave,pave,1
composed,composed,1
lipa,lipa,5
epitome,epitome,1
longevity,longevity,1
rat,rat,1
appropriate,appropriate,1
compare,compare,2
scale,scale,3
billion,billion,1
pull,pull,1
stadium,stadium,1
generation,generation,1
bout,bout,3
butterfly,butterfly,1
aggressive,aggressive,1
longer,longer,4
questionable,questionable,1
filtering,filtering,1
feedback,feedback,1
delusional,delusional,1
fad,fad,1
hatred,hatred,2
jealousy,jealousy,3
heartbreaking,heartbreaking,1
interfere,interfere,1
accuse,accuse,1
slang,slang,2
embarrassed,embarrassed,1
simple,simple,2
grammatical,grammatical,2
error,error,2
misunderstood,misunderstood,1
lifeless,lifeless,1
intrude,intrude,1
misunderstand,misunderstand,2
unnecessary,unnecessary,1
drama,drama,4
lay,lay,2
cheat,cheat,6
slut,slut,5
playboy,playboy,1
notice,notice,3
confuse,confuse,2
entertain,entertain,1
bark,bark,1
checked,checked,1
annoy,annoy,1
form,form,3
ticket,ticket,2
fate,fate,1
arctic,arctic,1
tattoo,tattoo,1
prepare,prepare,1
launch,launch,2
suspicious,suspicious,5
symbol,symbol,1
terrible,terrible,2
spent,spent,4
teaser,teaser,1
poster,poster,1
certain,certain,1
extortionate,extortionate,1
blinding,blinding,1
subjective,subjective,1
talking,talking,1
stable,stable,3
od,od,1
exam,exam,2
thrive,thrive,1
android,android,2
ignorance,ignorance,1
coz,coz,2
educate,educate,1
suddenly,suddenly,1
unalive,unalive,2
bed,bed,1
copped,copped,1
yep,yep,2
specially,specially,1
china,china,1
speaker,speaker,1
chile,chile,1
sleeping,sleeping,2
bloc,bloc,1
insert,insert,1
narrative,narrative,1
school,school,4
childish,childish,1
image,image,1
explanation,explanation,3
sized,sized,1
dynamite,dynamite,2
achievement,achievement,1
strength,strength,1
justify,justify,1
steal,steal,2
praise,praise,4
tragedy,tragedy,1
collect,collect,1
data,data,1
mainly,mainly,1
dang,dang,3
normal,normal,4
profit,profit,3
hurt,hurt,3
luke,luke,1
jobless,jobless,1
persist,persist,1
ferry,ferry,1
central,central,3
east,east,1
position,position,1
bundle,bundle,1
location,location,1
waste,waste,1
pointless,pointless,1
discussion,discussion,1
inorganic,inorganic,3
q,q,1
scrobble,scrobble,2
listing,listing,1
amazingly,amazingly,1
ahem,ahem,1
uniform,uniform,1
standardize,standardize,1
double,double,2
common,common,1
tension,tension,1
thirsty,thirsty,1
revolve,revolve,1
inch,inch,1
arrange,arrange,1
influential,influential,1
decade,decade,1
refresh,refresh,1
device,device,1
cheap,cheap,4
depend,depend,1
smell,smell,1
fishy,fishy,1
problematic,problematic,1
problematically,problematically,1
card,card,6
universe,universe,1
muse,muse,1
somewhen,somewhen,1
sweety,sweety,1
unbothered,unbothered,1
normally,normally,1
exponentially,exponentially,1
proof,proof,2
disinfect,disinfect,1
dissecting,dissecting,1
episode,episode,1
sold,sold,11
comfort,comfort,1
skip,skip,1
proudness,proudness,1
arrive,arrive,3
sizes,sizes,1
wildly,wildly,1
inappropriate,inappropriate,1
celebrate,celebrate,2
ann,ann,1
confirmation,confirmation,4
nagging,nagging,1
carrying,carrying,1
market,market,2
extended,extended,1
jacket,jacket,2
tou,tou,1
promotional,promotional,1
activity,activity,1
foot,foot,1
ob,ob,1
blood,blood,1
boiling,boiling,1
kidney,kidney,1
lots,lots,1
capacity,capacity,1
firstly,firstly,1
busy,busy,1
stylish,stylish,4
went,went,1
folder,folder,1
bully,bully,2
payed,payed,1
insecure,insecure,1
gif,gif,1
disturb,disturb,1
camp,camp,1
taking,taking,2
nap,nap,1
ashamed,ashamed,1
spare,spare,1
goo,goo,1
unfair,unfair,1
shopping,shopping,2
necessary,necessary,1
plain,plain,1
sight,sight,1
concern,concern,3
id,id,1
brook,brook,1
jail,jail,1
neither,neither,2
literal,literal,3
motive,motive,1
repress,repress,1
trying,trying,1
spending,spending,3
calm,calm,1
doodle,doodle,1
accident,accident,1
alert,alert,1
done,done,1
product,product,1
larry,larry,1
bought,bought,2
therapist,therapist,1
saved,saved,1
rich,rich,3
option,option,1
risk,risk,1
narrowly,narrowly,1
ash,ash,1
tried,tried,2
spar,spar,1
snapped,snapped,1
average,average,1
rob,rob,1
clown,clown,1
tan,tan,1
decision,decision,1
quickly,quickly,1
begging,begging,3
cart,cart,2
beer,beer,1
whatsoever,whatsoever,1
log,log,1
tab,tab,2
browser,browser,1
oversized,oversized,1
added,added,1
ked,ked,1
dad,dad,2
embarrassment,embarrassment,2
grab,grab,1
payment,payment,3
suggest,suggest,2
soc,soc,1
gentlefolk,gentlefolk,1
skinny,skinny,1
ranging,ranging,1
willing,willing,1
increase,increase,1
ran,ran,1
development,development,1
ketchup,ketchup,1
width,width,1
five,five,1
approximately,approximately,1
concerned,concerned,1
require,require,1
paranoid,paranoid,2
purse,purse,1
length,length,1
bra,bra,1
sand,sand,2
pity,pity,1
equivalent,equivalent,1
na,na,1
ungodly,ungodly,2
respect,respect,2
southeast,southeast,1
heavily,heavily,1
span,span,2
payday,payday,1
postage,postage,1
purchase,purchase,1
impulsive,impulsive,1
werent,werent,1
strict,strict,1
unproblematic,unproblematic,1
rivalry,rivalry,1
fix,fix,1
bubbling,bubbling,1
killing,killing,1
goddess,goddess,1
bitter,bitter,1
senso,senso,1
happening,happening,1
trigger,trigger,1
mid,mid,1
warn,warn,1
visible,visible,1
sweetie,sweetie,1
remain,remain,1
main,main,1
period,period,2
invasion,invasion,1
poverty,poverty,1
anomaly,anomaly,1
investigate,investigate,1
ideal,ideal,1
swag,swag,1
footage,footage,1
tue,tue,1
poetical,poetical,1
anxiety,anxiety,1
judge,judge,1
horrible,horrible,1
ridiculous,ridiculous,1
te,te,1
rog,rog,1
plait,plait,1
suffer,suffer,1
pleasant,pleasant,1
marriage,marriage,1
fed,fed,1
apology,apology,2
information,information,1
wake,wake,1
claim,claim,1
cancel,cancel,1
dimension,dimension,1
gray,gray,1
pink,pink,1
baku,baku,2
historical,historical,1
honesty,honesty,1
nervous,nervous,2
edge,edge,1
headed,headed,1
issue,issue,2
trust,trust,1
royal,royal,1
pie,pie,1
methinks,methinks,1
distract,distract,1
unexpectable,unexpectable,1
crocodile,crocodile,1
responsible,responsible,1
bisexuality,bisexuality,1
regular,regular,1
bleed,bleed,1
preferably,preferably,1
amazement,amazement,1
delight,delight,1
volcano,volcano,1
accompaniment,accompaniment,1
dig,dig,1
pace,pace,1
wave,wave,1
exquisite,exquisite,1
gallery,gallery,1
deal,deal,1
lightly,lightly,1
cos,cos,1
explicitly,explicitly,1
stated,stated,1
zac,zac,1
gladly,gladly,1
drank,drank,1
kitchen,kitchen,1
pas,pas,1
learnt,learnt,1
parental,parental,1
evaluation,evaluation,1
unfortunately,unfortunately,1
whenever,whenever,1
sending,sending,1
unsure,unsure,1
deck,deck,1
lying,lying,1
confidence,confidence,1
allow,allow,1
baba,baba,1
handful,handful,1
hyper,hyper,1
fixation,fixation,1
combine,combine,1
source,source,1
sexuality,sexuality,1
mix,mix,1
incase,incase,1
determine,determine,1
harm,harm,1
early,early,1
wide,wide,1
