Id,Label,Count
excuse,excuse,1
beauty,beauty,2
think,think,18
love,love,35
hi,hi,7
kind,kind,5
blonde,blonde,1
guy,guy,1
super,super,5
cute,cute,7
go,go,41
today,today,12
awesome,awesome,3
whole,whole,5
city,city,2
buzz,buzz,1
meet,meet,3
afternoon,afternoon,1
many,many,2
turquoise,turquoise,10
carpet,carpet,12
way,way,7
dream,dream,4
come,come,21
true,true,4
share,share,8
important,important,3
tournament,tournament,1
far,far,3
finally,finally,8
match,match,1
e,e,19
vine,vine,1
support,support,7
intensely,intensely,1
week,week,10
wear,wear,3
purple,purple,2
background,background,1
star,star,1
like,like,12
family,family,1
joy,joy,1
painter,painter,1
acoustic,acoustic,1
version,version,1
via,via,5
see,see,30
know,know,16
year,year,18
old,old,3
girl,girl,9
could,could,12
person,person,1
looking,looking,1
please,please,14
help,help,5
us,us,2
spread,spread,1
truly,truly,2
believe,believe,5
power,power,3
ignore,ignore,4
feat,feat,2
big,big,9
song,song,29
second,second,12
time,time,16
ahoy,ahoy,4
x,x,4
new,new,12
photo,photo,6
dash,dash,1
lovely,lovely,4
sweet,sweet,5
good,good,27
luck,luck,7
rock,rock,34
de,de,2
arrive,arrive,1
contest,contest,10
piss,piss,1
hope,hope,11
one,one,17
amaze,amaze,8
thank,thank,7
talented,talented,4
finish,finish,4
amazing,amazing,6
wish,wish,3
best,best,18
peace,peace,1
chile,chile,1
look,look,16
edgy,edgy,1
high,high,4
school,school,2
end,end,5
failure,failure,1
mood,mood,5
yes,yes,25
country,country,5
let,let,14
masterpiece,masterpiece,1
repost,repost,2
absolutely,absolutely,2
stunning,stunning,1
lead,lead,1
singer,singer,1
sexy,sexy,2
ever,ever,6
bite,bite,1
really,really,11
said,said,2
mirror,mirror,1
ready,ready,21
dite,dite,1
favorite,favorite,3
getting,getting,2
free,free,4
autopilot,autopilot,2
traffic,traffic,2
without,without,4
experience,experience,3
converting,converting,2
click,click,3
link,link,4
incredible,incredible,5
ladies,ladies,1
first,first,29
lady,lady,2
wow,wow,14
take,take,14
soul,soul,1
get,get,13
hear,hear,3
screaming,screaming,2
well,well,18
say,say,13
agree,agree,1
violet,violet,2
black,black,1
dell,dell,3
ur,ur,4
date,date,2
definitely,definitely,2
everyone,everyone,5
dressed,dressed,1
something,something,5
father,father,1
would,would,6
also,also,6
language,language,1
easy,easy,1
speak,speak,1
bear,bear,1
birthday,birthday,1
step,step,4
green,green,1
nice,nice,4
almost,almost,2
grass,grass,1
lawn,lawn,1
holy,holy,2
u,u,21
per,per,6
fashion,fashion,4
al,al,2
winner,winner,11
flag,flag,1
queen,queen,2
exactly,exactly,5
yea,yea,1
team,team,1
style,style,1
literally,literally,4
yeah,yeah,12
always,always,4
outfit,outfit,4
point,point,1
red,red,7
dam,dam,2
queer,queer,1
heart,heart,1
handle,handle,2
cool,cool,4
express,express,1
add,add,1
blind,blind,2
channel,channel,2
bloody,bloody,3
swag,swag,1
oh,oh,15
next,next,9
officially,officially,2
begin,begin,2
wait,wait,17
especially,especially,3
particular,particular,1
order,order,2
finland,finland,3
stay,stay,4
tuned,tuned,1
io,io,4
tune,tune,1
stream,stream,3
run,run,3
huge,huge,2
impact,impact,1
win,win,36
remember,remember,2
republic,republic,1
zero,zero,1
likely,likely,1
hardly,hardly,1
quick,quick,1
question,question,3
beneficial,beneficial,1
half,half,10
talk,talk,2
obsession,obsession,1
thanks,thanks,2
hotel,hotel,1
want,want,7
safe,safe,2
caption,caption,1
iceland,iceland,1
either,either,2
cancel,cancel,1
much,much,15
crime,crime,1
another,another,2
dont,dont,2
day,day,13
give,give,3
concert,concert,1
make,make,12
right,right,7
attend,attend,1
show,show,14
gentle,gentle,1
anyways,anyways,2
polish,polish,3
vote,vote,8
ride,ride,1
actually,actually,4
pic,pic,5
courtesy,courtesy,1
crying,crying,2
tweet,tweet,1
hurricane,hurricane,4
bye,bye,1
man,man,3
glam,glam,6
happy,happy,18
four,four,2
group,group,5
back,back,5
life,life,5
revenge,revenge,1
serve,serve,1
around,around,2
cake,cake,1
set,set,2
automatic,automatic,3
real,real,1
contender,contender,1
stag,stag,4
elevated,elevated,1
strong,strong,3
wrong,wrong,1
thought,thought,1
might,might,3
appeal,appeal,3
sensitive,sensitive,1
side,side,1
disappoint,disappoint,1
across,across,2
someone,someone,1
watch,watch,8
expect,expect,2
though,though,3
forever,forever,1
due,due,1
pandemic,pandemic,1
live,live,15
entry,entry,4
enjoy,enjoy,3
need,need,10
bit,bit,2
although,although,2
performance,performance,10
iconic,iconic,5
opinion,opinion,2
else,else,1
may,may,7
rocky,rocky,1
top,top,7
dress,dress,1
band,band,9
shine,shine,2
light,light,2
music,music,7
excite,excite,4
currently,currently,1
third,third,3
waiting,waiting,3
together,together,4
rehearsal,rehearsal,23
clip,clip,1
check,check,4
following,following,1
happen,happen,4
idea,idea,2
pretty,pretty,1
wide,wide,1
open,open,4
never,never,4
fervently,fervently,1
every,every,9
different,different,4
ultra,ultra,1
emotional,emotional,2
chanson,chanson,1
swagger,swagger,1
face,face,1
taste,taste,1
contradictory,contradictory,1
list,list,1
full,full,5
repeat,repeat,2
two,two,9
forth,forth,1
even,even,10
maybe,maybe,2
dissimilar,dissimilar,1
call,call,3
choice,choice,2
hey,hey,3
incredibly,incredibly,1
sorry,sorry,4
care,care,1
yet,yet,2
pick,pick,1
listen,listen,2
mean,mean,2
fan,fan,2
genre,genre,1
thing,thing,4
refresh,refresh,2
sea,sea,1
pop,pop,1
dance,dance,1
draw,draw,4
position,position,1
great,great,6
aesthetic,aesthetic,1
people,people,6
feel,feel,6
discuss,discuss,1
connect,connect,1
clothing,clothing,2
press,press,16
conference,conference,17
fell,fell,3
trophy,trophy,5
alone,alone,1
combine,combine,3
young,young,5
piece,piece,2
n,n,9
roll,roll,5
sex,sex,2
age,age,3
ten,ten,1
still,still,5
less,less,5
fabulous,fabulous,2
destiny,destiny,1
religion,religion,1
moment,moment,3
place,place,5
odds,odds,9
qualify,qualify,1
stress,stress,2
send,send,2
god,god,9
woman,woman,2
wife,wife,1
room,room,2
flow,flow,1
inimitable,inimitable,1
reach,reach,1
betting,betting,4
tell,tell,5
deserve,deserve,5
pyro,pyro,4
already,already,5
tough,tough,1
prediction,prediction,1
market,market,1
close,close,7
move,move,1
sense,sense,1
decide,decide,1
yep,yep,2
general,general,2
wo,wo,1
swap,swap,1
exciting,exciting,1
actual,actual,1
fruit,fruit,1
since,since,3
sang,sang,1
lipstick,lipstick,1
sedative,sedative,1
final,final,15
stage,stage,17
custom,custom,1
prefer,prefer,2
away,away,3
possible,possible,2
easier,easier,1
define,define,1
space,space,1
near,near,1
whichever,whichever,1
hitter,hitter,1
kill,kill,2
special,special,2
tomorrow,tomorrow,1
perform,perform,10
poll,poll,1
lately,lately,1
trash,trash,1
image,image,1
follow,follow,2
award,award,1
quality,quality,1
exact,exact,1
hit,hit,1
bet,bet,3
crystal,crystal,1
rest,rest,3
che,che,2
understand,understand,2
justice,justice,1
world,world,5
bless,bless,2
someday,someday,1
crap,crap,1
talent,talent,3
ha,ha,1
test,test,2
bomb,bomb,1
choose,choose,1
extremely,extremely,3
alert,alert,2
dutch,dutch,2
six,six,2
qualified,qualified,1
annual,annual,1
arena,arena,1
sander,sander,1
pull,pull,1
return,return,2
potential,potential,1
closer,closer,1
spot,spot,4
assume,assume,1
news,news,4
ass,ass,1
start,start,5
accommodation,accommodation,1
winning,winning,2
least,least,2
last,last,4
must,must,4
grand,grand,6
thats,thats,1
aesthetics,aesthetics,1
pure,pure,1
finishing,finishing,1
ability,ability,1
bring,bring,2
single,single,4
pause,pause,1
breath,breath,1
ah,ah,1
describe,describe,2
word,word,2
speechless,speechless,2
fire,fire,11
wonder,wonder,1
possibility,possibility,1
shake,shake,2
mind,mind,3
pussy,pussy,1
quiet,quiet,5
behave,behave,4
credit,credit,2
dirty,dirty,1
clothes,clothes,3
muddy,muddy,1
confirm,confirm,2
silver,silver,2
trouser,trouser,3
whatever,whatever,1
write,write,1
conversation,conversation,1
zone,zone,1
panda,panda,1
perfectly,perfectly,1
normal,normal,1
cross,cross,1
everybody,everybody,4
raga,raga,1
learn,learn,1
fast,fast,1
meanwhile,meanwhile,1
burn,burn,3
alive,alive,2
police,police,1
long,long,3
shirtless,shirtless,3
everything,everything,4
surprise,surprise,2
cannot,cannot,2
enough,enough,1
past,past,1
jury,jury,1
friendly,friendly,1
distance,distance,1
legion,legion,1
swear,swear,1
claim,claim,1
fandom,fandom,1
manifest,manifest,1
hard,hard,2
represent,represent,1
prepared,prepared,1
bore,bore,1
name,name,1
moonlight,moonlight,1
tribute,tribute,1
bassist,bassist,1
home,home,1
beautiful,beautiful,2
feeling,feeling,1
uncomfortable,uncomfortable,1
cringe,cringe,1
literal,literal,1
brain,brain,1
cell,cell,1
tour,tour,2
land,land,1
future,future,3
present,present,1
play,play,2
anyway,anyway,1
profile,profile,1
hybrid,hybrid,1
leave,leave,3
sugar,sugar,1
tick,tick,1
tock,tock,1
dramatic,dramatic,2
die,die,1
film,film,2
action,action,1
party,party,1
braccio,braccio,1
ping,ping,1
pong,pong,1
soft,soft,1
art,art,2
trend,trend,1
spoil,spoil,1
dog,dog,2
non,non,3
video,video,3
change,change,2
la,la,2
di,di,2
lo,lo,1
content,content,1
punti,punti,1
alliance,alliance,1
forget,forget,3
came,came,2
haired,haired,1
loving,loving,1
sir,sir,2
collapse,collapse,3
offer,offer,1
pizza,pizza,1
spaghetti,spaghetti,1
roof,roof,1
break,break,4
ear,ear,1
audacity,audacity,1
remind,remind,1
fact,fact,2
men,men,1
post,post,2
fare,fare,1
ai,ai,2
vista,vista,1
comment,comment,1
totally,totally,3
cheer,cheer,1
voting,voting,2
golden,golden,1
boy,boy,1
part,part,2
l,l,2
starter,starter,1
pack,pack,2
usual,usual,1
yesterday,yesterday,1
rather,rather,1
brutal,brutal,1
pyrotechnic,pyrotechnic,1
lit,lit,2
alarm,alarm,1
trigger,trigger,1
wishing,wishing,1
r,r,4
find,find,7
throw,throw,1
ago,ago,1
bunch,bunch,1
se,se,1
little,little,1
air,air,1
kiss,kiss,1
introduce,introduce,1
welcome,welcome,3
story,story,4
crucial,crucial,4
proper,proper,1
drum,drum,1
riser,riser,1
scarlet,scarlet,1
lighting,lighting,1
captivate,captivate,1
vocal,vocal,1
deal,deal,2
recognize,recognize,2
doubt,doubt,1
duet,duet,1
cover,cover,3
anything,anything,1
beg,beg,1
chance,chance,3
hate,hate,2
jam,jam,1
dude,dude,1
prayer,prayer,1
circle,circle,1
copy,copy,1
rotting,rotting,1
perle,perle,1
picture,picture,2
ne,ne,1
often,often,1
mention,mention,1
suck,suck,1
headliner,headliner,1
review,review,4
shut,shut,1
react,react,1
clean,clean,1
pro,pro,1
raw,raw,1
energetic,energetic,1
broad,broad,1
staging,staging,1
easily,easily,1
hot,hot,3
mess,mess,1
worrying,worrying,1
yummy,yummy,1
hello,hello,2
rightful,rightful,1
participate,participate,1
maximum,maximum,1
excitement,excitement,1
alternative,alternative,2
radio,radio,2
bastard,bastard,1
kudos,kudos,1
preparation,preparation,1
hour,hour,2
honest,honest,2
grab,grab,1
shamelessly,shamelessly,1
job,job,1
daddy,daddy,1
forgot,forgot,1
keep,keep,3
pride,pride,1
energy,energy,3
do,do,1
living,living,1
w,w,3
scream,scream,1
able,able,1
rise,rise,1
slay,slay,1
burnt,burnt,1
opening,opening,1
caught,caught,1
ga,ga,1
fantastic,fantastic,1
nearby,nearby,1
blow,blow,1
baby,baby,1
miss,miss,2
lot,lot,1
head,head,1
business,business,1
repeatedly,repeatedly,1
cry,cry,3
entirely,entirely,1
bene,bene,1
hotness,hotness,1
fun,fun,1
bugger,bugger,1
cant,cant,1
spectacle,spectacle,1
analysis,analysis,1
quite,quite,1
curtain,curtain,1
bonus,bonus,1
warm,warm,1
nicely,nicely,1
glamour,glamour,1
death,death,1
drop,drop,1
organic,organic,1
san,san,2
minute,minute,1
breathe,breathe,1
use,use,3
width,width,1
elsewhere,elsewhere,1
shirtlessness,shirtlessness,1
shiny,shiny,1
ban,ban,1
wage,wage,1
war,war,1
found,found,2
polished,polished,1
backdrop,backdrop,1
wouldnt,wouldnt,1
class,class,1
act,act,1
graphic,graphic,1
raise,raise,1
plinth,plinth,1
onto,onto,1
delay,delay,1
reserve,reserve,1
charm,charm,2
base,base,1
wore,wore,1
extra,extra,1
gender,gender,1
fluid,fluid,1
level,level,1
lie,lie,1
prime,prime,1
prove,prove,1
shame,shame,1
goes,goes,1
drill,drill,1
building,building,1
casually,casually,1
glow,glow,1
member,member,1
crush,crush,1
honey,honey,1
cheesy,cheesy,1
mon,mon,1
five,five,1
plus,plus,1
official,official,2
goddess,goddess,1
elle,elle,2
artist,artist,2
similar,similar,1
shed,shed,1
tear,tear,1
basic,basic,1
taxi,taxi,1
driver,driver,1
madame,madame,1
vol,vol,1
obe,obe,1
plaza,plaza,1
panic,panic,1
behind,behind,1
successful,successful,1
landed,landed,1
sing,sing,1
gibberish,gibberish,1
audio,audio,1
classy,classy,1
answer,answer,1
episode,episode,1
mi,mi,1
grow,grow,1
sick,sick,1
unbelievable,unbelievable,1
slave,slave,1
master,master,2
coin,coin,1
moon,moon,1
soon,soon,1
train,train,1
ba,ba,1
rally,rally,1
work,work,1
camera,camera,1
bag,bag,1
dove,dove,1
street,street,1
ti,ti,1
front,front,1
cheekily,cheekily,1
stick,stick,1
put,put,1
lucky,lucky,8
awee,awee,2
shaky,shaky,1
manage,manage,1
shirt,shirt,1
culture,culture,1
delft,delft,3
meeting,meeting,1
gorgeous,gorgeous,1
honestly,honestly,1
arrival,arrival,1
merch,merch,1
kazoo,kazoo,1
da,da,1
suggest,suggest,1
exist,exist,1
attention,attention,1
en,en,1
route,route,1
excited,excited,2
sure,sure,1
bocca,bocca,1
happening,happening,2
calm,calm,2
blaster,blaster,1
national,national,4
liking,liking,1
interest,interest,1
monument,monument,1
skin,skin,1
better,better,1
solo,solo,1
otto,otto,1
eight,eight,1
genius,genius,1
try,try,1
fall,fall,1
damn,damn,1
squad,squad,1
laugh,laugh,1
reaction,reaction,1
shock,shock,1
showcase,showcase,1
