Id,Label,Count
explain,explain,38
love,love,1123
amazing,amazing,181
band,band,332
could,could,228
run,run,31
guess,guess,100
never,never,890
know,know,562
think,think,597
vote,vote,1233
fix,fix,15
usual,usual,17
stupid,stupid,116
would,would,423
national,national,21
television,television,31
say,say,695
rock,rock,1556
star,star,19
even,even,423
thread,thread,16
feat,feat,7
x,x,70
happy,happy,458
like,like,939
sure,sure,184
since,since,163
art,art,30
history,history,79
class,class,15
wait,wait,195
money,money,60
visit,visit,14
also,also,340
watch,watch,323
football,football,14
game,game,22
stadium,stadium,3
much,much,418
white,white,52
powder,powder,14
flag,flag,23
second,second,92
table,table,307
seat,seat,2
army,army,11
team,team,34
choice,choice,28
false,false,25
deem,deem,1
opinion,opinion,68
spread,spread,48
hurtful,hurtful,2
expect,expect,14
backlash,backlash,2
pretty,pretty,75
favorite,favorite,63
great,great,394
thank,thank,446
beautiful,beautiful,107
see,see,826
person,person,61
point,point,102
winner,winner,488
last,last,231
night,night,261
full,full,64
bore,bore,21
final,final,128
tonight,tonight,304
hold,hold,21
back,back,193
another,another,85
year,year,515
contest,contest,447
deserved,deserved,224
win,win,1281
top,top,247
two,two,92
big,big,183
five,five,16
leave,leave,97
side,side,38
board,board,3
justification,justification,3
world,world,295
wide,wide,5
social,social,25
medium,medium,21
fake,fake,75
drug,drug,202
assumption,assumption,2
accuse,accuse,24
bad,bad,231
reputation,reputation,9
publicly,publicly,5
build,build,14
around,around,61
case,case,25
guy,guy,104
old,old,65
nothing,nothing,143
silly,silly,10
soccer,soccer,6
whatever,whatever,44
waiting,waiting,33
literally,literally,189
crawl,crawl,1
as,as,35
context,context,8
translation,translation,14
thing,thing,128
energy,energy,47
already,already,129
almost,almost,30
one,one,532
million,million,52
twitter,twitter,109
fall,fall,20
best,best,468
per,per,43
low,low,41
broken,broken,74
glass,glass,240
please,please,455
stop,stop,294
let,let,400
celebrate,celebrate,42
victory,victory,202
amen,amen,13
need,need,273
bite,bite,8
fact,fact,91
finish,finish,29
issue,issue,12
music,music,397
none,none,18
go,go,924
watched,watched,9
honestly,honestly,48
group,group,73
yet,yet,50
probably,probably,74
stuck,stuck,7
head,head,99
day,day,142
may,may,63
new,new,165
wife,wife,9
ton,ton,2
today,today,127
want,want,279
ending,ending,2
learn,learn,78
rest,rest,41
life,life,108
speak,speak,43
song,song,1332
oh,oh,221
wow,wow,99
hot,hot,118
excellent,excellent,22
dear,dear,49
god,god,103
pansexual,pansexual,2
thanks,thanks,213
mind,mind,69
blank,blank,1
read,read,69
question,question,43
listen,listen,190
afternoon,afternoon,7
stick,stick,13
act,act,63
joy,joy,14
scandal,scandal,6
anyway,anyway,81
performance,performance,268
good,good,725
original,original,34
u,u,685
must,must,102
completely,completely,35
disappointed,disappointed,11
way,way,241
well,well,838
long,long,105
tradition,tradition,6
get,get,819
hey,hey,77
improvement,improvement,1
account,account,53
temporarily,temporarily,15
unavailable,unavailable,14
media,media,16
policy,policy,15
knew,knew,20
sore,sore,32
loser,loser,28
sad,sad,58
come,come,409
totally,totally,72
take,take,369
away,away,61
happiness,happiness,7
feeling,feeling,15
bottom,bottom,17
heart,heart,99
understand,understand,118
hard,hard,111
accept,accept,81
lifetime,lifetime,3
amaze,amaze,156
people,people,703
join,join,26
make,make,459
unforgettable,unforgettable,1
look,look,345
forward,forward,38
welcome,welcome,44
yeah,yeah,254
mediocre,mediocre,6
contemporary,contemporary,1
pop,pop,54
honest,honest,22
language,language,50
small,small,14
difficulty,difficulty,1
vice,vice,1
quite,quite,45
easily,easily,9
problem,problem,30
yesterday,yesterday,51
give,give,237
flip,flip,2
everyone,everyone,216
kind,kind,50
unimaginative,unimaginative,1
though,though,90
always,always,154
show,show,300
hope,hope,201
keep,keep,126
payday,payday,1
defamation,defamation,40
suit,suit,14
exactly,exactly,72
find,find,111
en,en,4
un,un,20
di,di,65
different,different,108
spit,spit,2
dont,dont,77
deserve,deserve,710
award,award,34
attractive,attractive,7
clearly,clearly,125
easy,easy,40
someone,someone,134
lay,lay,3
boring,boring,29
musical,musical,14
track,track,11
many,many,166
do,do,228
ballad,ballad,10
mean,mean,171
require,require,1
talent,talent,59
sound,sound,40
work,work,99
taste,taste,82
sue,sue,27
racist,racist,7
excuse,excuse,26
forgettable,forgettable,2
uncreative,uncreative,1
especially,especially,57
stand,stand,29
fun,fun,59
stage,stage,134
time,time,475
post,post,62
explanation,explanation,7
wasnt,wasnt,15
confirm,confirm,14
remember,remember,68
fa,fa,6
true,true,122
iceland,iceland,82
humanity,humanity,7
type,type,18
underneath,underneath,1
singer,singer,135
far,far,88
video,video,198
first,first,190
gen,gen,4
n,n,486
bravo,bravo,55
e,e,289
w,w,34
l,l,48
wrong,wrong,83
hi,hi,61
release,release,8
merch,merch,6
support,support,126
bop,bop,5
midnight,midnight,1
sit,sit,28
bed,bed,19
drink,drink,17
write,write,48
dissertation,dissertation,1
youth,youth,3
f,f,54
brazil,brazil,5
grow,grow,25
born,born,11
insane,insane,31
bear,bear,12
super,super,69
fast,fast,37
organic,organic,2
promotion,promotion,8
broke,broke,24
enough,enough,78
prove,prove,46
talk,talk,179
bree,bree,1
everyday,everyday,4
cinematic,cinematic,1
masterpiece,masterpiece,10
put,put,90
smile,smile,13
face,face,87
impossible,impossible,17
voice,voice,49
business,business,14
live,live,279
shall,shall,9
still,still,249
believe,believe,138
slave,slave,32
album,album,34
better,better,47
yes,yes,491
sweep,sweep,1
forget,forget,46
next,next,314
nil,nil,22
ya,ya,34
lawsuit,lawsuit,4
soon,soon,52
darling,darling,11
spoke,spoke,3
member,member,23
happily,happily,4
punch,punch,7
little,little,83
kiss,kiss,31
pic,pic,10
debatable,debatable,1
test,test,198
directly,directly,13
unpronounceable,unpronounceable,1
man,man,109
strange,strange,8
normal,normal,18
despite,despite,6
roll,roll,754
enjoy,enjoy,99
funny,funny,47
angle,angle,21
camera,camera,74
cheer,cheer,56
notice,notice,20
break,break,119
floor,floor,22
obviously,obviously,35
negative,negative,24
sorry,sorry,166
boost,boost,4
twitch,twitch,3
gain,gain,7
audience,audience,26
finland,finland,176
stylish,stylish,4
really,really,532
care,care,81
chillo,chillo,1
coke,coke,233
young,young,42
huge,huge,53
part,part,59
ever,ever,199
hello,hello,44
medical,medical,4
animation,animation,3
explainer,explainer,1
kindly,kindly,8
contact,contact,8
link,link,31
project,project,8
awful,awful,52
use,use,247
start,start,78
ur,ur,62
p,p,21
sleep,sleep,56
red,red,19
light,light,22
cute,cute,24
public,public,174
comment,comment,27
pointless,pointless,4
nose,nose,115
crouch,crouch,2
common,common,18
lot,lot,129
fascinate,fascinate,2
apparence,apparence,1
melody,melody,8
felt,felt,31
create,create,8
healthy,healthy,7
surgery,surgery,1
human,human,18
anatomy,anatomy,1
loop,loop,6
least,least,76
dumb,dumb,56
anybody,anybody,6
else,else,89
swiss,swiss,16
meaningful,meaningful,2
mad,mad,84
turkey,turkey,9
frighten,frighten,1
able,able,36
loose,loose,11
surely,surely,13
excellence,excellence,1
glad,glad,73
festival,festival,28
upside,upside,1
happen,happen,59
set,set,17
without,without,114
ti,ti,20
risk,risk,6
sawn,sawn,1
nonsense,nonsense,8
retarded,retarded,1
press,press,77
three,three,31
often,often,7
coincide,coincide,1
wonder,wonder,27
present,present,11
magic,magic,11
cause,cause,102
promise,promise,12
cant,cant,59
story,story,70
unnecessary,unnecessary,2
line,line,69
opening,opening,6
paragraph,paragraph,1
husband,husband,2
information,information,11
kell,kell,1
discussion,discussion,3
result,result,36
anyone,anyone,87
send,send,87
honey,honey,10
unjustified,unjustified,1
hatred,hatred,5
horny,horny,16
action,action,10
taught,taught,1
officially,officially,25
master,master,4
ready,ready,123
load,load,14
pish,pish,2
legal,legal,23
baby,baby,54
job,job,57
hostility,hostility,2
falling,falling,2
rocky,rocky,2
horror,horror,2
picture,picture,41
edit,edit,6
brilliant,brilliant,58
hopefully,hopefully,20
right,right,264
profile,profile,12
extremely,extremely,16
disrespectful,disrespectful,7
seeing,seeing,9
regime,regime,2
wish,wish,57
ana,ana,3
birthday,birthday,11
cocaine,cocaine,251
simply,simply,40
snort,snort,201
straw,straw,8
paper,paper,35
bill,bill,5
quick,quick,19
high,high,75
buy,buy,31
ticket,ticket,5
testa,testa,19
da,da,33
loro,loro,17
triplet,triplet,1
edition,edition,25
agree,agree,100
awesome,awesome,87
pick,pick,28
choose,choose,35
late,late,28
maybe,maybe,155
bit,bit,67
hair,hair,23
arcade,arcade,4
charm,charm,3
didnt,didnt,33
till,till,10
boot,boot,8
simple,simple,21
answer,answer,27
establish,establish,3
decide,decide,28
rather,rather,28
entrant,entrant,1
mandatory,mandatory,2
spot,spot,15
diagnosis,diagnosis,1
ladies,ladies,11
gentleman,gentleman,2
feel,feel,108
breathe,breathe,9
gay,gay,25
tremendous,tremendous,1
creative,creative,4
influence,influence,4
modern,modern,6
absolutely,absolutely,128
check,check,108
tutti,tutti,10
beside,beside,3
something,something,187
strip,strip,11
title,title,18
capture,capture,2
via,via,36
reach,reach,16
imagine,imagine,34
crazy,crazy,53
repeat,repeat,32
ban,ban,4
bunch,bunch,15
consume,consume,3
week,week,39
hear,hear,63
peace,peace,15
aint,aint,2
follow,follow,72
tour,tour,86
together,together,102
cool,cool,91
drawn,drawn,2
style,style,43
de,de,39
longhorn,longhorn,4
photo,photo,29
promote,promote,13
grey,grey,2
powerful,powerful,21
regret,regret,5
behaviour,behaviour,8
hell,hell,67
die,die,145
hand,hand,56
typically,typically,3
movement,movement,14
prefer,prefer,24
climb,climb,4
pathetic,pathetic,21
childish,childish,7
blast,blast,6
march,march,7
accord,accord,7
sat,sat,1
em,em,9
actually,actually,146
bless,bless,12
pure,pure,28
commentary,commentary,2
green,green,64
room,room,75
worry,worry,27
wonderful,wonderful,36
idol,idol,2
hide,hide,24
visible,visible,14
cut,cut,17
scene,scene,19
misunderstood,misunderstood,2
building,building,2
genre,genre,13
nice,nice,82
cringe,cringe,10
poppy,poppy,3
impressive,impressive,2
definitely,definitely,90
step,step,23
tweet,tweet,68
hurry,hurry,1
amateur,amateur,2
photographer,photographer,3
finally,finally,112
understood,understood,4
rutherford,rutherford,1
cover,cover,43
harry,harry,17
comfortable,comfortable,2
try,try,159
opportunity,opportunity,4
ridiculous,ridiculous,50
bari,bari,2
hate,hate,71
crime,crime,7
bitch,bitch,24
tho,tho,60
eloquently,eloquently,1
matter,matter,44
base,base,37
clear,clear,75
bias,bias,5
skin,skin,26
che,che,77
weekend,weekend,10
describe,describe,1
teeth,teeth,1
political,political,101
event,event,51
reasonable,reasonable,5
boomer,boomer,21
whole,whole,136
blind,blind,34
channel,channel,40
open,open,42
change,change,69
cry,cry,158
unbelievable,unbelievable,11
saw,saw,85
significant,significant,1
couple,couple,14
season,season,7
iconic,iconic,38
bring,bring,99
trophy,trophy,44
camilla,camilla,1
noise,noise,26
coz,coz,3
provide,provide,3
speaking,speaking,6
professional,professional,14
clips,clips,1
child,child,29
concert,concert,27
organically,organically,2
embarrass,embarrass,22
king,king,40
drunk,drunk,23
duo,duo,3
fu,fu,5
k,k,30
shout,shout,15
increase,increase,3
massively,massively,4
click,click,10
utter,utter,15
contempt,contempt,1
fully,fully,14
accessible,accessible,1
pool,pool,2
specialist,specialist,2
aquatic,aquatic,1
global,global,23
daily,daily,6
chart,chart,5
complete,complete,13
anyways,anyways,16
evening,evening,10
acoustic,acoustic,4
guitar,guitar,13
mine,mine,17
comfort,comfort,3
play,play,71
legitimacy,legitimacy,1
apparently,apparently,19
remind,remind,24
stream,stream,77
highlight,highlight,5
wholehearted,wholehearted,1
embrace,embrace,3
score,score,14
legend,legend,21
hallelujah,hallelujah,1
queen,queen,46
lambert,lambert,1
represent,represent,21
lovely,lovely,8
ask,ask,36
deny,deny,12
lead,lead,67
ignorant,ignorant,11
diction,diction,1
hip,hip,2
hop,hop,7
blue,blue,14
journal,journal,1
unfair,unfair,9
correct,correct,11
traceable,traceable,1
depend,depend,1
dutch,dutch,13
debut,debut,3
personally,personally,19
real,real,109
sing,sing,95
street,street,40
name,name,83
add,add,25
aka,aka,6
eu,eu,37
leader,leader,3
less,less,29
attention,attention,13
alongside,alongside,2
produce,produce,7
trip,trip,6
father,father,6
victim,victim,1
domestic,domestic,2
violence,violence,2
takin,takin,2
clothes,clothes,11
familiar,familiar,4
sky,sky,4
news,news,77
dream,dream,34
badly,badly,8
girl,girl,71
unreal,unreal,4
analyse,analyse,1
silence,silence,9
shut,shut,123
tell,tell,133
age,age,19
sniffing,sniffing,6
ire,ire,1
b,b,7
execute,execute,2
flat,flat,2
cam,cam,3
hoax,hoax,2
treasury,treasury,1
bust,bust,2
treason,treason,1
derelict,derelict,1
frat,frat,1
boy,boy,24
session,session,1
bye,bye,37
conch,conch,1
shell,shell,1
might,might,58
karma,karma,4
emotionally,emotionally,3
pay,pay,36
order,order,16
seriously,seriously,54
jury,jury,129
remove,remove,19
importance,importance,1
actual,actual,19
power,power,48
glam,glam,45
york,york,5
glitter,glitter,4
orgy,orgy,4
waste,waste,16
important,important,33
grip,grip,10
protect,protect,5
joke,joke,51
serious,serious,50
proportion,proportion,1
verify,verify,4
snorting,snorting,10
lose,lose,137
stay,stay,88
salty,salty,20
exploring,exploring,1
repertoire,repertoire,1
rhythm,rhythm,2
speed,speed,8
flow,flow,2
melancholic,melancholic,1
freedom,freedom,8
keyboard,keyboard,2
footage,footage,15
early,early,8
moment,moment,96
savour,savour,1
everything,everything,73
background,background,7
value,value,6
disappoint,disappoint,11
chorus,chorus,9
file,file,3
individual,individual,3
screen,screen,16
wrap,wrap,1
stylishly,stylishly,1
wall,wall,2
quality,quality,34
statistic,statistic,4
lyric,lyric,8
therefore,therefore,7
effortless,effortless,4
bass,bass,29
fire,fire,53
mother,mother,26
appreciate,appreciate,29
looking,looking,15
vary,vary,3
save,save,26
watching,watching,21
disqualify,disqualify,18
competition,competition,110
organization,organization,5
sir,sir,20
crack,crack,4
popular,popular,20
mille,mille,9
envious,envious,8
perfect,perfect,28
gif,gif,6
regular,regular,2
fan,fan,96
listening,listening,28
entry,entry,85
genuinely,genuinely,14
blood,blood,16
pressure,pressure,3
warm,warm,1
mug,mug,1
milk,milk,1
saga,saga,2
tomorrow,tomorrow,54
struggle,struggle,8
invention,invention,1
snap,snap,2
hilarious,hilarious,9
strong,strong,34
main,main,11
end,end,104
clean,clean,30
jab,jab,2
ultimate,ultimate,5
unreliable,unreliable,2
objectively,objectively,2
autonomously,autonomously,1
proper,proper,19
ignore,ignore,10
personality,personality,5
revolve,revolve,1
holy,holy,28
form,form,15
petition,petition,5
leg,leg,12
shame,shame,71
gender,gender,8
envy,envy,15
feed,feed,7
troll,troll,10
yellow,yellow,3
food,food,9
conference,conference,62
reporter,reporter,1
move,move,40
foot,foot,1
spreading,spreading,5
malicious,malicious,2
journalist,journalist,11
drama,drama,7
everywhere,everywhere,22
sh,sh,14
sick,sick,11
derogatory,derogatory,1
winning,winning,52
sweet,sweet,20
confuse,confuse,8
thought,thought,29
either,either,35
peter,peter,2
anyhow,anyhow,1
automatically,automatically,9
excitement,excitement,13
cross,cross,13
understanding,understanding,2
fantastic,fantastic,52
powerhouse,powerhouse,2
incentive,incentive,1
learning,learning,2
dude,dude,35
opener,opener,5
carefully,carefully,11
pound,pound,5
clearing,clearing,1
contribute,contribute,3
sniff,sniff,90
excited,excited,23
anything,anything,110
insert,insert,5
stink,stink,2
conspiracy,conspiracy,2
minister,minister,6
foreign,foreign,5
certainly,certainly,20
country,country,281
theyre,theyre,10
staff,staff,9
unveil,unveil,1
declare,declare,6
truly,truly,30
close,close,91
belief,belief,1
immediately,immediately,20
weird,weird,15
entire,entire,40
continent,continent,11
drag,drag,7
sod,sod,5
holden,holden,6
pleasantly,pleasantly,1
stuff,stuff,43
came,came,4
discography,discography,15
deep,deep,8
message,message,26
fine,fine,25
mood,mood,45
voting,voting,127
radio,radio,22
unless,unless,15
adopt,adopt,4
help,help,67
prepared,prepared,3
stripe,stripe,1
envelope,envelope,2
wishing,wishing,3
obvious,obvious,26
excite,excite,35
discover,discover,22
currently,currently,9
entertain,entertain,7
special,special,27
cancel,cancel,5
chance,chance,25
tattoo,tattoo,5
quote,quote,4
definition,definition,6
resist,resist,4
reason,reason,50
incident,incident,9
crush,crush,29
ha,ha,21
input,input,2
ding,ding,8
dong,dong,6
hooked,hooked,2
damn,damn,70
miss,miss,36
fair,fair,47
single,single,46
consider,consider,28
luck,luck,150
fortune,fortune,3
future,future,25
blessing,blessing,4
rack,rack,1
gig,gig,28
beforehand,beforehand,1
times,times,12
trust,trust,11
basque,basque,1
la,la,60
manifest,manifest,2
hit,hit,24
manager,manager,13
sum,sum,3
surrender,surrender,1
achievement,achievement,7
place,place,134
tribute,tribute,9
luke,luke,2
bassist,bassist,27
useful,useful,3
fulfill,fulfill,1
neither,neither,11
battle,battle,6
meant,meant,11
politics,politics,42
massive,massive,17
grand,grand,37
le,le,3
cup,cup,17
every,every,138
involve,involve,6
surprise,surprise,18
evidence,evidence,16
party,party,35
boston,boston,1
safe,safe,8
jealous,jealous,28
meet,meet,23
leaf,leaf,3
system,system,16
speculation,speculation,8
law,law,15
variety,variety,3
friendship,friendship,4
offer,offer,7
spare,spare,8
marriage,marriage,9
period,period,13
rarity,rarity,1
positive,positive,12
glimpse,glimpse,2
slow,slow,12
recovery,recovery,3
entertainment,entertainment,8
industry,industry,13
curious,curious,9
vocalist,vocalist,9
bisexuality,bisexuality,5
scream,scream,57
deaf,deaf,18
pole,pole,12
dance,dance,36
heel,heel,1
wear,wear,37
cold,cold,5
pizza,pizza,83
become,become,37
key,key,4
delight,delight,7
shop,shop,4
instead,instead,43
hire,hire,4
spent,spent,8
drummer,drummer,36
lost,lost,9
adorable,adorable,4
update,update,3
mobile,mobile,11
offend,offend,9
voluntarily,voluntarily,2
thats,thats,39
unhealthy,unhealthy,2
staging,staging,5
behind,behind,24
word,word,42
congratulation,congratulation,19
predictable,predictable,5
yearly,yearly,4
statement,statement,15
sadly,sadly,10
purely,purely,3
service,service,3
offering,offering,1
upbeat,upbeat,2
wake,wake,12
winter,winter,5
hibernation,hibernation,1
classic,classic,7
uplift,uplift,1
ship,ship,1
bin,bin,2
military,military,3
police,police,13
poison,poison,1
io,io,7
plane,plane,1
blame,blame,17
hung,hung,1
tech,tech,1
embarrassment,embarrassment,10
ago,ago,54
delusional,delusional,8
overall,overall,8
instinct,instinct,1
mass,mass,3
extinction,extinction,1
half,half,53
tier,tier,1
page,page,23
official,official,22
pregnant,pregnant,3
con,con,20
role,role,7
moving,moving,1
domination,domination,35
poor,poor,35
sink,sink,2
g,g,14
reckon,reckon,7
research,research,10
misinformation,misinformation,1
pile,pile,26
rubbish,rubbish,28
geo,geo,1
blocked,blocked,1
front,front,90
son,son,12
upon,upon,4
record,record,15
dad,dad,9
dead,dead,35
whack,whack,2
mole,mole,1
elegant,elegant,4
call,call,73
qualify,qualify,18
admit,admit,26
donkey,donkey,2
everybody,everybody,41
panic,panic,16
brag,brag,2
enter,enter,24
farce,farce,7
crisis,crisis,4
standard,standard,6
secretly,secretly,2
shirtless,shirtless,3
pale,pale,1
bully,bully,1
defame,defame,7
crying,crying,36
corner,corner,9
understatement,understatement,2
liking,liking,3
fit,fit,31
fault,fault,13
summary,summary,2
poi,poi,3
lo,lo,13
straight,straight,30
worship,worship,1
clown,clown,8
hour,hour,13
cigarette,cigarette,2
international,international,39
whilst,whilst,8
aware,aware,7
similar,similar,14
uncanny,uncanny,1
catch,catch,22
reaction,reaction,54
comedown,comedown,1
enjoyable,enjoyable,1
lit,lit,4
within,within,8
soft,soft,9
childhood,childhood,1
alive,alive,35
barcelona,barcelona,2
graham,graham,6
commentator,commentator,5
emotion,emotion,3
indeed,indeed,28
cost,cost,5
guest,guest,5
obsession,obsession,14
unlock,unlock,5
attitude,attitude,24
select,select,4
sort,sort,14
according,according,5
schedule,schedule,2
appear,appear,7
near,near,27
mix,mix,7
family,family,28
hug,hug,6
sketch,sketch,2
weak,weak,7
outfit,outfit,15
tune,tune,32
absolute,absolute,42
zero,zero,63
preferred,preferred,2
digest,digest,1
exude,exude,1
killer,killer,5
empty,empty,10
handle,handle,7
defeat,defeat,19
ah,ah,35
longer,longer,2
punk,punk,8
running,running,2
brain,brain,38
smell,smell,7
marry,marry,18
transcend,transcend,2
mortal,mortal,2
home,home,48
glow,glow,7
interested,interested,5
karaoke,karaoke,4
mano,mano,1
nei,nei,1
sabotage,sabotage,2
useless,useless,6
conclusion,conclusion,4
possible,possible,26
objective,objective,6
begin,begin,31
usage,usage,3
player,player,16
total,total,12
fool,fool,8
wise,wise,5
dignity,dignity,7
apologize,apologize,9
complaint,complaint,3
absurd,absurd,5
shameful,shameful,10
shot,shot,17
edge,edge,13
arrow,arrow,1
await,await,1
oil,oil,4
painting,painting,2
canvas,canvas,2
course,course,63
middle,middle,13
program,program,7
city,city,11
russia,russia,64
non,non,67
worth,worth,20
speaker,speaker,1
sang,sang,17
nope,nope,17
bloody,bloody,15
sacrilege,sacrilege,2
upset,upset,18
ministry,ministry,2
mohr,mohr,1
subscribe,subscribe,10
nobody,nobody,34
space,space,6
distort,distort,2
scantily,scantily,1
clothe,clothe,2
addition,addition,4
lots,lots,16
showing,showing,6
appreciation,appreciation,10
interview,interview,17
gold,gold,4
polo,polo,1
neck,neck,1
purple,purple,3
trouser,trouser,7
comeback,comeback,3
scar,scar,1
sometimes,sometimes,22
however,however,18
available,available,17
beat,beat,13
chat,chat,5
varnish,varnish,1
ace,ace,5
grave,grave,4
superior,superior,5
unfortunately,unfortunately,40
yen,yen,1
sudden,sudden,3
latest,latest,5
registration,registration,1
authority,authority,1
management,management,4
respect,respect,35
accusation,accusation,15
unacceptable,unacceptable,3
platform,platform,3
seem,seem,16
advertisement,advertisement,1
token,token,2
rise,rise,8
moon,moon,7
state,state,22
perform,perform,34
busy,busy,6
allegedly,allegedly,4
quickly,quickly,7
perhaps,perhaps,9
dug,dug,1
amy,amy,4
winehouse,winehouse,1
aside,aside,6
slander,slander,8
bankrupt,bankrupt,3
gol,gol,13
sexy,sexy,50
anthem,anthem,6
harder,harder,7
jail,jail,6
sheep,sheep,1
prime,prime,10
example,example,30
automatic,automatic,5
dal,dal,5
rage,rage,5
covid,covid,22
angst,angst,1
beg,beg,9
pardon,pardon,2
steal,steal,13
pandemic,pandemic,21
truth,truth,20
dom,dom,2
mag,mag,1
usually,usually,23
eh,eh,6
talented,talented,48
generation,generation,6
four,four,52
selection,selection,5
process,process,6
neutral,neutral,4
translate,translate,15
living,living,19
artist,artist,33
reference,reference,3
trend,trend,9
calm,calm,22
appeal,appeal,8
presentation,presentation,2
suspense,suspense,1
anticipation,anticipation,1
among,among,8
genuine,genuine,9
uncertainty,uncertainty,1
goal,goal,4
sell,sell,11
witch,witch,3
spirit,spirit,9
understandable,understandable,6
unnatural,unnatural,1
mystic,mystic,1
soul,soul,11
discus,discus,4
documentary,documentary,2
enemy,enemy,1
gesture,gesture,8
suppose,suppose,29
search,search,13
engine,engine,1
float,float,6
air,air,19
odd,odd,4
dampen,dampen,1
enjoyment,enjoyment,1
going,going,19
view,view,15
wind,wind,5
thrill,thrill,1
wax,wax,3
seek,seek,4
height,height,2
concerned,concerned,2
men,men,13
car,car,10
tombstone,tombstone,1
house,house,16
sense,sense,46
oblivion,oblivion,2
natural,natural,6
tested,tested,7
apology,apology,9
morning,morning,55
trash,trash,18
behavior,behavior,14
sodomy,sodomy,2
salt,salt,3
rap,rap,6
angry,angry,12
thus,thus,2
typical,typical,11
third,third,26
hostile,hostile,1
lady,lady,23
quiet,quiet,17
lock,lock,9
kick,kick,13
survive,survive,4
perfection,perfection,3
dirty,dirty,14
mud,mud,3
cigar,cigar,2
walk,walk,13
leap,leap,1
road,road,3
uphill,uphill,2
training,training,1
covering,covering,3
kiwi,kiwi,12
character,character,3
libel,libel,2
teach,teach,9
geography,geography,4
handsome,handsome,10
mental,mental,5
health,health,6
cloud,cloud,2
controversy,controversy,10
due,due,14
denial,denial,5
mixed,mixed,3
universal,universal,3
wallpaper,wallpaper,1
cat,cat,8
dog,dog,14
countless,countless,2
adult,adult,2
nowadays,nowadays,5
suspicious,suspicious,9
pants,pants,2
draw,draw,11
naive,naive,12
trying,trying,2
mistake,mistake,12
viola,viola,3
inferior,inferior,2
copy,copy,12
facsimile,facsimile,1
originality,originality,9
whatsoever,whatsoever,4
hearing,hearing,2
checked,checked,3
flight,flight,2
grown,grown,2
thatcher,thatcher,2
rainbow,rainbow,2
fight,fight,35
addiction,addiction,9
hypocrisy,hypocrisy,2
phenomenal,phenomenal,6
number,number,95
book,book,8
active,active,5
friendly,friendly,6
compete,compete,9
musically,musically,3
past,past,32
preoccupy,preoccupy,2
successful,successful,14
export,export,2
gash,gash,2
celebrity,celebrity,1
manage,manage,4
mark,mark,12
fandom,fandom,5
friend,friend,58
mission,mission,2
inspired,inspired,2
taken,taken,2
punish,punish,6
discuss,discuss,2
outside,outside,14
basically,basically,12
tempo,tempo,5
idea,idea,33
fill,fill,8
touch,touch,20
pull,pull,13
politically,politically,4
devilish,devilish,2
worthy,worthy,20
considering,considering,3
realize,realize,14
delete,delete,10
warsaw,warsaw,1
lucky,lucky,11
gorgeous,gorgeous,17
offensive,offensive,2
baguette,baguette,11
armpit,armpit,2
queer,queer,8
mate,mate,34
worse,worse,6
tripe,tripe,3
offal,offal,1
spotlight,spotlight,2
german,german,23
horrible,horrible,24
finger,finger,15
sexuality,sexuality,9
clip,clip,21
frump,frump,1
religion,religion,11
faith,faith,6
saving,saving,2
correspondent,correspondent,1
flex,flex,8
movie,movie,12
gotten,gotten,2
huh,huh,12
supremacy,supremacy,28
daughter,daughter,4
yest,yest,1
eve,eve,3
phone,phone,35
assume,assume,22
security,security,20
raw,raw,5
drool,drool,1
forgot,forgot,11
success,success,14
indirect,indirect,1
recognition,recognition,6
niche,niche,1
intense,intense,7
area,area,4
prestigious,prestigious,2
thirty,thirty,2
extra,extra,10
precious,precious,11
san,san,52
vampire,vampire,2
masquerade,masquerade,1
paint,paint,4
greasy,greasy,2
sweaty,sweaty,1
rocking,rocking,15
piano,piano,6
tuner,tuner,1
wild,wild,14
gallery,gallery,1
annoy,annoy,5
addict,addict,15
curiosity,curiosity,2
custom,custom,6
somewhat,somewhat,3
related,related,5
note,note,6
mountain,mountain,4
promotional,promotional,1
advert,advert,1
knowing,knowing,1
towards,towards,13
homosexuality,homosexuality,2
compare,compare,5
maroon,maroon,1
happier,happier,13
humor,humor,2
regardless,regardless,11
wether,wether,2
majority,majority,5
laugh,laugh,25
reminder,reminder,15
gas,gas,1
tap,tap,2
sincere,sincere,1
honesty,honesty,6
piece,piece,31
disappear,disappear,1
culture,culture,7
steamy,steamy,1
summer,summer,10
clad,clad,1
voluntary,voluntary,8
broadcast,broadcast,10
undergo,undergo,3
viral,viral,8
curry,curry,1
log,log,1
rightful,rightful,2
insanely,insanely,2
heavy,heavy,23
testing,testing,2
cannot,cannot,32
sign,sign,19
alright,alright,10
black,black,13
se,se,25
option,option,3
storm,storm,8
lean,lean,13
r,r,49
congratulate,congratulate,7
aesthetically,aesthetically,1
refer,refer,1
agency,agency,2
alone,alone,13
vaccine,vaccine,7
youve,youve,2
content,content,2
aesthetic,aesthetic,5
judge,judge,13
host,host,23
burton,burton,1
difference,difference,24
cheesy,cheesy,7
narrative,narrative,1
blow,blow,6
joyous,joyous,1
stunning,stunning,9
taking,taking,9
proof,proof,64
circus,circus,8
bitter,bitter,28
concrete,concrete,3
baseless,baseless,3
ash,ash,3
switch,switch,7
survey,survey,1
thumbnail,thumbnail,1
restoration,restoration,2
banner,banner,1
generic,generic,25
chant,chant,2
c,c,48
mon,mon,26
spoil,spoil,7
presenter,presenter,3
quartet,quartet,2
originally,originally,3
foreskin,foreskin,1
inspiration,inspiration,9
list,list,24
brother,brother,6
rang,rang,1
receive,receive,23
vast,vast,1
stripping,stripping,1
bombastic,bombastic,2
definite,definite,1
relation,relation,1
propose,propose,2
stomp,stomp,1
sample,sample,2
independent,independent,3
laboratory,laboratory,2
organize,organize,3
company,company,5
pro,pro,4
suddenly,suddenly,4
framing,framing,1
jealousy,jealousy,34
done,done,29
talking,talking,7
returned,returned,1
hotel,hotel,3
blinded,blinded,1
land,land,53
rob,rob,8
shine,shine,9
fraud,fraud,3
incredible,incredible,64
slightly,slightly,2
signal,signal,1
told,told,15
plenty,plenty,7
throwing,throwing,2
amused,amused,1
telepathy,telepathy,2
yr,yr,7
turn,turn,49
met,met,3
mislead,mislead,1
corrupt,corrupt,9
dare,dare,9
benefit,benefit,2
equal,equal,1
financially,financially,1
participate,participate,7
fell,fell,19
misunderstand,misunderstand,7
otherwise,otherwise,14
sent,sent,8
fame,fame,7
factor,factor,21
hardly,hardly,4
female,female,9
emotional,emotional,12
polemic,polemic,1
disgust,disgust,15
core,core,1
version,version,32
spend,spend,14
emergency,emergency,3
fund,fund,11
market,market,3
timing,timing,2
spy,spy,2
baba,baba,1
ba,ba,2
share,share,31
focus,focus,5
announce,announce,4
nap,nap,3
eat,eat,25
bisexual,bisexual,23
awakening,awakening,2
kazoo,kazoo,1
surface,surface,5
recommend,recommend,6
eye,eye,13
compliment,compliment,1
sake,sake,8
pose,pose,2
airport,airport,1
gangster,gangster,2
filippo,filippo,1
got,got,33
sherlock,sherlock,1
shock,shock,9
affirm,affirm,2
fly,fly,11
jest,jest,1
permission,permission,2
push,push,9
blowing,blowing,1
treat,treat,3
breaking,breaking,6
technically,technically,3
invitation,invitation,1
joint,joint,3
shoot,shoot,4
tasteful,tasteful,2
haired,haired,3
slut,slut,1
native,native,11
illegal,illegal,20
mess,mess,13
irresponsible,irresponsible,2
marvelous,marvelous,3
belle,belle,2
sun,sun,2
pineapple,pineapple,2
scare,scare,2
assign,assign,1
coach,coach,2
previous,previous,13
although,although,13
pledge,pledge,2
reconsider,reconsider,3
semis,semis,2
ground,ground,9
compensation,compensation,1
disappointing,disappointing,2
supercool,supercool,1
mute,mute,2
button,button,2
remote,remote,1
control,control,8
innocent,innocent,10
drop,drop,16
streets,streets,4
plain,plain,3
weigh,weigh,1
booze,booze,3
teetotal,teetotal,1
anywhere,anywhere,5
default,default,3
text,text,6
snotty,snotty,1
outrageously,outrageously,1
suggest,suggest,17
disqualification,disqualification,23
bark,bark,5
gladly,gladly,2
force,force,8
took,took,6
viewer,viewer,2
sequence,sequence,5
nostalgia,nostalgia,1
unsuspecting,unsuspecting,1
caught,caught,14
amount,amount,12
demand,demand,4
verification,verification,1
investigate,investigate,12
possibility,possibility,2
coolness,coolness,1
leaping,leaping,1
gee,gee,2
idiotic,idiotic,1
sport,sport,15
unlike,unlike,6
dub,dub,2
pant,pant,36
crap,crap,41
ram,ram,2
deal,deal,12
triumph,triumph,6
ruin,ruin,13
toxic,toxic,12
tutorial,tutorial,3
setup,setup,3
convert,convert,4
store,store,3
boom,boom,15
smooth,smooth,1
confident,confident,1
groove,groove,2
funnel,funnel,3
male,male,14
challenge,challenge,6
discovery,discovery,2
month,month,7
teachable,teachable,1
escalate,escalate,2
design,design,10
landing,landing,5
embarrassing,embarrassing,2
bookshop,bookshop,1
singing,singing,15
marketing,marketing,5
expert,expert,6
free,free,90
extensible,extensible,1
plug,plug,7
regard,regard,3
hubby,hubby,3
stolen,stolen,1
ramble,ramble,1
bound,bound,3
hateful,hateful,3
government,government,8
meaning,meaning,9
nonexistent,nonexistent,1
puppy,puppy,1
across,across,12
screaming,screaming,10
argument,argument,23
blatantly,blatantly,3
complain,complain,9
zoophilia,zoophilia,1
hobby,hobby,5
resonate,resonate,1
internationally,internationally,2
brought,brought,6
potential,potential,11
likely,likely,6
jagger,jagger,4
es,es,2
arrive,arrive,3
yo,yo,14
chase,chase,1
combine,combine,4
economy,economy,1
suffer,suffer,5
subjective,subjective,6
honor,honor,9
traffic,traffic,5
motor,motor,2
development,development,3
affecting,affecting,1
distance,distance,10
dimension,dimension,2
situation,situation,13
doctor,doctor,6
hallucination,hallucination,2
evil,evil,4
beholder,beholder,2
petty,petty,5
diabetes,diabetes,1
preventive,preventive,5
naked,naked,6
hum,hum,6
mow,mow,1
gym,gym,1
senior,senior,2
school,school,12
ex,ex,2
moralistic,moralistic,5
besides,besides,11
alcohol,alcohol,24
kicking,kicking,3
havent,havent,6
theory,theory,12
viva,viva,19
general,general,9
popularity,popularity,5
postural,postural,2
corrective,corrective,2
method,method,1
develop,develop,3
flexibility,flexibility,1
improve,improve,2
diva,diva,2
entrance,entrance,1
effects,effects,1
exercise,exercise,3
body,body,8
yoga,yoga,1
endurance,endurance,1
strength,strength,2
hack,hack,1
fitness,fitness,3
oblige,oblige,2
weight,weight,4
maintain,maintain,1
memory,memory,4
refresh,refresh,12
scoreboard,scoreboard,1
hypertension,hypertension,1
pain,pain,7
asthma,asthma,1
obesity,obesity,1
nutritive,nutritive,2
diet,diet,1
large,large,5
venue,venue,10
exhibition,exhibition,1
nutrition,nutrition,1
physical,physical,2
toto,toto,6
fellow,fellow,8
travel,travel,5
later,later,18
plan,plan,6
deserving,deserving,2
flawless,flawless,3
mi,mi,10
us,us,32
beacon,beacon,1
democracy,democracy,5
principle,principle,1
grass,grass,4
wondering,wondering,2
pronounce,pronounce,6
moonlight,moonlight,12
chosen,chosen,8
courtesy,courtesy,1
spin,spin,2
favorable,favorable,1
rush,rush,1
report,report,5
park,park,11
chick,chick,2
journalism,journalism,3
rabbit,rabbit,3
hole,hole,7
somebody,somebody,11
stylist,stylist,1
remainer,remainer,2
ashamed,ashamed,13
thinking,thinking,15
parodic,parodic,1
tone,tone,6
inform,inform,3
random,random,10
inexplicable,inexplicable,1
follicle,follicle,1
solve,solve,3
yep,yep,13
dome,dome,3
nasty,nasty,4
debacle,debacle,1
requiem,requiem,1
depressing,depressing,1
incredibly,incredibly,10
gift,gift,8
existence,existence,4
carnival,carnival,1
current,current,12
additional,additional,1
apart,apart,12
decadently,decadently,1
noir,noir,1
mumble,mumble,8
passion,passion,10
temperance,temperance,1
raga,raga,21
frame,frame,4
pray,pray,12
user,user,7
sorter,sorter,1
shattering,shattering,1
unbothered,unbothered,2
afraid,afraid,11
cable,cable,1
dipping,dipping,1
fashion,fashion,11
ugh,ugh,2
snatch,snatch,1
fourth,fourth,8
surge,surge,2
loud,loud,14
guitarist,guitarist,11
whose,whose,8
impostor,impostor,1
match,match,4
ecstatic,ecstatic,2
date,date,21
site,site,2
rad,rad,1
delightful,delightful,2
beak,beak,1
student,student,3
reader,reader,1
except,except,22
cure,cure,2
unadulterated,unadulterated,1
chic,chic,2
chip,chip,2
princess,princess,1
vigorously,vigorously,1
return,return,6
loosing,loosing,1
refute,refute,1
rarely,rarely,2
crystal,crystal,2
heaven,heaven,2
formally,formally,3
shoo,shoo,2
slur,slur,3
dick,dick,7
seventeen,seventeen,3
cliche,cliche,4
innocence,innocence,1
annually,annually,1
left,left,12
occasional,occasional,2
rule,rule,11
lie,lie,13
revoke,revoke,3
correlate,correlate,1
fist,fist,21
meanwhile,meanwhile,11
effect,effect,8
dislike,dislike,7
tire,tire,6
lite,lite,1
metal,metal,54
vol,vol,10
bob,bob,1
avast,avast,1
antivirus,antivirus,1
premium,premium,1
bug,bug,2
typo,typo,1
self,self,9
awesomeness,awesomeness,2
defamatory,defamatory,2
court,court,8
film,film,5
shotty,shotty,1
lighting,lighting,1
golden,golden,6
disturb,disturb,5
snorter,snorter,1
backside,backside,1
kill,kill,19
intention,intention,3
utterly,utterly,6
insulting,insulting,4
web,web,15
binge,binge,2
overdo,overdo,1
upwards,upwards,2
opposite,opposite,4
position,position,12
seven,seven,3
deadly,deadly,2
sex,sex,25
antidrug,antidrug,1
butt,butt,4
civil,civil,2
recognize,recognize,12
spoken,spoken,4
diversity,diversity,4
worst,worst,12
stayed,stayed,1
reply,reply,11
nonetheless,nonetheless,2
barely,barely,5
chaos,chaos,4
whats,whats,6
bout,bout,5
major,major,11
accomplishment,accomplishment,1
making,making,13
harmful,harmful,1
belittle,belittle,1
gala,gala,1
messy,messy,1
slowly,slowly,4
robbery,robbery,2
authentic,authentic,6
woke,woke,7
century,century,2
spiraled,spiraled,1
casually,casually,3
mona,mona,5
explicit,explicit,3
publicity,publicity,1
dive,dive,3
tub,tub,1
ice,ice,10
heat,heat,2
looser,looser,1
referendum,referendum,1
merit,merit,3
coincidence,coincidence,6
terrible,terrible,14
wouldnt,wouldnt,6
sherbet,sherbet,2
unique,unique,25
river,river,5
trick,trick,1
whoever,whoever,10
hint,hint,3
ahead,ahead,18
dress,dress,16
route,route,1
strongly,strongly,3
rolling,rolling,5
hideous,hideous,2
hurt,hurt,15
meter,meter,4
shake,shake,19
gallingly,gallingly,1
arrogant,arrogant,6
pride,pride,22
replay,replay,4
review,review,4
patiently,patiently,2
education,education,2
aftermath,aftermath,1
uncut,uncut,1
pair,pair,5
bunny,bunny,1
ie,ie,1
nail,nail,5
coffin,coffin,2
jump,jump,8
semifinal,semifinal,4
doubt,doubt,24
resurgence,resurgence,1
whenever,whenever,15
interaction,interaction,2
recent,recent,13
closer,closer,3
creativity,creativity,2
premiere,premiere,1
remark,remark,1
shove,shove,2
appropriate,appropriate,3
whomever,whomever,1
rumor,rumor,2
abuse,abuse,5
bigotry,bigotry,3
grateful,grateful,7
crotch,crotch,1
sane,sane,3
exultation,exultation,1
infection,infection,1
measure,measure,4
contain,contain,2
quale,quale,2
smoke,smoke,3
water,water,3
figure,figure,5
occurrence,occurrence,1
fairly,fairly,5
bet,bet,22
odds,odds,16
invade,invade,1
willing,willing,14
skate,skate,1
pity,pity,5
explosive,explosive,2
unlabeled,unlabeled,1
analysis,analysis,2
helping,helping,1
clever,clever,3
stupidity,stupidity,4
gossip,gossip,2
newspaper,newspaper,2
wet,wet,2
minimum,minimum,3
insult,insult,19
breed,breed,1
skip,skip,5
count,count,16
woman,woman,12
talentless,talentless,6
hanging,hanging,1
necessary,necessary,9
snide,snide,2
condescending,condescending,1
rude,rude,6
decent,decent,12
drive,drive,13
drawing,drawing,1
pencil,pencil,2
recreate,recreate,2
roger,roger,2
lullaby,lullaby,1
study,study,7
knife,knife,2
fork,fork,3
bottle,bottle,11
cork,cork,2
possibly,possibly,8
disgraceful,disgraceful,3
pretend,pretend,6
righteous,righteous,2
layout,layout,2
instant,instant,3
classy,classy,7
lord,lord,4
mercy,mercy,3
arise,arise,3
level,level,20
bucket,bucket,5
magician,magician,4
victorious,victorious,3
hail,hail,2
mary,mary,2
sinful,sinful,1
header,header,3
tag,tag,5
career,career,15
pen,pen,2
chap,chap,2
unbelieve,unbelieve,1
supposedly,supposedly,3
purity,purity,2
tasteless,tasteless,2
attack,attack,5
eccentric,eccentric,1
society,society,3
bozo,bozo,2
specially,specially,3
difficult,difficult,8
rail,rail,7
react,react,7
allude,allude,1
pete,pete,4
behave,behave,15
whether,whether,12
z,z,4
outstanding,outstanding,5
reflection,reflection,12
spineless,spineless,1
birth,birth,2
vacuum,vacuum,26
cleaner,cleaner,3
careful,careful,3
intelligence,intelligence,14
community,community,7
soldier,soldier,1
dozen,dozen,2
ghost,ghost,1
inhale,inhale,7
brutal,brutal,4
semi,semi,24
along,along,11
map,map,2
exist,exist,4
latter,latter,2
credit,credit,7
legit,legit,13
suspect,suspect,4
said,said,21
embarrassed,embarrassed,1
rag,rag,1
loss,loss,12
morality,morality,1
magical,magical,2
observer,observer,1
accent,accent,1
irrelevant,irrelevant,4
collide,collide,2
argue,argue,7
essential,essential,1
grade,grade,4
stole,stole,11
nominate,nominate,1
donate,donate,3
masculinity,masculinity,3
crowded,crowded,1
arena,arena,14
threesome,threesome,1
sludge,sludge,1
smash,smash,6
ceiling,ceiling,1
lying,lying,2
bland,bland,6
dose,dose,2
vitriol,vitriol,1
flock,flock,2
luna,luna,4
reading,reading,7
comprehension,comprehension,1
bud,bud,7
direct,direct,9
pusher,pusher,1
delegation,delegation,5
personal,personal,24
anime,anime,3
plot,plot,2
stereotype,stereotype,6
population,population,10
mention,mention,13
damage,damage,4
boat,boat,2
ocean,ocean,2
continental,continental,1
union,union,5
ai,ai,5
invalid,invalid,4
literal,literal,7
destroy,destroy,2
semblance,semblance,1
bae,bae,2
epic,epic,15
volume,volume,6
hurricane,hurricane,12
pace,pace,2
finance,finance,1
wrongly,wrongly,1
eastern,eastern,9
supportive,supportive,3
appreciative,appreciative,1
profanity,profanity,4
indicative,indicative,1
accurate,accurate,5
insinuate,insinuate,2
multiple,multiple,5
acknowledge,acknowledge,7
pitch,pitch,1
refine,refine,1
remain,remain,6
basta,basta,5
stag,stag,3
persistent,persistent,1
destiny,destiny,12
parole,parole,2
bene,bene,7
sung,sung,12
mighty,mighty,2
happening,happening,2
anxious,anxious,2
sea,sea,4
inside,inside,4
relate,relate,7
bocca,bocca,13
decade,decade,4
ye,ye,5
shady,shady,1
generally,generally,3
conversation,conversation,10
hill,hill,1
wireless,wireless,3
disbelief,disbelief,2
choreography,choreography,1
recover,recover,3
plus,plus,26
censure,censure,2
chief,chief,3
toe,toe,1
continue,continue,10
discriminate,discriminate,1
claro,claro,1
journey,journey,7
glacial,glacial,1
lake,lake,22
sigh,sigh,5
capable,capable,4
deservedly,deservedly,1
dedicate,dedicate,3
sa,sa,8
cheap,cheap,2
negate,negate,1
beget,beget,1
station,station,3
puppet,puppet,3
president,president,5
dictator,dictator,6
tendency,tendency,1
arctic,arctic,3
preparation,preparation,2
episode,episode,3
pub,pub,3
acting,acting,1
proving,proving,4
immature,immature,7
civilize,civilize,1
investigation,investigation,9
unbreakable,unbreakable,1
tight,tight,4
bend,bend,17
closed,closed,3
allow,allow,6
preference,preference,3
rub,rub,4
sour,sour,14
data,data,10
assure,assure,1
convince,convince,7
clap,clap,2
scandalous,scandalous,3
magazine,magazine,1
silent,silent,5
fat,fat,4
figured,figured,1
corporate,corporate,1
irreversibly,irreversibly,1
correctly,correctly,6
prob,prob,3
throw,throw,20
letter,letter,2
twenty,twenty,38
speech,speech,6
lyrical,lyrical,3
chicken,chicken,2
exposure,exposure,1
smart,smart,11
lawyer,lawyer,2
threat,threat,3
chill,chill,12
exact,exact,5
bending,bending,1
respectful,respectful,3
el,el,11
fallen,fallen,1
sideways,sideways,1
coat,coat,1
studio,studio,3
fantastico,fantastico,3
knock,knock,5
comprehend,comprehend,1
elementary,elementary,1
response,response,3
yummy,yummy,2
frustration,frustration,6
thar,thar,1
several,several,12
highly,highly,9
intelligent,intelligent,3
universe,universe,4
id,id,5
bang,bang,5
disagree,disagree,8
made,made,25
alternative,alternative,13
adore,adore,8
corona,corona,2
chose,chose,6
educate,educate,7
claim,claim,12
boo,boo,1
evolve,evolve,2
schema,schema,1
spark,spark,3
boner,boner,1
virus,virus,3
batter,batter,1
disgrace,disgrace,11
mentally,mentally,1
ill,ill,12
conquer,conquer,5
unsure,unsure,1
aim,aim,3
topic,topic,4
rapid,rapid,1
thinkable,thinkable,1
brief,brief,1
lower,lower,4
bent,bent,1
erase,erase,1
smear,smear,1
li,li,4
whoa,whoa,2
null,null,2
resort,resort,1
distinguish,distinguish,1
bother,bother,8
blocking,blocking,1
posted,posted,4
florent,florent,1
split,split,7
sensitive,sensitive,2
misunderstanding,misunderstanding,1
controversial,controversial,1
accordingly,accordingly,1
peacefully,peacefully,4
tactic,tactic,1
relevant,relevant,2
converse,converse,2
illogical,illogical,2
analogy,analogy,1
gaslighting,gaslighting,2
ethnic,ethnic,4
cleansing,cleansing,2
yea,yea,14
suggestion,suggestion,4
landslide,landslide,1
seen,seen,2
short,short,17
observational,observational,1
nowhere,nowhere,8
void,void,1
elegance,elegance,2
sportiness,sportiness,1
criminal,criminal,3
jarrah,jarrah,1
wasting,wasting,1
shearing,shearing,1
behalf,behalf,1
consideration,consideration,5
jersey,jersey,3
associate,associate,2
wardrobe,wardrobe,1
calmness,calmness,1
stoic,stoic,1
drogue,drogue,2
sentence,sentence,7
sip,sip,1
wine,wine,8
sizzling,sizzling,1
occasion,occasion,1
tongue,tongue,3
backtrack,backtrack,1
icon,icon,7
doesnt,doesnt,11
merely,merely,2
limited,limited,2
subject,subject,2
al,al,24
variation,variation,3
hundred,hundred,9
effort,effort,10
suitcase,suitcase,1
bundy,bundy,1
oversensitive,oversensitive,1
hypocritical,hypocritical,1
menu,menu,1
recommendation,recommendation,1
biting,biting,3
presence,presence,21
superpower,superpower,1
nation,nation,5
derivative,derivative,1
affection,affection,1
geographically,geographically,2
ultimately,ultimately,1
fathom,fathom,1
incapable,incapable,1
ooze,ooze,2
confidence,confidence,2
educated,educated,2
dummy,dummy,1
ho,ho,6
basso,basso,1
supplement,supplement,1
ideal,ideal,1
aid,aid,2
regenerative,regenerative,1
positively,positively,1
whereas,whereas,1
fifth,fifth,2
invisible,invisible,2
respectable,respectable,2
engage,engage,2
unevolved,unevolved,1
revenge,revenge,9
elite,elite,2
thesis,thesis,3
smelly,smelly,1
banger,banger,11
blaming,blaming,2
forgive,forgive,4
sin,sin,2
proceeds,proceeds,1
pleasure,pleasure,3
proudly,proudly,4
pass,pass,4
serum,serum,1
basket,basket,1
tripping,tripping,1
cough,cough,1
interest,interest,12
anticipate,anticipate,1
nul,nul,2
average,average,8
nearly,nearly,9
peak,peak,2
memorable,memorable,9
remotely,remotely,1
oaf,oaf,3
irony,irony,2
piss,piss,10
yell,yell,4
oppression,oppression,1
betty,betty,1
cleaning,cleaning,1
university,university,2
filter,filter,1
moral,moral,5
easier,easier,2
soar,soar,1
category,category,1
graphic,graphic,6
template,template,4
element,element,4
v,v,8
watershed,watershed,1
honorable,honorable,2
surprisingly,surprisingly,3
catchy,catchy,7
normally,normally,12
surprising,surprising,1
fabulous,fabulous,10
spectacular,spectacular,3
melodramatic,melodramatic,1
oppressive,oppressive,1
restore,restore,1
xenophobia,xenophobia,3
villa,villa,1
based,based,1
unlikely,unlikely,2
fresh,fresh,6
versatile,versatile,1
furry,furry,2
swing,swing,3
internally,internally,1
ceremony,ceremony,3
vivid,vivid,1
proto,proto,1
cardigan,cardigan,1
twee,twee,1
aggressively,aggressively,1
wore,wore,3
recall,recall,2
moonshine,moonshine,4
howl,howl,1
basement,basement,1
denounce,denounce,7
former,former,3
partner,partner,3
sob,sob,3
relationship,relationship,2
skinny,skinny,2
perfectly,perfectly,6
workable,workable,1
perry,perry,1
substitute,substitute,1
agreed,agreed,8
rethink,rethink,1
strategy,strategy,1
lazy,lazy,2
ball,ball,2
glory,glory,3
coffee,coffee,3
ability,ability,2
tough,tough,5
provoke,provoke,1
contribution,contribution,2
accidentally,accidentally,2
gather,gather,2
dangerous,dangerous,5
briefly,briefly,1
rode,rode,5
alike,alike,2
impulse,impulse,1
practice,practice,1
modernity,modernity,1
war,war,15
budget,budget,2
secondly,secondly,1
unfounded,unfounded,1
church,church,6
incoherence,incoherence,1
nudge,nudge,15
detain,detain,1
prediction,prediction,3
fin,fin,3
sweetie,sweetie,7
seeming,seeming,1
ease,ease,4
musician,musician,5
polish,polish,6
forever,forever,41
sports,sports,2
ridiculously,ridiculously,1
prize,prize,8
production,production,6
certain,certain,9
sugar,sugar,9
daddy,daddy,3
twisted,twisted,2
proven,proven,4
guilty,guilty,5
town,town,4
playback,playback,1
defend,defend,6
interpretation,interpretation,4
disgusting,disgusting,7
maid,maid,1
ted,ted,1
audition,audition,7
thy,thy,3
moron,moron,1
romantic,romantic,1
thick,thick,1
tie,tie,1
safety,safety,4
pin,pin,1
groin,groin,1
coverage,coverage,3
chit,chit,1
chauvinism,chauvinism,1
pat,pat,1
harsh,harsh,5
dell,dell,3
prison,prison,2
maturity,maturity,1
mature,mature,2
heck,heck,5
entering,entering,1
wrestling,wrestling,1
senseless,senseless,1
attachment,attachment,1
recap,recap,3
gazette,gazette,1
deliberately,deliberately,1
infantile,infantile,1
hypocrite,hypocrite,2
baker,baker,2
buddy,buddy,21
poke,poke,2
elbow,elbow,2
glorious,glorious,7
wont,wont,8
ambassador,ambassador,1
borrow,borrow,1
constantly,constantly,5
invite,invite,3
double,double,6
eagle,eagle,2
trace,trace,4
breathless,breathless,2
discourse,discourse,1
alarm,alarm,3
insect,insect,2
mythology,mythology,1
beauty,beauty,6
monster,monster,3
swear,swear,16
losing,losing,3
garage,garage,2
alt,alt,6
chanson,chanson,4
minable,minable,1
credibility,credibility,3
justify,justify,1
valid,valid,11
farcical,farcical,1
unsee,unsee,3
platinum,platinum,2
convinced,convinced,2
united,united,16
kingdom,kingdom,15
chock,chock,1
sweat,sweat,1
experience,experience,8
charisma,charisma,9
upcoming,upcoming,6
anger,anger,3
vintage,vintage,1
tu,tu,2
tua,tua,5
animate,animate,1
contrary,contrary,1
pur,pur,1
shy,shy,4
satan,satan,1
sassy,sassy,2
sole,sole,2
responsibility,responsibility,2
shaped,shaped,1
brute,brute,1
beast,beast,2
ahoy,ahoy,8
dip,dip,3
ride,ride,3
solo,solo,5
musicale,musicale,1
granny,granny,3
cartoon,cartoon,1
symbol,symbol,1
unite,unite,5
representative,representative,2
earth,earth,10
kissy,kissy,1
unlucky,unlucky,2
diplomacy,diplomacy,2
experiment,experiment,1
mid,mid,1
physically,physically,3
equally,equally,3
relative,relative,1
poly,poly,1
amorous,amorous,1
sexual,sexual,6
beginning,beginning,4
tartan,tartan,1
kilt,kilt,1
satanist,satanist,5
product,product,2
label,label,2
mode,mode,2
bow,bow,4
sister,sister,6
nancy,nancy,3
learner,learner,1
handshake,handshake,1
rip,rip,10
diary,diary,1
goodness,goodness,4
graciously,graciously,1
fashioned,fashioned,1
inadequate,inadequate,1
untalented,untalented,1
breath,breath,7
fictional,fictional,1
bidet,bidet,6
needs,needs,2
fairness,fairness,2
concern,concern,4
bonus,bonus,3
grammar,grammar,3
express,express,7
rhetorical,rhetorical,1
unsportsmanlike,unsportsmanlike,1
unprofessional,unprofessional,2
mainly,mainly,3
works,works,2
mouth,mouth,8
contract,contract,3
calmly,calmly,2
square,square,6
ignorance,ignorance,4
define,define,1
wallet,wallet,3
giving,giving,5
balance,balance,3
string,string,1
wilding,wilding,1
bizarre,bizarre,2
unregistered,unregistered,1
mechanism,mechanism,1
arm,arm,7
smiling,smiling,2
entirety,entirety,3
strawberry,strawberry,1
cheesecake,cheesecake,1
grandpa,grandpa,1
vision,vision,8
cheese,cheese,2
bilingual,bilingual,1
powdery,powdery,2
tube,tube,2
nasal,nasal,2
pearl,pearl,1
ethic,ethic,1
swap,swap,3
vie,vie,1
unable,unable,2
somewhere,somewhere,9
iron,iron,5
maiden,maiden,3
backward,backward,1
replicate,replicate,1
hourly,hourly,1
toy,toy,2
attempt,attempt,3
brighten,brighten,1
journalistic,journalistic,1
written,written,1
directed,directed,1
cock,cock,3
scratch,scratch,4
brucia,brucia,4
dark,dark,15
distracted,distracted,2
elaborate,elaborate,2
tree,tree,3
predict,predict,1
quid,quid,2
holding,holding,1
pit,pit,3
known,known,2
excerpt,excerpt,1
premonitory,premonitory,1
closely,closely,12
respond,respond,8
image,image,14
central,central,1
reality,reality,7
tasted,tasted,7
slit,slit,1
throat,throat,2
baku,baku,2
historic,historic,3
spike,spike,2
idiot,idiot,16
lousy,lousy,2
unfit,unfit,1
properly,properly,6
doings,doings,1
caption,caption,4
planet,planet,10
request,request,6
rare,rare,1
jimmy,jimmy,2
impatiently,impatiently,2
hart,hart,1
luckily,luckily,3
laughable,laughable,2
knee,knee,5
warning,warning,1
combined,combined,3
origin,origin,3
permit,permit,5
pseudo,pseudo,2
tee,tee,1
beef,beef,2
hungry,hungry,1
costume,costume,3
designer,designer,3
momentum,momentum,1
root,root,3
excruciatingly,excruciatingly,1
length,length,2
expose,expose,2
immaculate,immaculate,3
stress,stress,3
roof,roof,5
dope,dope,4
poem,poem,4
poet,poet,2
st,st,5
arc,arc,1
funk,funk,4
thrash,thrash,1
teenage,teenage,1
jacket,jacket,4
beyond,beyond,10
rich,rich,4
era,era,5
retard,retard,4
round,round,7
evident,evident,3
hedonism,hedonism,1
saying,saying,4
lipstick,lipstick,2
chunky,chunky,1
tournament,tournament,2
complicate,complicate,3
splendid,splendid,4
wave,wave,6
hearts,hearts,3
sam,sam,2
smith,smith,4
mick,mick,4
calculate,calculate,4
perspective,perspective,4
parody,parody,1
ugly,ugly,3
ungracious,ungracious,1
cast,cast,3
shadow,shadow,1
penalize,penalize,1
revolution,revolution,4
lick,lick,2
minority,minority,3
inequality,inequality,1
death,death,10
reform,reform,1
offense,offense,4
possessing,possessing,1
inconsistent,inconsistent,2
peat,peat,2
warn,warn,12
complementary,complementary,1
removal,removal,1
price,price,3
achieve,achieve,3
stereotyping,stereotyping,1
napkin,napkin,24
dry,dry,2
spelling,spelling,1
rent,rent,3
forum,forum,4
theme,theme,2
spooky,spooky,1
cathartic,cathartic,1
immunity,immunity,2
steel,steel,3
advantage,advantage,2
jess,jess,1
hollow,hollow,1
interim,interim,1
abusive,abusive,1
temporality,temporality,1
sector,sector,1
include,include,7
til,til,4
illiterate,illiterate,1
sight,sight,6
bullet,bullet,1
cream,cream,2
technology,technology,3
miscalculation,miscalculation,1
plastic,plastic,3
laughingstock,laughingstock,1
realistic,realistic,2
led,led,7
zeppelin,zeppelin,6
delusion,delusion,1
grandeur,grandeur,1
overflow,overflow,1
regarding,regarding,1
slogan,slogan,2
sorority,sorority,1
article,article,1
infamous,infamous,2
hundredfold,hundredfold,1
falsely,falsely,4
tad,tad,1
west,west,2
north,north,4
south,south,1
problematic,problematic,4
hotter,hotter,3
champagne,champagne,8
apprenticeship,apprenticeship,1
finale,finale,15
gracious,gracious,3
pariah,pariah,1
status,status,2
insignificant,insignificant,5
bitterness,bitterness,4
elsewhere,elsewhere,2
transparency,transparency,1
lounging,lounging,1
avoid,avoid,3
stepping,stepping,1
investment,investment,1
assistance,assistance,1
entertaining,entertaining,1
misconduct,misconduct,1
segment,segment,2
headline,headline,1
sportsmanship,sportsmanship,3
sickness,sickness,1
disturbed,disturbed,1
frankly,frankly,3
tipped,tipped,1
announcement,announcement,4
diverse,diverse,3
purr,purr,1
gurl,gurl,1
horn,horn,1
pell,pell,1
tore,tore,1
coward,coward,1
introvert,introvert,2
quietly,quietly,2
island,island,6
te,te,7
dame,dame,4
intend,intend,1
finding,finding,3
cruel,cruel,2
fox,fox,2
grapefruit,grapefruit,1
forte,forte,3
examination,examination,1
harshness,harshness,1
wrinkly,wrinkly,1
sadness,sadness,1
spleen,spleen,1
electronic,electronic,1
bone,bone,1
dictionary,dictionary,6
reassure,reassure,1
pollution,pollution,1
pang,pang,1
lunch,lunch,1
toodle,toodle,1
pip,pip,2
nostril,nostril,8
disrespect,disrespect,3
similarity,similarity,1
butch,butch,1
walker,walker,2
spending,spending,1
enthusiastic,enthusiastic,1
passport,passport,1
import,import,1
babe,babe,11
pump,pump,4
qualification,qualification,2
shaft,shaft,1
spice,spice,2
napa,napa,1
household,household,4
um,um,5
smashing,smashing,3
function,function,1
boycott,boycott,7
bam,bam,1
heroin,heroin,1
nullify,nullify,1
profitable,profitable,1
carry,carry,5
bowl,bowl,2
er,er,5
cobra,cobra,1
unapologetic,unapologetic,1
crew,crew,2
ross,ross,1
ing,ing,7
gang,gang,2
blink,blink,1
standing,standing,3
ovation,ovation,3
ad,ad,4
campaign,campaign,9
deity,deity,1
install,install,1
explicitly,explicitly,1
model,model,3
unknown,unknown,2
famous,famous,10
profound,profound,1
detoxification,detoxification,1
dull,dull,1
negativity,negativity,2
fra,fra,3
ce,ce,4
shorter,shorter,1
euphoria,euphoria,1
intoxication,intoxication,2
eerie,eerie,1
mat,mat,1
buzz,buzz,3
immensely,immensely,1
ludicrous,ludicrous,1
outdated,outdated,4
slip,slip,8
constructive,constructive,1
private,private,2
lipa,lipa,2
unfairly,unfairly,3
prior,prior,1
outcome,outcome,1
withdraw,withdraw,3
structure,structure,1
aye,aye,2
outrageous,outrageous,6
renaissance,renaissance,1
replace,replace,2
mop,mop,1
minor,minor,3
dusting,dusting,1
pal,pal,3
brilliance,brilliance,1
discount,discount,1
manga,manga,1
finished,finished,1
tele,tele,2
scherzo,scherzo,1
mostly,mostly,9
privilege,privilege,1
clue,clue,4
exciting,exciting,4
invasion,invasion,2
indiscriminate,indiscriminate,1
target,target,2
abb,abb,1
favor,favor,1
missing,missing,4
tot,tot,1
grosso,grosso,2
sabbath,sabbath,3
salute,salute,3
given,given,1
champ,champ,8
toilet,toilet,7
taxi,taxi,1
soothe,soothe,1
instance,instance,2
apartheid,apartheid,2
internation,internation,1
nome,nome,1
anna,anna,1
concept,concept,4
amateurish,amateurish,1
trashy,trashy,2
translator,translator,1
gracefully,gracefully,1
awkward,awkward,2
tactical,tactical,1
famine,famine,1
grease,grease,1
stare,stare,8
bag,bag,2
asleep,asleep,8
mediatrice,mediatrice,1
prospective,prospective,2
peaceful,peaceful,1
somehow,somehow,7
distant,distant,1
catatonic,catatonic,1
wee,wee,4
hero,hero,3
poros,poros,1
block,block,10
onto,onto,6
tea,tea,5
calumny,calumny,1
reaching,reaching,1
illegitimate,illegitimate,1
galactic,galactic,1
senate,senate,1
horrendous,horrendous,2
pup,pup,1
logic,logic,13
calling,calling,4
colleague,colleague,2
bomb,bomb,14
revisit,revisit,1
phew,phew,1
decision,decision,7
complex,complex,7
boil,boil,1
rectify,rectify,1
moreover,moreover,4
invent,invent,4
archive,archive,1
rerun,rerun,1
ear,ear,4
fever,fever,2
burden,burden,1
prosecution,prosecution,3
submit,submit,2
pan,pan,2
consumption,consumption,1
unfold,unfold,1
nicely,nicely,2
phase,phase,1
punchy,punchy,1
reduce,reduce,1
added,added,1
plant,plant,2
spring,spring,2
medicine,medicine,2
wizard,wizard,3
nirvana,nirvana,1
impact,impact,10
deliver,deliver,3
vague,vague,1
foolish,foolish,1
connect,connect,4
terminal,terminal,1
garbage,garbage,13
cultural,cultural,3
lag,lag,1
fixed,fixed,1
dove,dove,2
jack,jack,4
bury,bury,1
tonic,tonic,1
heartbeat,heartbeat,1
franco,franco,1
china,china,1
prick,prick,3
tame,tame,1
pas,pas,6
kudos,kudos,3
weed,weed,6
misconception,misconception,1
posse,posse,1
enthusiast,enthusiast,1
determination,determination,1
cease,cease,1
furthermore,furthermore,2
gram,gram,3
rate,rate,2
aver,aver,2
lesson,lesson,3
classification,classification,1
stateside,stateside,1
propagate,propagate,1
bond,bond,1
suck,suck,18
lemon,lemon,1
pill,pill,1
swallow,swallow,2
hokey,hokey,1
jog,jog,1
clearer,clearer,2
japan,japan,3
tra,tra,1
gimmick,gimmick,1
champion,champion,7
pleasant,pleasant,3
fatigue,fatigue,1
billion,billion,1
comedy,comedy,2
fighting,fighting,1
inspire,inspire,6
instrument,instrument,1
explore,explore,1
ama,ama,3
connection,connection,2
imagination,imagination,2
publish,publish,1
bathroom,bathroom,1
policeman,policeman,1
grief,grief,1
recently,recently,1
tanked,tanked,2
pol,pol,2
ade,ade,1
brake,brake,2
ass,ass,10
giro,giro,1
fortissimo,fortissimo,1
rho,rho,1
glockenspiel,glockenspiel,1
trouble,trouble,4
relax,relax,8
vulgar,vulgar,3
alcoholic,alcoholic,1
classical,classical,2
pedagogy,pedagogy,1
undergrad,undergrad,1
settle,settle,2
gaudy,gaudy,1
uncountable,uncountable,1
matrix,matrix,1
scheme,scheme,1
feather,feather,1
mast,mast,1
leather,leather,7
eruption,eruption,1
circle,circle,6
shape,shape,4
provocation,provocation,1
belive,belive,5
affair,affair,2
strike,strike,2
skill,skill,1
resentful,resentful,1
ensure,ensure,1
smoothly,smoothly,1
duma,duma,1
anxiety,anxiety,2
ure,ure,1
si,si,8
dialect,dialect,1
nonstop,nonstop,2
spill,spill,3
theft,theft,2
criticize,criticize,1
breeze,breeze,1
material,material,3
mamma,mamma,4
soldi,soldi,6
puzzle,puzzle,1
knowledge,knowledge,4
camp,camp,4
waking,waking,1
thankfully,thankfully,2
sobbing,sobbing,6
celebration,celebration,3
inferiority,inferiority,5
racism,racism,2
interval,interval,6
uncensored,uncensored,8
fir,fir,2
trivia,trivia,1
freely,freely,1
prepare,prepare,3
patriotic,patriotic,4
revelation,revelation,1
yday,yday,1
bos,bos,1
approve,approve,3
styling,styling,1
energetic,energetic,3
discredit,discredit,3
improbable,improbable,1
onward,onward,1
upward,upward,1
crowd,crowd,3
roast,roast,1
sulla,sulla,1
humiliate,humiliate,2
ave,ave,1
delegacy,delegacy,1
carried,carried,1
economic,economic,1
hyperbole,hyperbole,1
legendary,legendary,9
snippet,snippet,1
dirt,dirt,1
orientation,orientation,1
liver,liver,1
tue,tue,1
blas,blas,2
mourning,mourning,1
northern,northern,2
southern,southern,1
pretended,pretended,1
snore,snore,1
storytelling,storytelling,1
billboard,billboard,1
folk,folk,4
lens,lens,1
globally,globally,1
extent,extent,1
critic,critic,1
local,local,10
breakfast,breakfast,2
thrive,thrive,2
nursery,nursery,1
rhyme,rhyme,1
chapeau,chapeau,3
myth,myth,4
overseas,overseas,1
towel,towel,2
stead,stead,1
purpose,purpose,2
serve,serve,6
inclusive,inclusive,1
colorful,colorful,2
weekly,weekly,1
biology,biology,1
dictatorship,dictatorship,2
diner,diner,1
gin,gin,1
freak,freak,4
traditional,traditional,5
handkerchief,handkerchief,1
tolerate,tolerate,1
possession,possession,1
interesting,interesting,7
evolution,evolution,2
financial,financial,2
ancora,ancora,1
neo,neo,1
suspicion,suspicion,4
mask,mask,1
fish,fish,5
field,field,4
competence,competence,1
manifestation,manifestation,1
reborn,reborn,2
manna,manna,1
ben,ben,4
squeal,squeal,1
tear,tear,2
mere,mere,1
inconvenient,inconvenient,1
term,term,1
confirmation,confirmation,4
h,h,7
poetry,poetry,1
smirk,smirk,2
saved,saved,2
facade,facade,1
stock,stock,1
appal,appal,1
puck,puck,1
awfu,awfu,1
albeit,albeit,1
binary,binary,1
extreme,extreme,3
tally,tally,1
regulation,regulation,1
crown,crown,4
inter,inter,1
pepper,pepper,1
dash,dash,1
cummin,cummin,1
tequila,tequila,1
dawn,dawn,1
charge,charge,4
woof,woof,6
swoon,swoon,1
thousand,thousand,3
simpler,simpler,1
weave,weave,1
cutie,cutie,1
cuisine,cuisine,3
font,font,1
raise,raise,6
property,property,2
glue,glue,1
explode,explode,5
cit,cit,5
fruit,fruit,1
cash,cash,4
cameraman,cameraman,1
authorize,authorize,1
ne,ne,3
solid,solid,2
misbehave,misbehave,1
cabaret,cabaret,1
overwhelm,overwhelm,1
clubhouse,clubhouse,1
mile,mile,1
riff,riff,1
foxy,foxy,1
stella,stella,1
resident,resident,1
kindness,kindness,2
compellingly,compellingly,1
conceptualize,conceptualize,1
driven,driven,2
bot,bot,1
lighthouse,lighthouse,1
tend,tend,2
net,net,3
wisdom,wisdom,1
minute,minute,12
audio,audio,1
devotional,devotional,1
decorated,decorated,1
pastor,pastor,1
fest,fest,1
bloom,bloom,1
sending,sending,6
graceful,graceful,1
examine,examine,2
conscience,conscience,4
politic,politic,4
ora,ora,5
grueling,grueling,1
ping,ping,3
pong,pong,3
tired,tired,3
jet,jet,1
amazed,amazed,1
bump,bump,3
cue,cue,1
joey,joey,3
liquefaction,liquefaction,1
section,section,2
operation,operation,1
iteration,iteration,1
illness,illness,1
cutter,cutter,1
path,path,2
trail,trail,1
ralph,ralph,1
lack,lack,3
admire,admire,2
admiration,admiration,1
manipulation,manipulation,1
mum,mum,8
narrowly,narrowly,1
handful,handful,1
potter,potter,3
verbal,verbal,1
train,train,5
kilometer,kilometer,1
endear,endear,1
exchange,exchange,1
listener,listener,1
village,village,1
mentality,mentality,1
reward,reward,7
shortly,shortly,3
hetero,hetero,1
particular,particular,2
visionary,visionary,2
seer,seer,1
found,found,6
hooky,hooky,1
insipid,insipid,2
careless,careless,1
code,code,81
na,na,2
adieu,adieu,2
randomly,randomly,4
bypass,bypass,2
censor,censor,2
fare,fare,3
tiredness,tiredness,4
bold,bold,6
rapper,rapper,1
stile,stile,2
deeply,deeply,3
prone,prone,1
geographical,geographical,2
separately,separately,2
size,size,2
reminiscent,reminiscent,1
volcano,volcano,1
generational,generational,1
poop,poop,1
remarkably,remarkably,2
pink,pink,2
aw,aw,5
spell,spell,3
refuse,refuse,5
unclear,unclear,2
orthograph,orthograph,2
awake,awake,1
rink,rink,1
lover,lover,1
breathing,breathing,1
superman,superman,1
fascinating,fascinating,1
sleepy,sleepy,2
monarchy,monarchy,1
beer,beer,1
tourist,tourist,1
placement,placement,1
obsess,obsess,1
door,door,6
legally,legally,2
bind,bind,1
gratitude,gratitude,1
stalk,stalk,2
brand,brand,4
shirt,shirt,4
graduation,graduation,1
fitting,fitting,1
lax,lax,1
smuggle,smuggle,3
reflect,reflect,4
vendetta,vendetta,2
exception,exception,3
attire,attire,1
dunt,dunt,1
sympathy,sympathy,1
endure,endure,1
toss,toss,1
reveal,reveal,2
earn,earn,2
chuck,chuck,1
berry,berry,1
banging,banging,1
burnt,burnt,1
backwards,backwards,2
satanic,satanic,2
rural,rural,1
ob,ob,1
vanilla,vanilla,1
fantasy,fantasy,3
plausible,plausible,1
millions,millions,2
equivalent,equivalent,1
zoom,zoom,1
stood,stood,2
ar,ar,2
cope,cope,3
posture,posture,2
flower,flower,2
fussy,fussy,1
cole,cole,1
kite,kite,2
blurry,blurry,2
thou,thou,1
graping,graping,1
tissue,tissue,8
surrounded,surrounded,1
therapy,therapy,1
basic,basic,6
importantly,importantly,2
stall,stall,1
sis,sis,2
desire,desire,4
risque,risque,1
dang,dang,1
ten,ten,3
sparkly,sparkly,2
sunlight,sunlight,1
supporter,supporter,2
charade,charade,1
drank,drank,1
humility,humility,2
compose,compose,1
pursue,pursue,1
miserable,miserable,2
adventure,adventure,3
exempt,exempt,7
convenient,convenient,7
impose,impose,1
commission,commission,1
urgently,urgently,1
stubborn,stubborn,1
cest,cest,2
participation,participation,3
suggesting,suggesting,1
guard,guard,2
separate,separate,4
dispute,dispute,1
comfy,comfy,2
strict,strict,6
conveniently,conveniently,1
ananas,ananas,1
drinking,drinking,4
priceless,priceless,3
sec,sec,2
apply,apply,3
discretely,discretely,2
kinky,kinky,1
substance,substance,2
bulk,bulk,2
beautifully,beautifully,3
worked,worked,2
violent,violent,1
furious,furious,1
predatory,predatory,1
horse,horse,5
teen,teen,3
deposit,deposit,3
association,association,1
verse,verse,1
frantic,frantic,1
glamorous,glamorous,3
resolution,resolution,1
thankful,thankful,5
sweetheart,sweetheart,4
pocket,pocket,4
candy,candy,3
specific,specific,3
numerous,numerous,2
detect,detect,1
subtle,subtle,1
mandolin,mandolin,1
following,following,1
shoulder,shoulder,4
exult,exult,4
chemist,chemist,1
scientific,scientific,2
source,source,2
collect,collect,3
touring,touring,1
appearance,appearance,4
royal,royal,7
doom,doom,1
scientist,scientist,2
screw,screw,6
shooting,shooting,1
gave,gave,3
rightfully,rightfully,2
dominate,dominate,1
apple,apple,2
juice,juice,4
orange,orange,2
den,den,4
brash,brash,1
devil,devil,5
depending,depending,1
misspell,misspell,1
muse,muse,2
concentration,concentration,1
condescend,condescend,1
delicious,delicious,2
shouting,shouting,1
glasses,glasses,2
distinctive,distinctive,1
redesign,redesign,7
commercially,commercially,1
thorough,thorough,1
unpopular,unpopular,1
restrict,restrict,1
exceptionally,exceptionally,1
expensive,expensive,3
attached,attached,1
dim,dim,1
affiliate,affiliate,3
heritage,heritage,1
fatty,fatty,1
pig,pig,2
insinuating,insinuating,2
prejudice,prejudice,2
tha,tha,2
differently,differently,1
comparison,comparison,3
advanced,advanced,1
someday,someday,5
twist,twist,3
virtual,virtual,2
assistant,assistant,1
ist,ist,1
sequel,sequel,1
previously,previously,3
tiny,tiny,5
chemistry,chemistry,2
east,east,1
border,border,1
wounder,wounder,1
owe,owe,2
visage,visage,1
woosh,woosh,1
sync,sync,1
revival,revival,1
fetched,fetched,1
protest,protest,6
disease,disease,5
hater,hater,1
liar,liar,1
eater,eater,1
chil,chil,1
solidarity,solidarity,2
bullying,bullying,2
reread,reread,2
distortion,distortion,2
rotten,rotten,1
illusion,illusion,1
motif,motif,1
mo,mo,3
enjoying,enjoying,1
strut,strut,3
thigh,thigh,1
rejoice,rejoice,1
corse,corse,1
eats,eats,1
goo,goo,7
organ,organ,1
outdoors,outdoors,1
beach,beach,2
pee,pee,2
brotherhood,brotherhood,1
anonymous,anonymous,3
solution,solution,2
rose,rose,2
walking,walking,1
address,address,2
stereotypical,stereotypical,2
existent,existent,2
unplagiarized,unplagiarized,1
madness,madness,4
eyesight,eyesight,1
ordinary,ordinary,2
starter,starter,1
pack,pack,5
fancy,fancy,9
paolo,paolo,1
bowie,bowie,3
sincerely,sincerely,5
tunnel,tunnel,2
abortion,abortion,1
sacrifice,sacrifice,2
specifically,specifically,3
saltiness,saltiness,1
guilt,guilt,2
glamour,glamour,1
microphone,microphone,2
j,j,1
notification,notification,1
batch,batch,1
edgy,edgy,4
technique,technique,1
humour,humour,1
specious,specious,1
gloat,gloat,1
leaning,leaning,1
necessarily,necessarily,2
throughout,throughout,4
chaotically,chaotically,1
zoning,zoning,1
orchestra,orchestra,2
foreground,foreground,1
insist,insist,1
percentage,percentage,1
cook,cook,3
meal,meal,1
laundry,laundry,1
ecstasy,ecstasy,1
nature,nature,1
pervert,pervert,1
weep,weep,3
auction,auction,1
indirectly,indirectly,1
altar,altar,1
covert,covert,1
theoretical,theoretical,1
kindergarten,kindergarten,1
flaw,flaw,3
wicked,wicked,2
inspiring,inspiring,1
illogic,illogic,1
boohoo,boohoo,2
reportage,reportage,1
grimace,grimace,1
delivery,delivery,2
panache,panache,1
cheek,cheek,1
injustice,injustice,5
misery,misery,1
cheering,cheering,13
humble,humble,2
construct,construct,1
strawman,strawman,1
rehearsal,rehearsal,12
sale,sale,2
initially,initially,1
spirituality,spirituality,1
negatively,negatively,1
approach,approach,3
catholic,catholic,1
museum,museum,1
race,race,4
steak,steak,1
abysmal,abysmal,1
rife,rife,1
habit,habit,2
provocative,provocative,1
assemble,assemble,1
denigrate,denigrate,1
actor,actor,2
effectively,effectively,1
tool,tool,2
disguise,disguise,1
series,series,2
motion,motion,6
anti,anti,7
shade,shade,1
getting,getting,9
married,married,2
normalcy,normalcy,1
geometry,geometry,1
gently,gently,1
ankle,ankle,1
fiver,fiver,2
respectively,respectively,1
bloc,bloc,1
demon,demon,3
lurk,lurk,1
sub,sub,2
patience,patience,2
artistic,artistic,3
hoped,hoped,1
canada,canada,6
arbitrary,arbitrary,1
urge,urge,2
suspiciously,suspiciously,1
resemble,resemble,1
vile,vile,1
preach,preach,1
panel,panel,1
stuffed,stuffed,1
adrenaline,adrenaline,1
distorted,distorted,1
crop,crop,2
concede,concede,1
assertion,assertion,1
brave,brave,3
query,query,1
pyrotechnic,pyrotechnic,1
sack,sack,1
register,register,4
critical,critical,2
vodka,vodka,2
machine,machine,3
object,object,1
incorporate,incorporate,1
wearing,wearing,2
panty,panty,1
marc,marc,1
rex,rex,2
progress,progress,2
nye,nye,1
sometime,sometime,2
nervous,nervous,8
melodic,melodic,1
justice,justice,22
crafty,crafty,6
animal,animal,1
agriculture,agriculture,1
superiority,superiority,2
motley,motley,2
tennis,tennis,3
outright,outright,1
normalize,normalize,2
ancient,ancient,1
commercial,commercial,1
bicycle,bicycle,1
thoughtful,thoughtful,2
trade,trade,1
snow,snow,2
marina,marina,1
repost,repost,3
confused,confused,1
telling,telling,1
hosting,hosting,4
bel,bel,2
mixture,mixture,1
prince,prince,1
description,description,3
bridal,bridal,1
hidden,hidden,1
ordeal,ordeal,1
mosque,mosque,1
condemn,condemn,1
unoriginal,unoriginal,1
levitate,levitate,1
sleeplessness,sleeplessness,1
underestimate,underestimate,2
royalty,royalty,2
encore,encore,1
realistically,realistically,1
crusade,crusade,1
wash,wash,7
parade,parade,1
encourage,encourage,1
theres,theres,4
confront,confront,1
interrupt,interrupt,1
communication,communication,1
clink,clink,2
genius,genius,2
conflict,conflict,6
coming,coming,4
regain,regain,1
composure,composure,1
psychopath,psychopath,1
riot,riot,6
ratio,ratio,4
derange,derange,1
lunatic,lunatic,1
stalker,stalker,1
violation,violation,1
macron,macron,1
auntie,auntie,1
pst,pst,1
bedtime,bedtime,1
clarify,clarify,3
snuff,snuff,2
wished,wished,2
grandma,grandma,1
alliance,alliance,1
wineglass,wineglass,1
dollar,dollar,1
mansion,mansion,1
amazingly,amazingly,1
relaxed,relaxed,1
noose,noose,1
visibility,visibility,1
ivory,ivory,1
wage,wage,2
underwear,underwear,3
reformed,reformed,1
flour,flour,3
picked,picked,3
trivial,trivial,1
vocal,vocal,3
collaboration,collaboration,4
chin,chin,5
chaotic,chaotic,1
hygiene,hygiene,1
gosh,gosh,4
effortlessly,effortlessly,2
slade,slade,2
integrity,integrity,1
orgasm,orgasm,1
emption,emption,1
upright,upright,2
visto,visto,2
confess,confess,1
facial,facial,2
expression,expression,4
crybaby,crybaby,1
agent,agent,1
harm,harm,2
inquiry,inquiry,1
knitting,knitting,1
colour,colour,1
especial,especial,1
horizon,horizon,3
gate,gate,2
respectfully,respectfully,2
propaganda,propaganda,1
uninformed,uninformed,1
hopeless,hopeless,1
sacred,sacred,1
overcome,overcome,2
salve,salve,1
tall,tall,3
cruise,cruise,1
instep,instep,1
caveat,caveat,1
awhile,awhile,1
commit,commit,1
shadowy,shadowy,1
mime,mime,1
sarcasm,sarcasm,1
agenda,agenda,3
grab,grab,3
biggest,biggest,4
contestant,contestant,5
arrogance,arrogance,1
vent,vent,4
overcook,overcook,1
applause,applause,3
mist,mist,1
cos,cos,3
th,th,2
uncomfortable,uncomfortable,2
repeatedly,repeatedly,2
prevent,prevent,1
injured,injured,1
terrorist,terrorist,3
nach,nach,1
tut,tut,1
collaborate,collaborate,2
gullible,gullible,1
coca,coca,3
cola,cola,1
growth,growth,1
risky,risky,1
guarded,guarded,1
cave,cave,2
stranger,stranger,3
temperature,temperature,2
motivation,motivation,1
exam,exam,1
curse,curse,2
basketball,basketball,1
handball,handball,1
protagonist,protagonist,1
forthcoming,forthcoming,1
novel,novel,1
phrase,phrase,1
chapter,chapter,1
rita,rita,1
het,het,1
spatial,spatial,1
awareness,awareness,1
mellow,mellow,1
spaghetti,spaghetti,2
refraction,refraction,1
club,club,4
euphoric,euphoric,1
prop,prop,2
neighbor,neighbor,3
regularly,regularly,3
asexual,asexual,1
hiss,hiss,1
frappe,frappe,1
six,six,3
quotation,quotation,1
artistical,artistical,1
twat,twat,2
inch,inch,1
wah,wah,2
mommy,mommy,1
hostage,hostage,1
compact,compact,1
brainless,brainless,1
banal,banal,1
unprovable,unprovable,1
capital,capital,1
cowardly,cowardly,1
shroud,shroud,1
obscure,obscure,1
incompetent,incompetent,1
whip,whip,1
enchant,enchant,1
responsible,responsible,2
pare,pare,1
jean,jean,1
swift,swift,1
ami,ami,2
diminish,diminish,1
grandiosity,grandiosity,1
defensive,defensive,1
angelic,angelic,1
pitchy,pitchy,1
lea,lea,1
byee,byee,1
rank,rank,2
whine,whine,1
necessity,necessity,1
rep,rep,1
acceptance,acceptance,2
stride,stride,1
office,office,1
knocking,knocking,1
boss,boss,1
applaud,applaud,1
radiant,radiant,1
exclusive,exclusive,1
abroad,abroad,12
fortunately,fortunately,4
undeniable,undeniable,1
whore,whore,1
there,there,2
jar,jar,1
forbidden,forbidden,2
allegation,allegation,1
broma,broma,1
q,q,3
tried,tried,4
calibre,calibre,1
tae,tae,2
stanner,stanner,1
micro,micro,1
sportive,sportive,2
confusion,confusion,1
attend,attend,2
magnificent,magnificent,4
eros,eros,1
weapon,weapon,1
demonize,demonize,1
rid,rid,5
inappropriate,inappropriate,1
chalice,chalice,1
duck,duck,1
naughty,naughty,4
pouch,pouch,1
provider,provider,1
tick,tick,1
cheerful,cheerful,1
aspect,aspect,1
naturally,naturally,1
substantial,substantial,1
masterfully,masterfully,1
censorship,censorship,2
detached,detached,1
collapse,collapse,1
chair,chair,1
reflex,reflex,1
aged,aged,1
standpoint,standpoint,1
robber,robber,1
analyze,analyze,1
feck,feck,1
biter,biter,1
butter,butter,1
potentially,potentially,1
ongoing,ongoing,1
afterward,afterward,1
genocide,genocide,4
expectation,expectation,1
brad,brad,1
combination,combination,2
folkloric,folkloric,1
uphold,uphold,1
speechless,speechless,7
butcher,butcher,1
unqualified,unqualified,1
rubato,rubato,1
mirror,mirror,1
preview,preview,8
pour,pour,2
downgrade,downgrade,1
simp,simp,6
yer,yer,1
unfollowed,unfollowed,1
betrayal,betrayal,1
assassin,assassin,1
dramatic,dramatic,2
telephone,telephone,1
comrade,comrade,1
immense,immense,2
recording,recording,1
secret,secret,3
county,county,1
unholy,unholy,1
row,row,4
assuming,assuming,1
mister,mister,2
complot,complot,1
wipe,wipe,1
likable,likable,3
mandarin,mandarin,1
dis,dis,8
rubbed,rubbed,1
mentor,mentor,1
afterhours,afterhours,1
opera,opera,2
openly,openly,1
disappointment,disappointment,3
wisely,wisely,3
snail,snail,1
eating,eating,4
acceptable,acceptable,2
debate,debate,2
vertically,vertically,1
horizontally,horizontally,1
liberal,liberal,1
advice,advice,7
berlin,berlin,3
terribly,terribly,1
dump,dump,2
affect,affect,3
shaking,shaking,12
horribly,horribly,1
heal,heal,2
runny,runny,3
wherever,wherever,2
killing,killing,3
theater,theater,1
quarantine,quarantine,1
arse,arse,2
protection,protection,1
concerning,concerning,1
unnoticed,unnoticed,1
raya,raya,1
blasphemy,blasphemy,1
meaningless,meaningless,1
cretin,cretin,1
payer,payer,1
angel,angel,2
resolve,resolve,1
gone,gone,3
seriousness,seriousness,1
novelty,novelty,1
throwback,throwback,1
snob,snob,1
yearning,yearning,1
brace,brace,3
boob,boob,1
fold,fold,1
admirable,admirable,1
heroic,heroic,1
gray,gray,1
flashy,flashy,1
unstable,unstable,1
giant,giant,1
cake,cake,2
danger,danger,1
fraction,fraction,1
finisher,finisher,3
packet,packet,1
brit,brit,5
blackmail,blackmail,1
intact,intact,1
kept,kept,2
altogether,altogether,2
teens,teens,1
onwards,onwards,1
escape,escape,1
coky,coky,1
feature,feature,1
hospital,hospital,3
herald,herald,1
range,range,2
delighted,delighted,3
professionalism,professionalism,1
participant,participant,2
manny,manny,1
selling,selling,1
slandering,slandering,2
homosexual,homosexual,1
neighboring,neighboring,1
armor,armor,2
plate,plate,2
snorty,snorty,1
dreadful,dreadful,4
advise,advise,2
thoroughly,thoroughly,2
rocker,rocker,3
disadvantage,disadvantage,1
co,co,3
bread,bread,1
ego,ego,1
satisfy,satisfy,1
unwilling,unwilling,1
committee,committee,1
populate,populate,1
dynamic,dynamic,1
charismatic,charismatic,5
dedication,dedication,1
torture,torture,2
pancake,pancake,1
swab,swab,1
evacuate,evacuate,1
equip,equip,1
ridicule,ridicule,1
researcher,researcher,1
competitor,competitor,2
debrief,debrief,1
precisely,precisely,1
cess,cess,1
tragedy,tragedy,1
relatable,relatable,1
bigot,bigot,1
bid,bid,1
mal,mal,2
mash,mash,2
meta,meta,1
moro,moro,1
proposal,proposal,3
ca,ca,2
forced,forced,1
poisonous,poisonous,1
invest,invest,1
ouch,ouch,1
trolling,trolling,1
firmly,firmly,1
conflate,conflate,1
instantly,instantly,1
toward,toward,1
rebirth,rebirth,1
driver,driver,1
altho,altho,1
representation,representation,6
filthy,filthy,1
underground,underground,1
hoot,hoot,1
burn,burn,7
beware,beware,1
sheer,sheer,2
relentless,relentless,1
conjecture,conjecture,1
judgment,judgment,1
alien,alien,1
dan,dan,2
starting,starting,3
han,han,1
funky,funky,2
backbone,backbone,1
weather,weather,1
catalogue,catalogue,1
divide,divide,1
scale,scale,1
werent,werent,1
tony,tony,2
montana,montana,1
rool,rool,1
burst,burst,1
bubble,bubble,3
mason,mason,1
mount,mount,1
oclock,oclock,2
league,league,3
submission,submission,3
presser,presser,1
dig,dig,2
gerbe,gerbe,1
graduate,graduate,1
fruity,fruity,1
bright,bright,1
threaten,threaten,1
homicide,homicide,1
snubbed,snubbed,1
mathematics,mathematics,1
democratic,democratic,1
division,division,1
bloke,bloke,1
beard,beard,3
fizz,fizz,1
polite,polite,3
hilariously,hilariously,1
shouldnt,shouldnt,1
bod,bod,1
curtain,curtain,1
vain,vain,1
sibling,sibling,1
balcony,balcony,1
institutional,institutional,1
bon,bon,5
greatness,greatness,2
gritty,gritty,1
loving,loving,4
historical,historical,1
crock,crock,2
particularly,particularly,3
tourism,tourism,1
riddance,riddance,1
cell,cell,1
unhappiness,unhappiness,1
evaluate,evaluate,1
tease,tease,3
beaten,beaten,1
rampant,rampant,1
condone,condone,1
pulse,pulse,1
confirmed,confirmed,1
outcast,outcast,1
steam,steam,1
implant,implant,1
increasingly,increasingly,1
specie,specie,1
divine,divine,1
yew,yew,1
expense,expense,1
sixth,sixth,1
hah,hah,2
hook,hook,1
imaginary,imaginary,2
trow,trow,2
mutual,mutual,2
milestone,milestone,1
sax,sax,2
brainer,brainer,1
mortify,mortify,1
papa,papa,2
roach,roach,2
ironically,ironically,1
tenner,tenner,2
distribution,distribution,1
tense,tense,2
afloat,afloat,1
maximum,maximum,1
handy,handy,1
lift,lift,1
waxing,waxing,1
ended,ended,5
elate,elate,2
tolerance,tolerance,1
technical,technical,3
wildfire,wildfire,1
aswell,aswell,1
piercing,piercing,1
cop,cop,1
dancing,dancing,2
vita,vita,2
cried,cried,1
tay,tay,1
aisle,aisle,1
polygamous,polygamous,1
bordering,bordering,1
unfortunate,unfortunate,1
yas,yas,3
stripper,stripper,1
stopping,stopping,2
print,print,2
fought,fought,2
ni,ni,2
box,box,1
formula,formula,1
sooner,sooner,1
intended,intended,1
os,os,5
murder,murder,4
influent,influent,1
richly,richly,1
ingredient,ingredient,1
saver,saver,1
republic,republic,3
slough,slough,2
dirge,dirge,1
learnt,learnt,1
vibrant,vibrant,1
entirely,entirely,1
bun,bun,1
rewarding,rewarding,2
slide,slide,1
latex,latex,1
tommy,tommy,2
lee,lee,1
neve,neve,3
snitch,snitch,1
pussy,pussy,1
brownie,brownie,1
lacuna,lacuna,4
coil,coil,4
lottery,lottery,2
successfully,successfully,1
breakdown,breakdown,1
slot,slot,1
demi,demi,1
zodiac,zodiac,1
compatibility,compatibility,1
repay,repay,1
guarantee,guarantee,1
belter,belter,1
soph,soph,1
vocally,vocally,1
lyrically,lyrically,1
trier,trier,1
oasis,oasis,2
mac,mac,1
stone,stone,3
blur,blur,1
consistent,consistent,1
exquisite,exquisite,1
globe,globe,1
roar,roar,1
constant,constant,1
reserve,reserve,1
buckle,buckle,1
upper,upper,1
throne,throne,2
contradiction,contradiction,1
marco,marco,1
cancerous,cancerous,1
dying,dying,3
wing,wing,1
brush,brush,1
laughing,laughing,2
wonna,wonna,1
prog,prog,2
turned,turned,1
voodoo,voodoo,1
laura,laura,5
annual,annual,3
ritual,ritual,1
shiny,shiny,1
broadcaster,broadcaster,1
eventual,eventual,1
torch,torch,1
patria,patria,1
spat,spat,1
missile,missile,3
wealth,wealth,1
persevere,persevere,1
wir,wir,1
sie,sie,1
romance,romance,1
hush,hush,2
throu,throu,1
yoi,yoi,1
fortnight,fortnight,1
colonialism,colonialism,1
meat,meat,1
streak,streak,1
beginner,beginner,1
complicity,complicity,1
climatic,climatic,1
narrow,narrow,1
voter,voter,1
shield,shield,1
clothing,clothing,1
closet,closet,1
rename,rename,1
discord,discord,1
daisy,daisy,1
couch,couch,3
shuffle,shuffle,1
quit,quit,3
copycat,copycat,2
performer,performer,3
melt,melt,2
massacre,massacre,3
vive,vive,2
authenticity,authenticity,1
inaugural,inaugural,1
muscle,muscle,1
completion,completion,1
scuse,scuse,1
polka,polka,1
rick,rick,2
supposed,supposed,1
yelling,yelling,1
dinner,dinner,2
carbon,carbon,1
pitchfork,pitchfork,1
declared,declared,1
stram,stram,1
ate,ate,2
bleed,bleed,1
locally,locally,1
boredom,boredom,1
nonchalance,nonchalance,1
spicy,spicy,6
nit,nit,3
conte,conte,1
stressful,stressful,2
perseverance,perseverance,1
gon,gon,1
chili,chili,4
deactivate,deactivate,1
robin,robin,2
van,van,4
palace,palace,1
royale,royale,2
lived,lived,1
legitimate,legitimate,2
colonial,colonial,1
occupation,occupation,1
booking,booking,2
isle,isle,1
scrabble,scrabble,1
genocidal,genocidal,1
rampage,rampage,1
iridescent,iridescent,1
abandon,abandon,2
travesty,travesty,1
rector,rector,1
reign,reign,1
gusset,gusset,1
turns,turns,1
intermission,intermission,1
auto,auto,1
believable,believable,1
epitome,epitome,1
nu,nu,1
smug,smug,1
backstage,backstage,5
injection,injection,1
sober,sober,2
palmer,palmer,2
resound,resound,1
endorsement,endorsement,2
kissing,kissing,1
vinyl,vinyl,1
ring,ring,1
flop,flop,5
innovative,innovative,1
whoop,whoop,3
haunt,haunt,1
woohoo,woohoo,2
insubstantial,insubstantial,1
joe,joe,3
catastrophic,catastrophic,1
superb,superb,6
ledge,ledge,1
landline,landline,1
volcanic,volcanic,1
neighborhood,neighborhood,1
fleet,fleet,1
swept,swept,1
practically,practically,1
disgustingly,disgustingly,1
forgotten,forgotten,1
wholesome,wholesome,1
royally,royally,1
mane,mane,2
bonk,bonk,1
par,par,1
coupe,coupe,1
corruption,corruption,2
bird,bird,1
appalling,appalling,1
phoenix,phoenix,2
conventional,conventional,1
collective,collective,1
heartbreak,heartbreak,1
darkness,darkness,2
doldrums,doldrums,1
goose,goose,1
tremble,tremble,3
questionable,questionable,1
pice,pice,1
sol,sol,1
attendance,attendance,1
turner,turner,1
pedestrian,pedestrian,1
flute,flute,1
dealer,dealer,1
creepy,creepy,2
holocaust,holocaust,1
exhaust,exhaust,2
cyrus,cyrus,1
pandemonium,pandemonium,1
reset,reset,1
bleeding,bleeding,1
awee,awee,1
deluxe,deluxe,1
happiest,happiest,2
beloved,beloved,2
arsenal,arsenal,2
consistency,consistency,2
degeneration,degeneration,1
undeserved,undeserved,1
mumbling,mumbling,1
advocate,advocate,1
cheat,cheat,3
misbehavior,misbehavior,1
dynamite,dynamite,1
disserve,disserve,1
rib,rib,1
disgusted,disgusted,1
tax,tax,2
unpredictable,unpredictable,1
loaded,loaded,1
shockingly,shockingly,1
brill,brill,1
dixit,dixit,1
dwell,dwell,1
goblin,goblin,1
limitless,limitless,1
contrast,contrast,2
eternal,eternal,2
canal,canal,2
introduce,introduce,2
ganja,ganja,1
scam,scam,2
fuming,fuming,1
braces,braces,1
twice,twice,6
hyper,hyper,1
podium,podium,1
vindication,vindication,1
nun,nun,1
color,color,3
fear,fear,4
gimp,gimp,1
afford,afford,1
unexpected,unexpected,2
begging,begging,1
zoo,zoo,1
satisfying,satisfying,1
terrorism,terrorism,4
reverse,reverse,1
overdue,overdue,1
po,po,1
henny,henny,1
teaching,teaching,1
enormous,enormous,1
congeniality,congeniality,1
championship,championship,1
yah,yah,1
dramatically,dramatically,1
oxygen,oxygen,2
goes,goes,3
spoiler,spoiler,3
alert,alert,2
mankind,mankind,1
tou,tou,2
ym,ym,1
gor,gor,1
tidy,tidy,1
writing,writing,1
punti,punti,2
fighter,fighter,1
nothingness,nothingness,1
dye,dye,1
demeanor,demeanor,1
clock,clock,1
cheeky,cheeky,1
rely,rely,1
shabby,shabby,1
vacation,vacation,4
modeling,modeling,1
manufacture,manufacture,1
various,various,2
stanno,stanno,1
concerto,concerto,1
gratis,gratis,2
crossed,crossed,2
illegally,illegally,1
fiscal,fiscal,1
evasion,evasion,1
awaken,awaken,1
homeland,homeland,1
criterion,criterion,1
fiery,fiery,1
pyro,pyro,1
suffering,suffering,1
matti,matti,1
bell,bell,1
moleskin,moleskin,2
sensible,sensible,1
praying,praying,4
petite,petite,1
elle,elle,1
bien,bien,1
alan,alan,1
crushed,crushed,1
remix,remix,1
goddess,goddess,4
incase,incase,1
mythical,mythical,2
woeful,woeful,1
dam,dam,4
waisted,waisted,1
mildly,mildly,1
cheerio,cheerio,1
pond,pond,1
pursuit,pursuit,1
rufus,rufus,1
chaka,chaka,1
khan,khan,1
thirst,thirst,3
cava,cava,1
arent,arent,1
paralysis,paralysis,1
desperate,desperate,1
bus,bus,1
lonely,lonely,1
quest,quest,1
trough,trough,1
limit,limit,2
mica,mica,1
outsider,outsider,1
slay,slay,4
amongst,amongst,2
stationery,stationery,1
cupboard,cupboard,1
spotty,spotty,1
fusion,fusion,1
vale,vale,1
volunteer,volunteer,1
crossing,crossing,1
sunshine,sunshine,1
tiger,tiger,1
booth,booth,1
clearance,clearance,1
access,access,1
florence,florence,2
catastrophically,catastrophically,1
tonite,tonite,5
detach,detach,1
exclusively,exclusively,1
twelve,twelve,2
ser,ser,2
ut,ut,1
teller,teller,1
blonde,blonde,1
wilder,wilder,1
pandemia,pandemia,1
sloppy,sloppy,1
indulgent,indulgent,1
silver,silver,4
purchase,purchase,1
charity,charity,1
thirsty,thirsty,1
chipped,chipped,1
went,went,2
ann,ann,1
console,console,1
treasure,treasure,1
asexuality,asexuality,1
window,window,1
duet,duet,1
pa,pa,1
streaming,streaming,2
bake,bake,1
refreshing,refreshing,1
wolf,wolf,2
whistle,whistle,1
cod,cod,1
dun,dun,1
thunderstruck,thunderstruck,1
cohesive,cohesive,3
foreigner,foreigner,1
connected,connected,1
qua,qua,1
dial,dial,2
correctness,correctness,1
routing,routing,1
absence,absence,1
proverbial,proverbial,1
direction,direction,1
fuel,fuel,1
menace,menace,1
sensual,sensual,1
magnetic,magnetic,1
stance,stance,1
lad,lad,1
ger,ger,2
spa,spa,1
alb,alb,2
dropping,dropping,1
industrial,industrial,1
nut,nut,1
modestly,modestly,1
emperor,emperor,1
sold,sold,1
drum,drum,1
wishful,wishful,1
chord,chord,1
blasting,blasting,1
bowing,bowing,1
clapping,clapping,1
desperately,desperately,2
vincent,vincent,1
topless,topless,1
corset,corset,1
passionate,passionate,2
roommate,roommate,1
chitchat,chitchat,1
velvet,velvet,2
bester,bester,1
sofa,sofa,1
revolver,revolver,1
twin,twin,1
region,region,1
fetish,fetish,1
burned,burned,1
whisper,whisper,1
spiritual,spiritual,1
nobby,nobby,1
patriotism,patriotism,2
blown,blown,1
multiverse,multiverse,1
jane,jane,1
wog,wog,1
fore,fore,1
slipknot,slipknot,1
shred,shred,1
adapt,adapt,1
younger,younger,1
dating,dating,1
prevail,prevail,1
sartorial,sartorial,1
stitch,stitch,1
tip,tip,3
scissor,scissor,1
inhaler,inhaler,1
shyly,shyly,1
pondering,pondering,1
jeff,jeff,1
deceive,deceive,1
billionaire,billionaire,1
roughly,roughly,1
portfolio,portfolio,1
trap,trap,1
sandwich,sandwich,1
faint,faint,1
beating,beating,1
fain,fain,1
fur,fur,1
matching,matching,1
whit,whit,1
stratospheric,stratospheric,1
growing,growing,2
theyll,theyll,1
unleashed,unleashed,1
restream,restream,1
fabulousness,fabulousness,1
prayer,prayer,1
amid,amid,2
ado,ado,1
chi,chi,4
contender,contender,1
unconditional,unconditional,1
income,income,1
vota,vota,1
stiff,stiff,1
mamba,mamba,2
bookmaker,bookmaker,1
stalking,stalking,1
dressed,dressed,1
alto,alto,1
gook,gook,1
tid,tid,1
fam,fam,2
shindig,shindig,1
palate,palate,1
haughty,haughty,1
ennui,ennui,1
singularly,singularly,1
advance,advance,1
aspire,aspire,1
efficiently,efficiently,1
wacky,wacky,1
copious,copious,1
sweepstake,sweepstake,2
significantly,significantly,1
girling,girling,1
application,application,1
valentine,valentine,1
brown,brown,1
statue,statue,1
mare,mare,1
sensational,sensational,2
loco,loco,4
duty,duty,1
religiously,religiously,1
consistently,consistently,1
lucy,lucy,1
pun,pun,1
stun,stun,3
palette,palette,1
deliciously,deliciously,1
backing,backing,1
pact,pact,1
dressing,dressing,1
scroll,scroll,2
swimming,swimming,1
patty,patty,1
prying,prying,1
ruling,ruling,1
rosemary,rosemary,1
nutshell,nutshell,1
cycle,cycle,1
meeting,meeting,4
supporting,supporting,2
concur,concur,1
shampoo,shampoo,1
tacky,tacky,1
pirate,pirate,1
shamelessly,shamelessly,1
accolade,accolade,1
working,working,1
softly,softly,1
mascot,mascot,1
sword,sword,1
tortured,tortured,1
remedy,remedy,1
sla,sla,2
architecture,architecture,1
slighty,slighty,1
dancer,dancer,2
greatly,greatly,1
goatee,goatee,3
redemption,redemption,2
clough,clough,1
poll,poll,1
firm,firm,1
friendliness,friendliness,1
seared,seared,1
robot,robot,1
android,android,1
tension,tension,1
assort,assort,1
escapism,escapism,1
college,college,1
lounge,lounge,1
bingo,bingo,1
card,card,1
interviewer,interviewer,1
bewildering,bewildering,1
polyglot,polyglot,1
practical,practical,2
bacon,bacon,1
unblock,unblock,1
influencer,influencer,2
desert,desert,2
dish,dish,1
ideology,ideology,1
center,center,1
marcel,marcel,1
lion,lion,1
routine,routine,1
logically,logically,1
horoscope,horoscope,1
ragamuffin,ragamuffin,1
madly,madly,1
discovered,discovered,2
subscription,subscription,1
unusual,unusual,1
filth,filth,1
silliness,silliness,1
worried,worried,2
catena,catena,1
sant,sant,1
needless,needless,1
franc,franc,1
incoming,incoming,1
resume,resume,1
flamboyant,flamboyant,1
mannered,mannered,1
allied,allied,1
dreamy,dreamy,1
stunningly,stunningly,1
cyp,cyp,1
mannequin,mannequin,1
wholeheartedly,wholeheartedly,1
westerner,westerner,1
succeed,succeed,1
praise,praise,1
contention,contention,1
burning,burning,1
flame,flame,1
summit,summit,1
priest,priest,1
outlaw,outlaw,1
darn,darn,1
uniqueness,uniqueness,2
demonstration,demonstration,1
om,om,1
aggressive,aggressive,1
craziness,craziness,1
redundant,redundant,1
redefine,redefine,1
eventually,eventually,1
plenary,plenary,1
humanitarian,humanitarian,1
repress,repress,1
booklet,booklet,1
challenger,challenger,2
arrangement,arrangement,1
lyricism,lyricism,1
sensually,sensually,1
uniformly,uniformly,1
guardian,guardian,1
zombie,zombie,1
synthetic,synthetic,1
naw,naw,1
jam,jam,2
persona,persona,1
engagement,engagement,1
trine,trine,1
wo,wo,1
craze,craze,1
fail,fail,1
amor,amor,1
sweating,sweating,1
nerve,nerve,1
chef,chef,1
haircut,haircut,1
allegiance,allegiance,1
days,days,1
awe,awe,1
finalist,finalist,1
foursome,foursome,1
canto,canto,1
turquoise,turquoise,2
carpet,carpet,2
transmit,transmit,1
appointment,appointment,1
metallic,metallic,2
intricate,intricate,2
essentially,essentially,1
duality,duality,1
possess,possess,1
persecution,persecution,3
consent,consent,1
cruelty,cruelty,2
superstitious,superstitious,1
itch,itch,1
delay,delay,1
concentrate,concentrate,1
fate,fate,1
gal,gal,1
discrimination,discrimination,1
rendition,rendition,1
cleanse,cleanse,2
keeping,keeping,2
brutality,brutality,2
compassion,compassion,2
oppose,oppose,1
collectively,collectively,1
telegram,telegram,1
